{"Time":"2026-09-11T15:24:54.124152357-07:00","Action":"start","Package":"github.com/JDinSeattle/forge-runtime/benchmarks"}
{"Time":"2026-09-11T15:24:54.124278479-07:00","Action":"start","Package":"github.com/JDinSeattle/forge-runtime/cmd/forge"}
{"Time":"2026-09-11T15:24:54.124456108-07:00","Action":"start","Package":"github.com/JDinSeattle/forge-runtime/cmd/forge-admin"}
{"Time":"2026-09-11T15:24:54.124478287-07:00","Action":"output","Package":"github.com/JDinSeattle/forge-runtime/cmd/forge-admin","Output":"?   \tgithub.com/JDinSeattle/forge-runtime/cmd/forge-admin\t[no test files]\n"}
{"Time":"2026-09-11T15:24:54.124488298-07:00","Action":"skip","Package":"github.com/JDinSeattle/forge-runtime/cmd/forge-admin","Elapsed":0}
{"Time":"2026-09-11T15:24:54.12449722-07:00","Action":"start","Package":"github.com/JDinSeattle/forge-runtime/cmd/forge-api"}
{"Time":"2026-09-11T15:24:54.124501617-07:00","Action":"output","Package":"github.com/JDinSeattle/forge-runtime/cmd/forge-api","Output":"?   \tgithub.com/JDinSeattle/forge-runtime/cmd/forge-api\t[no test files]\n"}
{"Time":"2026-09-11T15:24:54.12450682-07:00","Action":"skip","Package":"github.com/JDinSeattle/forge-runtime/cmd/forge-api","Elapsed":0}
{"Time":"2026-09-11T15:24:54.12451377-07:00","Action":"start","Package":"github.com/JDinSeattle/forge-runtime/cmd/forge-runner"}
{"Time":"2026-09-11T15:24:54.124620691-07:00","Action":"start","Package":"github.com/JDinSeattle/forge-runtime/cmd/forge-worker"}
{"Time":"2026-09-11T15:24:54.124638405-07:00","Action":"output","Package":"github.com/JDinSeattle/forge-runtime/cmd/forge-worker","Output":"?   \tgithub.com/JDinSeattle/forge-runtime/cmd/forge-worker\t[no test files]\n"}
{"Time":"2026-09-11T15:24:54.124642901-07:00","Action":"skip","Package":"github.com/JDinSeattle/forge-runtime/cmd/forge-worker","Elapsed":0}
{"Time":"2026-09-11T15:24:54.124659883-07:00","Action":"start","Package":"github.com/JDinSeattle/forge-runtime/db"}
{"Time":"2026-09-11T15:24:54.124682221-07:00","Action":"output","Package":"github.com/JDinSeattle/forge-runtime/db","Output":"?   \tgithub.com/JDinSeattle/forge-runtime/db\t[no test files]\n"}
{"Time":"2026-09-11T15:24:54.124693948-07:00","Action":"skip","Package":"github.com/JDinSeattle/forge-runtime/db","Elapsed":0}
{"Time":"2026-09-11T15:24:54.124700441-07:00","Action":"start","Package":"github.com/JDinSeattle/forge-runtime/internal/application"}
{"Time":"2026-09-11T15:24:54.124807793-07:00","Action":"start","Package":"github.com/JDinSeattle/forge-runtime/internal/artifact"}
{"Time":"2026-09-11T15:24:54.1310901-07:00","Action":"run","Package":"github.com/JDinSeattle/forge-runtime/internal/artifact","Test":"TestPutDeadlineUnblocksClosableInputAndReleasesPublication"}
{"Time":"2026-09-11T15:24:54.131128247-07:00","Action":"output","Package":"github.com/JDinSeattle/forge-runtime/internal/artifact","Test":"TestPutDeadlineUnblocksClosableInputAndReleasesPublication","Output":"=== RUN   TestPutDeadlineUnblocksClosableInputAndReleasesPublication\n"}
{"Time":"2026-09-11T15:24:54.132025728-07:00","Action":"run","Package":"github.com/JDinSeattle/forge-runtime/cmd/forge-runner","Test":"TestFaultPlanRejectsUnsafeScopeAndLocation"}
{"Time":"2026-09-11T15:24:54.132042234-07:00","Action":"output","Package":"github.com/JDinSeattle/forge-runtime/cmd/forge-runner","Test":"TestFaultPlanRejectsUnsafeScopeAndLocation","Output":"=== RUN   TestFaultPlanRejectsUnsafeScopeAndLocation\n"}
{"Time":"2026-09-11T15:24:54.132052477-07:00","Action":"run","Package":"github.com/JDinSeattle/forge-runtime/cmd/forge-runner","Test":"TestFaultPlanRejectsUnsafeScopeAndLocation/point"}
{"Time":"2026-09-11T15:24:54.132054171-07:00","Action":"output","Package":"github.com/JDinSeattle/forge-runtime/cmd/forge-runner","Test":"TestFaultPlanRejectsUnsafeScopeAndLocation/point","Output":"=== RUN   TestFaultPlanRejectsUnsafeScopeAndLocation/point\n"}
{"Time":"2026-09-11T15:24:54.1324924-07:00","Action":"output","Package":"github.com/JDinSeattle/forge-runtime/cmd/forge-runner","Test":"TestFaultPlanRejectsUnsafeScopeAndLocation/point","Output":"--- PASS: TestFaultPlanRejectsUnsafeScopeAndLocation/point (0.00s)\n"}
{"Time":"2026-09-11T15:24:54.132502541-07:00","Action":"pass","Package":"github.com/JDinSeattle/forge-runtime/cmd/forge-runner","Test":"TestFaultPlanRejectsUnsafeScopeAndLocation/point","Elapsed":0}
{"Time":"2026-09-11T15:24:54.132513455-07:00","Action":"run","Package":"github.com/JDinSeattle/forge-runtime/cmd/forge-runner","Test":"TestFaultPlanRejectsUnsafeScopeAndLocation/operation"}
{"Time":"2026-09-11T15:24:54.132515199-07:00","Action":"output","Package":"github.com/JDinSeattle/forge-runtime/cmd/forge-runner","Test":"TestFaultPlanRejectsUnsafeScopeAndLocation/operation","Output":"=== RUN   TestFaultPlanRejectsUnsafeScopeAndLocation/operation\n"}
{"Time":"2026-09-11T15:24:54.132747036-07:00","Action":"output","Package":"github.com/JDinSeattle/forge-runtime/cmd/forge-runner","Test":"TestFaultPlanRejectsUnsafeScopeAndLocation/operation","Output":"--- PASS: TestFaultPlanRejectsUnsafeScopeAndLocation/operation (0.00s)\n"}
{"Time":"2026-09-11T15:24:54.132754474-07:00","Action":"pass","Package":"github.com/JDinSeattle/forge-runtime/cmd/forge-runner","Test":"TestFaultPlanRejectsUnsafeScopeAndLocation/operation","Elapsed":0}
{"Time":"2026-09-11T15:24:54.132763954-07:00","Action":"run","Package":"github.com/JDinSeattle/forge-runtime/cmd/forge-runner","Test":"TestFaultPlanRejectsUnsafeScopeAndLocation/epoch"}
{"Time":"2026-09-11T15:24:54.132765641-07:00","Action":"output","Package":"github.com/JDinSeattle/forge-runtime/cmd/forge-runner","Test":"TestFaultPlanRejectsUnsafeScopeAndLocation/epoch","Output":"=== RUN   TestFaultPlanRejectsUnsafeScopeAndLocation/epoch\n"}
{"Time":"2026-09-11T15:24:54.132989334-07:00","Action":"output","Package":"github.com/JDinSeattle/forge-runtime/cmd/forge-runner","Test":"TestFaultPlanRejectsUnsafeScopeAndLocation/epoch","Output":"--- PASS: TestFaultPlanRejectsUnsafeScopeAndLocation/epoch (0.00s)\n"}
{"Time":"2026-09-11T15:24:54.133003838-07:00","Action":"pass","Package":"github.com/JDinSeattle/forge-runtime/cmd/forge-runner","Test":"TestFaultPlanRejectsUnsafeScopeAndLocation/epoch","Elapsed":0}
{"Time":"2026-09-11T15:24:54.133005866-07:00","Action":"run","Package":"github.com/JDinSeattle/forge-runtime/cmd/forge-runner","Test":"TestFaultPlanRejectsUnsafeScopeAndLocation/expired"}
{"Time":"2026-09-11T15:24:54.13300713-07:00","Action":"output","Package":"github.com/JDinSeattle/forge-runtime/cmd/forge-runner","Test":"TestFaultPlanRejectsUnsafeScopeAndLocation/expired","Output":"=== RUN   TestFaultPlanRejectsUnsafeScopeAndLocation/expired\n"}
{"Time":"2026-09-11T15:24:54.133213757-07:00","Action":"output","Package":"github.com/JDinSeattle/forge-runtime/cmd/forge-runner","Test":"TestFaultPlanRejectsUnsafeScopeAndLocation/expired","Output":"--- PASS: TestFaultPlanRejectsUnsafeScopeAndLocation/expired (0.00s)\n"}
{"Time":"2026-09-11T15:24:54.133221595-07:00","Action":"pass","Package":"github.com/JDinSeattle/forge-runtime/cmd/forge-runner","Test":"TestFaultPlanRejectsUnsafeScopeAndLocation/expired","Elapsed":0}
{"Time":"2026-09-11T15:24:54.133229075-07:00","Action":"run","Package":"github.com/JDinSeattle/forge-runtime/cmd/forge-runner","Test":"TestFaultPlanRejectsUnsafeScopeAndLocation/long_expiry"}
{"Time":"2026-09-11T15:24:54.133230949-07:00","Action":"output","Package":"github.com/JDinSeattle/forge-runtime/cmd/forge-runner","Test":"TestFaultPlanRejectsUnsafeScopeAndLocation/long_expiry","Output":"=== RUN   TestFaultPlanRejectsUnsafeScopeAndLocation/long_expiry\n"}
{"Time":"2026-09-11T15:24:54.13344927-07:00","Action":"output","Package":"github.com/JDinSeattle/forge-runtime/cmd/forge-runner","Test":"TestFaultPlanRejectsUnsafeScopeAndLocation/long_expiry","Output":"--- PASS: TestFaultPlanRejectsUnsafeScopeAndLocation/long_expiry (0.00s)\n"}
{"Time":"2026-09-11T15:24:54.133456673-07:00","Action":"pass","Package":"github.com/JDinSeattle/forge-runtime/cmd/forge-runner","Test":"TestFaultPlanRejectsUnsafeScopeAndLocation/long_expiry","Elapsed":0}
{"Time":"2026-09-11T15:24:54.133466146-07:00","Action":"run","Package":"github.com/JDinSeattle/forge-runtime/cmd/forge-runner","Test":"TestFaultPlanRejectsUnsafeScopeAndLocation/long_delay"}
{"Time":"2026-09-11T15:24:54.133469205-07:00","Action":"output","Package":"github.com/JDinSeattle/forge-runtime/cmd/forge-runner","Test":"TestFaultPlanRejectsUnsafeScopeAndLocation/long_delay","Output":"=== RUN   TestFaultPlanRejectsUnsafeScopeAndLocation/long_delay\n"}
{"Time":"2026-09-11T15:24:54.13367733-07:00","Action":"output","Package":"github.com/JDinSeattle/forge-runtime/cmd/forge-runner","Test":"TestFaultPlanRejectsUnsafeScopeAndLocation/long_delay","Output":"--- PASS: TestFaultPlanRejectsUnsafeScopeAndLocation/long_delay (0.00s)\n"}
{"Time":"2026-09-11T15:24:54.133685061-07:00","Action":"pass","Package":"github.com/JDinSeattle/forge-runtime/cmd/forge-runner","Test":"TestFaultPlanRejectsUnsafeScopeAndLocation/long_delay","Elapsed":0}
{"Time":"2026-09-11T15:24:54.13369396-07:00","Action":"run","Package":"github.com/JDinSeattle/forge-runtime/cmd/forge-runner","Test":"TestFaultPlanRejectsUnsafeScopeAndLocation/public"}
{"Time":"2026-09-11T15:24:54.133696463-07:00","Action":"output","Package":"github.com/JDinSeattle/forge-runtime/cmd/forge-runner","Test":"TestFaultPlanRejectsUnsafeScopeAndLocation/public","Output":"=== RUN   TestFaultPlanRejectsUnsafeScopeAndLocation/public\n"}
{"Time":"2026-09-11T15:24:54.133772679-07:00","Action":"run","Package":"github.com/JDinSeattle/forge-runtime/cmd/forge","Test":"TestSubmitUncertaintyRetainsKeyWithoutAutomaticReplay"}
{"Time":"2026-09-11T15:24:54.133787828-07:00","Action":"output","Package":"github.com/JDinSeattle/forge-runtime/cmd/forge","Test":"TestSubmitUncertaintyRetainsKeyWithoutAutomaticReplay","Output":"=== RUN   TestSubmitUncertaintyRetainsKeyWithoutAutomaticReplay\n"}
{"Time":"2026-09-11T15:24:54.133891121-07:00","Action":"output","Package":"github.com/JDinSeattle/forge-runtime/cmd/forge-runner","Test":"TestFaultPlanRejectsUnsafeScopeAndLocation/public","Output":"--- PASS: TestFaultPlanRejectsUnsafeScopeAndLocation/public (0.00s)\n"}
{"Time":"2026-09-11T15:24:54.133895597-07:00","Action":"pass","Package":"github.com/JDinSeattle/forge-runtime/cmd/forge-runner","Test":"TestFaultPlanRejectsUnsafeScopeAndLocation/public","Elapsed":0}
{"Time":"2026-09-11T15:24:54.133903564-07:00","Action":"run","Package":"github.com/JDinSeattle/forge-runtime/cmd/forge-runner","Test":"TestFaultPlanRejectsUnsafeScopeAndLocation/symlink"}
{"Time":"2026-09-11T15:24:54.133905628-07:00","Action":"output","Package":"github.com/JDinSeattle/forge-runtime/cmd/forge-runner","Test":"TestFaultPlanRejectsUnsafeScopeAndLocation/symlink","Output":"=== RUN   TestFaultPlanRejectsUnsafeScopeAndLocation/symlink\n"}
{"Time":"2026-09-11T15:24:54.134099502-07:00","Action":"output","Package":"github.com/JDinSeattle/forge-runtime/cmd/forge-runner","Test":"TestFaultPlanRejectsUnsafeScopeAndLocation/symlink","Output":"--- PASS: TestFaultPlanRejectsUnsafeScopeAndLocation/symlink (0.00s)\n"}
{"Time":"2026-09-11T15:24:54.134105604-07:00","Action":"pass","Package":"github.com/JDinSeattle/forge-runtime/cmd/forge-runner","Test":"TestFaultPlanRejectsUnsafeScopeAndLocation/symlink","Elapsed":0}
{"Time":"2026-09-11T15:24:54.134113889-07:00","Action":"run","Package":"github.com/JDinSeattle/forge-runtime/cmd/forge-runner","Test":"TestFaultPlanRejectsUnsafeScopeAndLocation/outside"}
{"Time":"2026-09-11T15:24:54.134115751-07:00","Action":"output","Package":"github.com/JDinSeattle/forge-runtime/cmd/forge-runner","Test":"TestFaultPlanRejectsUnsafeScopeAndLocation/outside","Output":"=== RUN   TestFaultPlanRejectsUnsafeScopeAndLocation/outside\n"}
{"Time":"2026-09-11T15:24:54.134259157-07:00","Action":"output","Package":"github.com/JDinSeattle/forge-runtime/cmd/forge-runner","Test":"TestFaultPlanRejectsUnsafeScopeAndLocation/outside","Output":"--- PASS: TestFaultPlanRejectsUnsafeScopeAndLocation/outside (0.00s)\n"}
{"Time":"2026-09-11T15:24:54.134266363-07:00","Action":"pass","Package":"github.com/JDinSeattle/forge-runtime/cmd/forge-runner","Test":"TestFaultPlanRejectsUnsafeScopeAndLocation/outside","Elapsed":0}
{"Time":"2026-09-11T15:24:54.134283976-07:00","Action":"output","Package":"github.com/JDinSeattle/forge-runtime/cmd/forge-runner","Test":"TestFaultPlanRejectsUnsafeScopeAndLocation","Output":"--- PASS: TestFaultPlanRejectsUnsafeScopeAndLocation (0.00s)\n"}
{"Time":"2026-09-11T15:24:54.134290886-07:00","Action":"pass","Package":"github.com/JDinSeattle/forge-runtime/cmd/forge-runner","Test":"TestFaultPlanRejectsUnsafeScopeAndLocation","Elapsed":0}
{"Time":"2026-09-11T15:24:54.134302394-07:00","Action":"run","Package":"github.com/JDinSeattle/forge-runtime/cmd/forge-runner","Test":"TestFaultPlanExactScopeOneShotAcrossReload"}
{"Time":"2026-09-11T15:24:54.134304449-07:00","Action":"output","Package":"github.com/JDinSeattle/forge-runtime/cmd/forge-runner","Test":"TestFaultPlanExactScopeOneShotAcrossReload","Output":"=== RUN   TestFaultPlanExactScopeOneShotAcrossReload\n"}
{"Time":"2026-09-11T15:24:54.150907049-07:00","Action":"output","Package":"github.com/JDinSeattle/forge-runtime/cmd/forge-runner","Test":"TestFaultPlanExactScopeOneShotAcrossReload","Output":"--- PASS: TestFaultPlanExactScopeOneShotAcrossReload (0.02s)\n"}
{"Time":"2026-09-11T15:24:54.150937899-07:00","Action":"pass","Package":"github.com/JDinSeattle/forge-runtime/cmd/forge-runner","Test":"TestFaultPlanExactScopeOneShotAcrossReload","Elapsed":0.02}
{"Time":"2026-09-11T15:24:54.150952462-07:00","Action":"output","Package":"github.com/JDinSeattle/forge-runtime/cmd/forge-runner","Output":"PASS\n"}
{"Time":"2026-09-11T15:24:54.157972719-07:00","Action":"run","Package":"github.com/JDinSeattle/forge-runtime/internal/application","Test":"TestPrepareCapacityRequeuesAtomically"}
{"Time":"2026-09-11T15:24:54.157990982-07:00","Action":"output","Package":"github.com/JDinSeattle/forge-runtime/internal/application","Test":"TestPrepareCapacityRequeuesAtomically","Output":"=== RUN   TestPrepareCapacityRequeuesAtomically\n"}
{"Time":"2026-09-11T15:24:54.158033383-07:00","Action":"run","Package":"github.com/JDinSeattle/forge-runtime/benchmarks","Test":"TestSubmissionResponseLossEvidence"}
{"Time":"2026-09-11T15:24:54.158036343-07:00","Action":"output","Package":"github.com/JDinSeattle/forge-runtime/benchmarks","Test":"TestSubmissionResponseLossEvidence","Output":"=== RUN   TestSubmissionResponseLossEvidence\n"}
{"Time":"2026-09-11T15:24:54.158075309-07:00","Action":"output","Package":"github.com/JDinSeattle/forge-runtime/benchmarks","Test":"TestSubmissionResponseLossEvidence","Output":"    api_fault_test.go:199: set FORGE_RUN_API_FAULT=1 and FORGE_TEST_DATABASE_URL\n"}
{"Time":"2026-09-11T15:24:54.158108584-07:00","Action":"output","Package":"github.com/JDinSeattle/forge-runtime/benchmarks","Test":"TestSubmissionResponseLossEvidence","Output":"--- SKIP: TestSubmissionResponseLossEvidence (0.00s)\n"}
{"Time":"2026-09-11T15:24:54.158118901-07:00","Action":"skip","Package":"github.com/JDinSeattle/forge-runtime/benchmarks","Test":"TestSubmissionResponseLossEvidence","Elapsed":0}
{"Time":"2026-09-11T15:24:54.158124388-07:00","Action":"run","Package":"github.com/JDinSeattle/forge-runtime/benchmarks","Test":"TestSubmissionDropFixtureRequiresDurabilityAndIsScoped"}
{"Time":"2026-09-11T15:24:54.158126018-07:00","Action":"output","Package":"github.com/JDinSeattle/forge-runtime/benchmarks","Test":"TestSubmissionDropFixtureRequiresDurabilityAndIsScoped","Output":"=== RUN   TestSubmissionDropFixtureRequiresDurabilityAndIsScoped\n"}
{"Time":"2026-09-11T15:24:54.158285604-07:00","Action":"output","Package":"github.com/JDinSeattle/forge-runtime/benchmarks","Test":"TestSubmissionDropFixtureRequiresDurabilityAndIsScoped","Output":"--- PASS: TestSubmissionDropFixtureRequiresDurabilityAndIsScoped (0.00s)\n"}
{"Time":"2026-09-11T15:24:54.158301235-07:00","Action":"pass","Package":"github.com/JDinSeattle/forge-runtime/benchmarks","Test":"TestSubmissionDropFixtureRequiresDurabilityAndIsScoped","Elapsed":0}
{"Time":"2026-09-11T15:24:54.158307394-07:00","Action":"run","Package":"github.com/JDinSeattle/forge-runtime/benchmarks","Test":"TestSubmissionDropFixtureNeverLosesResponseWithoutCommitProof"}
{"Time":"2026-09-11T15:24:54.158311925-07:00","Action":"output","Package":"github.com/JDinSeattle/forge-runtime/benchmarks","Test":"TestSubmissionDropFixtureNeverLosesResponseWithoutCommitProof","Output":"=== RUN   TestSubmissionDropFixtureNeverLosesResponseWithoutCommitProof\n"}
{"Time":"2026-09-11T15:24:54.158347116-07:00","Action":"output","Package":"github.com/JDinSeattle/forge-runtime/benchmarks","Test":"TestSubmissionDropFixtureNeverLosesResponseWithoutCommitProof","Output":"--- PASS: TestSubmissionDropFixtureNeverLosesResponseWithoutCommitProof (0.00s)\n"}
{"Time":"2026-09-11T15:24:54.158362052-07:00","Action":"pass","Package":"github.com/JDinSeattle/forge-runtime/benchmarks","Test":"TestSubmissionDropFixtureNeverLosesResponseWithoutCommitProof","Elapsed":0}
{"Time":"2026-09-11T15:24:54.158367061-07:00","Action":"run","Package":"github.com/JDinSeattle/forge-runtime/benchmarks","Test":"TestSSEConnectionChurnEvidence"}
{"Time":"2026-09-11T15:24:54.158371602-07:00","Action":"output","Package":"github.com/JDinSeattle/forge-runtime/benchmarks","Test":"TestSSEConnectionChurnEvidence","Output":"=== RUN   TestSSEConnectionChurnEvidence\n"}
{"Time":"2026-09-11T15:24:54.158382136-07:00","Action":"output","Package":"github.com/JDinSeattle/forge-runtime/benchmarks","Test":"TestSSEConnectionChurnEvidence","Output":"    churn_test.go:52: set FORGE_RUN_BENCHMARK=1 and FORGE_TEST_DATABASE_URL\n"}
{"Time":"2026-09-11T15:24:54.158387975-07:00","Action":"output","Package":"github.com/JDinSeattle/forge-runtime/benchmarks","Test":"TestSSEConnectionChurnEvidence","Output":"--- SKIP: TestSSEConnectionChurnEvidence (0.00s)\n"}
{"Time":"2026-09-11T15:24:54.158398172-07:00","Action":"skip","Package":"github.com/JDinSeattle/forge-runtime/benchmarks","Test":"TestSSEConnectionChurnEvidence","Elapsed":0}
{"Time":"2026-09-11T15:24:54.158407147-07:00","Action":"run","Package":"github.com/JDinSeattle/forge-runtime/benchmarks","Test":"TestHTTPMetadataEvidence"}
{"Time":"2026-09-11T15:24:54.158411177-07:00","Action":"output","Package":"github.com/JDinSeattle/forge-runtime/benchmarks","Test":"TestHTTPMetadataEvidence","Output":"=== RUN   TestHTTPMetadataEvidence\n"}
{"Time":"2026-09-11T15:24:54.1584305-07:00","Action":"output","Package":"github.com/JDinSeattle/forge-runtime/benchmarks","Test":"TestHTTPMetadataEvidence","Output":"    http_test.go:31: opt-in fixed HTTP workload\n"}
{"Time":"2026-09-11T15:24:54.158448196-07:00","Action":"output","Package":"github.com/JDinSeattle/forge-runtime/benchmarks","Test":"TestHTTPMetadataEvidence","Output":"--- SKIP: TestHTTPMetadataEvidence (0.00s)\n"}
{"Time":"2026-09-11T15:24:54.158455765-07:00","Action":"skip","Package":"github.com/JDinSeattle/forge-runtime/benchmarks","Test":"TestHTTPMetadataEvidence","Elapsed":0}
{"Time":"2026-09-11T15:24:54.158459455-07:00","Action":"run","Package":"github.com/JDinSeattle/forge-runtime/benchmarks","Test":"TestK6MetadataEvidence"}
{"Time":"2026-09-11T15:24:54.158462922-07:00","Action":"output","Package":"github.com/JDinSeattle/forge-runtime/benchmarks","Test":"TestK6MetadataEvidence","Output":"=== RUN   TestK6MetadataEvidence\n"}
{"Time":"2026-09-11T15:24:54.158477293-07:00","Action":"output","Package":"github.com/JDinSeattle/forge-runtime/benchmarks","Test":"TestK6MetadataEvidence","Output":"    k6_test.go:22: opt-in actual k6 loopback workload\n"}
{"Time":"2026-09-11T15:24:54.158483148-07:00","Action":"output","Package":"github.com/JDinSeattle/forge-runtime/benchmarks","Test":"TestK6MetadataEvidence","Output":"--- SKIP: TestK6MetadataEvidence (0.00s)\n"}
{"Time":"2026-09-11T15:24:54.15849576-07:00","Action":"skip","Package":"github.com/JDinSeattle/forge-runtime/benchmarks","Test":"TestK6MetadataEvidence","Elapsed":0}
{"Time":"2026-09-11T15:24:54.1585014-07:00","Action":"run","Package":"github.com/JDinSeattle/forge-runtime/benchmarks","Test":"TestNativeStreamInterruptedLedgerEvidence"}
{"Time":"2026-09-11T15:24:54.158504261-07:00","Action":"output","Package":"github.com/JDinSeattle/forge-runtime/benchmarks","Test":"TestNativeStreamInterruptedLedgerEvidence","Output":"=== RUN   TestNativeStreamInterruptedLedgerEvidence\n"}
{"Time":"2026-09-11T15:24:54.158521827-07:00","Action":"output","Package":"github.com/JDinSeattle/forge-runtime/benchmarks","Test":"TestNativeStreamInterruptedLedgerEvidence","Output":"    model_stream_fault_test.go:293: set FORGE_RUN_MODEL_STREAM_FAULT=1 and FORGE_TEST_DATABASE_URL for local native HTTP/private PG acceptance\n"}
{"Time":"2026-09-11T15:24:54.158529595-07:00","Action":"output","Package":"github.com/JDinSeattle/forge-runtime/benchmarks","Test":"TestNativeStreamInterruptedLedgerEvidence","Output":"--- SKIP: TestNativeStreamInterruptedLedgerEvidence (0.00s)\n"}
{"Time":"2026-09-11T15:24:54.158533546-07:00","Action":"skip","Package":"github.com/JDinSeattle/forge-runtime/benchmarks","Test":"TestNativeStreamInterruptedLedgerEvidence","Elapsed":0}
{"Time":"2026-09-11T15:24:54.158538085-07:00","Action":"run","Package":"github.com/JDinSeattle/forge-runtime/benchmarks","Test":"TestInterruptedLedgerOracleRejectsReleasedExpense"}
{"Time":"2026-09-11T15:24:54.158541228-07:00","Action":"output","Package":"github.com/JDinSeattle/forge-runtime/benchmarks","Test":"TestInterruptedLedgerOracleRejectsReleasedExpense","Output":"=== RUN   TestInterruptedLedgerOracleRejectsReleasedExpense\n"}
{"Time":"2026-09-11T15:24:54.158681808-07:00","Action":"output","Package":"github.com/JDinSeattle/forge-runtime/benchmarks","Test":"TestInterruptedLedgerOracleRejectsReleasedExpense","Output":"--- PASS: TestInterruptedLedgerOracleRejectsReleasedExpense (0.00s)\n"}
{"Time":"2026-09-11T15:24:54.158687521-07:00","Action":"pass","Package":"github.com/JDinSeattle/forge-runtime/benchmarks","Test":"TestInterruptedLedgerOracleRejectsReleasedExpense","Elapsed":0}
{"Time":"2026-09-11T15:24:54.158692487-07:00","Action":"run","Package":"github.com/JDinSeattle/forge-runtime/benchmarks","Test":"TestSchedulerCompetitionEvidence"}
{"Time":"2026-09-11T15:24:54.158695894-07:00","Action":"output","Package":"github.com/JDinSeattle/forge-runtime/benchmarks","Test":"TestSchedulerCompetitionEvidence","Output":"=== RUN   TestSchedulerCompetitionEvidence\n"}
{"Time":"2026-09-11T15:24:54.158717641-07:00","Action":"output","Package":"github.com/JDinSeattle/forge-runtime/benchmarks","Test":"TestSchedulerCompetitionEvidence","Output":"    scheduler_test.go:66: set FORGE_RUN_BENCHMARK=1 and FORGE_TEST_DATABASE_URL for scoped benchmark\n"}
{"Time":"2026-09-11T15:24:54.158730124-07:00","Action":"output","Package":"github.com/JDinSeattle/forge-runtime/benchmarks","Test":"TestSchedulerCompetitionEvidence","Output":"--- SKIP: TestSchedulerCompetitionEvidence (0.00s)\n"}
{"Time":"2026-09-11T15:24:54.158735372-07:00","Action":"skip","Package":"github.com/JDinSeattle/forge-runtime/benchmarks","Test":"TestSchedulerCompetitionEvidence","Elapsed":0}
{"Time":"2026-09-11T15:24:54.158739432-07:00","Action":"run","Package":"github.com/JDinSeattle/forge-runtime/benchmarks","Test":"TestSSEP02IsolationEvidence"}
{"Time":"2026-09-11T15:24:54.158742535-07:00","Action":"output","Package":"github.com/JDinSeattle/forge-runtime/benchmarks","Test":"TestSSEP02IsolationEvidence","Output":"=== RUN   TestSSEP02IsolationEvidence\n"}
{"Time":"2026-09-11T15:24:54.158764474-07:00","Action":"output","Package":"github.com/JDinSeattle/forge-runtime/benchmarks","Test":"TestSSEP02IsolationEvidence","Output":"    sse_p02_test.go:247: set FORGE_RUN_P02_SSE=1 and FORGE_TEST_DATABASE_URL\n"}
{"Time":"2026-09-11T15:24:54.158772979-07:00","Action":"output","Package":"github.com/JDinSeattle/forge-runtime/benchmarks","Test":"TestSSEP02IsolationEvidence","Output":"--- SKIP: TestSSEP02IsolationEvidence (0.00s)\n"}
{"Time":"2026-09-11T15:24:54.158778194-07:00","Action":"skip","Package":"github.com/JDinSeattle/forge-runtime/benchmarks","Test":"TestSSEP02IsolationEvidence","Elapsed":0}
{"Time":"2026-09-11T15:24:54.158782564-07:00","Action":"run","Package":"github.com/JDinSeattle/forge-runtime/benchmarks","Test":"TestSSESustainedChurnEvidence"}
{"Time":"2026-09-11T15:24:54.158786718-07:00","Action":"output","Package":"github.com/JDinSeattle/forge-runtime/benchmarks","Test":"TestSSESustainedChurnEvidence","Output":"=== RUN   TestSSESustainedChurnEvidence\n"}
{"Time":"2026-09-11T15:24:54.158815413-07:00","Action":"output","Package":"github.com/JDinSeattle/forge-runtime/benchmarks","Test":"TestSSESustainedChurnEvidence","Output":"    sse_plateau_test.go:36: set FORGE_RUN_SUSTAINED_SSE=1 and FORGE_TEST_DATABASE_URL\n"}
{"Time":"2026-09-11T15:24:54.158824878-07:00","Action":"output","Package":"github.com/JDinSeattle/forge-runtime/benchmarks","Test":"TestSSESustainedChurnEvidence","Output":"--- SKIP: TestSSESustainedChurnEvidence (0.00s)\n"}
{"Time":"2026-09-11T15:24:54.158830493-07:00","Action":"skip","Package":"github.com/JDinSeattle/forge-runtime/benchmarks","Test":"TestSSESustainedChurnEvidence","Elapsed":0}
{"Time":"2026-09-11T15:24:54.158834856-07:00","Action":"run","Package":"github.com/JDinSeattle/forge-runtime/benchmarks","Test":"TestSSESteadyStateEvidence"}
{"Time":"2026-09-11T15:24:54.15883806-07:00","Action":"output","Package":"github.com/JDinSeattle/forge-runtime/benchmarks","Test":"TestSSESteadyStateEvidence","Output":"=== RUN   TestSSESteadyStateEvidence\n"}
{"Time":"2026-09-11T15:24:54.158860102-07:00","Action":"output","Package":"github.com/JDinSeattle/forge-runtime/benchmarks","Test":"TestSSESteadyStateEvidence","Output":"    sse_plateau_test.go:36: set FORGE_RUN_SUSTAINED_SSE=1 and FORGE_TEST_DATABASE_URL\n"}
{"Time":"2026-09-11T15:24:54.158875228-07:00","Action":"output","Package":"github.com/JDinSeattle/forge-runtime/benchmarks","Test":"TestSSESteadyStateEvidence","Output":"--- SKIP: TestSSESteadyStateEvidence (0.00s)\n"}
{"Time":"2026-09-11T15:24:54.158877705-07:00","Action":"skip","Package":"github.com/JDinSeattle/forge-runtime/benchmarks","Test":"TestSSESteadyStateEvidence","Elapsed":0}
{"Time":"2026-09-11T15:24:54.15888061-07:00","Action":"run","Package":"github.com/JDinSeattle/forge-runtime/benchmarks","Test":"TestSSESteadyStateOracle"}
{"Time":"2026-09-11T15:24:54.158882531-07:00","Action":"output","Package":"github.com/JDinSeattle/forge-runtime/benchmarks","Test":"TestSSESteadyStateOracle","Output":"=== RUN   TestSSESteadyStateOracle\n"}
{"Time":"2026-09-11T15:24:54.158980947-07:00","Action":"output","Package":"github.com/JDinSeattle/forge-runtime/benchmarks","Test":"TestSSESteadyStateOracle","Output":"--- PASS: TestSSESteadyStateOracle (0.00s)\n"}
{"Time":"2026-09-11T15:24:54.158985571-07:00","Action":"pass","Package":"github.com/JDinSeattle/forge-runtime/benchmarks","Test":"TestSSESteadyStateOracle","Elapsed":0}
{"Time":"2026-09-11T15:24:54.158988391-07:00","Action":"run","Package":"github.com/JDinSeattle/forge-runtime/benchmarks","Test":"TestSSEBackpressureEvidence"}
{"Time":"2026-09-11T15:24:54.158990398-07:00","Action":"output","Package":"github.com/JDinSeattle/forge-runtime/benchmarks","Test":"TestSSEBackpressureEvidence","Output":"=== RUN   TestSSEBackpressureEvidence\n"}
{"Time":"2026-09-11T15:24:54.159010893-07:00","Action":"output","Package":"github.com/JDinSeattle/forge-runtime/benchmarks","Test":"TestSSEBackpressureEvidence","Output":"    sse_sustained_test.go:428: set FORGE_RUN_SUSTAINED_SSE=1 and FORGE_TEST_DATABASE_URL\n"}
{"Time":"2026-09-11T15:24:54.159021233-07:00","Action":"output","Package":"github.com/JDinSeattle/forge-runtime/benchmarks","Test":"TestSSEBackpressureEvidence","Output":"--- SKIP: TestSSEBackpressureEvidence (0.00s)\n"}
{"Time":"2026-09-11T15:24:54.159024546-07:00","Action":"skip","Package":"github.com/JDinSeattle/forge-runtime/benchmarks","Test":"TestSSEBackpressureEvidence","Elapsed":0}
{"Time":"2026-09-11T15:24:54.159029013-07:00","Action":"run","Package":"github.com/JDinSeattle/forge-runtime/benchmarks","Test":"TestSSEPlateauOracle"}
{"Time":"2026-09-11T15:24:54.159031452-07:00","Action":"output","Package":"github.com/JDinSeattle/forge-runtime/benchmarks","Test":"TestSSEPlateauOracle","Output":"=== RUN   TestSSEPlateauOracle\n"}
{"Time":"2026-09-11T15:24:54.159051101-07:00","Action":"output","Package":"github.com/JDinSeattle/forge-runtime/benchmarks","Test":"TestSSEPlateauOracle","Output":"--- PASS: TestSSEPlateauOracle (0.00s)\n"}
{"Time":"2026-09-11T15:24:54.159056762-07:00","Action":"pass","Package":"github.com/JDinSeattle/forge-runtime/benchmarks","Test":"TestSSEPlateauOracle","Elapsed":0}
{"Time":"2026-09-11T15:24:54.159064511-07:00","Action":"run","Package":"github.com/JDinSeattle/forge-runtime/benchmarks","Test":"TestSSEFanoutEvidence"}
{"Time":"2026-09-11T15:24:54.159066716-07:00","Action":"output","Package":"github.com/JDinSeattle/forge-runtime/benchmarks","Test":"TestSSEFanoutEvidence","Output":"=== RUN   TestSSEFanoutEvidence\n"}
{"Time":"2026-09-11T15:24:54.159083924-07:00","Action":"output","Package":"github.com/JDinSeattle/forge-runtime/benchmarks","Test":"TestSSEFanoutEvidence","Output":"    sse_test.go:148: set FORGE_RUN_BENCHMARK=1 and FORGE_TEST_DATABASE_URL\n"}
{"Time":"2026-09-11T15:24:54.159094575-07:00","Action":"output","Package":"github.com/JDinSeattle/forge-runtime/benchmarks","Test":"TestSSEFanoutEvidence","Output":"--- SKIP: TestSSEFanoutEvidence (0.00s)\n"}
{"Time":"2026-09-11T15:24:54.159098988-07:00","Action":"skip","Package":"github.com/JDinSeattle/forge-runtime/benchmarks","Test":"TestSSEFanoutEvidence","Elapsed":0}
{"Time":"2026-09-11T15:24:54.159104299-07:00","Action":"run","Package":"github.com/JDinSeattle/forge-runtime/benchmarks","Test":"TestTerminalSimulationEvidence"}
{"Time":"2026-09-11T15:24:54.15910683-07:00","Action":"output","Package":"github.com/JDinSeattle/forge-runtime/benchmarks","Test":"TestTerminalSimulationEvidence","Output":"=== RUN   TestTerminalSimulationEvidence\n"}
{"Time":"2026-09-11T15:24:54.159125199-07:00","Action":"output","Package":"github.com/JDinSeattle/forge-runtime/benchmarks","Test":"TestTerminalSimulationEvidence","Output":"    terminal_test.go:86: set FORGE_RUN_TERMINAL_BENCHMARK=1 and the dedicated loopback database\n"}
{"Time":"2026-09-11T15:24:54.159135237-07:00","Action":"output","Package":"github.com/JDinSeattle/forge-runtime/benchmarks","Test":"TestTerminalSimulationEvidence","Output":"--- SKIP: TestTerminalSimulationEvidence (0.00s)\n"}
{"Time":"2026-09-11T15:24:54.159138799-07:00","Action":"skip","Package":"github.com/JDinSeattle/forge-runtime/benchmarks","Test":"TestTerminalSimulationEvidence","Elapsed":0}
{"Time":"2026-09-11T15:24:54.159152266-07:00","Action":"output","Package":"github.com/JDinSeattle/forge-runtime/benchmarks","Output":"PASS\n"}
{"Time":"2026-09-11T15:24:54.160700162-07:00","Action":"start","Package":"github.com/JDinSeattle/forge-runtime/internal/configuration"}
{"Time":"2026-09-11T15:24:54.160778485-07:00","Action":"start","Package":"github.com/JDinSeattle/forge-runtime/internal/dependency"}
{"Time":"2026-09-11T15:24:54.160807724-07:00","Action":"start","Package":"github.com/JDinSeattle/forge-runtime/internal/domain"}
{"Time":"2026-09-11T15:24:54.160880565-07:00","Action":"start","Package":"github.com/JDinSeattle/forge-runtime/internal/eventstream"}
{"Time":"2026-09-11T15:24:54.160911049-07:00","Action":"start","Package":"github.com/JDinSeattle/forge-runtime/internal/httpapi"}
{"Time":"2026-09-11T15:24:54.160992505-07:00","Action":"start","Package":"github.com/JDinSeattle/forge-runtime/internal/httpcontract"}
{"Time":"2026-09-11T15:24:54.16101072-07:00","Action":"output","Package":"github.com/JDinSeattle/forge-runtime/internal/httpcontract","Output":"?   \tgithub.com/JDinSeattle/forge-runtime/internal/httpcontract\t[no test files]\n"}
{"Time":"2026-09-11T15:24:54.161020748-07:00","Action":"skip","Package":"github.com/JDinSeattle/forge-runtime/internal/httpcontract","Elapsed":0}
{"Time":"2026-09-11T15:24:54.161027518-07:00","Action":"start","Package":"github.com/JDinSeattle/forge-runtime/internal/localsetup"}
{"Time":"2026-09-11T15:24:54.161079959-07:00","Action":"start","Package":"github.com/JDinSeattle/forge-runtime/internal/persistence"}
{"Time":"2026-09-11T15:24:54.161166436-07:00","Action":"start","Package":"github.com/JDinSeattle/forge-runtime/internal/persistence/sqlgen"}
{"Time":"2026-09-11T15:24:54.161185755-07:00","Action":"output","Package":"github.com/JDinSeattle/forge-runtime/internal/persistence/sqlgen","Output":"?   \tgithub.com/JDinSeattle/forge-runtime/internal/persistence/sqlgen\t[no test files]\n"}
{"Time":"2026-09-11T15:24:54.161195589-07:00","Action":"skip","Package":"github.com/JDinSeattle/forge-runtime/internal/persistence/sqlgen","Elapsed":0}
{"Time":"2026-09-11T15:24:54.161203022-07:00","Action":"start","Package":"github.com/JDinSeattle/forge-runtime/internal/provider"}
{"Time":"2026-09-11T15:24:54.161285808-07:00","Action":"start","Package":"github.com/JDinSeattle/forge-runtime/internal/quota"}
{"Time":"2026-09-11T15:24:54.161307495-07:00","Action":"start","Package":"github.com/JDinSeattle/forge-runtime/internal/retention"}
{"Time":"2026-09-11T15:24:54.161358753-07:00","Action":"start","Package":"github.com/JDinSeattle/forge-runtime/internal/runner"}
{"Time":"2026-09-11T15:24:54.161411221-07:00","Action":"start","Package":"github.com/JDinSeattle/forge-runtime/internal/runnerclient"}
{"Time":"2026-09-11T15:24:54.16149921-07:00","Action":"start","Package":"github.com/JDinSeattle/forge-runtime/internal/runtime"}
{"Time":"2026-09-11T15:24:54.161584313-07:00","Action":"start","Package":"github.com/JDinSeattle/forge-runtime/internal/sandbox"}
{"Time":"2026-09-11T15:24:54.161711838-07:00","Action":"start","Package":"github.com/JDinSeattle/forge-runtime/internal/telemetry"}
{"Time":"2026-09-11T15:24:54.161791817-07:00","Action":"start","Package":"github.com/JDinSeattle/forge-runtime/internal/testdb"}
{"Time":"2026-09-11T15:24:54.161806095-07:00","Action":"output","Package":"github.com/JDinSeattle/forge-runtime/internal/testdb","Output":"?   \tgithub.com/JDinSeattle/forge-runtime/internal/testdb\t[no test files]\n"}
{"Time":"2026-09-11T15:24:54.161811363-07:00","Action":"skip","Package":"github.com/JDinSeattle/forge-runtime/internal/testdb","Elapsed":0}
{"Time":"2026-09-11T15:24:54.161817205-07:00","Action":"start","Package":"github.com/JDinSeattle/forge-runtime/internal/testutil"}
{"Time":"2026-09-11T15:24:54.161821059-07:00","Action":"output","Package":"github.com/JDinSeattle/forge-runtime/internal/testutil","Output":"?   \tgithub.com/JDinSeattle/forge-runtime/internal/testutil\t[no test files]\n"}
{"Time":"2026-09-11T15:24:54.161823843-07:00","Action":"skip","Package":"github.com/JDinSeattle/forge-runtime/internal/testutil","Elapsed":0}
{"Time":"2026-09-11T15:24:54.161828791-07:00","Action":"start","Package":"github.com/JDinSeattle/forge-runtime/proto/runner/v1"}
{"Time":"2026-09-11T15:24:54.161832412-07:00","Action":"output","Package":"github.com/JDinSeattle/forge-runtime/proto/runner/v1","Output":"?   \tgithub.com/JDinSeattle/forge-runtime/proto/runner/v1\t[no test files]\n"}
{"Time":"2026-09-11T15:24:54.161835111-07:00","Action":"skip","Package":"github.com/JDinSeattle/forge-runtime/proto/runner/v1","Elapsed":0}
{"Time":"2026-09-11T15:24:54.161838786-07:00","Action":"start","Package":"github.com/JDinSeattle/forge-runtime/scripts/evaluation"}
{"Time":"2026-09-11T15:24:54.161842965-07:00","Action":"output","Package":"github.com/JDinSeattle/forge-runtime/scripts/evaluation","Output":"?   \tgithub.com/JDinSeattle/forge-runtime/scripts/evaluation\t[no test files]\n"}
{"Time":"2026-09-11T15:24:54.161845921-07:00","Action":"skip","Package":"github.com/JDinSeattle/forge-runtime/scripts/evaluation","Elapsed":0}
{"Time":"2026-09-11T15:24:54.161849849-07:00","Action":"start","Package":"github.com/JDinSeattle/forge-runtime/scripts/faults/application"}
{"Time":"2026-09-11T15:24:54.161888938-07:00","Action":"start","Package":"github.com/JDinSeattle/forge-runtime/tests/client"}
{"Time":"2026-09-11T15:24:54.161979197-07:00","Action":"start","Package":"github.com/JDinSeattle/forge-runtime/tests/review"}
{"Time":"2026-09-11T15:24:54.16847111-07:00","Action":"run","Package":"github.com/JDinSeattle/forge-runtime/internal/runtime","Test":"TestCapacityRejectionRequeuesOnlyUninitializedWork"}
{"Time":"2026-09-11T15:24:54.168554354-07:00","Action":"output","Package":"github.com/JDinSeattle/forge-runtime/internal/runtime","Test":"TestCapacityRejectionRequeuesOnlyUninitializedWork","Output":"=== RUN   TestCapacityRejectionRequeuesOnlyUninitializedWork\n"}
{"Time":"2026-09-11T15:24:54.169204018-07:00","Action":"run","Package":"github.com/JDinSeattle/forge-runtime/internal/sandbox","Test":"TestDockerFailsClosedWithoutActualRootlessCgroupCapabilities"}
{"Time":"2026-09-11T15:24:54.169225014-07:00","Action":"output","Package":"github.com/JDinSeattle/forge-runtime/internal/sandbox","Test":"TestDockerFailsClosedWithoutActualRootlessCgroupCapabilities","Output":"=== RUN   TestDockerFailsClosedWithoutActualRootlessCgroupCapabilities\n"}
{"Time":"2026-09-11T15:24:54.16955521-07:00","Action":"run","Package":"github.com/JDinSeattle/forge-runtime/internal/runner","Test":"TestCleanupGrantIsPurposeRestrictedAndLeaseBound"}
{"Time":"2026-09-11T15:24:54.16956024-07:00","Action":"output","Package":"github.com/JDinSeattle/forge-runtime/internal/runner","Test":"TestCleanupGrantIsPurposeRestrictedAndLeaseBound","Output":"=== RUN   TestCleanupGrantIsPurposeRestrictedAndLeaseBound\n"}
{"Time":"2026-09-11T15:24:54.169824349-07:00","Action":"output","Package":"github.com/JDinSeattle/forge-runtime/internal/sandbox","Test":"TestDockerFailsClosedWithoutActualRootlessCgroupCapabilities","Output":"--- PASS: TestDockerFailsClosedWithoutActualRootlessCgroupCapabilities (0.00s)\n"}
{"Time":"2026-09-11T15:24:54.169832665-07:00","Action":"pass","Package":"github.com/JDinSeattle/forge-runtime/internal/sandbox","Test":"TestDockerFailsClosedWithoutActualRootlessCgroupCapabilities","Elapsed":0}
{"Time":"2026-09-11T15:24:54.169840364-07:00","Action":"run","Package":"github.com/JDinSeattle/forge-runtime/internal/sandbox","Test":"TestBoundedLogWriterDrainsWithoutGrowing"}
{"Time":"2026-09-11T15:24:54.169843284-07:00","Action":"output","Package":"github.com/JDinSeattle/forge-runtime/internal/sandbox","Test":"TestBoundedLogWriterDrainsWithoutGrowing","Output":"=== RUN   TestBoundedLogWriterDrainsWithoutGrowing\n"}
{"Time":"2026-09-11T15:24:54.169857956-07:00","Action":"output","Package":"github.com/JDinSeattle/forge-runtime/internal/runtime","Test":"TestCapacityRejectionRequeuesOnlyUninitializedWork","Output":"--- PASS: TestCapacityRejectionRequeuesOnlyUninitializedWork (0.00s)\n"}
{"Time":"2026-09-11T15:24:54.169879876-07:00","Action":"pass","Package":"github.com/JDinSeattle/forge-runtime/internal/runtime","Test":"TestCapacityRejectionRequeuesOnlyUninitializedWork","Elapsed":0}
{"Time":"2026-09-11T15:24:54.169897033-07:00","Action":"run","Package":"github.com/JDinSeattle/forge-runtime/internal/runtime","Test":"TestPartialModelNeverDispatchesTools"}
{"Time":"2026-09-11T15:24:54.169902306-07:00","Action":"output","Package":"github.com/JDinSeattle/forge-runtime/internal/runtime","Test":"TestPartialModelNeverDispatchesTools","Output":"=== RUN   TestPartialModelNeverDispatchesTools\n"}
{"Time":"2026-09-11T15:24:54.17008349-07:00","Action":"output","Package":"github.com/JDinSeattle/forge-runtime/internal/runtime","Test":"TestPartialModelNeverDispatchesTools","Output":"--- PASS: TestPartialModelNeverDispatchesTools (0.00s)\n"}
{"Time":"2026-09-11T15:24:54.170091183-07:00","Action":"pass","Package":"github.com/JDinSeattle/forge-runtime/internal/runtime","Test":"TestPartialModelNeverDispatchesTools","Elapsed":0}
{"Time":"2026-09-11T15:24:54.170095676-07:00","Action":"run","Package":"github.com/JDinSeattle/forge-runtime/internal/runtime","Test":"TestOnlyCurrentUnexpiredLeaseMayAdvance"}
{"Time":"2026-09-11T15:24:54.170102125-07:00","Action":"output","Package":"github.com/JDinSeattle/forge-runtime/internal/runtime","Test":"TestOnlyCurrentUnexpiredLeaseMayAdvance","Output":"=== RUN   TestOnlyCurrentUnexpiredLeaseMayAdvance\n"}
{"Time":"2026-09-11T15:24:54.170207258-07:00","Action":"run","Package":"github.com/JDinSeattle/forge-runtime/internal/quota","Test":"TestRetryBudgetAndRetryAfter"}
{"Time":"2026-09-11T15:24:54.170226804-07:00","Action":"output","Package":"github.com/JDinSeattle/forge-runtime/internal/quota","Test":"TestRetryBudgetAndRetryAfter","Output":"=== RUN   TestRetryBudgetAndRetryAfter\n"}
{"Time":"2026-09-11T15:24:54.170324026-07:00","Action":"output","Package":"github.com/JDinSeattle/forge-runtime/internal/quota","Test":"TestRetryBudgetAndRetryAfter","Output":"--- PASS: TestRetryBudgetAndRetryAfter (0.00s)\n"}
{"Time":"2026-09-11T15:24:54.170413662-07:00","Action":"pass","Package":"github.com/JDinSeattle/forge-runtime/internal/quota","Test":"TestRetryBudgetAndRetryAfter","Elapsed":0}
{"Time":"2026-09-11T15:24:54.170477685-07:00","Action":"run","Package":"github.com/JDinSeattle/forge-runtime/internal/quota","Test":"TestReservationHashBindsPriceAndDeadline"}
{"Time":"2026-09-11T15:24:54.170482648-07:00","Action":"output","Package":"github.com/JDinSeattle/forge-runtime/internal/quota","Test":"TestReservationHashBindsPriceAndDeadline","Output":"=== RUN   TestReservationHashBindsPriceAndDeadline\n"}
{"Time":"2026-09-11T15:24:54.170492386-07:00","Action":"output","Package":"github.com/JDinSeattle/forge-runtime/internal/runtime","Test":"TestOnlyCurrentUnexpiredLeaseMayAdvance","Output":"--- PASS: TestOnlyCurrentUnexpiredLeaseMayAdvance (0.00s)\n"}
{"Time":"2026-09-11T15:24:54.170506394-07:00","Action":"pass","Package":"github.com/JDinSeattle/forge-runtime/internal/runtime","Test":"TestOnlyCurrentUnexpiredLeaseMayAdvance","Elapsed":0}
{"Time":"2026-09-11T15:24:54.170514722-07:00","Action":"run","Package":"github.com/JDinSeattle/forge-runtime/internal/runtime","Test":"TestToolArgumentIntegrityAndBatchUniqueness"}
{"Time":"2026-09-11T15:24:54.170519523-07:00","Action":"output","Package":"github.com/JDinSeattle/forge-runtime/internal/runtime","Test":"TestToolArgumentIntegrityAndBatchUniqueness","Output":"=== RUN   TestToolArgumentIntegrityAndBatchUniqueness\n"}
{"Time":"2026-09-11T15:24:54.170564281-07:00","Action":"run","Package":"github.com/JDinSeattle/forge-runtime/internal/runtime","Test":"TestToolArgumentIntegrityAndBatchUniqueness/hash_tampering"}
{"Time":"2026-09-11T15:24:54.170567774-07:00","Action":"output","Package":"github.com/JDinSeattle/forge-runtime/internal/runtime","Test":"TestToolArgumentIntegrityAndBatchUniqueness/hash_tampering","Output":"=== RUN   TestToolArgumentIntegrityAndBatchUniqueness/hash_tampering\n"}
{"Time":"2026-09-11T15:24:54.170699997-07:00","Action":"output","Package":"github.com/JDinSeattle/forge-runtime/internal/runner","Test":"TestCleanupGrantIsPurposeRestrictedAndLeaseBound","Output":"--- PASS: TestCleanupGrantIsPurposeRestrictedAndLeaseBound (0.00s)\n"}
{"Time":"2026-09-11T15:24:54.170716971-07:00","Action":"pass","Package":"github.com/JDinSeattle/forge-runtime/internal/runner","Test":"TestCleanupGrantIsPurposeRestrictedAndLeaseBound","Elapsed":0}
{"Time":"2026-09-11T15:24:54.170723359-07:00","Action":"run","Package":"github.com/JDinSeattle/forge-runtime/internal/runner","Test":"TestConcurrentIdempotentPatchWritesExactlyOnce"}
{"Time":"2026-09-11T15:24:54.170727431-07:00","Action":"output","Package":"github.com/JDinSeattle/forge-runtime/internal/runner","Test":"TestConcurrentIdempotentPatchWritesExactlyOnce","Output":"=== RUN   TestConcurrentIdempotentPatchWritesExactlyOnce\n"}
{"Time":"2026-09-11T15:24:54.170737513-07:00","Action":"output","Package":"github.com/JDinSeattle/forge-runtime/internal/runtime","Test":"TestToolArgumentIntegrityAndBatchUniqueness/hash_tampering","Output":"--- PASS: TestToolArgumentIntegrityAndBatchUniqueness/hash_tampering (0.00s)\n"}
{"Time":"2026-09-11T15:24:54.170744763-07:00","Action":"pass","Package":"github.com/JDinSeattle/forge-runtime/internal/runtime","Test":"TestToolArgumentIntegrityAndBatchUniqueness/hash_tampering","Elapsed":0}
{"Time":"2026-09-11T15:24:54.170750039-07:00","Action":"run","Package":"github.com/JDinSeattle/forge-runtime/internal/runtime","Test":"TestToolArgumentIntegrityAndBatchUniqueness/duplicate_operation"}
{"Time":"2026-09-11T15:24:54.170754372-07:00","Action":"output","Package":"github.com/JDinSeattle/forge-runtime/internal/runtime","Test":"TestToolArgumentIntegrityAndBatchUniqueness/duplicate_operation","Output":"=== RUN   TestToolArgumentIntegrityAndBatchUniqueness/duplicate_operation\n"}
{"Time":"2026-09-11T15:24:54.170773453-07:00","Action":"output","Package":"github.com/JDinSeattle/forge-runtime/internal/quota","Test":"TestReservationHashBindsPriceAndDeadline","Output":"--- PASS: TestReservationHashBindsPriceAndDeadline (0.00s)\n"}
{"Time":"2026-09-11T15:24:54.170787184-07:00","Action":"pass","Package":"github.com/JDinSeattle/forge-runtime/internal/quota","Test":"TestReservationHashBindsPriceAndDeadline","Elapsed":0}
{"Time":"2026-09-11T15:24:54.17079121-07:00","Action":"run","Package":"github.com/JDinSeattle/forge-runtime/internal/quota","Test":"TestSharedBudgetsAcrossTenantsAndIndependentPools"}
{"Time":"2026-09-11T15:24:54.17079594-07:00","Action":"output","Package":"github.com/JDinSeattle/forge-runtime/internal/quota","Test":"TestSharedBudgetsAcrossTenantsAndIndependentPools","Output":"=== RUN   TestSharedBudgetsAcrossTenantsAndIndependentPools\n"}
{"Time":"2026-09-11T15:24:54.170862318-07:00","Action":"output","Package":"github.com/JDinSeattle/forge-runtime/internal/runtime","Test":"TestToolArgumentIntegrityAndBatchUniqueness/duplicate_operation","Output":"--- PASS: TestToolArgumentIntegrityAndBatchUniqueness/duplicate_operation (0.00s)\n"}
{"Time":"2026-09-11T15:24:54.170871117-07:00","Action":"pass","Package":"github.com/JDinSeattle/forge-runtime/internal/runtime","Test":"TestToolArgumentIntegrityAndBatchUniqueness/duplicate_operation","Elapsed":0}
{"Time":"2026-09-11T15:24:54.170965198-07:00","Action":"output","Package":"github.com/JDinSeattle/forge-runtime/internal/runtime","Test":"TestToolArgumentIntegrityAndBatchUniqueness","Output":"--- PASS: TestToolArgumentIntegrityAndBatchUniqueness (0.00s)\n"}
{"Time":"2026-09-11T15:24:54.170971703-07:00","Action":"pass","Package":"github.com/JDinSeattle/forge-runtime/internal/runtime","Test":"TestToolArgumentIntegrityAndBatchUniqueness","Elapsed":0}
{"Time":"2026-09-11T15:24:54.170984678-07:00","Action":"run","Package":"github.com/JDinSeattle/forge-runtime/internal/runtime","Test":"TestSequentialBatchUsesReceiptRevisionAndStopsOnFailure"}
{"Time":"2026-09-11T15:24:54.170991142-07:00","Action":"output","Package":"github.com/JDinSeattle/forge-runtime/internal/runtime","Test":"TestSequentialBatchUsesReceiptRevisionAndStopsOnFailure","Output":"=== RUN   TestSequentialBatchUsesReceiptRevisionAndStopsOnFailure\n"}
{"Time":"2026-09-11T15:24:54.17122671-07:00","Action":"output","Package":"github.com/JDinSeattle/forge-runtime/internal/sandbox","Test":"TestBoundedLogWriterDrainsWithoutGrowing","Output":"--- PASS: TestBoundedLogWriterDrainsWithoutGrowing (0.00s)\n"}
{"Time":"2026-09-11T15:24:54.171266287-07:00","Action":"pass","Package":"github.com/JDinSeattle/forge-runtime/internal/sandbox","Test":"TestBoundedLogWriterDrainsWithoutGrowing","Elapsed":0}
{"Time":"2026-09-11T15:24:54.171289651-07:00","Action":"output","Package":"github.com/JDinSeattle/forge-runtime/internal/runtime","Test":"TestSequentialBatchUsesReceiptRevisionAndStopsOnFailure","Output":"--- PASS: TestSequentialBatchUsesReceiptRevisionAndStopsOnFailure (0.00s)\n"}
{"Time":"2026-09-11T15:24:54.171295331-07:00","Action":"pass","Package":"github.com/JDinSeattle/forge-runtime/internal/runtime","Test":"TestSequentialBatchUsesReceiptRevisionAndStopsOnFailure","Elapsed":0}
{"Time":"2026-09-11T15:24:54.171299672-07:00","Action":"run","Package":"github.com/JDinSeattle/forge-runtime/internal/runtime","Test":"TestUnknownEffectRecoveryNeverReplaysOperation"}
{"Time":"2026-09-11T15:24:54.171302776-07:00","Action":"output","Package":"github.com/JDinSeattle/forge-runtime/internal/runtime","Test":"TestUnknownEffectRecoveryNeverReplaysOperation","Output":"=== RUN   TestUnknownEffectRecoveryNeverReplaysOperation\n"}
{"Time":"2026-09-11T15:24:54.171658168-07:00","Action":"run","Package":"github.com/JDinSeattle/forge-runtime/internal/sandbox","Test":"TestDockerTmpfsExecutionIsExplicitAndKeepsFixedBounds"}
{"Time":"2026-09-11T15:24:54.171673218-07:00","Action":"output","Package":"github.com/JDinSeattle/forge-runtime/internal/sandbox","Test":"TestDockerTmpfsExecutionIsExplicitAndKeepsFixedBounds","Output":"=== RUN   TestDockerTmpfsExecutionIsExplicitAndKeepsFixedBounds\n"}
{"Time":"2026-09-11T15:24:54.171676705-07:00","Action":"run","Package":"github.com/JDinSeattle/forge-runtime/internal/sandbox","Test":"TestDockerTmpfsExecutionIsExplicitAndKeepsFixedBounds/false"}
{"Time":"2026-09-11T15:24:54.171685523-07:00","Action":"output","Package":"github.com/JDinSeattle/forge-runtime/internal/sandbox","Test":"TestDockerTmpfsExecutionIsExplicitAndKeepsFixedBounds/false","Output":"=== RUN   TestDockerTmpfsExecutionIsExplicitAndKeepsFixedBounds/false\n"}
{"Time":"2026-09-11T15:24:54.172954019-07:00","Action":"run","Package":"github.com/JDinSeattle/forge-runtime/internal/runnerclient","Test":"TestRealDockerRunnerIsolationQuotaAndCancellation"}
{"Time":"2026-09-11T15:24:54.172995466-07:00","Action":"output","Package":"github.com/JDinSeattle/forge-runtime/internal/runnerclient","Test":"TestRealDockerRunnerIsolationQuotaAndCancellation","Output":"=== RUN   TestRealDockerRunnerIsolationQuotaAndCancellation\n"}
{"Time":"2026-09-11T15:24:54.173039864-07:00","Action":"output","Package":"github.com/JDinSeattle/forge-runtime/internal/runnerclient","Test":"TestRealDockerRunnerIsolationQuotaAndCancellation","Output":"    docker_integration_test.go:31: set FORGE_REAL_RUNNER_CONFIG to an operator-owned real runner configuration\n"}
{"Time":"2026-09-11T15:24:54.173072221-07:00","Action":"output","Package":"github.com/JDinSeattle/forge-runtime/internal/runnerclient","Test":"TestRealDockerRunnerIsolationQuotaAndCancellation","Output":"--- SKIP: TestRealDockerRunnerIsolationQuotaAndCancellation (0.00s)\n"}
{"Time":"2026-09-11T15:24:54.173099282-07:00","Action":"skip","Package":"github.com/JDinSeattle/forge-runtime/internal/runnerclient","Test":"TestRealDockerRunnerIsolationQuotaAndCancellation","Elapsed":0}
{"Time":"2026-09-11T15:24:54.173117476-07:00","Action":"run","Package":"github.com/JDinSeattle/forge-runtime/internal/runnerclient","Test":"TestRealRunnerExecutionEvidence"}
{"Time":"2026-09-11T15:24:54.173120633-07:00","Action":"output","Package":"github.com/JDinSeattle/forge-runtime/internal/runnerclient","Test":"TestRealRunnerExecutionEvidence","Output":"=== RUN   TestRealRunnerExecutionEvidence\n"}
{"Time":"2026-09-11T15:24:54.173415583-07:00","Action":"output","Package":"github.com/JDinSeattle/forge-runtime/internal/runnerclient","Test":"TestRealRunnerExecutionEvidence","Output":"    execution_benchmark_test.go:365: opt in with FORGE_RUN_EXECUTION_EVIDENCE=1 and an existing real mapped runner\n"}
{"Time":"2026-09-11T15:24:54.17343211-07:00","Action":"output","Package":"github.com/JDinSeattle/forge-runtime/internal/runnerclient","Test":"TestRealRunnerExecutionEvidence","Output":"--- SKIP: TestRealRunnerExecutionEvidence (0.00s)\n"}
{"Time":"2026-09-11T15:24:54.173435619-07:00","Action":"skip","Package":"github.com/JDinSeattle/forge-runtime/internal/runnerclient","Test":"TestRealRunnerExecutionEvidence","Elapsed":0}
{"Time":"2026-09-11T15:24:54.173439321-07:00","Action":"run","Package":"github.com/JDinSeattle/forge-runtime/internal/runnerclient","Test":"TestP06ArtifactOraclesRejectMismatchedProofs"}
{"Time":"2026-09-11T15:24:54.173442359-07:00","Action":"output","Package":"github.com/JDinSeattle/forge-runtime/internal/runnerclient","Test":"TestP06ArtifactOraclesRejectMismatchedProofs","Output":"=== RUN   TestP06ArtifactOraclesRejectMismatchedProofs\n"}
{"Time":"2026-09-11T15:24:54.173464452-07:00","Action":"run","Package":"github.com/JDinSeattle/forge-runtime/internal/domain","Test":"TestCanonicalJSONPreservesArgumentHashInputs"}
{"Time":"2026-09-11T15:24:54.173469871-07:00","Action":"output","Package":"github.com/JDinSeattle/forge-runtime/internal/domain","Test":"TestCanonicalJSONPreservesArgumentHashInputs","Output":"=== RUN   TestCanonicalJSONPreservesArgumentHashInputs\n"}
{"Time":"2026-09-11T15:24:54.173636573-07:00","Action":"run","Package":"github.com/JDinSeattle/forge-runtime/internal/dependency","Test":"TestDependencyBudgetsDoNotCancelParent"}
{"Time":"2026-09-11T15:24:54.173648931-07:00","Action":"output","Package":"github.com/JDinSeattle/forge-runtime/internal/dependency","Test":"TestDependencyBudgetsDoNotCancelParent","Output":"=== RUN   TestDependencyBudgetsDoNotCancelParent\n"}
{"Time":"2026-09-11T15:24:54.173719661-07:00","Action":"output","Package":"github.com/JDinSeattle/forge-runtime/internal/dependency","Test":"TestDependencyBudgetsDoNotCancelParent","Output":"--- PASS: TestDependencyBudgetsDoNotCancelParent (0.00s)\n"}
{"Time":"2026-09-11T15:24:54.173731715-07:00","Action":"pass","Package":"github.com/JDinSeattle/forge-runtime/internal/dependency","Test":"TestDependencyBudgetsDoNotCancelParent","Elapsed":0}
{"Time":"2026-09-11T15:24:54.173744261-07:00","Action":"run","Package":"github.com/JDinSeattle/forge-runtime/internal/dependency","Test":"TestTransactionOperationPreservesDeadlineCause"}
{"Time":"2026-09-11T15:24:54.173747002-07:00","Action":"output","Package":"github.com/JDinSeattle/forge-runtime/internal/dependency","Test":"TestTransactionOperationPreservesDeadlineCause","Output":"=== RUN   TestTransactionOperationPreservesDeadlineCause\n"}
{"Time":"2026-09-11T15:24:54.173896432-07:00","Action":"output","Package":"github.com/JDinSeattle/forge-runtime/internal/domain","Test":"TestCanonicalJSONPreservesArgumentHashInputs","Output":"--- PASS: TestCanonicalJSONPreservesArgumentHashInputs (0.00s)\n"}
{"Time":"2026-09-11T15:24:54.173919969-07:00","Action":"pass","Package":"github.com/JDinSeattle/forge-runtime/internal/domain","Test":"TestCanonicalJSONPreservesArgumentHashInputs","Elapsed":0}
{"Time":"2026-09-11T15:24:54.17393363-07:00","Action":"run","Package":"github.com/JDinSeattle/forge-runtime/internal/domain","Test":"TestDuplicateArgumentsCannotBeAdmitted"}
{"Time":"2026-09-11T15:24:54.173937037-07:00","Action":"output","Package":"github.com/JDinSeattle/forge-runtime/internal/domain","Test":"TestDuplicateArgumentsCannotBeAdmitted","Output":"=== RUN   TestDuplicateArgumentsCannotBeAdmitted\n"}
{"Time":"2026-09-11T15:24:54.174000878-07:00","Action":"output","Package":"github.com/JDinSeattle/forge-runtime/internal/domain","Test":"TestDuplicateArgumentsCannotBeAdmitted","Output":"--- PASS: TestDuplicateArgumentsCannotBeAdmitted (0.00s)\n"}
{"Time":"2026-09-11T15:24:54.174013177-07:00","Action":"pass","Package":"github.com/JDinSeattle/forge-runtime/internal/domain","Test":"TestDuplicateArgumentsCannotBeAdmitted","Elapsed":0}
{"Time":"2026-09-11T15:24:54.174028417-07:00","Action":"run","Package":"github.com/JDinSeattle/forge-runtime/internal/domain","Test":"TestMoneyDoesNotUnderReserveOrOverflow"}
{"Time":"2026-09-11T15:24:54.174031278-07:00","Action":"output","Package":"github.com/JDinSeattle/forge-runtime/internal/domain","Test":"TestMoneyDoesNotUnderReserveOrOverflow","Output":"=== RUN   TestMoneyDoesNotUnderReserveOrOverflow\n"}
{"Time":"2026-09-11T15:24:54.174092379-07:00","Action":"output","Package":"github.com/JDinSeattle/forge-runtime/internal/domain","Test":"TestMoneyDoesNotUnderReserveOrOverflow","Output":"--- PASS: TestMoneyDoesNotUnderReserveOrOverflow (0.00s)\n"}
{"Time":"2026-09-11T15:24:54.1741051-07:00","Action":"pass","Package":"github.com/JDinSeattle/forge-runtime/internal/domain","Test":"TestMoneyDoesNotUnderReserveOrOverflow","Elapsed":0}
{"Time":"2026-09-11T15:24:54.174120785-07:00","Action":"run","Package":"github.com/JDinSeattle/forge-runtime/internal/domain","Test":"TestLeaseExpiryBoundary"}
{"Time":"2026-09-11T15:24:54.174124108-07:00","Action":"output","Package":"github.com/JDinSeattle/forge-runtime/internal/domain","Test":"TestLeaseExpiryBoundary","Output":"=== RUN   TestLeaseExpiryBoundary\n"}
{"Time":"2026-09-11T15:24:54.174170775-07:00","Action":"output","Package":"github.com/JDinSeattle/forge-runtime/internal/domain","Test":"TestLeaseExpiryBoundary","Output":"--- PASS: TestLeaseExpiryBoundary (0.00s)\n"}
{"Time":"2026-09-11T15:24:54.174181901-07:00","Action":"pass","Package":"github.com/JDinSeattle/forge-runtime/internal/domain","Test":"TestLeaseExpiryBoundary","Elapsed":0}
{"Time":"2026-09-11T15:24:54.174198484-07:00","Action":"run","Package":"github.com/JDinSeattle/forge-runtime/internal/domain","Test":"TestIDCannotBecomeFilesystemPath"}
{"Time":"2026-09-11T15:24:54.174202429-07:00","Action":"output","Package":"github.com/JDinSeattle/forge-runtime/internal/domain","Test":"TestIDCannotBecomeFilesystemPath","Output":"=== RUN   TestIDCannotBecomeFilesystemPath\n"}
{"Time":"2026-09-11T15:24:54.174271316-07:00","Action":"output","Package":"github.com/JDinSeattle/forge-runtime/internal/domain","Test":"TestIDCannotBecomeFilesystemPath","Output":"--- PASS: TestIDCannotBecomeFilesystemPath (0.00s)\n"}
{"Time":"2026-09-11T15:24:54.174282562-07:00","Action":"pass","Package":"github.com/JDinSeattle/forge-runtime/internal/domain","Test":"TestIDCannotBecomeFilesystemPath","Elapsed":0}
{"Time":"2026-09-11T15:24:54.174320645-07:00","Action":"run","Package":"github.com/JDinSeattle/forge-runtime/internal/domain","Test":"FuzzCostMatchesExactCeiling"}
{"Time":"2026-09-11T15:24:54.174324419-07:00","Action":"output","Package":"github.com/JDinSeattle/forge-runtime/internal/domain","Test":"FuzzCostMatchesExactCeiling","Output":"=== RUN   FuzzCostMatchesExactCeiling\n"}
{"Time":"2026-09-11T15:24:54.174400673-07:00","Action":"output","Package":"github.com/JDinSeattle/forge-runtime/internal/runnerclient","Test":"TestP06ArtifactOraclesRejectMismatchedProofs","Output":"--- PASS: TestP06ArtifactOraclesRejectMismatchedProofs (0.00s)\n"}
{"Time":"2026-09-11T15:24:54.174416435-07:00","Action":"pass","Package":"github.com/JDinSeattle/forge-runtime/internal/runnerclient","Test":"TestP06ArtifactOraclesRejectMismatchedProofs","Elapsed":0}
{"Time":"2026-09-11T15:24:54.174429644-07:00","Action":"run","Package":"github.com/JDinSeattle/forge-runtime/internal/runnerclient","Test":"TestP06IntentOracleRejectsCrossSampleAndAlteredIntent"}
{"Time":"2026-09-11T15:24:54.174432546-07:00","Action":"output","Package":"github.com/JDinSeattle/forge-runtime/internal/runnerclient","Test":"TestP06IntentOracleRejectsCrossSampleAndAlteredIntent","Output":"=== RUN   TestP06IntentOracleRejectsCrossSampleAndAlteredIntent\n"}
{"Time":"2026-09-11T15:24:54.174436718-07:00","Action":"run","Package":"github.com/JDinSeattle/forge-runtime/internal/domain","Test":"FuzzCostMatchesExactCeiling/seed#0"}
{"Time":"2026-09-11T15:24:54.174441294-07:00","Action":"output","Package":"github.com/JDinSeattle/forge-runtime/internal/domain","Test":"FuzzCostMatchesExactCeiling/seed#0","Output":"=== RUN   FuzzCostMatchesExactCeiling/seed#0\n"}
{"Time":"2026-09-11T15:24:54.174476034-07:00","Action":"run","Package":"github.com/JDinSeattle/forge-runtime/internal/runnerclient","Test":"TestP06IntentOracleRejectsCrossSampleAndAlteredIntent/args"}
{"Time":"2026-09-11T15:24:54.17447939-07:00","Action":"output","Package":"github.com/JDinSeattle/forge-runtime/internal/runnerclient","Test":"TestP06IntentOracleRejectsCrossSampleAndAlteredIntent/args","Output":"=== RUN   TestP06IntentOracleRejectsCrossSampleAndAlteredIntent/args\n"}
{"Time":"2026-09-11T15:24:54.174518076-07:00","Action":"output","Package":"github.com/JDinSeattle/forge-runtime/internal/domain","Test":"FuzzCostMatchesExactCeiling/seed#0","Output":"--- PASS: FuzzCostMatchesExactCeiling/seed#0 (0.00s)\n"}
{"Time":"2026-09-11T15:24:54.174523767-07:00","Action":"output","Package":"github.com/JDinSeattle/forge-runtime/internal/runnerclient","Test":"TestP06IntentOracleRejectsCrossSampleAndAlteredIntent/args","Output":"--- PASS: TestP06IntentOracleRejectsCrossSampleAndAlteredIntent/args (0.00s)\n"}
{"Time":"2026-09-11T15:24:54.174526699-07:00","Action":"pass","Package":"github.com/JDinSeattle/forge-runtime/internal/runnerclient","Test":"TestP06IntentOracleRejectsCrossSampleAndAlteredIntent/args","Elapsed":0}
{"Time":"2026-09-11T15:24:54.174531786-07:00","Action":"pass","Package":"github.com/JDinSeattle/forge-runtime/internal/domain","Test":"FuzzCostMatchesExactCeiling/seed#0","Elapsed":0}
{"Time":"2026-09-11T15:24:54.174535487-07:00","Action":"run","Package":"github.com/JDinSeattle/forge-runtime/internal/runnerclient","Test":"TestP06IntentOracleRejectsCrossSampleAndAlteredIntent/receipt_run"}
{"Time":"2026-09-11T15:24:54.174537754-07:00","Action":"output","Package":"github.com/JDinSeattle/forge-runtime/internal/runnerclient","Test":"TestP06IntentOracleRejectsCrossSampleAndAlteredIntent/receipt_run","Output":"=== RUN   TestP06IntentOracleRejectsCrossSampleAndAlteredIntent/receipt_run\n"}
{"Time":"2026-09-11T15:24:54.174555469-07:00","Action":"run","Package":"github.com/JDinSeattle/forge-runtime/internal/domain","Test":"FuzzCostMatchesExactCeiling/seed#1"}
{"Time":"2026-09-11T15:24:54.174557726-07:00","Action":"output","Package":"github.com/JDinSeattle/forge-runtime/internal/domain","Test":"FuzzCostMatchesExactCeiling/seed#1","Output":"=== RUN   FuzzCostMatchesExactCeiling/seed#1\n"}
{"Time":"2026-09-11T15:24:54.174563094-07:00","Action":"output","Package":"github.com/JDinSeattle/forge-runtime/internal/runnerclient","Test":"TestP06IntentOracleRejectsCrossSampleAndAlteredIntent/receipt_run","Output":"--- PASS: TestP06IntentOracleRejectsCrossSampleAndAlteredIntent/receipt_run (0.00s)\n"}
{"Time":"2026-09-11T15:24:54.174568354-07:00","Action":"pass","Package":"github.com/JDinSeattle/forge-runtime/internal/runnerclient","Test":"TestP06IntentOracleRejectsCrossSampleAndAlteredIntent/receipt_run","Elapsed":0}
{"Time":"2026-09-11T15:24:54.174581229-07:00","Action":"run","Package":"github.com/JDinSeattle/forge-runtime/internal/runnerclient","Test":"TestP06IntentOracleRejectsCrossSampleAndAlteredIntent/nonterminal"}
{"Time":"2026-09-11T15:24:54.174583484-07:00","Action":"output","Package":"github.com/JDinSeattle/forge-runtime/internal/runnerclient","Test":"TestP06IntentOracleRejectsCrossSampleAndAlteredIntent/nonterminal","Output":"=== RUN   TestP06IntentOracleRejectsCrossSampleAndAlteredIntent/nonterminal\n"}
{"Time":"2026-09-11T15:24:54.174601301-07:00","Action":"output","Package":"github.com/JDinSeattle/forge-runtime/internal/domain","Test":"FuzzCostMatchesExactCeiling/seed#1","Output":"--- PASS: FuzzCostMatchesExactCeiling/seed#1 (0.00s)\n"}
{"Time":"2026-09-11T15:24:54.174605354-07:00","Action":"output","Package":"github.com/JDinSeattle/forge-runtime/internal/runnerclient","Test":"TestP06IntentOracleRejectsCrossSampleAndAlteredIntent/nonterminal","Output":"--- PASS: TestP06IntentOracleRejectsCrossSampleAndAlteredIntent/nonterminal (0.00s)\n"}
{"Time":"2026-09-11T15:24:54.174614243-07:00","Action":"pass","Package":"github.com/JDinSeattle/forge-runtime/internal/domain","Test":"FuzzCostMatchesExactCeiling/seed#1","Elapsed":0}
{"Time":"2026-09-11T15:24:54.174618453-07:00","Action":"pass","Package":"github.com/JDinSeattle/forge-runtime/internal/runnerclient","Test":"TestP06IntentOracleRejectsCrossSampleAndAlteredIntent/nonterminal","Elapsed":0}
{"Time":"2026-09-11T15:24:54.174620056-07:00","Action":"run","Package":"github.com/JDinSeattle/forge-runtime/internal/runnerclient","Test":"TestP06IntentOracleRejectsCrossSampleAndAlteredIntent/args_hash"}
{"Time":"2026-09-11T15:24:54.174622356-07:00","Action":"output","Package":"github.com/JDinSeattle/forge-runtime/internal/runnerclient","Test":"TestP06IntentOracleRejectsCrossSampleAndAlteredIntent/args_hash","Output":"=== RUN   TestP06IntentOracleRejectsCrossSampleAndAlteredIntent/args_hash\n"}
{"Time":"2026-09-11T15:24:54.174645412-07:00","Action":"run","Package":"github.com/JDinSeattle/forge-runtime/internal/domain","Test":"FuzzCostMatchesExactCeiling/seed#2"}
{"Time":"2026-09-11T15:24:54.174658791-07:00","Action":"output","Package":"github.com/JDinSeattle/forge-runtime/internal/domain","Test":"FuzzCostMatchesExactCeiling/seed#2","Output":"=== RUN   FuzzCostMatchesExactCeiling/seed#2\n"}
{"Time":"2026-09-11T15:24:54.174666606-07:00","Action":"output","Package":"github.com/JDinSeattle/forge-runtime/internal/runnerclient","Test":"TestP06IntentOracleRejectsCrossSampleAndAlteredIntent/args_hash","Output":"--- PASS: TestP06IntentOracleRejectsCrossSampleAndAlteredIntent/args_hash (0.00s)\n"}
{"Time":"2026-09-11T15:24:54.174670855-07:00","Action":"pass","Package":"github.com/JDinSeattle/forge-runtime/internal/runnerclient","Test":"TestP06IntentOracleRejectsCrossSampleAndAlteredIntent/args_hash","Elapsed":0}
{"Time":"2026-09-11T15:24:54.174674388-07:00","Action":"run","Package":"github.com/JDinSeattle/forge-runtime/internal/runnerclient","Test":"TestP06IntentOracleRejectsCrossSampleAndAlteredIntent/deadline"}
{"Time":"2026-09-11T15:24:54.174677032-07:00","Action":"output","Package":"github.com/JDinSeattle/forge-runtime/internal/runnerclient","Test":"TestP06IntentOracleRejectsCrossSampleAndAlteredIntent/deadline","Output":"=== RUN   TestP06IntentOracleRejectsCrossSampleAndAlteredIntent/deadline\n"}
{"Time":"2026-09-11T15:24:54.174686673-07:00","Action":"output","Package":"github.com/JDinSeattle/forge-runtime/internal/domain","Test":"FuzzCostMatchesExactCeiling/seed#2","Output":"--- PASS: FuzzCostMatchesExactCeiling/seed#2 (0.00s)\n"}
{"Time":"2026-09-11T15:24:54.174706044-07:00","Action":"output","Package":"github.com/JDinSeattle/forge-runtime/internal/runnerclient","Test":"TestP06IntentOracleRejectsCrossSampleAndAlteredIntent/deadline","Output":"--- PASS: TestP06IntentOracleRejectsCrossSampleAndAlteredIntent/deadline (0.00s)\n"}
{"Time":"2026-09-11T15:24:54.174710925-07:00","Action":"pass","Package":"github.com/JDinSeattle/forge-runtime/internal/runnerclient","Test":"TestP06IntentOracleRejectsCrossSampleAndAlteredIntent/deadline","Elapsed":0}
{"Time":"2026-09-11T15:24:54.174734664-07:00","Action":"run","Package":"github.com/JDinSeattle/forge-runtime/internal/runnerclient","Test":"TestP06IntentOracleRejectsCrossSampleAndAlteredIntent/other_self_consistent_sample"}
{"Time":"2026-09-11T15:24:54.174709836-07:00","Action":"pass","Package":"github.com/JDinSeattle/forge-runtime/internal/domain","Test":"FuzzCostMatchesExactCeiling/seed#2","Elapsed":0}
{"Time":"2026-09-11T15:24:54.174749582-07:00","Action":"output","Package":"github.com/JDinSeattle/forge-runtime/internal/runnerclient","Test":"TestP06IntentOracleRejectsCrossSampleAndAlteredIntent/other_self_consistent_sample","Output":"=== RUN   TestP06IntentOracleRejectsCrossSampleAndAlteredIntent/other_self_consistent_sample\n"}
{"Time":"2026-09-11T15:24:54.174752625-07:00","Action":"run","Package":"github.com/JDinSeattle/forge-runtime/internal/domain","Test":"FuzzCostMatchesExactCeiling/seed#3"}
{"Time":"2026-09-11T15:24:54.174757193-07:00","Action":"output","Package":"github.com/JDinSeattle/forge-runtime/internal/domain","Test":"FuzzCostMatchesExactCeiling/seed#3","Output":"=== RUN   FuzzCostMatchesExactCeiling/seed#3\n"}
{"Time":"2026-09-11T15:24:54.174757581-07:00","Action":"output","Package":"github.com/JDinSeattle/forge-runtime/internal/runnerclient","Test":"TestP06IntentOracleRejectsCrossSampleAndAlteredIntent/other_self_consistent_sample","Output":"--- PASS: TestP06IntentOracleRejectsCrossSampleAndAlteredIntent/other_self_consistent_sample (0.00s)\n"}
{"Time":"2026-09-11T15:24:54.174762489-07:00","Action":"pass","Package":"github.com/JDinSeattle/forge-runtime/internal/runnerclient","Test":"TestP06IntentOracleRejectsCrossSampleAndAlteredIntent/other_self_consistent_sample","Elapsed":0}
{"Time":"2026-09-11T15:24:54.174764199-07:00","Action":"output","Package":"github.com/JDinSeattle/forge-runtime/internal/domain","Test":"FuzzCostMatchesExactCeiling/seed#3","Output":"--- PASS: FuzzCostMatchesExactCeiling/seed#3 (0.00s)\n"}
{"Time":"2026-09-11T15:24:54.174767683-07:00","Action":"run","Package":"github.com/JDinSeattle/forge-runtime/internal/runnerclient","Test":"TestP06IntentOracleRejectsCrossSampleAndAlteredIntent/run"}
{"Time":"2026-09-11T15:24:54.174773737-07:00","Action":"output","Package":"github.com/JDinSeattle/forge-runtime/internal/runnerclient","Test":"TestP06IntentOracleRejectsCrossSampleAndAlteredIntent/run","Output":"=== RUN   TestP06IntentOracleRejectsCrossSampleAndAlteredIntent/run\n"}
{"Time":"2026-09-11T15:24:54.174776122-07:00","Action":"pass","Package":"github.com/JDinSeattle/forge-runtime/internal/domain","Test":"FuzzCostMatchesExactCeiling/seed#3","Elapsed":0}
{"Time":"2026-09-11T15:24:54.174779314-07:00","Action":"output","Package":"github.com/JDinSeattle/forge-runtime/internal/runnerclient","Test":"TestP06IntentOracleRejectsCrossSampleAndAlteredIntent/run","Output":"--- PASS: TestP06IntentOracleRejectsCrossSampleAndAlteredIntent/run (0.00s)\n"}
{"Time":"2026-09-11T15:24:54.174783783-07:00","Action":"pass","Package":"github.com/JDinSeattle/forge-runtime/internal/runnerclient","Test":"TestP06IntentOracleRejectsCrossSampleAndAlteredIntent/run","Elapsed":0}
{"Time":"2026-09-11T15:24:54.174794055-07:00","Action":"run","Package":"github.com/JDinSeattle/forge-runtime/internal/runnerclient","Test":"TestP06IntentOracleRejectsCrossSampleAndAlteredIntent/revision"}
{"Time":"2026-09-11T15:24:54.174798375-07:00","Action":"output","Package":"github.com/JDinSeattle/forge-runtime/internal/runnerclient","Test":"TestP06IntentOracleRejectsCrossSampleAndAlteredIntent/revision","Output":"=== RUN   TestP06IntentOracleRejectsCrossSampleAndAlteredIntent/revision\n"}
{"Time":"2026-09-11T15:24:54.174799599-07:00","Action":"output","Package":"github.com/JDinSeattle/forge-runtime/internal/domain","Test":"FuzzCostMatchesExactCeiling","Output":"--- PASS: FuzzCostMatchesExactCeiling (0.00s)\n"}
{"Time":"2026-09-11T15:24:54.174807723-07:00","Action":"pass","Package":"github.com/JDinSeattle/forge-runtime/internal/domain","Test":"FuzzCostMatchesExactCeiling","Elapsed":0}
{"Time":"2026-09-11T15:24:54.174810412-07:00","Action":"output","Package":"github.com/JDinSeattle/forge-runtime/internal/runnerclient","Test":"TestP06IntentOracleRejectsCrossSampleAndAlteredIntent/revision","Output":"--- PASS: TestP06IntentOracleRejectsCrossSampleAndAlteredIntent/revision (0.00s)\n"}
{"Time":"2026-09-11T15:24:54.174818154-07:00","Action":"pass","Package":"github.com/JDinSeattle/forge-runtime/internal/runnerclient","Test":"TestP06IntentOracleRejectsCrossSampleAndAlteredIntent/revision","Elapsed":0}
{"Time":"2026-09-11T15:24:54.174820179-07:00","Action":"output","Package":"github.com/JDinSeattle/forge-runtime/internal/domain","Output":"PASS\n"}
{"Time":"2026-09-11T15:24:54.17482301-07:00","Action":"run","Package":"github.com/JDinSeattle/forge-runtime/internal/runnerclient","Test":"TestP06IntentOracleRejectsCrossSampleAndAlteredIntent/policy"}
{"Time":"2026-09-11T15:24:54.174826032-07:00","Action":"output","Package":"github.com/JDinSeattle/forge-runtime/internal/runnerclient","Test":"TestP06IntentOracleRejectsCrossSampleAndAlteredIntent/policy","Output":"=== RUN   TestP06IntentOracleRejectsCrossSampleAndAlteredIntent/policy\n"}
{"Time":"2026-09-11T15:24:54.174840489-07:00","Action":"output","Package":"github.com/JDinSeattle/forge-runtime/internal/runnerclient","Test":"TestP06IntentOracleRejectsCrossSampleAndAlteredIntent/policy","Output":"--- PASS: TestP06IntentOracleRejectsCrossSampleAndAlteredIntent/policy (0.00s)\n"}
{"Time":"2026-09-11T15:24:54.174845014-07:00","Action":"pass","Package":"github.com/JDinSeattle/forge-runtime/internal/runnerclient","Test":"TestP06IntentOracleRejectsCrossSampleAndAlteredIntent/policy","Elapsed":0}
{"Time":"2026-09-11T15:24:54.174854755-07:00","Action":"run","Package":"github.com/JDinSeattle/forge-runtime/internal/runnerclient","Test":"TestP06IntentOracleRejectsCrossSampleAndAlteredIntent/receipt_tenant"}
{"Time":"2026-09-11T15:24:54.174857357-07:00","Action":"output","Package":"github.com/JDinSeattle/forge-runtime/internal/runnerclient","Test":"TestP06IntentOracleRejectsCrossSampleAndAlteredIntent/receipt_tenant","Output":"=== RUN   TestP06IntentOracleRejectsCrossSampleAndAlteredIntent/receipt_tenant\n"}
{"Time":"2026-09-11T15:24:54.174878036-07:00","Action":"output","Package":"github.com/JDinSeattle/forge-runtime/internal/runnerclient","Test":"TestP06IntentOracleRejectsCrossSampleAndAlteredIntent/receipt_tenant","Output":"--- PASS: TestP06IntentOracleRejectsCrossSampleAndAlteredIntent/receipt_tenant (0.00s)\n"}
{"Time":"2026-09-11T15:24:54.174883574-07:00","Action":"pass","Package":"github.com/JDinSeattle/forge-runtime/internal/runnerclient","Test":"TestP06IntentOracleRejectsCrossSampleAndAlteredIntent/receipt_tenant","Elapsed":0}
{"Time":"2026-09-11T15:24:54.17488724-07:00","Action":"run","Package":"github.com/JDinSeattle/forge-runtime/internal/runnerclient","Test":"TestP06IntentOracleRejectsCrossSampleAndAlteredIntent/workspace"}
{"Time":"2026-09-11T15:24:54.174890244-07:00","Action":"output","Package":"github.com/JDinSeattle/forge-runtime/internal/runnerclient","Test":"TestP06IntentOracleRejectsCrossSampleAndAlteredIntent/workspace","Output":"=== RUN   TestP06IntentOracleRejectsCrossSampleAndAlteredIntent/workspace\n"}
{"Time":"2026-09-11T15:24:54.174913107-07:00","Action":"output","Package":"github.com/JDinSeattle/forge-runtime/internal/runnerclient","Test":"TestP06IntentOracleRejectsCrossSampleAndAlteredIntent/workspace","Output":"--- PASS: TestP06IntentOracleRejectsCrossSampleAndAlteredIntent/workspace (0.00s)\n"}
{"Time":"2026-09-11T15:24:54.174933082-07:00","Action":"pass","Package":"github.com/JDinSeattle/forge-runtime/internal/runnerclient","Test":"TestP06IntentOracleRejectsCrossSampleAndAlteredIntent/workspace","Elapsed":0}
{"Time":"2026-09-11T15:24:54.17494128-07:00","Action":"run","Package":"github.com/JDinSeattle/forge-runtime/internal/runnerclient","Test":"TestP06IntentOracleRejectsCrossSampleAndAlteredIntent/epoch"}
{"Time":"2026-09-11T15:24:54.174945339-07:00","Action":"output","Package":"github.com/JDinSeattle/forge-runtime/internal/runnerclient","Test":"TestP06IntentOracleRejectsCrossSampleAndAlteredIntent/epoch","Output":"=== RUN   TestP06IntentOracleRejectsCrossSampleAndAlteredIntent/epoch\n"}
{"Time":"2026-09-11T15:24:54.174951453-07:00","Action":"output","Package":"github.com/JDinSeattle/forge-runtime/internal/runnerclient","Test":"TestP06IntentOracleRejectsCrossSampleAndAlteredIntent/epoch","Output":"--- PASS: TestP06IntentOracleRejectsCrossSampleAndAlteredIntent/epoch (0.00s)\n"}
{"Time":"2026-09-11T15:24:54.174955652-07:00","Action":"pass","Package":"github.com/JDinSeattle/forge-runtime/internal/runnerclient","Test":"TestP06IntentOracleRejectsCrossSampleAndAlteredIntent/epoch","Elapsed":0}
{"Time":"2026-09-11T15:24:54.174961253-07:00","Action":"run","Package":"github.com/JDinSeattle/forge-runtime/internal/runnerclient","Test":"TestP06IntentOracleRejectsCrossSampleAndAlteredIntent/operation"}
{"Time":"2026-09-11T15:24:54.174965248-07:00","Action":"output","Package":"github.com/JDinSeattle/forge-runtime/internal/runnerclient","Test":"TestP06IntentOracleRejectsCrossSampleAndAlteredIntent/operation","Output":"=== RUN   TestP06IntentOracleRejectsCrossSampleAndAlteredIntent/operation\n"}
{"Time":"2026-09-11T15:24:54.174975413-07:00","Action":"output","Package":"github.com/JDinSeattle/forge-runtime/internal/runnerclient","Test":"TestP06IntentOracleRejectsCrossSampleAndAlteredIntent/operation","Output":"--- PASS: TestP06IntentOracleRejectsCrossSampleAndAlteredIntent/operation (0.00s)\n"}
{"Time":"2026-09-11T15:24:54.174980683-07:00","Action":"pass","Package":"github.com/JDinSeattle/forge-runtime/internal/runnerclient","Test":"TestP06IntentOracleRejectsCrossSampleAndAlteredIntent/operation","Elapsed":0}
{"Time":"2026-09-11T15:24:54.174985446-07:00","Action":"run","Package":"github.com/JDinSeattle/forge-runtime/internal/runnerclient","Test":"TestP06IntentOracleRejectsCrossSampleAndAlteredIntent/kind"}
{"Time":"2026-09-11T15:24:54.174988877-07:00","Action":"output","Package":"github.com/JDinSeattle/forge-runtime/internal/runnerclient","Test":"TestP06IntentOracleRejectsCrossSampleAndAlteredIntent/kind","Output":"=== RUN   TestP06IntentOracleRejectsCrossSampleAndAlteredIntent/kind\n"}
{"Time":"2026-09-11T15:24:54.175007445-07:00","Action":"output","Package":"github.com/JDinSeattle/forge-runtime/internal/runnerclient","Test":"TestP06IntentOracleRejectsCrossSampleAndAlteredIntent/kind","Output":"--- PASS: TestP06IntentOracleRejectsCrossSampleAndAlteredIntent/kind (0.00s)\n"}
{"Time":"2026-09-11T15:24:54.175012448-07:00","Action":"pass","Package":"github.com/JDinSeattle/forge-runtime/internal/runnerclient","Test":"TestP06IntentOracleRejectsCrossSampleAndAlteredIntent/kind","Elapsed":0}
{"Time":"2026-09-11T15:24:54.175015767-07:00","Action":"run","Package":"github.com/JDinSeattle/forge-runtime/internal/runnerclient","Test":"TestP06IntentOracleRejectsCrossSampleAndAlteredIntent/tenant"}
{"Time":"2026-09-11T15:24:54.175018568-07:00","Action":"output","Package":"github.com/JDinSeattle/forge-runtime/internal/runnerclient","Test":"TestP06IntentOracleRejectsCrossSampleAndAlteredIntent/tenant","Output":"=== RUN   TestP06IntentOracleRejectsCrossSampleAndAlteredIntent/tenant\n"}
{"Time":"2026-09-11T15:24:54.175040695-07:00","Action":"output","Package":"github.com/JDinSeattle/forge-runtime/internal/runnerclient","Test":"TestP06IntentOracleRejectsCrossSampleAndAlteredIntent/tenant","Output":"--- PASS: TestP06IntentOracleRejectsCrossSampleAndAlteredIntent/tenant (0.00s)\n"}
{"Time":"2026-09-11T15:24:54.175044452-07:00","Action":"pass","Package":"github.com/JDinSeattle/forge-runtime/internal/runnerclient","Test":"TestP06IntentOracleRejectsCrossSampleAndAlteredIntent/tenant","Elapsed":0}
{"Time":"2026-09-11T15:24:54.175056913-07:00","Action":"output","Package":"github.com/JDinSeattle/forge-runtime/internal/runnerclient","Test":"TestP06IntentOracleRejectsCrossSampleAndAlteredIntent","Output":"--- PASS: TestP06IntentOracleRejectsCrossSampleAndAlteredIntent (0.00s)\n"}
{"Time":"2026-09-11T15:24:54.175069158-07:00","Action":"pass","Package":"github.com/JDinSeattle/forge-runtime/internal/runnerclient","Test":"TestP06IntentOracleRejectsCrossSampleAndAlteredIntent","Elapsed":0}
{"Time":"2026-09-11T15:24:54.175080435-07:00","Action":"run","Package":"github.com/JDinSeattle/forge-runtime/internal/runnerclient","Test":"TestP06NetworkOracleRejectsUsableExternalConnectivity"}
{"Time":"2026-09-11T15:24:54.175083201-07:00","Action":"output","Package":"github.com/JDinSeattle/forge-runtime/internal/runnerclient","Test":"TestP06NetworkOracleRejectsUsableExternalConnectivity","Output":"=== RUN   TestP06NetworkOracleRejectsUsableExternalConnectivity\n"}
{"Time":"2026-09-11T15:24:54.17511979-07:00","Action":"run","Package":"github.com/JDinSeattle/forge-runtime/internal/runnerclient","Test":"TestP06NetworkOracleRejectsUsableExternalConnectivity/ipv6_default_via_loopback"}
{"Time":"2026-09-11T15:24:54.175122674-07:00","Action":"output","Package":"github.com/JDinSeattle/forge-runtime/internal/runnerclient","Test":"TestP06NetworkOracleRejectsUsableExternalConnectivity/ipv6_default_via_loopback","Output":"=== RUN   TestP06NetworkOracleRejectsUsableExternalConnectivity/ipv6_default_via_loopback\n"}
{"Time":"2026-09-11T15:24:54.172409854-07:00","Action":"output","Package":"github.com/JDinSeattle/forge-runtime/internal/runtime","Test":"TestUnknownEffectRecoveryNeverReplaysOperation","Output":"--- PASS: TestUnknownEffectRecoveryNeverReplaysOperation (0.00s)\n"}
{"Time":"2026-09-11T15:24:54.176442575-07:00","Action":"pass","Package":"github.com/JDinSeattle/forge-runtime/internal/runtime","Test":"TestUnknownEffectRecoveryNeverReplaysOperation","Elapsed":0}
{"Time":"2026-09-11T15:24:54.176453848-07:00","Action":"run","Package":"github.com/JDinSeattle/forge-runtime/internal/runtime","Test":"TestAdoptionRequiresOldWriterStopEvidence"}
{"Time":"2026-09-11T15:24:54.176456168-07:00","Action":"output","Package":"github.com/JDinSeattle/forge-runtime/internal/runtime","Test":"TestAdoptionRequiresOldWriterStopEvidence","Output":"=== RUN   TestAdoptionRequiresOldWriterStopEvidence\n"}
{"Time":"2026-09-11T15:24:54.176466498-07:00","Action":"output","Package":"github.com/JDinSeattle/forge-runtime/internal/runtime","Test":"TestAdoptionRequiresOldWriterStopEvidence","Output":"--- PASS: TestAdoptionRequiresOldWriterStopEvidence (0.00s)\n"}
{"Time":"2026-09-11T15:24:54.176468012-07:00","Action":"pass","Package":"github.com/JDinSeattle/forge-runtime/internal/runtime","Test":"TestAdoptionRequiresOldWriterStopEvidence","Elapsed":0}
{"Time":"2026-09-11T15:24:54.176470398-07:00","Action":"run","Package":"github.com/JDinSeattle/forge-runtime/internal/runtime","Test":"TestCancellationRequiresSettledReceiptAndNeverLosesToCompletion"}
{"Time":"2026-09-11T15:24:54.17647159-07:00","Action":"output","Package":"github.com/JDinSeattle/forge-runtime/internal/runtime","Test":"TestCancellationRequiresSettledReceiptAndNeverLosesToCompletion","Output":"=== RUN   TestCancellationRequiresSettledReceiptAndNeverLosesToCompletion\n"}
{"Time":"2026-09-11T15:24:54.176474211-07:00","Action":"output","Package":"github.com/JDinSeattle/forge-runtime/internal/runtime","Test":"TestCancellationRequiresSettledReceiptAndNeverLosesToCompletion","Output":"--- PASS: TestCancellationRequiresSettledReceiptAndNeverLosesToCompletion (0.00s)\n"}
{"Time":"2026-09-11T15:24:54.176480193-07:00","Action":"pass","Package":"github.com/JDinSeattle/forge-runtime/internal/runtime","Test":"TestCancellationRequiresSettledReceiptAndNeverLosesToCompletion","Elapsed":0}
{"Time":"2026-09-11T15:24:54.176483223-07:00","Action":"run","Package":"github.com/JDinSeattle/forge-runtime/internal/runtime","Test":"TestCancelBeforeClaimStillRequiresExplicitAcknowledgment"}
{"Time":"2026-09-11T15:24:54.17648447-07:00","Action":"output","Package":"github.com/JDinSeattle/forge-runtime/internal/runtime","Test":"TestCancelBeforeClaimStillRequiresExplicitAcknowledgment","Output":"=== RUN   TestCancelBeforeClaimStillRequiresExplicitAcknowledgment\n"}
{"Time":"2026-09-11T15:24:54.176486111-07:00","Action":"output","Package":"github.com/JDinSeattle/forge-runtime/internal/runtime","Test":"TestCancelBeforeClaimStillRequiresExplicitAcknowledgment","Output":"--- PASS: TestCancelBeforeClaimStillRequiresExplicitAcknowledgment (0.00s)\n"}
{"Time":"2026-09-11T15:24:54.176487389-07:00","Action":"pass","Package":"github.com/JDinSeattle/forge-runtime/internal/runtime","Test":"TestCancelBeforeClaimStillRequiresExplicitAcknowledgment","Elapsed":0}
{"Time":"2026-09-11T15:24:54.176489048-07:00","Action":"run","Package":"github.com/JDinSeattle/forge-runtime/internal/runtime","Test":"TestApprovalBoundToAllOperationInputs"}
{"Time":"2026-09-11T15:24:54.176491654-07:00","Action":"output","Package":"github.com/JDinSeattle/forge-runtime/internal/runtime","Test":"TestApprovalBoundToAllOperationInputs","Output":"=== RUN   TestApprovalBoundToAllOperationInputs\n"}
{"Time":"2026-09-11T15:24:54.176493844-07:00","Action":"run","Package":"github.com/JDinSeattle/forge-runtime/internal/runtime","Test":"TestApprovalBoundToAllOperationInputs/already_granted"}
{"Time":"2026-09-11T15:24:54.176495022-07:00","Action":"output","Package":"github.com/JDinSeattle/forge-runtime/internal/runtime","Test":"TestApprovalBoundToAllOperationInputs/already_granted","Output":"=== RUN   TestApprovalBoundToAllOperationInputs/already_granted\n"}
{"Time":"2026-09-11T15:24:54.176496889-07:00","Action":"output","Package":"github.com/JDinSeattle/forge-runtime/internal/runtime","Test":"TestApprovalBoundToAllOperationInputs/already_granted","Output":"--- PASS: TestApprovalBoundToAllOperationInputs/already_granted (0.00s)\n"}
{"Time":"2026-09-11T15:24:54.17649846-07:00","Action":"pass","Package":"github.com/JDinSeattle/forge-runtime/internal/runtime","Test":"TestApprovalBoundToAllOperationInputs/already_granted","Elapsed":0}
{"Time":"2026-09-11T15:24:54.176499985-07:00","Action":"run","Package":"github.com/JDinSeattle/forge-runtime/internal/runtime","Test":"TestApprovalBoundToAllOperationInputs/operation"}
{"Time":"2026-09-11T15:24:54.176501119-07:00","Action":"output","Package":"github.com/JDinSeattle/forge-runtime/internal/runtime","Test":"TestApprovalBoundToAllOperationInputs/operation","Output":"=== RUN   TestApprovalBoundToAllOperationInputs/operation\n"}
{"Time":"2026-09-11T15:24:54.17650323-07:00","Action":"output","Package":"github.com/JDinSeattle/forge-runtime/internal/runtime","Test":"TestApprovalBoundToAllOperationInputs/operation","Output":"--- PASS: TestApprovalBoundToAllOperationInputs/operation (0.00s)\n"}
{"Time":"2026-09-11T15:24:54.176504917-07:00","Action":"pass","Package":"github.com/JDinSeattle/forge-runtime/internal/runtime","Test":"TestApprovalBoundToAllOperationInputs/operation","Elapsed":0}
{"Time":"2026-09-11T15:24:54.176506483-07:00","Action":"run","Package":"github.com/JDinSeattle/forge-runtime/internal/runtime","Test":"TestApprovalBoundToAllOperationInputs/arguments"}
{"Time":"2026-09-11T15:24:54.176507585-07:00","Action":"output","Package":"github.com/JDinSeattle/forge-runtime/internal/runtime","Test":"TestApprovalBoundToAllOperationInputs/arguments","Output":"=== RUN   TestApprovalBoundToAllOperationInputs/arguments\n"}
{"Time":"2026-09-11T15:24:54.176509297-07:00","Action":"output","Package":"github.com/JDinSeattle/forge-runtime/internal/runtime","Test":"TestApprovalBoundToAllOperationInputs/arguments","Output":"--- PASS: TestApprovalBoundToAllOperationInputs/arguments (0.00s)\n"}
{"Time":"2026-09-11T15:24:54.176511736-07:00","Action":"pass","Package":"github.com/JDinSeattle/forge-runtime/internal/runtime","Test":"TestApprovalBoundToAllOperationInputs/arguments","Elapsed":0}
{"Time":"2026-09-11T15:24:54.176513259-07:00","Action":"run","Package":"github.com/JDinSeattle/forge-runtime/internal/runtime","Test":"TestApprovalBoundToAllOperationInputs/revision"}
{"Time":"2026-09-11T15:24:54.176515162-07:00","Action":"output","Package":"github.com/JDinSeattle/forge-runtime/internal/runtime","Test":"TestApprovalBoundToAllOperationInputs/revision","Output":"=== RUN   TestApprovalBoundToAllOperationInputs/revision\n"}
{"Time":"2026-09-11T15:24:54.176516939-07:00","Action":"output","Package":"github.com/JDinSeattle/forge-runtime/internal/runtime","Test":"TestApprovalBoundToAllOperationInputs/revision","Output":"--- PASS: TestApprovalBoundToAllOperationInputs/revision (0.00s)\n"}
{"Time":"2026-09-11T15:24:54.176518935-07:00","Action":"pass","Package":"github.com/JDinSeattle/forge-runtime/internal/runtime","Test":"TestApprovalBoundToAllOperationInputs/revision","Elapsed":0}
{"Time":"2026-09-11T15:24:54.176520132-07:00","Action":"run","Package":"github.com/JDinSeattle/forge-runtime/internal/runtime","Test":"TestApprovalBoundToAllOperationInputs/policy"}
{"Time":"2026-09-11T15:24:54.176521205-07:00","Action":"output","Package":"github.com/JDinSeattle/forge-runtime/internal/runtime","Test":"TestApprovalBoundToAllOperationInputs/policy","Output":"=== RUN   TestApprovalBoundToAllOperationInputs/policy\n"}
{"Time":"2026-09-11T15:24:54.176522904-07:00","Action":"output","Package":"github.com/JDinSeattle/forge-runtime/internal/runtime","Test":"TestApprovalBoundToAllOperationInputs/policy","Output":"--- PASS: TestApprovalBoundToAllOperationInputs/policy (0.00s)\n"}
{"Time":"2026-09-11T15:24:54.176524241-07:00","Action":"pass","Package":"github.com/JDinSeattle/forge-runtime/internal/runtime","Test":"TestApprovalBoundToAllOperationInputs/policy","Elapsed":0}
{"Time":"2026-09-11T15:24:54.176525687-07:00","Action":"run","Package":"github.com/JDinSeattle/forge-runtime/internal/runtime","Test":"TestApprovalBoundToAllOperationInputs/version"}
{"Time":"2026-09-11T15:24:54.176526786-07:00","Action":"output","Package":"github.com/JDinSeattle/forge-runtime/internal/runtime","Test":"TestApprovalBoundToAllOperationInputs/version","Output":"=== RUN   TestApprovalBoundToAllOperationInputs/version\n"}
{"Time":"2026-09-11T15:24:54.176528529-07:00","Action":"output","Package":"github.com/JDinSeattle/forge-runtime/internal/runtime","Test":"TestApprovalBoundToAllOperationInputs/version","Output":"--- PASS: TestApprovalBoundToAllOperationInputs/version (0.00s)\n"}
{"Time":"2026-09-11T15:24:54.176530058-07:00","Action":"pass","Package":"github.com/JDinSeattle/forge-runtime/internal/runtime","Test":"TestApprovalBoundToAllOperationInputs/version","Elapsed":0}
{"Time":"2026-09-11T15:24:54.176531504-07:00","Action":"output","Package":"github.com/JDinSeattle/forge-runtime/internal/runtime","Test":"TestApprovalBoundToAllOperationInputs","Output":"--- PASS: TestApprovalBoundToAllOperationInputs (0.00s)\n"}
{"Time":"2026-09-11T15:24:54.176533026-07:00","Action":"pass","Package":"github.com/JDinSeattle/forge-runtime/internal/runtime","Test":"TestApprovalBoundToAllOperationInputs","Elapsed":0}
{"Time":"2026-09-11T15:24:54.176534316-07:00","Action":"run","Package":"github.com/JDinSeattle/forge-runtime/internal/runtime","Test":"TestVerificationDistinguishesTargetProofFromRegressionOnly"}
{"Time":"2026-09-11T15:24:54.176535668-07:00","Action":"output","Package":"github.com/JDinSeattle/forge-runtime/internal/runtime","Test":"TestVerificationDistinguishesTargetProofFromRegressionOnly","Output":"=== RUN   TestVerificationDistinguishesTargetProofFromRegressionOnly\n"}
{"Time":"2026-09-11T15:24:54.176540236-07:00","Action":"run","Package":"github.com/JDinSeattle/forge-runtime/internal/runtime","Test":"TestVerificationDistinguishesTargetProofFromRegressionOnly/target_and_regression"}
{"Time":"2026-09-11T15:24:54.176542536-07:00","Action":"output","Package":"github.com/JDinSeattle/forge-runtime/internal/runtime","Test":"TestVerificationDistinguishesTargetProofFromRegressionOnly/target_and_regression","Output":"=== RUN   TestVerificationDistinguishesTargetProofFromRegressionOnly/target_and_regression\n"}
{"Time":"2026-09-11T15:24:54.176546955-07:00","Action":"output","Package":"github.com/JDinSeattle/forge-runtime/internal/runtime","Test":"TestVerificationDistinguishesTargetProofFromRegressionOnly/target_and_regression","Output":"--- PASS: TestVerificationDistinguishesTargetProofFromRegressionOnly/target_and_regression (0.00s)\n"}
{"Time":"2026-09-11T15:24:54.176548697-07:00","Action":"pass","Package":"github.com/JDinSeattle/forge-runtime/internal/runtime","Test":"TestVerificationDistinguishesTargetProofFromRegressionOnly/target_and_regression","Elapsed":0}
{"Time":"2026-09-11T15:24:54.176550701-07:00","Action":"run","Package":"github.com/JDinSeattle/forge-runtime/internal/runtime","Test":"TestVerificationDistinguishesTargetProofFromRegressionOnly/regression_only"}
{"Time":"2026-09-11T15:24:54.176552157-07:00","Action":"output","Package":"github.com/JDinSeattle/forge-runtime/internal/runtime","Test":"TestVerificationDistinguishesTargetProofFromRegressionOnly/regression_only","Output":"=== RUN   TestVerificationDistinguishesTargetProofFromRegressionOnly/regression_only\n"}
{"Time":"2026-09-11T15:24:54.176553707-07:00","Action":"output","Package":"github.com/JDinSeattle/forge-runtime/internal/runtime","Test":"TestVerificationDistinguishesTargetProofFromRegressionOnly/regression_only","Output":"--- PASS: TestVerificationDistinguishesTargetProofFromRegressionOnly/regression_only (0.00s)\n"}
{"Time":"2026-09-11T15:24:54.176556645-07:00","Action":"pass","Package":"github.com/JDinSeattle/forge-runtime/internal/runtime","Test":"TestVerificationDistinguishesTargetProofFromRegressionOnly/regression_only","Elapsed":0}
{"Time":"2026-09-11T15:24:54.176558724-07:00","Action":"run","Package":"github.com/JDinSeattle/forge-runtime/internal/runtime","Test":"TestVerificationDistinguishesTargetProofFromRegressionOnly/target_without_baseline"}
{"Time":"2026-09-11T15:24:54.176560163-07:00","Action":"output","Package":"github.com/JDinSeattle/forge-runtime/internal/runtime","Test":"TestVerificationDistinguishesTargetProofFromRegressionOnly/target_without_baseline","Output":"=== RUN   TestVerificationDistinguishesTargetProofFromRegressionOnly/target_without_baseline\n"}
{"Time":"2026-09-11T15:24:54.176562006-07:00","Action":"output","Package":"github.com/JDinSeattle/forge-runtime/internal/runtime","Test":"TestVerificationDistinguishesTargetProofFromRegressionOnly/target_without_baseline","Output":"--- PASS: TestVerificationDistinguishesTargetProofFromRegressionOnly/target_without_baseline (0.00s)\n"}
{"Time":"2026-09-11T15:24:54.176564303-07:00","Action":"pass","Package":"github.com/JDinSeattle/forge-runtime/internal/runtime","Test":"TestVerificationDistinguishesTargetProofFromRegressionOnly/target_without_baseline","Elapsed":0}
{"Time":"2026-09-11T15:24:54.176565763-07:00","Action":"run","Package":"github.com/JDinSeattle/forge-runtime/internal/runtime","Test":"TestVerificationDistinguishesTargetProofFromRegressionOnly/target_still_broken"}
{"Time":"2026-09-11T15:24:54.176567181-07:00","Action":"output","Package":"github.com/JDinSeattle/forge-runtime/internal/runtime","Test":"TestVerificationDistinguishesTargetProofFromRegressionOnly/target_still_broken","Output":"=== RUN   TestVerificationDistinguishesTargetProofFromRegressionOnly/target_still_broken\n"}
{"Time":"2026-09-11T15:24:54.176568831-07:00","Action":"output","Package":"github.com/JDinSeattle/forge-runtime/internal/runtime","Test":"TestVerificationDistinguishesTargetProofFromRegressionOnly/target_still_broken","Output":"--- PASS: TestVerificationDistinguishesTargetProofFromRegressionOnly/target_still_broken (0.00s)\n"}
{"Time":"2026-09-11T15:24:54.176570457-07:00","Action":"pass","Package":"github.com/JDinSeattle/forge-runtime/internal/runtime","Test":"TestVerificationDistinguishesTargetProofFromRegressionOnly/target_still_broken","Elapsed":0}
{"Time":"2026-09-11T15:24:54.1765726-07:00","Action":"run","Package":"github.com/JDinSeattle/forge-runtime/internal/runtime","Test":"TestVerificationDistinguishesTargetProofFromRegressionOnly/regression_broken"}
{"Time":"2026-09-11T15:24:54.17657402-07:00","Action":"output","Package":"github.com/JDinSeattle/forge-runtime/internal/runtime","Test":"TestVerificationDistinguishesTargetProofFromRegressionOnly/regression_broken","Output":"=== RUN   TestVerificationDistinguishesTargetProofFromRegressionOnly/regression_broken\n"}
{"Time":"2026-09-11T15:24:54.176575518-07:00","Action":"output","Package":"github.com/JDinSeattle/forge-runtime/internal/runtime","Test":"TestVerificationDistinguishesTargetProofFromRegressionOnly/regression_broken","Output":"--- PASS: TestVerificationDistinguishesTargetProofFromRegressionOnly/regression_broken (0.00s)\n"}
{"Time":"2026-09-11T15:24:54.176577038-07:00","Action":"pass","Package":"github.com/JDinSeattle/forge-runtime/internal/runtime","Test":"TestVerificationDistinguishesTargetProofFromRegressionOnly/regression_broken","Elapsed":0}
{"Time":"2026-09-11T15:24:54.176578873-07:00","Action":"output","Package":"github.com/JDinSeattle/forge-runtime/internal/runtime","Test":"TestVerificationDistinguishesTargetProofFromRegressionOnly","Output":"--- PASS: TestVerificationDistinguishesTargetProofFromRegressionOnly (0.00s)\n"}
{"Time":"2026-09-11T15:24:54.176580509-07:00","Action":"pass","Package":"github.com/JDinSeattle/forge-runtime/internal/runtime","Test":"TestVerificationDistinguishesTargetProofFromRegressionOnly","Elapsed":0}
{"Time":"2026-09-11T15:24:54.176582519-07:00","Action":"run","Package":"github.com/JDinSeattle/forge-runtime/internal/runtime","Test":"TestModelCannotForgeVerificationOrUseOldRevision"}
{"Time":"2026-09-11T15:24:54.176583842-07:00","Action":"output","Package":"github.com/JDinSeattle/forge-runtime/internal/runtime","Test":"TestModelCannotForgeVerificationOrUseOldRevision","Output":"=== RUN   TestModelCannotForgeVerificationOrUseOldRevision\n"}
{"Time":"2026-09-11T15:24:54.176585675-07:00","Action":"output","Package":"github.com/JDinSeattle/forge-runtime/internal/runtime","Test":"TestModelCannotForgeVerificationOrUseOldRevision","Output":"--- PASS: TestModelCannotForgeVerificationOrUseOldRevision (0.00s)\n"}
{"Time":"2026-09-11T15:24:54.17658709-07:00","Action":"pass","Package":"github.com/JDinSeattle/forge-runtime/internal/runtime","Test":"TestModelCannotForgeVerificationOrUseOldRevision","Elapsed":0}
{"Time":"2026-09-11T15:24:54.17658858-07:00","Action":"run","Package":"github.com/JDinSeattle/forge-runtime/internal/runtime","Test":"TestBudgetStopsBeforeNewWorkAndWaitsForAcknowledgement"}
{"Time":"2026-09-11T15:24:54.176589675-07:00","Action":"output","Package":"github.com/JDinSeattle/forge-runtime/internal/runtime","Test":"TestBudgetStopsBeforeNewWorkAndWaitsForAcknowledgement","Output":"=== RUN   TestBudgetStopsBeforeNewWorkAndWaitsForAcknowledgement\n"}
{"Time":"2026-09-11T15:24:54.176591421-07:00","Action":"output","Package":"github.com/JDinSeattle/forge-runtime/internal/runtime","Test":"TestBudgetStopsBeforeNewWorkAndWaitsForAcknowledgement","Output":"--- PASS: TestBudgetStopsBeforeNewWorkAndWaitsForAcknowledgement (0.00s)\n"}
{"Time":"2026-09-11T15:24:54.176593073-07:00","Action":"pass","Package":"github.com/JDinSeattle/forge-runtime/internal/runtime","Test":"TestBudgetStopsBeforeNewWorkAndWaitsForAcknowledgement","Elapsed":0}
{"Time":"2026-09-11T15:24:54.176594553-07:00","Action":"run","Package":"github.com/JDinSeattle/forge-runtime/internal/runtime","Test":"TestReducerOutputsDoNotAliasPersistedInputOrEvent"}
{"Time":"2026-09-11T15:24:54.176595654-07:00","Action":"output","Package":"github.com/JDinSeattle/forge-runtime/internal/runtime","Test":"TestReducerOutputsDoNotAliasPersistedInputOrEvent","Output":"=== RUN   TestReducerOutputsDoNotAliasPersistedInputOrEvent\n"}
{"Time":"2026-09-11T15:24:54.176597317-07:00","Action":"output","Package":"github.com/JDinSeattle/forge-runtime/internal/runtime","Test":"TestReducerOutputsDoNotAliasPersistedInputOrEvent","Output":"--- PASS: TestReducerOutputsDoNotAliasPersistedInputOrEvent (0.00s)\n"}
{"Time":"2026-09-11T15:24:54.176600627-07:00","Action":"pass","Package":"github.com/JDinSeattle/forge-runtime/internal/runtime","Test":"TestReducerOutputsDoNotAliasPersistedInputOrEvent","Elapsed":0}
{"Time":"2026-09-11T15:24:54.176602497-07:00","Action":"run","Package":"github.com/JDinSeattle/forge-runtime/internal/runtime","Test":"TestMalformedSnapshotsFailClosedBeforeCommands"}
{"Time":"2026-09-11T15:24:54.176603886-07:00","Action":"output","Package":"github.com/JDinSeattle/forge-runtime/internal/runtime","Test":"TestMalformedSnapshotsFailClosedBeforeCommands","Output":"=== RUN   TestMalformedSnapshotsFailClosedBeforeCommands\n"}
{"Time":"2026-09-11T15:24:54.176605175-07:00","Action":"run","Package":"github.com/JDinSeattle/forge-runtime/internal/runtime","Test":"TestMalformedSnapshotsFailClosedBeforeCommands/nonterminal_stopped_stage"}
{"Time":"2026-09-11T15:24:54.176606642-07:00","Action":"output","Package":"github.com/JDinSeattle/forge-runtime/internal/runtime","Test":"TestMalformedSnapshotsFailClosedBeforeCommands/nonterminal_stopped_stage","Output":"=== RUN   TestMalformedSnapshotsFailClosedBeforeCommands/nonterminal_stopped_stage\n"}
{"Time":"2026-09-11T15:24:54.177380052-07:00","Action":"output","Package":"github.com/JDinSeattle/forge-runtime/internal/sandbox","Test":"TestDockerTmpfsExecutionIsExplicitAndKeepsFixedBounds/false","Output":"--- PASS: TestDockerTmpfsExecutionIsExplicitAndKeepsFixedBounds/false (0.01s)\n"}
{"Time":"2026-09-11T15:24:54.177404004-07:00","Action":"pass","Package":"github.com/JDinSeattle/forge-runtime/internal/sandbox","Test":"TestDockerTmpfsExecutionIsExplicitAndKeepsFixedBounds/false","Elapsed":0.01}
{"Time":"2026-09-11T15:24:54.177410837-07:00","Action":"run","Package":"github.com/JDinSeattle/forge-runtime/internal/sandbox","Test":"TestDockerTmpfsExecutionIsExplicitAndKeepsFixedBounds/true"}
{"Time":"2026-09-11T15:24:54.177413905-07:00","Action":"output","Package":"github.com/JDinSeattle/forge-runtime/internal/sandbox","Test":"TestDockerTmpfsExecutionIsExplicitAndKeepsFixedBounds/true","Output":"=== RUN   TestDockerTmpfsExecutionIsExplicitAndKeepsFixedBounds/true\n"}
{"Time":"2026-09-11T15:24:54.177424861-07:00","Action":"output","Package":"github.com/JDinSeattle/forge-runtime/internal/runtime","Test":"TestMalformedSnapshotsFailClosedBeforeCommands/nonterminal_stopped_stage","Output":"--- PASS: TestMalformedSnapshotsFailClosedBeforeCommands/nonterminal_stopped_stage (0.00s)\n"}
{"Time":"2026-09-11T15:24:54.177429997-07:00","Action":"pass","Package":"github.com/JDinSeattle/forge-runtime/internal/runtime","Test":"TestMalformedSnapshotsFailClosedBeforeCommands/nonterminal_stopped_stage","Elapsed":0}
{"Time":"2026-09-11T15:24:54.177436027-07:00","Action":"run","Package":"github.com/JDinSeattle/forge-runtime/internal/runtime","Test":"TestMalformedSnapshotsFailClosedBeforeCommands/running_without_authority"}
{"Time":"2026-09-11T15:24:54.177432557-07:00","Action":"output","Package":"github.com/JDinSeattle/forge-runtime/internal/runnerclient","Test":"TestP06NetworkOracleRejectsUsableExternalConnectivity/ipv6_default_via_loopback","Output":"--- PASS: TestP06NetworkOracleRejectsUsableExternalConnectivity/ipv6_default_via_loopback (0.00s)\n"}
{"Time":"2026-09-11T15:24:54.177438328-07:00","Action":"output","Package":"github.com/JDinSeattle/forge-runtime/internal/runtime","Test":"TestMalformedSnapshotsFailClosedBeforeCommands/running_without_authority","Output":"=== RUN   TestMalformedSnapshotsFailClosedBeforeCommands/running_without_authority\n"}
{"Time":"2026-09-11T15:24:54.17744258-07:00","Action":"pass","Package":"github.com/JDinSeattle/forge-runtime/internal/runnerclient","Test":"TestP06NetworkOracleRejectsUsableExternalConnectivity/ipv6_default_via_loopback","Elapsed":0}
{"Time":"2026-09-11T15:24:54.17744464-07:00","Action":"output","Package":"github.com/JDinSeattle/forge-runtime/internal/runtime","Test":"TestMalformedSnapshotsFailClosedBeforeCommands/running_without_authority","Output":"--- PASS: TestMalformedSnapshotsFailClosedBeforeCommands/running_without_authority (0.00s)\n"}
{"Time":"2026-09-11T15:24:54.177447597-07:00","Action":"run","Package":"github.com/JDinSeattle/forge-runtime/internal/runnerclient","Test":"TestP06NetworkOracleRejectsUsableExternalConnectivity/ipv6_nonloopback_destination"}
{"Time":"2026-09-11T15:24:54.177453772-07:00","Action":"pass","Package":"github.com/JDinSeattle/forge-runtime/internal/runtime","Test":"TestMalformedSnapshotsFailClosedBeforeCommands/running_without_authority","Elapsed":0}
{"Time":"2026-09-11T15:24:54.177455496-07:00","Action":"output","Package":"github.com/JDinSeattle/forge-runtime/internal/runnerclient","Test":"TestP06NetworkOracleRejectsUsableExternalConnectivity/ipv6_nonloopback_destination","Output":"=== RUN   TestP06NetworkOracleRejectsUsableExternalConnectivity/ipv6_nonloopback_destination\n"}
{"Time":"2026-09-11T15:24:54.177457685-07:00","Action":"run","Package":"github.com/JDinSeattle/forge-runtime/internal/runtime","Test":"TestMalformedSnapshotsFailClosedBeforeCommands/reconciliation_at_executable_stage"}
{"Time":"2026-09-11T15:24:54.177460981-07:00","Action":"output","Package":"github.com/JDinSeattle/forge-runtime/internal/runnerclient","Test":"TestP06NetworkOracleRejectsUsableExternalConnectivity/ipv6_nonloopback_destination","Output":"--- PASS: TestP06NetworkOracleRejectsUsableExternalConnectivity/ipv6_nonloopback_destination (0.00s)\n"}
{"Time":"2026-09-11T15:24:54.177460525-07:00","Action":"output","Package":"github.com/JDinSeattle/forge-runtime/internal/runtime","Test":"TestMalformedSnapshotsFailClosedBeforeCommands/reconciliation_at_executable_stage","Output":"=== RUN   TestMalformedSnapshotsFailClosedBeforeCommands/reconciliation_at_executable_stage\n"}
{"Time":"2026-09-11T15:24:54.177463454-07:00","Action":"pass","Package":"github.com/JDinSeattle/forge-runtime/internal/runnerclient","Test":"TestP06NetworkOracleRejectsUsableExternalConnectivity/ipv6_nonloopback_destination","Elapsed":0}
{"Time":"2026-09-11T15:24:54.177465001-07:00","Action":"output","Package":"github.com/JDinSeattle/forge-runtime/internal/runtime","Test":"TestMalformedSnapshotsFailClosedBeforeCommands/reconciliation_at_executable_stage","Output":"--- PASS: TestMalformedSnapshotsFailClosedBeforeCommands/reconciliation_at_executable_stage (0.00s)\n"}
{"Time":"2026-09-11T15:24:54.177465961-07:00","Action":"run","Package":"github.com/JDinSeattle/forge-runtime/internal/runnerclient","Test":"TestP06NetworkOracleRejectsUsableExternalConnectivity/unreported_interface"}
{"Time":"2026-09-11T15:24:54.177467347-07:00","Action":"pass","Package":"github.com/JDinSeattle/forge-runtime/internal/runtime","Test":"TestMalformedSnapshotsFailClosedBeforeCommands/reconciliation_at_executable_stage","Elapsed":0}
{"Time":"2026-09-11T15:24:54.177469333-07:00","Action":"output","Package":"github.com/JDinSeattle/forge-runtime/internal/runnerclient","Test":"TestP06NetworkOracleRejectsUsableExternalConnectivity/unreported_interface","Output":"=== RUN   TestP06NetworkOracleRejectsUsableExternalConnectivity/unreported_interface\n"}
{"Time":"2026-09-11T15:24:54.177470682-07:00","Action":"run","Package":"github.com/JDinSeattle/forge-runtime/internal/runtime","Test":"TestMalformedSnapshotsFailClosedBeforeCommands/approval_without_effect"}
{"Time":"2026-09-11T15:24:54.17747282-07:00","Action":"output","Package":"github.com/JDinSeattle/forge-runtime/internal/runnerclient","Test":"TestP06NetworkOracleRejectsUsableExternalConnectivity/unreported_interface","Output":"--- PASS: TestP06NetworkOracleRejectsUsableExternalConnectivity/unreported_interface (0.00s)\n"}
{"Time":"2026-09-11T15:24:54.177474185-07:00","Action":"output","Package":"github.com/JDinSeattle/forge-runtime/internal/runtime","Test":"TestMalformedSnapshotsFailClosedBeforeCommands/approval_without_effect","Output":"=== RUN   TestMalformedSnapshotsFailClosedBeforeCommands/approval_without_effect\n"}
{"Time":"2026-09-11T15:24:54.177475562-07:00","Action":"pass","Package":"github.com/JDinSeattle/forge-runtime/internal/runnerclient","Test":"TestP06NetworkOracleRejectsUsableExternalConnectivity/unreported_interface","Elapsed":0}
{"Time":"2026-09-11T15:24:54.177478422-07:00","Action":"output","Package":"github.com/JDinSeattle/forge-runtime/internal/runtime","Test":"TestMalformedSnapshotsFailClosedBeforeCommands/approval_without_effect","Output":"--- PASS: TestMalformedSnapshotsFailClosedBeforeCommands/approval_without_effect (0.00s)\n"}
{"Time":"2026-09-11T15:24:54.177483003-07:00","Action":"run","Package":"github.com/JDinSeattle/forge-runtime/internal/runnerclient","Test":"TestP06NetworkOracleRejectsUsableExternalConnectivity/external_operstate_up"}
{"Time":"2026-09-11T15:24:54.17748508-07:00","Action":"pass","Package":"github.com/JDinSeattle/forge-runtime/internal/runtime","Test":"TestMalformedSnapshotsFailClosedBeforeCommands/approval_without_effect","Elapsed":0}
{"Time":"2026-09-11T15:24:54.177486455-07:00","Action":"output","Package":"github.com/JDinSeattle/forge-runtime/internal/runnerclient","Test":"TestP06NetworkOracleRejectsUsableExternalConnectivity/external_operstate_up","Output":"=== RUN   TestP06NetworkOracleRejectsUsableExternalConnectivity/external_operstate_up\n"}
{"Time":"2026-09-11T15:24:54.177488816-07:00","Action":"run","Package":"github.com/JDinSeattle/forge-runtime/internal/runtime","Test":"TestMalformedSnapshotsFailClosedBeforeCommands/unknown_snapshot_schema"}
{"Time":"2026-09-11T15:24:54.177489837-07:00","Action":"output","Package":"github.com/JDinSeattle/forge-runtime/internal/runnerclient","Test":"TestP06NetworkOracleRejectsUsableExternalConnectivity/external_operstate_up","Output":"--- PASS: TestP06NetworkOracleRejectsUsableExternalConnectivity/external_operstate_up (0.00s)\n"}
{"Time":"2026-09-11T15:24:54.17749107-07:00","Action":"output","Package":"github.com/JDinSeattle/forge-runtime/internal/runtime","Test":"TestMalformedSnapshotsFailClosedBeforeCommands/unknown_snapshot_schema","Output":"=== RUN   TestMalformedSnapshotsFailClosedBeforeCommands/unknown_snapshot_schema\n"}
{"Time":"2026-09-11T15:24:54.1774931-07:00","Action":"pass","Package":"github.com/JDinSeattle/forge-runtime/internal/runnerclient","Test":"TestP06NetworkOracleRejectsUsableExternalConnectivity/external_operstate_up","Elapsed":0}
{"Time":"2026-09-11T15:24:54.177494811-07:00","Action":"output","Package":"github.com/JDinSeattle/forge-runtime/internal/runtime","Test":"TestMalformedSnapshotsFailClosedBeforeCommands/unknown_snapshot_schema","Output":"--- PASS: TestMalformedSnapshotsFailClosedBeforeCommands/unknown_snapshot_schema (0.00s)\n"}
{"Time":"2026-09-11T15:24:54.17749566-07:00","Action":"run","Package":"github.com/JDinSeattle/forge-runtime/internal/runnerclient","Test":"TestP06NetworkOracleRejectsUsableExternalConnectivity/ipv4_nonloopback_destination"}
{"Time":"2026-09-11T15:24:54.177497122-07:00","Action":"pass","Package":"github.com/JDinSeattle/forge-runtime/internal/runtime","Test":"TestMalformedSnapshotsFailClosedBeforeCommands/unknown_snapshot_schema","Elapsed":0}
{"Time":"2026-09-11T15:24:54.177499316-07:00","Action":"output","Package":"github.com/JDinSeattle/forge-runtime/internal/runnerclient","Test":"TestP06NetworkOracleRejectsUsableExternalConnectivity/ipv4_nonloopback_destination","Output":"=== RUN   TestP06NetworkOracleRejectsUsableExternalConnectivity/ipv4_nonloopback_destination\n"}
{"Time":"2026-09-11T15:24:54.177501151-07:00","Action":"run","Package":"github.com/JDinSeattle/forge-runtime/internal/runtime","Test":"TestMalformedSnapshotsFailClosedBeforeCommands/nonterminal_stop_target"}
{"Time":"2026-09-11T15:24:54.177502967-07:00","Action":"output","Package":"github.com/JDinSeattle/forge-runtime/internal/runnerclient","Test":"TestP06NetworkOracleRejectsUsableExternalConnectivity/ipv4_nonloopback_destination","Output":"--- PASS: TestP06NetworkOracleRejectsUsableExternalConnectivity/ipv4_nonloopback_destination (0.00s)\n"}
{"Time":"2026-09-11T15:24:54.177504362-07:00","Action":"output","Package":"github.com/JDinSeattle/forge-runtime/internal/runtime","Test":"TestMalformedSnapshotsFailClosedBeforeCommands/nonterminal_stop_target","Output":"=== RUN   TestMalformedSnapshotsFailClosedBeforeCommands/nonterminal_stop_target\n"}
{"Time":"2026-09-11T15:24:54.177506609-07:00","Action":"pass","Package":"github.com/JDinSeattle/forge-runtime/internal/runnerclient","Test":"TestP06NetworkOracleRejectsUsableExternalConnectivity/ipv4_nonloopback_destination","Elapsed":0}
{"Time":"2026-09-11T15:24:54.17750939-07:00","Action":"output","Package":"github.com/JDinSeattle/forge-runtime/internal/runtime","Test":"TestMalformedSnapshotsFailClosedBeforeCommands/nonterminal_stop_target","Output":"--- PASS: TestMalformedSnapshotsFailClosedBeforeCommands/nonterminal_stop_target (0.00s)\n"}
{"Time":"2026-09-11T15:24:54.177511515-07:00","Action":"run","Package":"github.com/JDinSeattle/forge-runtime/internal/runnerclient","Test":"TestP06NetworkOracleRejectsUsableExternalConnectivity/ipv4_default_via_loopback"}
{"Time":"2026-09-11T15:24:54.177512925-07:00","Action":"pass","Package":"github.com/JDinSeattle/forge-runtime/internal/runtime","Test":"TestMalformedSnapshotsFailClosedBeforeCommands/nonterminal_stop_target","Elapsed":0}
{"Time":"2026-09-11T15:24:54.177514131-07:00","Action":"output","Package":"github.com/JDinSeattle/forge-runtime/internal/runnerclient","Test":"TestP06NetworkOracleRejectsUsableExternalConnectivity/ipv4_default_via_loopback","Output":"=== RUN   TestP06NetworkOracleRejectsUsableExternalConnectivity/ipv4_default_via_loopback\n"}
{"Time":"2026-09-11T15:24:54.177516303-07:00","Action":"output","Package":"github.com/JDinSeattle/forge-runtime/internal/runnerclient","Test":"TestP06NetworkOracleRejectsUsableExternalConnectivity/ipv4_default_via_loopback","Output":"--- PASS: TestP06NetworkOracleRejectsUsableExternalConnectivity/ipv4_default_via_loopback (0.00s)\n"}
{"Time":"2026-09-11T15:24:54.177519575-07:00","Action":"pass","Package":"github.com/JDinSeattle/forge-runtime/internal/runnerclient","Test":"TestP06NetworkOracleRejectsUsableExternalConnectivity/ipv4_default_via_loopback","Elapsed":0}
{"Time":"2026-09-11T15:24:54.177519766-07:00","Action":"output","Package":"github.com/JDinSeattle/forge-runtime/internal/runtime","Test":"TestMalformedSnapshotsFailClosedBeforeCommands","Output":"--- PASS: TestMalformedSnapshotsFailClosedBeforeCommands (0.00s)\n"}
{"Time":"2026-09-11T15:24:54.17752315-07:00","Action":"run","Package":"github.com/JDinSeattle/forge-runtime/internal/runnerclient","Test":"TestP06NetworkOracleRejectsUsableExternalConnectivity/ipv4_gateway"}
{"Time":"2026-09-11T15:24:54.177523795-07:00","Action":"pass","Package":"github.com/JDinSeattle/forge-runtime/internal/runtime","Test":"TestMalformedSnapshotsFailClosedBeforeCommands","Elapsed":0}
{"Time":"2026-09-11T15:24:54.177525552-07:00","Action":"output","Package":"github.com/JDinSeattle/forge-runtime/internal/runnerclient","Test":"TestP06NetworkOracleRejectsUsableExternalConnectivity/ipv4_gateway","Output":"=== RUN   TestP06NetworkOracleRejectsUsableExternalConnectivity/ipv4_gateway\n"}
{"Time":"2026-09-11T15:24:54.17752984-07:00","Action":"output","Package":"github.com/JDinSeattle/forge-runtime/internal/runnerclient","Test":"TestP06NetworkOracleRejectsUsableExternalConnectivity/ipv4_gateway","Output":"--- PASS: TestP06NetworkOracleRejectsUsableExternalConnectivity/ipv4_gateway (0.00s)\n"}
{"Time":"2026-09-11T15:24:54.177529311-07:00","Action":"run","Package":"github.com/JDinSeattle/forge-runtime/internal/runtime","Test":"FuzzTerminalIsMonotonic"}
{"Time":"2026-09-11T15:24:54.177532702-07:00","Action":"pass","Package":"github.com/JDinSeattle/forge-runtime/internal/runnerclient","Test":"TestP06NetworkOracleRejectsUsableExternalConnectivity/ipv4_gateway","Elapsed":0}
{"Time":"2026-09-11T15:24:54.177534097-07:00","Action":"output","Package":"github.com/JDinSeattle/forge-runtime/internal/runtime","Test":"FuzzTerminalIsMonotonic","Output":"=== RUN   FuzzTerminalIsMonotonic\n"}
{"Time":"2026-09-11T15:24:54.177535813-07:00","Action":"run","Package":"github.com/JDinSeattle/forge-runtime/internal/runnerclient","Test":"TestP06NetworkOracleRejectsUsableExternalConnectivity/duplicate_interface"}
{"Time":"2026-09-11T15:24:54.17754081-07:00","Action":"output","Package":"github.com/JDinSeattle/forge-runtime/internal/runnerclient","Test":"TestP06NetworkOracleRejectsUsableExternalConnectivity/duplicate_interface","Output":"=== RUN   TestP06NetworkOracleRejectsUsableExternalConnectivity/duplicate_interface\n"}
{"Time":"2026-09-11T15:24:54.17754378-07:00","Action":"output","Package":"github.com/JDinSeattle/forge-runtime/internal/runnerclient","Test":"TestP06NetworkOracleRejectsUsableExternalConnectivity/duplicate_interface","Output":"--- PASS: TestP06NetworkOracleRejectsUsableExternalConnectivity/duplicate_interface (0.00s)\n"}
{"Time":"2026-09-11T15:24:54.177546776-07:00","Action":"pass","Package":"github.com/JDinSeattle/forge-runtime/internal/runnerclient","Test":"TestP06NetworkOracleRejectsUsableExternalConnectivity/duplicate_interface","Elapsed":0}
{"Time":"2026-09-11T15:24:54.177549402-07:00","Action":"run","Package":"github.com/JDinSeattle/forge-runtime/internal/runnerclient","Test":"TestP06NetworkOracleRejectsUsableExternalConnectivity/no_loopback"}
{"Time":"2026-09-11T15:24:54.177552048-07:00","Action":"output","Package":"github.com/JDinSeattle/forge-runtime/internal/runnerclient","Test":"TestP06NetworkOracleRejectsUsableExternalConnectivity/no_loopback","Output":"=== RUN   TestP06NetworkOracleRejectsUsableExternalConnectivity/no_loopback\n"}
{"Time":"2026-09-11T15:24:54.177556005-07:00","Action":"output","Package":"github.com/JDinSeattle/forge-runtime/internal/runnerclient","Test":"TestP06NetworkOracleRejectsUsableExternalConnectivity/no_loopback","Output":"--- PASS: TestP06NetworkOracleRejectsUsableExternalConnectivity/no_loopback (0.00s)\n"}
{"Time":"2026-09-11T15:24:54.177558893-07:00","Action":"pass","Package":"github.com/JDinSeattle/forge-runtime/internal/runnerclient","Test":"TestP06NetworkOracleRejectsUsableExternalConnectivity/no_loopback","Elapsed":0}
{"Time":"2026-09-11T15:24:54.177561628-07:00","Action":"run","Package":"github.com/JDinSeattle/forge-runtime/internal/runnerclient","Test":"TestP06NetworkOracleRejectsUsableExternalConnectivity/external_interface_up"}
{"Time":"2026-09-11T15:24:54.177564074-07:00","Action":"output","Package":"github.com/JDinSeattle/forge-runtime/internal/runnerclient","Test":"TestP06NetworkOracleRejectsUsableExternalConnectivity/external_interface_up","Output":"=== RUN   TestP06NetworkOracleRejectsUsableExternalConnectivity/external_interface_up\n"}
{"Time":"2026-09-11T15:24:54.177566325-07:00","Action":"output","Package":"github.com/JDinSeattle/forge-runtime/internal/runnerclient","Test":"TestP06NetworkOracleRejectsUsableExternalConnectivity/external_interface_up","Output":"--- PASS: TestP06NetworkOracleRejectsUsableExternalConnectivity/external_interface_up (0.00s)\n"}
{"Time":"2026-09-11T15:24:54.177569086-07:00","Action":"pass","Package":"github.com/JDinSeattle/forge-runtime/internal/runnerclient","Test":"TestP06NetworkOracleRejectsUsableExternalConnectivity/external_interface_up","Elapsed":0}
{"Time":"2026-09-11T15:24:54.177572713-07:00","Action":"run","Package":"github.com/JDinSeattle/forge-runtime/internal/runnerclient","Test":"TestP06NetworkOracleRejectsUsableExternalConnectivity/external_ipv4_address"}
{"Time":"2026-09-11T15:24:54.177574877-07:00","Action":"output","Package":"github.com/JDinSeattle/forge-runtime/internal/runnerclient","Test":"TestP06NetworkOracleRejectsUsableExternalConnectivity/external_ipv4_address","Output":"=== RUN   TestP06NetworkOracleRejectsUsableExternalConnectivity/external_ipv4_address\n"}
{"Time":"2026-09-11T15:24:54.17757754-07:00","Action":"output","Package":"github.com/JDinSeattle/forge-runtime/internal/runnerclient","Test":"TestP06NetworkOracleRejectsUsableExternalConnectivity/external_ipv4_address","Output":"--- PASS: TestP06NetworkOracleRejectsUsableExternalConnectivity/external_ipv4_address (0.00s)\n"}
{"Time":"2026-09-11T15:24:54.177581178-07:00","Action":"pass","Package":"github.com/JDinSeattle/forge-runtime/internal/runnerclient","Test":"TestP06NetworkOracleRejectsUsableExternalConnectivity/external_ipv4_address","Elapsed":0}
{"Time":"2026-09-11T15:24:54.177578286-07:00","Action":"run","Package":"github.com/JDinSeattle/forge-runtime/internal/runtime","Test":"FuzzTerminalIsMonotonic/seed#0"}
{"Time":"2026-09-11T15:24:54.177586783-07:00","Action":"run","Package":"github.com/JDinSeattle/forge-runtime/internal/runnerclient","Test":"TestP06NetworkOracleRejectsUsableExternalConnectivity/nonloopback_alias"}
{"Time":"2026-09-11T15:24:54.177588762-07:00","Action":"output","Package":"github.com/JDinSeattle/forge-runtime/internal/runnerclient","Test":"TestP06NetworkOracleRejectsUsableExternalConnectivity/nonloopback_alias","Output":"=== RUN   TestP06NetworkOracleRejectsUsableExternalConnectivity/nonloopback_alias\n"}
{"Time":"2026-09-11T15:24:54.177587532-07:00","Action":"output","Package":"github.com/JDinSeattle/forge-runtime/internal/runtime","Test":"FuzzTerminalIsMonotonic/seed#0","Output":"=== RUN   FuzzTerminalIsMonotonic/seed#0\n"}
{"Time":"2026-09-11T15:24:54.177591444-07:00","Action":"output","Package":"github.com/JDinSeattle/forge-runtime/internal/runnerclient","Test":"TestP06NetworkOracleRejectsUsableExternalConnectivity/nonloopback_alias","Output":"--- PASS: TestP06NetworkOracleRejectsUsableExternalConnectivity/nonloopback_alias (0.00s)\n"}
{"Time":"2026-09-11T15:24:54.177594859-07:00","Action":"pass","Package":"github.com/JDinSeattle/forge-runtime/internal/runnerclient","Test":"TestP06NetworkOracleRejectsUsableExternalConnectivity/nonloopback_alias","Elapsed":0}
{"Time":"2026-09-11T15:24:54.177597399-07:00","Action":"run","Package":"github.com/JDinSeattle/forge-runtime/internal/runnerclient","Test":"TestP06NetworkOracleRejectsUsableExternalConnectivity/ipv4_external_route"}
{"Time":"2026-09-11T15:24:54.177599634-07:00","Action":"output","Package":"github.com/JDinSeattle/forge-runtime/internal/runnerclient","Test":"TestP06NetworkOracleRejectsUsableExternalConnectivity/ipv4_external_route","Output":"=== RUN   TestP06NetworkOracleRejectsUsableExternalConnectivity/ipv4_external_route\n"}
{"Time":"2026-09-11T15:24:54.177606977-07:00","Action":"output","Package":"github.com/JDinSeattle/forge-runtime/internal/runnerclient","Test":"TestP06NetworkOracleRejectsUsableExternalConnectivity/ipv4_external_route","Output":"--- PASS: TestP06NetworkOracleRejectsUsableExternalConnectivity/ipv4_external_route (0.00s)\n"}
{"Time":"2026-09-11T15:24:54.177608985-07:00","Action":"pass","Package":"github.com/JDinSeattle/forge-runtime/internal/runnerclient","Test":"TestP06NetworkOracleRejectsUsableExternalConnectivity/ipv4_external_route","Elapsed":0}
{"Time":"2026-09-11T15:24:54.177610612-07:00","Action":"run","Package":"github.com/JDinSeattle/forge-runtime/internal/runnerclient","Test":"TestP06NetworkOracleRejectsUsableExternalConnectivity/ipv6_external_route"}
{"Time":"2026-09-11T15:24:54.177611899-07:00","Action":"output","Package":"github.com/JDinSeattle/forge-runtime/internal/runnerclient","Test":"TestP06NetworkOracleRejectsUsableExternalConnectivity/ipv6_external_route","Output":"=== RUN   TestP06NetworkOracleRejectsUsableExternalConnectivity/ipv6_external_route\n"}
{"Time":"2026-09-11T15:24:54.177613898-07:00","Action":"output","Package":"github.com/JDinSeattle/forge-runtime/internal/runnerclient","Test":"TestP06NetworkOracleRejectsUsableExternalConnectivity/ipv6_external_route","Output":"--- PASS: TestP06NetworkOracleRejectsUsableExternalConnectivity/ipv6_external_route (0.00s)\n"}
{"Time":"2026-09-11T15:24:54.177615235-07:00","Action":"pass","Package":"github.com/JDinSeattle/forge-runtime/internal/runnerclient","Test":"TestP06NetworkOracleRejectsUsableExternalConnectivity/ipv6_external_route","Elapsed":0}
{"Time":"2026-09-11T15:24:54.177616653-07:00","Action":"output","Package":"github.com/JDinSeattle/forge-runtime/internal/runnerclient","Test":"TestP06NetworkOracleRejectsUsableExternalConnectivity","Output":"--- PASS: TestP06NetworkOracleRejectsUsableExternalConnectivity (0.00s)\n"}
{"Time":"2026-09-11T15:24:54.177618791-07:00","Action":"pass","Package":"github.com/JDinSeattle/forge-runtime/internal/runnerclient","Test":"TestP06NetworkOracleRejectsUsableExternalConnectivity","Elapsed":0}
{"Time":"2026-09-11T15:24:54.177621454-07:00","Action":"run","Package":"github.com/JDinSeattle/forge-runtime/internal/runnerclient","Test":"TestP06WorkspaceProofRejectsWrongOriginalBinding"}
{"Time":"2026-09-11T15:24:54.177623579-07:00","Action":"output","Package":"github.com/JDinSeattle/forge-runtime/internal/runnerclient","Test":"TestP06WorkspaceProofRejectsWrongOriginalBinding","Output":"=== RUN   TestP06WorkspaceProofRejectsWrongOriginalBinding\n"}
{"Time":"2026-09-11T15:24:54.177625698-07:00","Action":"output","Package":"github.com/JDinSeattle/forge-runtime/internal/runnerclient","Test":"TestP06WorkspaceProofRejectsWrongOriginalBinding","Output":"--- PASS: TestP06WorkspaceProofRejectsWrongOriginalBinding (0.00s)\n"}
{"Time":"2026-09-11T15:24:54.177626978-07:00","Action":"pass","Package":"github.com/JDinSeattle/forge-runtime/internal/runnerclient","Test":"TestP06WorkspaceProofRejectsWrongOriginalBinding","Elapsed":0}
{"Time":"2026-09-11T15:24:54.177629458-07:00","Action":"run","Package":"github.com/JDinSeattle/forge-runtime/internal/runnerclient","Test":"TestRealRunnerCrashMatrix"}
{"Time":"2026-09-11T15:24:54.177631275-07:00","Action":"output","Package":"github.com/JDinSeattle/forge-runtime/internal/runnerclient","Test":"TestRealRunnerCrashMatrix","Output":"=== RUN   TestRealRunnerCrashMatrix\n"}
{"Time":"2026-09-11T15:24:54.177632804-07:00","Action":"output","Package":"github.com/JDinSeattle/forge-runtime/internal/runnerclient","Test":"TestRealRunnerCrashMatrix","Output":"    fault_integration_test.go:94: requires quiesced real runner config, binary and evidence directory; see scripts/faults/README.md\n"}
{"Time":"2026-09-11T15:24:54.177634649-07:00","Action":"output","Package":"github.com/JDinSeattle/forge-runtime/internal/runnerclient","Test":"TestRealRunnerCrashMatrix","Output":"--- SKIP: TestRealRunnerCrashMatrix (0.00s)\n"}
{"Time":"2026-09-11T15:24:54.177636146-07:00","Action":"skip","Package":"github.com/JDinSeattle/forge-runtime/internal/runnerclient","Test":"TestRealRunnerCrashMatrix","Elapsed":0}
{"Time":"2026-09-11T15:24:54.177637406-07:00","Action":"run","Package":"github.com/JDinSeattle/forge-runtime/internal/runnerclient","Test":"TestUDSContractAndPermissions"}
{"Time":"2026-09-11T15:24:54.177638909-07:00","Action":"output","Package":"github.com/JDinSeattle/forge-runtime/internal/runnerclient","Test":"TestUDSContractAndPermissions","Output":"=== RUN   TestUDSContractAndPermissions\n"}
{"Time":"2026-09-11T15:24:54.177692222-07:00","Action":"output","Package":"github.com/JDinSeattle/forge-runtime/internal/runtime","Test":"FuzzTerminalIsMonotonic/seed#0","Output":"--- PASS: FuzzTerminalIsMonotonic/seed#0 (0.00s)\n"}
{"Time":"2026-09-11T15:24:54.177698018-07:00","Action":"pass","Package":"github.com/JDinSeattle/forge-runtime/internal/runtime","Test":"FuzzTerminalIsMonotonic/seed#0","Elapsed":0}
{"Time":"2026-09-11T15:24:54.177708334-07:00","Action":"run","Package":"github.com/JDinSeattle/forge-runtime/internal/runtime","Test":"FuzzTerminalIsMonotonic/seed#1"}
{"Time":"2026-09-11T15:24:54.177710476-07:00","Action":"output","Package":"github.com/JDinSeattle/forge-runtime/internal/runtime","Test":"FuzzTerminalIsMonotonic/seed#1","Output":"=== RUN   FuzzTerminalIsMonotonic/seed#1\n"}
{"Time":"2026-09-11T15:24:54.177787334-07:00","Action":"output","Package":"github.com/JDinSeattle/forge-runtime/internal/runtime","Test":"FuzzTerminalIsMonotonic/seed#1","Output":"--- PASS: FuzzTerminalIsMonotonic/seed#1 (0.00s)\n"}
{"Time":"2026-09-11T15:24:54.17779084-07:00","Action":"pass","Package":"github.com/JDinSeattle/forge-runtime/internal/runtime","Test":"FuzzTerminalIsMonotonic/seed#1","Elapsed":0}
{"Time":"2026-09-11T15:24:54.177803983-07:00","Action":"output","Package":"github.com/JDinSeattle/forge-runtime/internal/runtime","Test":"FuzzTerminalIsMonotonic","Output":"--- PASS: FuzzTerminalIsMonotonic (0.00s)\n"}
{"Time":"2026-09-11T15:24:54.177806378-07:00","Action":"pass","Package":"github.com/JDinSeattle/forge-runtime/internal/runtime","Test":"FuzzTerminalIsMonotonic","Elapsed":0}
{"Time":"2026-09-11T15:24:54.177840869-07:00","Action":"run","Package":"github.com/JDinSeattle/forge-runtime/internal/runtime","Test":"FuzzMalformedSnapshotCannotPanic"}
{"Time":"2026-09-11T15:24:54.177842901-07:00","Action":"output","Package":"github.com/JDinSeattle/forge-runtime/internal/runtime","Test":"FuzzMalformedSnapshotCannotPanic","Output":"=== RUN   FuzzMalformedSnapshotCannotPanic\n"}
{"Time":"2026-09-11T15:24:54.177910346-07:00","Action":"run","Package":"github.com/JDinSeattle/forge-runtime/internal/runtime","Test":"FuzzMalformedSnapshotCannotPanic/seed#0"}
{"Time":"2026-09-11T15:24:54.177924096-07:00","Action":"output","Package":"github.com/JDinSeattle/forge-runtime/internal/runtime","Test":"FuzzMalformedSnapshotCannotPanic/seed#0","Output":"=== RUN   FuzzMalformedSnapshotCannotPanic/seed#0\n"}
{"Time":"2026-09-11T15:24:54.178029349-07:00","Action":"output","Package":"github.com/JDinSeattle/forge-runtime/internal/runtime","Test":"FuzzMalformedSnapshotCannotPanic/seed#0","Output":"--- PASS: FuzzMalformedSnapshotCannotPanic/seed#0 (0.00s)\n"}
{"Time":"2026-09-11T15:24:54.17803696-07:00","Action":"pass","Package":"github.com/JDinSeattle/forge-runtime/internal/runtime","Test":"FuzzMalformedSnapshotCannotPanic/seed#0","Elapsed":0}
{"Time":"2026-09-11T15:24:54.178048891-07:00","Action":"run","Package":"github.com/JDinSeattle/forge-runtime/internal/runtime","Test":"FuzzMalformedSnapshotCannotPanic/seed#1"}
{"Time":"2026-09-11T15:24:54.178053128-07:00","Action":"output","Package":"github.com/JDinSeattle/forge-runtime/internal/runtime","Test":"FuzzMalformedSnapshotCannotPanic/seed#1","Output":"=== RUN   FuzzMalformedSnapshotCannotPanic/seed#1\n"}
{"Time":"2026-09-11T15:24:54.178096838-07:00","Action":"output","Package":"github.com/JDinSeattle/forge-runtime/internal/runtime","Test":"FuzzMalformedSnapshotCannotPanic/seed#1","Output":"--- PASS: FuzzMalformedSnapshotCannotPanic/seed#1 (0.00s)\n"}
{"Time":"2026-09-11T15:24:54.17810342-07:00","Action":"pass","Package":"github.com/JDinSeattle/forge-runtime/internal/runtime","Test":"FuzzMalformedSnapshotCannotPanic/seed#1","Elapsed":0}
{"Time":"2026-09-11T15:24:54.178117956-07:00","Action":"run","Package":"github.com/JDinSeattle/forge-runtime/internal/runtime","Test":"FuzzMalformedSnapshotCannotPanic/seed#2"}
{"Time":"2026-09-11T15:24:54.178122628-07:00","Action":"output","Package":"github.com/JDinSeattle/forge-runtime/internal/runtime","Test":"FuzzMalformedSnapshotCannotPanic/seed#2","Output":"=== RUN   FuzzMalformedSnapshotCannotPanic/seed#2\n"}
{"Time":"2026-09-11T15:24:54.178208877-07:00","Action":"output","Package":"github.com/JDinSeattle/forge-runtime/internal/runtime","Test":"FuzzMalformedSnapshotCannotPanic/seed#2","Output":"--- PASS: FuzzMalformedSnapshotCannotPanic/seed#2 (0.00s)\n"}
{"Time":"2026-09-11T15:24:54.178223025-07:00","Action":"pass","Package":"github.com/JDinSeattle/forge-runtime/internal/runtime","Test":"FuzzMalformedSnapshotCannotPanic/seed#2","Elapsed":0}
{"Time":"2026-09-11T15:24:54.178226776-07:00","Action":"output","Package":"github.com/JDinSeattle/forge-runtime/internal/runtime","Test":"FuzzMalformedSnapshotCannotPanic","Output":"--- PASS: FuzzMalformedSnapshotCannotPanic (0.00s)\n"}
{"Time":"2026-09-11T15:24:54.178230583-07:00","Action":"pass","Package":"github.com/JDinSeattle/forge-runtime/internal/runtime","Test":"FuzzMalformedSnapshotCannotPanic","Elapsed":0}
{"Time":"2026-09-11T15:24:54.178233772-07:00","Action":"output","Package":"github.com/JDinSeattle/forge-runtime/internal/runtime","Output":"PASS\n"}
{"Time":"2026-09-11T15:24:54.178504579-07:00","Action":"run","Package":"github.com/JDinSeattle/forge-runtime/internal/persistence","Test":"TestSnapshotHeaderUsesExactVersionWithoutInterpretingFutureFields"}
{"Time":"2026-09-11T15:24:54.178516384-07:00","Action":"output","Package":"github.com/JDinSeattle/forge-runtime/internal/persistence","Test":"TestSnapshotHeaderUsesExactVersionWithoutInterpretingFutureFields","Output":"=== RUN   TestSnapshotHeaderUsesExactVersionWithoutInterpretingFutureFields\n"}
{"Time":"2026-09-11T15:24:54.178794702-07:00","Action":"output","Package":"github.com/JDinSeattle/forge-runtime/internal/persistence","Test":"TestSnapshotHeaderUsesExactVersionWithoutInterpretingFutureFields","Output":"--- PASS: TestSnapshotHeaderUsesExactVersionWithoutInterpretingFutureFields (0.00s)\n"}
{"Time":"2026-09-11T15:24:54.178815458-07:00","Action":"pass","Package":"github.com/JDinSeattle/forge-runtime/internal/persistence","Test":"TestSnapshotHeaderUsesExactVersionWithoutInterpretingFutureFields","Elapsed":0}
{"Time":"2026-09-11T15:24:54.178831359-07:00","Action":"run","Package":"github.com/JDinSeattle/forge-runtime/internal/persistence","Test":"TestSnapshotHeaderSQLUnicodeFoldRemainsComplete"}
{"Time":"2026-09-11T15:24:54.178833912-07:00","Action":"output","Package":"github.com/JDinSeattle/forge-runtime/internal/persistence","Test":"TestSnapshotHeaderSQLUnicodeFoldRemainsComplete","Output":"=== RUN   TestSnapshotHeaderSQLUnicodeFoldRemainsComplete\n"}
{"Time":"2026-09-11T15:24:54.180304407-07:00","Action":"run","Package":"github.com/JDinSeattle/forge-runtime/internal/telemetry","Test":"TestHTTPMiddlewarePreservesFlushErrorAfterRequestCancellation"}
{"Time":"2026-09-11T15:24:54.180318546-07:00","Action":"output","Package":"github.com/JDinSeattle/forge-runtime/internal/telemetry","Test":"TestHTTPMiddlewarePreservesFlushErrorAfterRequestCancellation","Output":"=== RUN   TestHTTPMiddlewarePreservesFlushErrorAfterRequestCancellation\n"}
{"Time":"2026-09-11T15:24:54.180631352-07:00","Action":"output","Package":"github.com/JDinSeattle/forge-runtime/internal/sandbox","Test":"TestDockerTmpfsExecutionIsExplicitAndKeepsFixedBounds/true","Output":"--- PASS: TestDockerTmpfsExecutionIsExplicitAndKeepsFixedBounds/true (0.00s)\n"}
{"Time":"2026-09-11T15:24:54.180653043-07:00","Action":"pass","Package":"github.com/JDinSeattle/forge-runtime/internal/sandbox","Test":"TestDockerTmpfsExecutionIsExplicitAndKeepsFixedBounds/true","Elapsed":0}
{"Time":"2026-09-11T15:24:54.180670099-07:00","Action":"output","Package":"github.com/JDinSeattle/forge-runtime/internal/sandbox","Test":"TestDockerTmpfsExecutionIsExplicitAndKeepsFixedBounds","Output":"--- PASS: TestDockerTmpfsExecutionIsExplicitAndKeepsFixedBounds (0.01s)\n"}
{"Time":"2026-09-11T15:24:54.180679507-07:00","Action":"pass","Package":"github.com/JDinSeattle/forge-runtime/internal/sandbox","Test":"TestDockerTmpfsExecutionIsExplicitAndKeepsFixedBounds","Elapsed":0.01}
{"Time":"2026-09-11T15:24:54.180701459-07:00","Action":"run","Package":"github.com/JDinSeattle/forge-runtime/internal/sandbox","Test":"TestCreatedDockerCancellationRequiresDurableNoDispatchProof"}
{"Time":"2026-09-11T15:24:54.180713456-07:00","Action":"output","Package":"github.com/JDinSeattle/forge-runtime/internal/sandbox","Test":"TestCreatedDockerCancellationRequiresDurableNoDispatchProof","Output":"=== RUN   TestCreatedDockerCancellationRequiresDurableNoDispatchProof\n"}
{"Time":"2026-09-11T15:24:54.180725731-07:00","Action":"run","Package":"github.com/JDinSeattle/forge-runtime/internal/sandbox","Test":"TestCreatedDockerCancellationRequiresDurableNoDispatchProof/false"}
{"Time":"2026-09-11T15:24:54.18073037-07:00","Action":"output","Package":"github.com/JDinSeattle/forge-runtime/internal/sandbox","Test":"TestCreatedDockerCancellationRequiresDurableNoDispatchProof/false","Output":"=== RUN   TestCreatedDockerCancellationRequiresDurableNoDispatchProof/false\n"}
{"Time":"2026-09-11T15:24:54.181667966-07:00","Action":"run","Package":"github.com/JDinSeattle/forge-runtime/internal/retention","Test":"TestJournalReferenceReaderProtectsOldReceiptsAndNewPinsFailsClosed"}
{"Time":"2026-09-11T15:24:54.181685574-07:00","Action":"output","Package":"github.com/JDinSeattle/forge-runtime/internal/retention","Test":"TestJournalReferenceReaderProtectsOldReceiptsAndNewPinsFailsClosed","Output":"=== RUN   TestJournalReferenceReaderProtectsOldReceiptsAndNewPinsFailsClosed\n"}
{"Time":"2026-09-11T15:24:54.181827411-07:00","Action":"run","Package":"github.com/JDinSeattle/forge-runtime/internal/httpapi","Test":"TestDependencyErrorsSeparateAvailabilityFromPermanentFailures"}
{"Time":"2026-09-11T15:24:54.181844416-07:00","Action":"output","Package":"github.com/JDinSeattle/forge-runtime/internal/httpapi","Test":"TestDependencyErrorsSeparateAvailabilityFromPermanentFailures","Output":"=== RUN   TestDependencyErrorsSeparateAvailabilityFromPermanentFailures\n"}
{"Time":"2026-09-11T15:24:54.181895161-07:00","Action":"run","Package":"github.com/JDinSeattle/forge-runtime/internal/httpapi","Test":"TestDependencyErrorsSeparateAvailabilityFromPermanentFailures/connection"}
{"Time":"2026-09-11T15:24:54.181901344-07:00","Action":"output","Package":"github.com/JDinSeattle/forge-runtime/internal/httpapi","Test":"TestDependencyErrorsSeparateAvailabilityFromPermanentFailures/connection","Output":"=== RUN   TestDependencyErrorsSeparateAvailabilityFromPermanentFailures/connection\n"}
{"Time":"2026-09-11T15:24:54.182104088-07:00","Action":"output","Package":"github.com/JDinSeattle/forge-runtime/internal/httpapi","Test":"TestDependencyErrorsSeparateAvailabilityFromPermanentFailures/connection","Output":"--- PASS: TestDependencyErrorsSeparateAvailabilityFromPermanentFailures/connection (0.00s)\n"}
{"Time":"2026-09-11T15:24:54.182137691-07:00","Action":"pass","Package":"github.com/JDinSeattle/forge-runtime/internal/httpapi","Test":"TestDependencyErrorsSeparateAvailabilityFromPermanentFailures/connection","Elapsed":0}
{"Time":"2026-09-11T15:24:54.182163143-07:00","Action":"run","Package":"github.com/JDinSeattle/forge-runtime/internal/httpapi","Test":"TestDependencyErrorsSeparateAvailabilityFromPermanentFailures/lost_response"}
{"Time":"2026-09-11T15:24:54.182165876-07:00","Action":"output","Package":"github.com/JDinSeattle/forge-runtime/internal/httpapi","Test":"TestDependencyErrorsSeparateAvailabilityFromPermanentFailures/lost_response","Output":"=== RUN   TestDependencyErrorsSeparateAvailabilityFromPermanentFailures/lost_response\n"}
{"Time":"2026-09-11T15:24:54.182320954-07:00","Action":"output","Package":"github.com/JDinSeattle/forge-runtime/internal/httpapi","Test":"TestDependencyErrorsSeparateAvailabilityFromPermanentFailures/lost_response","Output":"--- PASS: TestDependencyErrorsSeparateAvailabilityFromPermanentFailures/lost_response (0.00s)\n"}
{"Time":"2026-09-11T15:24:54.182342559-07:00","Action":"run","Package":"github.com/JDinSeattle/forge-runtime/internal/provider","Test":"TestOpenAIResponsesContractAndNativeContinuation"}
{"Time":"2026-09-11T15:24:54.182344813-07:00","Action":"output","Package":"github.com/JDinSeattle/forge-runtime/internal/provider","Test":"TestOpenAIResponsesContractAndNativeContinuation","Output":"=== RUN   TestOpenAIResponsesContractAndNativeContinuation\n"}
{"Time":"2026-09-11T15:24:54.182355649-07:00","Action":"pass","Package":"github.com/JDinSeattle/forge-runtime/internal/httpapi","Test":"TestDependencyErrorsSeparateAvailabilityFromPermanentFailures/lost_response","Elapsed":0}
{"Time":"2026-09-11T15:24:54.182358665-07:00","Action":"run","Package":"github.com/JDinSeattle/forge-runtime/internal/httpapi","Test":"TestDependencyErrorsSeparateAvailabilityFromPermanentFailures/restart"}
{"Time":"2026-09-11T15:24:54.182360724-07:00","Action":"output","Package":"github.com/JDinSeattle/forge-runtime/internal/httpapi","Test":"TestDependencyErrorsSeparateAvailabilityFromPermanentFailures/restart","Output":"=== RUN   TestDependencyErrorsSeparateAvailabilityFromPermanentFailures/restart\n"}
{"Time":"2026-09-11T15:24:54.18243601-07:00","Action":"output","Package":"github.com/JDinSeattle/forge-runtime/internal/sandbox","Test":"TestCreatedDockerCancellationRequiresDurableNoDispatchProof/false","Output":"--- PASS: TestCreatedDockerCancellationRequiresDurableNoDispatchProof/false (0.00s)\n"}
{"Time":"2026-09-11T15:24:54.182452254-07:00","Action":"pass","Package":"github.com/JDinSeattle/forge-runtime/internal/sandbox","Test":"TestCreatedDockerCancellationRequiresDurableNoDispatchProof/false","Elapsed":0}
{"Time":"2026-09-11T15:24:54.182456333-07:00","Action":"output","Package":"github.com/JDinSeattle/forge-runtime/internal/httpapi","Test":"TestDependencyErrorsSeparateAvailabilityFromPermanentFailures/restart","Output":"--- PASS: TestDependencyErrorsSeparateAvailabilityFromPermanentFailures/restart (0.00s)\n"}
{"Time":"2026-09-11T15:24:54.182471289-07:00","Action":"pass","Package":"github.com/JDinSeattle/forge-runtime/internal/httpapi","Test":"TestDependencyErrorsSeparateAvailabilityFromPermanentFailures/restart","Elapsed":0}
{"Time":"2026-09-11T15:24:54.182483791-07:00","Action":"run","Package":"github.com/JDinSeattle/forge-runtime/internal/httpapi","Test":"TestDependencyErrorsSeparateAvailabilityFromPermanentFailures/timeout"}
{"Time":"2026-09-11T15:24:54.182486059-07:00","Action":"output","Package":"github.com/JDinSeattle/forge-runtime/internal/httpapi","Test":"TestDependencyErrorsSeparateAvailabilityFromPermanentFailures/timeout","Output":"=== RUN   TestDependencyErrorsSeparateAvailabilityFromPermanentFailures/timeout\n"}
{"Time":"2026-09-11T15:24:54.18249005-07:00","Action":"run","Package":"github.com/JDinSeattle/forge-runtime/internal/sandbox","Test":"TestCreatedDockerCancellationRequiresDurableNoDispatchProof/true"}
{"Time":"2026-09-11T15:24:54.182491341-07:00","Action":"output","Package":"github.com/JDinSeattle/forge-runtime/internal/sandbox","Test":"TestCreatedDockerCancellationRequiresDurableNoDispatchProof/true","Output":"=== RUN   TestCreatedDockerCancellationRequiresDurableNoDispatchProof/true\n"}
{"Time":"2026-09-11T15:24:54.182567241-07:00","Action":"output","Package":"github.com/JDinSeattle/forge-runtime/internal/httpapi","Test":"TestDependencyErrorsSeparateAvailabilityFromPermanentFailures/timeout","Output":"--- PASS: TestDependencyErrorsSeparateAvailabilityFromPermanentFailures/timeout (0.00s)\n"}
{"Time":"2026-09-11T15:24:54.182579068-07:00","Action":"pass","Package":"github.com/JDinSeattle/forge-runtime/internal/httpapi","Test":"TestDependencyErrorsSeparateAvailabilityFromPermanentFailures/timeout","Elapsed":0}
{"Time":"2026-09-11T15:24:54.182592265-07:00","Action":"run","Package":"github.com/JDinSeattle/forge-runtime/internal/httpapi","Test":"TestDependencyErrorsSeparateAvailabilityFromPermanentFailures/sql_bug"}
{"Time":"2026-09-11T15:24:54.182594868-07:00","Action":"output","Package":"github.com/JDinSeattle/forge-runtime/internal/httpapi","Test":"TestDependencyErrorsSeparateAvailabilityFromPermanentFailures/sql_bug","Output":"=== RUN   TestDependencyErrorsSeparateAvailabilityFromPermanentFailures/sql_bug\n"}
{"Time":"2026-09-11T15:24:54.182602329-07:00","Action":"run","Package":"github.com/JDinSeattle/forge-runtime/internal/eventstream","Test":"TestResetDetachesHubBeforeNotification"}
{"Time":"2026-09-11T15:24:54.182606145-07:00","Action":"output","Package":"github.com/JDinSeattle/forge-runtime/internal/eventstream","Test":"TestResetDetachesHubBeforeNotification","Output":"=== RUN   TestResetDetachesHubBeforeNotification\n"}
{"Time":"2026-09-11T15:24:54.182650286-07:00","Action":"run","Package":"github.com/JDinSeattle/forge-runtime/internal/eventstream","Test":"TestResetDetachesHubBeforeNotification/history-gap"}
{"Time":"2026-09-11T15:24:54.182653017-07:00","Action":"output","Package":"github.com/JDinSeattle/forge-runtime/internal/eventstream","Test":"TestResetDetachesHubBeforeNotification/history-gap","Output":"=== RUN   TestResetDetachesHubBeforeNotification/history-gap\n"}
{"Time":"2026-09-11T15:24:54.182673355-07:00","Action":"output","Package":"github.com/JDinSeattle/forge-runtime/internal/httpapi","Test":"TestDependencyErrorsSeparateAvailabilityFromPermanentFailures/sql_bug","Output":"--- PASS: TestDependencyErrorsSeparateAvailabilityFromPermanentFailures/sql_bug (0.00s)\n"}
{"Time":"2026-09-11T15:24:54.18268262-07:00","Action":"pass","Package":"github.com/JDinSeattle/forge-runtime/internal/httpapi","Test":"TestDependencyErrorsSeparateAvailabilityFromPermanentFailures/sql_bug","Elapsed":0}
{"Time":"2026-09-11T15:24:54.182697538-07:00","Action":"run","Package":"github.com/JDinSeattle/forge-runtime/internal/httpapi","Test":"TestDependencyErrorsSeparateAvailabilityFromPermanentFailures/database_authentication"}
{"Time":"2026-09-11T15:24:54.182700967-07:00","Action":"output","Package":"github.com/JDinSeattle/forge-runtime/internal/httpapi","Test":"TestDependencyErrorsSeparateAvailabilityFromPermanentFailures/database_authentication","Output":"=== RUN   TestDependencyErrorsSeparateAvailabilityFromPermanentFailures/database_authentication\n"}
{"Time":"2026-09-11T15:24:54.182792154-07:00","Action":"output","Package":"github.com/JDinSeattle/forge-runtime/internal/httpapi","Test":"TestDependencyErrorsSeparateAvailabilityFromPermanentFailures/database_authentication","Output":"--- PASS: TestDependencyErrorsSeparateAvailabilityFromPermanentFailures/database_authentication (0.00s)\n"}
{"Time":"2026-09-11T15:24:54.182805219-07:00","Action":"pass","Package":"github.com/JDinSeattle/forge-runtime/internal/httpapi","Test":"TestDependencyErrorsSeparateAvailabilityFromPermanentFailures/database_authentication","Elapsed":0}
{"Time":"2026-09-11T15:24:54.182811621-07:00","Action":"output","Package":"github.com/JDinSeattle/forge-runtime/internal/httpapi","Test":"TestDependencyErrorsSeparateAvailabilityFromPermanentFailures","Output":"--- PASS: TestDependencyErrorsSeparateAvailabilityFromPermanentFailures (0.00s)\n"}
{"Time":"2026-09-11T15:24:54.182815201-07:00","Action":"pass","Package":"github.com/JDinSeattle/forge-runtime/internal/httpapi","Test":"TestDependencyErrorsSeparateAvailabilityFromPermanentFailures","Elapsed":0}
{"Time":"2026-09-11T15:24:54.182822522-07:00","Action":"run","Package":"github.com/JDinSeattle/forge-runtime/internal/httpapi","Test":"TestReadinessClassifiesActualDatabaseTransportLoss"}
{"Time":"2026-09-11T15:24:54.182825169-07:00","Action":"output","Package":"github.com/JDinSeattle/forge-runtime/internal/httpapi","Test":"TestReadinessClassifiesActualDatabaseTransportLoss","Output":"=== RUN   TestReadinessClassifiesActualDatabaseTransportLoss\n"}
{"Time":"2026-09-11T15:24:54.18402055-07:00","Action":"output","Package":"github.com/JDinSeattle/forge-runtime/internal/telemetry","Test":"TestHTTPMiddlewarePreservesFlushErrorAfterRequestCancellation","Output":"--- PASS: TestHTTPMiddlewarePreservesFlushErrorAfterRequestCancellation (0.00s)\n"}
{"Time":"2026-09-11T15:24:54.184041615-07:00","Action":"pass","Package":"github.com/JDinSeattle/forge-runtime/internal/telemetry","Test":"TestHTTPMiddlewarePreservesFlushErrorAfterRequestCancellation","Elapsed":0}
{"Time":"2026-09-11T15:24:54.184045824-07:00","Action":"run","Package":"github.com/JDinSeattle/forge-runtime/internal/telemetry","Test":"TestHTTPMiddlewarePlainResponseWriterDoesNotInventFlushing"}
{"Time":"2026-09-11T15:24:54.18404824-07:00","Action":"output","Package":"github.com/JDinSeattle/forge-runtime/internal/telemetry","Test":"TestHTTPMiddlewarePlainResponseWriterDoesNotInventFlushing","Output":"=== RUN   TestHTTPMiddlewarePlainResponseWriterDoesNotInventFlushing\n"}
{"Time":"2026-09-11T15:24:54.185650424-07:00","Action":"output","Package":"github.com/JDinSeattle/forge-runtime/internal/telemetry","Test":"TestHTTPMiddlewarePlainResponseWriterDoesNotInventFlushing","Output":"--- PASS: TestHTTPMiddlewarePlainResponseWriterDoesNotInventFlushing (0.00s)\n"}
{"Time":"2026-09-11T15:24:54.185672312-07:00","Action":"pass","Package":"github.com/JDinSeattle/forge-runtime/internal/telemetry","Test":"TestHTTPMiddlewarePlainResponseWriterDoesNotInventFlushing","Elapsed":0}
{"Time":"2026-09-11T15:24:54.185677491-07:00","Action":"run","Package":"github.com/JDinSeattle/forge-runtime/internal/telemetry","Test":"TestHTTPMiddlewareKeepsExistingWriterCapabilities"}
{"Time":"2026-09-11T15:24:54.185680034-07:00","Action":"output","Package":"github.com/JDinSeattle/forge-runtime/internal/telemetry","Test":"TestHTTPMiddlewareKeepsExistingWriterCapabilities","Output":"=== RUN   TestHTTPMiddlewareKeepsExistingWriterCapabilities\n"}
{"Time":"2026-09-11T15:24:54.185682801-07:00","Action":"run","Package":"github.com/JDinSeattle/forge-runtime/internal/telemetry","Test":"TestHTTPMiddlewareKeepsExistingWriterCapabilities/1"}
{"Time":"2026-09-11T15:24:54.185684837-07:00","Action":"output","Package":"github.com/JDinSeattle/forge-runtime/internal/telemetry","Test":"TestHTTPMiddlewareKeepsExistingWriterCapabilities/1","Output":"=== RUN   TestHTTPMiddlewareKeepsExistingWriterCapabilities/1\n"}
{"Time":"2026-09-11T15:24:54.18578052-07:00","Action":"output","Package":"github.com/JDinSeattle/forge-runtime/internal/sandbox","Test":"TestCreatedDockerCancellationRequiresDurableNoDispatchProof/true","Output":"--- PASS: TestCreatedDockerCancellationRequiresDurableNoDispatchProof/true (0.00s)\n"}
{"Time":"2026-09-11T15:24:54.185799891-07:00","Action":"pass","Package":"github.com/JDinSeattle/forge-runtime/internal/sandbox","Test":"TestCreatedDockerCancellationRequiresDurableNoDispatchProof/true","Elapsed":0}
{"Time":"2026-09-11T15:24:54.185832117-07:00","Action":"output","Package":"github.com/JDinSeattle/forge-runtime/internal/sandbox","Test":"TestCreatedDockerCancellationRequiresDurableNoDispatchProof","Output":"--- PASS: TestCreatedDockerCancellationRequiresDurableNoDispatchProof (0.01s)\n"}
{"Time":"2026-09-11T15:24:54.185844479-07:00","Action":"pass","Package":"github.com/JDinSeattle/forge-runtime/internal/sandbox","Test":"TestCreatedDockerCancellationRequiresDurableNoDispatchProof","Elapsed":0.01}
{"Time":"2026-09-11T15:24:54.185861649-07:00","Action":"run","Package":"github.com/JDinSeattle/forge-runtime/internal/sandbox","Test":"TestOrdinaryDirectoryIsNotAQuota"}
{"Time":"2026-09-11T15:24:54.185864661-07:00","Action":"output","Package":"github.com/JDinSeattle/forge-runtime/internal/sandbox","Test":"TestOrdinaryDirectoryIsNotAQuota","Output":"=== RUN   TestOrdinaryDirectoryIsNotAQuota\n"}
{"Time":"2026-09-11T15:24:54.186080467-07:00","Action":"output","Package":"github.com/JDinSeattle/forge-runtime/internal/sandbox","Test":"TestOrdinaryDirectoryIsNotAQuota","Output":"--- PASS: TestOrdinaryDirectoryIsNotAQuota (0.00s)\n"}
{"Time":"2026-09-11T15:24:54.186138859-07:00","Action":"pass","Package":"github.com/JDinSeattle/forge-runtime/internal/sandbox","Test":"TestOrdinaryDirectoryIsNotAQuota","Elapsed":0}
{"Time":"2026-09-11T15:24:54.186154718-07:00","Action":"output","Package":"github.com/JDinSeattle/forge-runtime/internal/sandbox","Output":"PASS\n"}
{"Time":"2026-09-11T15:24:54.186547423-07:00","Action":"output","Package":"github.com/JDinSeattle/forge-runtime/internal/httpapi","Test":"TestReadinessClassifiesActualDatabaseTransportLoss","Output":"--- PASS: TestReadinessClassifiesActualDatabaseTransportLoss (0.00s)\n"}
{"Time":"2026-09-11T15:24:54.186557376-07:00","Action":"pass","Package":"github.com/JDinSeattle/forge-runtime/internal/httpapi","Test":"TestReadinessClassifiesActualDatabaseTransportLoss","Elapsed":0}
{"Time":"2026-09-11T15:24:54.18658817-07:00","Action":"run","Package":"github.com/JDinSeattle/forge-runtime/internal/httpapi","Test":"TestSSESurvivesIndependentDatabaseDeadline"}
{"Time":"2026-09-11T15:24:54.186590858-07:00","Action":"output","Package":"github.com/JDinSeattle/forge-runtime/internal/httpapi","Test":"TestSSESurvivesIndependentDatabaseDeadline","Output":"=== RUN   TestSSESurvivesIndependentDatabaseDeadline\n"}
{"Time":"2026-09-11T15:24:54.188027368-07:00","Action":"output","Package":"github.com/JDinSeattle/forge-runtime/internal/telemetry","Test":"TestHTTPMiddlewareKeepsExistingWriterCapabilities/1","Output":"--- PASS: TestHTTPMiddlewareKeepsExistingWriterCapabilities/1 (0.00s)\n"}
{"Time":"2026-09-11T15:24:54.188041264-07:00","Action":"pass","Package":"github.com/JDinSeattle/forge-runtime/internal/telemetry","Test":"TestHTTPMiddlewareKeepsExistingWriterCapabilities/1","Elapsed":0}
{"Time":"2026-09-11T15:24:54.188045284-07:00","Action":"run","Package":"github.com/JDinSeattle/forge-runtime/internal/telemetry","Test":"TestHTTPMiddlewareKeepsExistingWriterCapabilities/2"}
{"Time":"2026-09-11T15:24:54.188046697-07:00","Action":"output","Package":"github.com/JDinSeattle/forge-runtime/internal/telemetry","Test":"TestHTTPMiddlewareKeepsExistingWriterCapabilities/2","Output":"=== RUN   TestHTTPMiddlewareKeepsExistingWriterCapabilities/2\n"}
{"Time":"2026-09-11T15:24:54.190027581-07:00","Action":"output","Package":"github.com/JDinSeattle/forge-runtime/internal/telemetry","Test":"TestHTTPMiddlewareKeepsExistingWriterCapabilities/2","Output":"--- PASS: TestHTTPMiddlewareKeepsExistingWriterCapabilities/2 (0.00s)\n"}
{"Time":"2026-09-11T15:24:54.190048091-07:00","Action":"pass","Package":"github.com/JDinSeattle/forge-runtime/internal/telemetry","Test":"TestHTTPMiddlewareKeepsExistingWriterCapabilities/2","Elapsed":0}
{"Time":"2026-09-11T15:24:54.190053044-07:00","Action":"output","Package":"github.com/JDinSeattle/forge-runtime/internal/telemetry","Test":"TestHTTPMiddlewareKeepsExistingWriterCapabilities","Output":"--- PASS: TestHTTPMiddlewareKeepsExistingWriterCapabilities (0.00s)\n"}
{"Time":"2026-09-11T15:24:54.190055108-07:00","Action":"pass","Package":"github.com/JDinSeattle/forge-runtime/internal/telemetry","Test":"TestHTTPMiddlewareKeepsExistingWriterCapabilities","Elapsed":0}
{"Time":"2026-09-11T15:24:54.190057469-07:00","Action":"run","Package":"github.com/JDinSeattle/forge-runtime/internal/telemetry","Test":"TestQueueTraceContinuityAndSSEWriter"}
{"Time":"2026-09-11T15:24:54.19005984-07:00","Action":"output","Package":"github.com/JDinSeattle/forge-runtime/internal/telemetry","Test":"TestQueueTraceContinuityAndSSEWriter","Output":"=== RUN   TestQueueTraceContinuityAndSSEWriter\n"}
{"Time":"2026-09-11T15:24:54.190177278-07:00","Action":"output","Package":"github.com/JDinSeattle/forge-runtime/internal/provider","Test":"TestOpenAIResponsesContractAndNativeContinuation","Output":"--- PASS: TestOpenAIResponsesContractAndNativeContinuation (0.01s)\n"}
{"Time":"2026-09-11T15:24:54.190184676-07:00","Action":"pass","Package":"github.com/JDinSeattle/forge-runtime/internal/provider","Test":"TestOpenAIResponsesContractAndNativeContinuation","Elapsed":0.01}
{"Time":"2026-09-11T15:24:54.190200593-07:00","Action":"run","Package":"github.com/JDinSeattle/forge-runtime/internal/provider","Test":"TestAnthropicMessagesContractAndNativeContinuation"}
{"Time":"2026-09-11T15:24:54.190203523-07:00","Action":"output","Package":"github.com/JDinSeattle/forge-runtime/internal/provider","Test":"TestAnthropicMessagesContractAndNativeContinuation","Output":"=== RUN   TestAnthropicMessagesContractAndNativeContinuation\n"}
{"Time":"2026-09-11T15:24:54.194043364-07:00","Action":"run","Package":"github.com/JDinSeattle/forge-runtime/scripts/faults/application","Test":"TestApplicationFaultWorkerProcess"}
{"Time":"2026-09-11T15:24:54.194075432-07:00","Action":"output","Package":"github.com/JDinSeattle/forge-runtime/scripts/faults/application","Test":"TestApplicationFaultWorkerProcess","Output":"=== RUN   TestApplicationFaultWorkerProcess\n"}
{"Time":"2026-09-11T15:24:54.194351005-07:00","Action":"output","Package":"github.com/JDinSeattle/forge-runtime/scripts/faults/application","Test":"TestApplicationFaultWorkerProcess","Output":"    application_test.go:158: subprocess entry point only\n"}
{"Time":"2026-09-11T15:24:54.194367385-07:00","Action":"output","Package":"github.com/JDinSeattle/forge-runtime/scripts/faults/application","Test":"TestApplicationFaultWorkerProcess","Output":"--- SKIP: TestApplicationFaultWorkerProcess (0.00s)\n"}
{"Time":"2026-09-11T15:24:54.194372282-07:00","Action":"skip","Package":"github.com/JDinSeattle/forge-runtime/scripts/faults/application","Test":"TestApplicationFaultWorkerProcess","Elapsed":0}
{"Time":"2026-09-11T15:24:54.194376924-07:00","Action":"run","Package":"github.com/JDinSeattle/forge-runtime/scripts/faults/application","Test":"TestRealApplicationFaultMatrix"}
{"Time":"2026-09-11T15:24:54.194379756-07:00","Action":"output","Package":"github.com/JDinSeattle/forge-runtime/scripts/faults/application","Test":"TestRealApplicationFaultMatrix","Output":"=== RUN   TestRealApplicationFaultMatrix\n"}
{"Time":"2026-09-11T15:24:54.194382436-07:00","Action":"output","Package":"github.com/JDinSeattle/forge-runtime/scripts/faults/application","Test":"TestRealApplicationFaultMatrix","Output":"    application_test.go:443: operator opt-in requires quiesced real runner/pool and isolated loopback PostgreSQL\n"}
{"Time":"2026-09-11T15:24:54.194385876-07:00","Action":"output","Package":"github.com/JDinSeattle/forge-runtime/scripts/faults/application","Test":"TestRealApplicationFaultMatrix","Output":"--- SKIP: TestRealApplicationFaultMatrix (0.00s)\n"}
{"Time":"2026-09-11T15:24:54.194443124-07:00","Action":"skip","Package":"github.com/JDinSeattle/forge-runtime/scripts/faults/application","Test":"TestRealApplicationFaultMatrix","Elapsed":0}
{"Time":"2026-09-11T15:24:54.194450709-07:00","Action":"run","Package":"github.com/JDinSeattle/forge-runtime/scripts/faults/application","Test":"TestApplicationFixturePreflight"}
{"Time":"2026-09-11T15:24:54.194454507-07:00","Action":"output","Package":"github.com/JDinSeattle/forge-runtime/scripts/faults/application","Test":"TestApplicationFixturePreflight","Output":"=== RUN   TestApplicationFixturePreflight\n"}
{"Time":"2026-09-11T15:24:54.19450928-07:00","Action":"run","Package":"github.com/JDinSeattle/forge-runtime/scripts/faults/application","Test":"TestApplicationFixturePreflight/F05"}
{"Time":"2026-09-11T15:24:54.194517068-07:00","Action":"output","Package":"github.com/JDinSeattle/forge-runtime/scripts/faults/application","Test":"TestApplicationFixturePreflight/F05","Output":"=== RUN   TestApplicationFixturePreflight/F05\n"}
{"Time":"2026-09-11T15:24:54.19538505-07:00","Action":"output","Package":"github.com/JDinSeattle/forge-runtime/internal/telemetry","Test":"TestQueueTraceContinuityAndSSEWriter","Output":"--- PASS: TestQueueTraceContinuityAndSSEWriter (0.01s)\n"}
{"Time":"2026-09-11T15:24:54.195416582-07:00","Action":"pass","Package":"github.com/JDinSeattle/forge-runtime/internal/telemetry","Test":"TestQueueTraceContinuityAndSSEWriter","Elapsed":0.01}
{"Time":"2026-09-11T15:24:54.195424561-07:00","Action":"run","Package":"github.com/JDinSeattle/forge-runtime/internal/telemetry","Test":"TestUntrustedDimensionsCollapseAndEndIsConcurrentSafe"}
{"Time":"2026-09-11T15:24:54.195427267-07:00","Action":"output","Package":"github.com/JDinSeattle/forge-runtime/internal/telemetry","Test":"TestUntrustedDimensionsCollapseAndEndIsConcurrentSafe","Output":"=== RUN   TestUntrustedDimensionsCollapseAndEndIsConcurrentSafe\n"}
{"Time":"2026-09-11T15:24:54.195597419-07:00","Action":"output","Package":"github.com/JDinSeattle/forge-runtime/scripts/faults/application","Test":"TestApplicationFixturePreflight/F05","Output":"--- PASS: TestApplicationFixturePreflight/F05 (0.00s)\n"}
{"Time":"2026-09-11T15:24:54.195614274-07:00","Action":"pass","Package":"github.com/JDinSeattle/forge-runtime/scripts/faults/application","Test":"TestApplicationFixturePreflight/F05","Elapsed":0}
{"Time":"2026-09-11T15:24:54.1956261-07:00","Action":"run","Package":"github.com/JDinSeattle/forge-runtime/scripts/faults/application","Test":"TestApplicationFixturePreflight/F07"}
{"Time":"2026-09-11T15:24:54.19563102-07:00","Action":"output","Package":"github.com/JDinSeattle/forge-runtime/scripts/faults/application","Test":"TestApplicationFixturePreflight/F07","Output":"=== RUN   TestApplicationFixturePreflight/F07\n"}
{"Time":"2026-09-11T15:24:54.196385306-07:00","Action":"output","Package":"github.com/JDinSeattle/forge-runtime/scripts/faults/application","Test":"TestApplicationFixturePreflight/F07","Output":"--- PASS: TestApplicationFixturePreflight/F07 (0.00s)\n"}
{"Time":"2026-09-11T15:24:54.196741344-07:00","Action":"pass","Package":"github.com/JDinSeattle/forge-runtime/scripts/faults/application","Test":"TestApplicationFixturePreflight/F07","Elapsed":0}
{"Time":"2026-09-11T15:24:54.196755952-07:00","Action":"run","Package":"github.com/JDinSeattle/forge-runtime/scripts/faults/application","Test":"TestApplicationFixturePreflight/F08"}
{"Time":"2026-09-11T15:24:54.196759543-07:00","Action":"output","Package":"github.com/JDinSeattle/forge-runtime/scripts/faults/application","Test":"TestApplicationFixturePreflight/F08","Output":"=== RUN   TestApplicationFixturePreflight/F08\n"}
{"Time":"2026-09-11T15:24:54.197290736-07:00","Action":"output","Package":"github.com/JDinSeattle/forge-runtime/internal/provider","Test":"TestAnthropicMessagesContractAndNativeContinuation","Output":"--- PASS: TestAnthropicMessagesContractAndNativeContinuation (0.01s)\n"}
{"Time":"2026-09-11T15:24:54.197315156-07:00","Action":"pass","Package":"github.com/JDinSeattle/forge-runtime/internal/provider","Test":"TestAnthropicMessagesContractAndNativeContinuation","Elapsed":0.01}
{"Time":"2026-09-11T15:24:54.19732144-07:00","Action":"run","Package":"github.com/JDinSeattle/forge-runtime/internal/provider","Test":"TestAdaptersAbortAfterToolCompletionWithoutTerminalEvent"}
{"Time":"2026-09-11T15:24:54.197335835-07:00","Action":"output","Package":"github.com/JDinSeattle/forge-runtime/internal/provider","Test":"TestAdaptersAbortAfterToolCompletionWithoutTerminalEvent","Output":"=== RUN   TestAdaptersAbortAfterToolCompletionWithoutTerminalEvent\n"}
{"Time":"2026-09-11T15:24:54.197343285-07:00","Action":"run","Package":"github.com/JDinSeattle/forge-runtime/internal/provider","Test":"TestAdaptersAbortAfterToolCompletionWithoutTerminalEvent/openai"}
{"Time":"2026-09-11T15:24:54.197346952-07:00","Action":"output","Package":"github.com/JDinSeattle/forge-runtime/internal/provider","Test":"TestAdaptersAbortAfterToolCompletionWithoutTerminalEvent/openai","Output":"=== RUN   TestAdaptersAbortAfterToolCompletionWithoutTerminalEvent/openai\n"}
{"Time":"2026-09-11T15:24:54.197356369-07:00","Action":"output","Package":"github.com/JDinSeattle/forge-runtime/scripts/faults/application","Test":"TestApplicationFixturePreflight/F08","Output":"--- PASS: TestApplicationFixturePreflight/F08 (0.00s)\n"}
{"Time":"2026-09-11T15:24:54.197361413-07:00","Action":"pass","Package":"github.com/JDinSeattle/forge-runtime/scripts/faults/application","Test":"TestApplicationFixturePreflight/F08","Elapsed":0}
{"Time":"2026-09-11T15:24:54.197366244-07:00","Action":"output","Package":"github.com/JDinSeattle/forge-runtime/scripts/faults/application","Test":"TestApplicationFixturePreflight","Output":"--- PASS: TestApplicationFixturePreflight (0.00s)\n"}
{"Time":"2026-09-11T15:24:54.197373622-07:00","Action":"pass","Package":"github.com/JDinSeattle/forge-runtime/scripts/faults/application","Test":"TestApplicationFixturePreflight","Elapsed":0}
{"Time":"2026-09-11T15:24:54.197377911-07:00","Action":"run","Package":"github.com/JDinSeattle/forge-runtime/scripts/faults/application","Test":"TestApplicationContinuationWorkerProcess"}
{"Time":"2026-09-11T15:24:54.19738209-07:00","Action":"output","Package":"github.com/JDinSeattle/forge-runtime/scripts/faults/application","Test":"TestApplicationContinuationWorkerProcess","Output":"=== RUN   TestApplicationContinuationWorkerProcess\n"}
{"Time":"2026-09-11T15:24:54.197414083-07:00","Action":"output","Package":"github.com/JDinSeattle/forge-runtime/scripts/faults/application","Test":"TestApplicationContinuationWorkerProcess","Output":"    continuation_test.go:66: private subprocess entry point only\n"}
{"Time":"2026-09-11T15:24:54.197424498-07:00","Action":"output","Package":"github.com/JDinSeattle/forge-runtime/scripts/faults/application","Test":"TestApplicationContinuationWorkerProcess","Output":"--- SKIP: TestApplicationContinuationWorkerProcess (0.00s)\n"}
{"Time":"2026-09-11T15:24:54.19743046-07:00","Action":"skip","Package":"github.com/JDinSeattle/forge-runtime/scripts/faults/application","Test":"TestApplicationContinuationWorkerProcess","Elapsed":0}
{"Time":"2026-09-11T15:24:54.197438798-07:00","Action":"run","Package":"github.com/JDinSeattle/forge-runtime/scripts/faults/application","Test":"TestRealApplicationContinuationMatrix"}
{"Time":"2026-09-11T15:24:54.197442895-07:00","Action":"output","Package":"github.com/JDinSeattle/forge-runtime/scripts/faults/application","Test":"TestRealApplicationContinuationMatrix","Output":"=== RUN   TestRealApplicationContinuationMatrix\n"}
{"Time":"2026-09-11T15:24:54.197469479-07:00","Action":"output","Package":"github.com/JDinSeattle/forge-runtime/scripts/faults/application","Test":"TestRealApplicationContinuationMatrix","Output":"    continuation_test.go:247: operator opt-in requires quiesced original runner/pool\n"}
{"Time":"2026-09-11T15:24:54.197477526-07:00","Action":"output","Package":"github.com/JDinSeattle/forge-runtime/scripts/faults/application","Test":"TestRealApplicationContinuationMatrix","Output":"--- SKIP: TestRealApplicationContinuationMatrix (0.00s)\n"}
{"Time":"2026-09-11T15:24:54.197485506-07:00","Action":"skip","Package":"github.com/JDinSeattle/forge-runtime/scripts/faults/application","Test":"TestRealApplicationContinuationMatrix","Elapsed":0}
{"Time":"2026-09-11T15:24:54.197491481-07:00","Action":"run","Package":"github.com/JDinSeattle/forge-runtime/scripts/faults/application","Test":"TestApplicationContinuationPreflight"}
{"Time":"2026-09-11T15:24:54.197495164-07:00","Action":"output","Package":"github.com/JDinSeattle/forge-runtime/scripts/faults/application","Test":"TestApplicationContinuationPreflight","Output":"=== RUN   TestApplicationContinuationPreflight\n"}
{"Time":"2026-09-11T15:24:54.198058934-07:00","Action":"output","Package":"github.com/JDinSeattle/forge-runtime/internal/telemetry","Test":"TestUntrustedDimensionsCollapseAndEndIsConcurrentSafe","Output":"--- PASS: TestUntrustedDimensionsCollapseAndEndIsConcurrentSafe (0.00s)\n"}
{"Time":"2026-09-11T15:24:54.19807185-07:00","Action":"pass","Package":"github.com/JDinSeattle/forge-runtime/internal/telemetry","Test":"TestUntrustedDimensionsCollapseAndEndIsConcurrentSafe","Elapsed":0}
{"Time":"2026-09-11T15:24:54.198075541-07:00","Action":"run","Package":"github.com/JDinSeattle/forge-runtime/internal/telemetry","Test":"TestUnmatchedPathsNeverBecomeLabels"}
{"Time":"2026-09-11T15:24:54.198078463-07:00","Action":"output","Package":"github.com/JDinSeattle/forge-runtime/internal/telemetry","Test":"TestUnmatchedPathsNeverBecomeLabels","Output":"=== RUN   TestUnmatchedPathsNeverBecomeLabels\n"}
{"Time":"2026-09-11T15:24:54.198098619-07:00","Action":"output","Package":"github.com/JDinSeattle/forge-runtime/scripts/faults/application","Test":"TestApplicationContinuationPreflight","Output":"--- PASS: TestApplicationContinuationPreflight (0.00s)\n"}
{"Time":"2026-09-11T15:24:54.198107913-07:00","Action":"pass","Package":"github.com/JDinSeattle/forge-runtime/scripts/faults/application","Test":"TestApplicationContinuationPreflight","Elapsed":0}
{"Time":"2026-09-11T15:24:54.198124799-07:00","Action":"run","Package":"github.com/JDinSeattle/forge-runtime/scripts/faults/application","Test":"TestRecoverApplicationContinuation"}
{"Time":"2026-09-11T15:24:54.198129718-07:00","Action":"output","Package":"github.com/JDinSeattle/forge-runtime/scripts/faults/application","Test":"TestRecoverApplicationContinuation","Output":"=== RUN   TestRecoverApplicationContinuation\n"}
{"Time":"2026-09-11T15:24:54.198170066-07:00","Action":"output","Package":"github.com/JDinSeattle/forge-runtime/scripts/faults/application","Test":"TestRecoverApplicationContinuation","Output":"    continuation_test.go:596: explicit retained recovery-descriptor.json required\n"}
{"Time":"2026-09-11T15:24:54.198183097-07:00","Action":"output","Package":"github.com/JDinSeattle/forge-runtime/scripts/faults/application","Test":"TestRecoverApplicationContinuation","Output":"--- SKIP: TestRecoverApplicationContinuation (0.00s)\n"}
{"Time":"2026-09-11T15:24:54.19818864-07:00","Action":"skip","Package":"github.com/JDinSeattle/forge-runtime/scripts/faults/application","Test":"TestRecoverApplicationContinuation","Elapsed":0}
{"Time":"2026-09-11T15:24:54.198205109-07:00","Action":"run","Package":"github.com/JDinSeattle/forge-runtime/scripts/faults/application","Test":"TestRecoverApplicationNetwork"}
{"Time":"2026-09-11T15:24:54.198212766-07:00","Action":"output","Package":"github.com/JDinSeattle/forge-runtime/scripts/faults/application","Test":"TestRecoverApplicationNetwork","Output":"=== RUN   TestRecoverApplicationNetwork\n"}
{"Time":"2026-09-11T15:24:54.198236231-07:00","Action":"run","Package":"github.com/JDinSeattle/forge-runtime/tests/review","Test":"TestReviewFixedRunnerClaimAndTakeoverRemainOnAssignedTransport"}
{"Time":"2026-09-11T15:24:54.198240276-07:00","Action":"output","Package":"github.com/JDinSeattle/forge-runtime/tests/review","Test":"TestReviewFixedRunnerClaimAndTakeoverRemainOnAssignedTransport","Output":"=== RUN   TestReviewFixedRunnerClaimAndTakeoverRemainOnAssignedTransport\n"}
{"Time":"2026-09-11T15:24:54.198264604-07:00","Action":"output","Package":"github.com/JDinSeattle/forge-runtime/scripts/faults/application","Test":"TestRecoverApplicationNetwork","Output":"    network_recovery_test.go:24: explicit original network case recovery-descriptor.json required\n"}
{"Time":"2026-09-11T15:24:54.19826879-07:00","Action":"output","Package":"github.com/JDinSeattle/forge-runtime/scripts/faults/application","Test":"TestRecoverApplicationNetwork","Output":"--- SKIP: TestRecoverApplicationNetwork (0.00s)\n"}
{"Time":"2026-09-11T15:24:54.198271794-07:00","Action":"skip","Package":"github.com/JDinSeattle/forge-runtime/scripts/faults/application","Test":"TestRecoverApplicationNetwork","Elapsed":0}
{"Time":"2026-09-11T15:24:54.198275253-07:00","Action":"run","Package":"github.com/JDinSeattle/forge-runtime/scripts/faults/application","Test":"TestApplicationNetworkWorkerProcess"}
{"Time":"2026-09-11T15:24:54.198277674-07:00","Action":"output","Package":"github.com/JDinSeattle/forge-runtime/scripts/faults/application","Test":"TestApplicationNetworkWorkerProcess","Output":"=== RUN   TestApplicationNetworkWorkerProcess\n"}
{"Time":"2026-09-11T15:24:54.19832315-07:00","Action":"output","Package":"github.com/JDinSeattle/forge-runtime/scripts/faults/application","Test":"TestApplicationNetworkWorkerProcess","Output":"    network_test.go:88: private network-matrix worker only\n"}
{"Time":"2026-09-11T15:24:54.19833367-07:00","Action":"output","Package":"github.com/JDinSeattle/forge-runtime/scripts/faults/application","Test":"TestApplicationNetworkWorkerProcess","Output":"--- SKIP: TestApplicationNetworkWorkerProcess (0.00s)\n"}
{"Time":"2026-09-11T15:24:54.198337163-07:00","Action":"skip","Package":"github.com/JDinSeattle/forge-runtime/scripts/faults/application","Test":"TestApplicationNetworkWorkerProcess","Elapsed":0}
{"Time":"2026-09-11T15:24:54.198340324-07:00","Action":"run","Package":"github.com/JDinSeattle/forge-runtime/scripts/faults/application","Test":"TestApplicationNetworkAPIProcess"}
{"Time":"2026-09-11T15:24:54.198343682-07:00","Action":"output","Package":"github.com/JDinSeattle/forge-runtime/scripts/faults/application","Test":"TestApplicationNetworkAPIProcess","Output":"=== RUN   TestApplicationNetworkAPIProcess\n"}
{"Time":"2026-09-11T15:24:54.198347993-07:00","Action":"output","Package":"github.com/JDinSeattle/forge-runtime/scripts/faults/application","Test":"TestApplicationNetworkAPIProcess","Output":"    network_test.go:127: private real HTTP/SSE process only\n"}
{"Time":"2026-09-11T15:24:54.198354717-07:00","Action":"output","Package":"github.com/JDinSeattle/forge-runtime/scripts/faults/application","Test":"TestApplicationNetworkAPIProcess","Output":"--- SKIP: TestApplicationNetworkAPIProcess (0.00s)\n"}
{"Time":"2026-09-11T15:24:54.198359403-07:00","Action":"skip","Package":"github.com/JDinSeattle/forge-runtime/scripts/faults/application","Test":"TestApplicationNetworkAPIProcess","Elapsed":0}
{"Time":"2026-09-11T15:24:54.198364641-07:00","Action":"run","Package":"github.com/JDinSeattle/forge-runtime/scripts/faults/application","Test":"TestRealApplicationNetworkMatrix"}
{"Time":"2026-09-11T15:24:54.198367978-07:00","Action":"output","Package":"github.com/JDinSeattle/forge-runtime/scripts/faults/application","Test":"TestRealApplicationNetworkMatrix","Output":"=== RUN   TestRealApplicationNetworkMatrix\n"}
{"Time":"2026-09-11T15:24:54.19839707-07:00","Action":"output","Package":"github.com/JDinSeattle/forge-runtime/scripts/faults/application","Test":"TestRealApplicationNetworkMatrix","Output":"    network_test.go:402: operator opt-in requires quiesced original runner/pool\n"}
{"Time":"2026-09-11T15:24:54.198443475-07:00","Action":"output","Package":"github.com/JDinSeattle/forge-runtime/scripts/faults/application","Test":"TestRealApplicationNetworkMatrix","Output":"--- SKIP: TestRealApplicationNetworkMatrix (0.00s)\n"}
{"Time":"2026-09-11T15:24:54.198453075-07:00","Action":"skip","Package":"github.com/JDinSeattle/forge-runtime/scripts/faults/application","Test":"TestRealApplicationNetworkMatrix","Elapsed":0}
{"Time":"2026-09-11T15:24:54.198460004-07:00","Action":"run","Package":"github.com/JDinSeattle/forge-runtime/scripts/faults/application","Test":"TestApplicationNetworkPreflight"}
{"Time":"2026-09-11T15:24:54.198462861-07:00","Action":"output","Package":"github.com/JDinSeattle/forge-runtime/scripts/faults/application","Test":"TestApplicationNetworkPreflight","Output":"=== RUN   TestApplicationNetworkPreflight\n"}
{"Time":"2026-09-11T15:24:54.198466706-07:00","Action":"output","Package":"github.com/JDinSeattle/forge-runtime/scripts/faults/application","Test":"TestApplicationNetworkPreflight","Output":"--- PASS: TestApplicationNetworkPreflight (0.00s)\n"}
{"Time":"2026-09-11T15:24:54.198469559-07:00","Action":"pass","Package":"github.com/JDinSeattle/forge-runtime/scripts/faults/application","Test":"TestApplicationNetworkPreflight","Elapsed":0}
{"Time":"2026-09-11T15:24:54.198472157-07:00","Action":"run","Package":"github.com/JDinSeattle/forge-runtime/scripts/faults/application","Test":"TestApplicationNetworkAPIPrivilegePreflight"}
{"Time":"2026-09-11T15:24:54.198475712-07:00","Action":"output","Package":"github.com/JDinSeattle/forge-runtime/scripts/faults/application","Test":"TestApplicationNetworkAPIPrivilegePreflight","Output":"=== RUN   TestApplicationNetworkAPIPrivilegePreflight\n"}
{"Time":"2026-09-11T15:24:54.198484319-07:00","Action":"output","Package":"github.com/JDinSeattle/forge-runtime/scripts/faults/application","Test":"TestApplicationNetworkAPIPrivilegePreflight","Output":"    network_test.go:711: explicit private PG/API preflight required; no runner process used\n"}
{"Time":"2026-09-11T15:24:54.198502359-07:00","Action":"output","Package":"github.com/JDinSeattle/forge-runtime/scripts/faults/application","Test":"TestApplicationNetworkAPIPrivilegePreflight","Output":"--- SKIP: TestApplicationNetworkAPIPrivilegePreflight (0.00s)\n"}
{"Time":"2026-09-11T15:24:54.198507278-07:00","Action":"skip","Package":"github.com/JDinSeattle/forge-runtime/scripts/faults/application","Test":"TestApplicationNetworkAPIPrivilegePreflight","Elapsed":0}
{"Time":"2026-09-11T15:24:54.198511227-07:00","Action":"run","Package":"github.com/JDinSeattle/forge-runtime/scripts/faults/application","Test":"TestFixtureProxyCutsExistingAndNewConnections"}
{"Time":"2026-09-11T15:24:54.198513729-07:00","Action":"output","Package":"github.com/JDinSeattle/forge-runtime/scripts/faults/application","Test":"TestFixtureProxyCutsExistingAndNewConnections","Output":"=== RUN   TestFixtureProxyCutsExistingAndNewConnections\n"}
{"Time":"2026-09-11T15:24:54.199146433-07:00","Action":"output","Package":"github.com/JDinSeattle/forge-runtime/internal/provider","Test":"TestAdaptersAbortAfterToolCompletionWithoutTerminalEvent/openai","Output":"--- PASS: TestAdaptersAbortAfterToolCompletionWithoutTerminalEvent/openai (0.00s)\n"}
{"Time":"2026-09-11T15:24:54.199157966-07:00","Action":"pass","Package":"github.com/JDinSeattle/forge-runtime/internal/provider","Test":"TestAdaptersAbortAfterToolCompletionWithoutTerminalEvent/openai","Elapsed":0}
{"Time":"2026-09-11T15:24:54.1991639-07:00","Action":"run","Package":"github.com/JDinSeattle/forge-runtime/internal/provider","Test":"TestAdaptersAbortAfterToolCompletionWithoutTerminalEvent/anthropic"}
{"Time":"2026-09-11T15:24:54.19916669-07:00","Action":"output","Package":"github.com/JDinSeattle/forge-runtime/internal/provider","Test":"TestAdaptersAbortAfterToolCompletionWithoutTerminalEvent/anthropic","Output":"=== RUN   TestAdaptersAbortAfterToolCompletionWithoutTerminalEvent/anthropic\n"}
{"Time":"2026-09-11T15:24:54.19966584-07:00","Action":"output","Package":"github.com/JDinSeattle/forge-runtime/scripts/faults/application","Test":"TestFixtureProxyCutsExistingAndNewConnections","Output":"--- PASS: TestFixtureProxyCutsExistingAndNewConnections (0.00s)\n"}
{"Time":"2026-09-11T15:24:54.199689667-07:00","Action":"pass","Package":"github.com/JDinSeattle/forge-runtime/scripts/faults/application","Test":"TestFixtureProxyCutsExistingAndNewConnections","Elapsed":0}
{"Time":"2026-09-11T15:24:54.199701782-07:00","Action":"output","Package":"github.com/JDinSeattle/forge-runtime/scripts/faults/application","Output":"PASS\n"}
{"Time":"2026-09-11T15:24:54.200814029-07:00","Action":"run","Package":"github.com/JDinSeattle/forge-runtime/internal/localsetup","Test":"TestEnvironmentURLSurvivesShellSource"}
{"Time":"2026-09-11T15:24:54.20082616-07:00","Action":"output","Package":"github.com/JDinSeattle/forge-runtime/internal/localsetup","Test":"TestEnvironmentURLSurvivesShellSource","Output":"=== RUN   TestEnvironmentURLSurvivesShellSource\n"}
{"Time":"2026-09-11T15:24:54.201548269-07:00","Action":"output","Package":"github.com/JDinSeattle/forge-runtime/internal/provider","Test":"TestAdaptersAbortAfterToolCompletionWithoutTerminalEvent/anthropic","Output":"--- PASS: TestAdaptersAbortAfterToolCompletionWithoutTerminalEvent/anthropic (0.00s)\n"}
{"Time":"2026-09-11T15:24:54.20157265-07:00","Action":"pass","Package":"github.com/JDinSeattle/forge-runtime/internal/provider","Test":"TestAdaptersAbortAfterToolCompletionWithoutTerminalEvent/anthropic","Elapsed":0}
{"Time":"2026-09-11T15:24:54.201593705-07:00","Action":"run","Package":"github.com/JDinSeattle/forge-runtime/internal/configuration","Test":"TestLoadOperatorTextBatchPolicy"}
{"Time":"2026-09-11T15:24:54.201599573-07:00","Action":"output","Package":"github.com/JDinSeattle/forge-runtime/internal/configuration","Test":"TestLoadOperatorTextBatchPolicy","Output":"=== RUN   TestLoadOperatorTextBatchPolicy\n"}
{"Time":"2026-09-11T15:24:54.201623427-07:00","Action":"output","Package":"github.com/JDinSeattle/forge-runtime/internal/provider","Test":"TestAdaptersAbortAfterToolCompletionWithoutTerminalEvent","Output":"--- PASS: TestAdaptersAbortAfterToolCompletionWithoutTerminalEvent (0.00s)\n"}
{"Time":"2026-09-11T15:24:54.201628401-07:00","Action":"pass","Package":"github.com/JDinSeattle/forge-runtime/internal/provider","Test":"TestAdaptersAbortAfterToolCompletionWithoutTerminalEvent","Elapsed":0}
{"Time":"2026-09-11T15:24:54.201632516-07:00","Action":"run","Package":"github.com/JDinSeattle/forge-runtime/internal/provider","Test":"TestAdaptersDisableSDKRetriesAndRespectHTTPErrorMetadata"}
{"Time":"2026-09-11T15:24:54.201636232-07:00","Action":"output","Package":"github.com/JDinSeattle/forge-runtime/internal/provider","Test":"TestAdaptersDisableSDKRetriesAndRespectHTTPErrorMetadata","Output":"=== RUN   TestAdaptersDisableSDKRetriesAndRespectHTTPErrorMetadata\n"}
{"Time":"2026-09-11T15:24:54.201642037-07:00","Action":"run","Package":"github.com/JDinSeattle/forge-runtime/internal/configuration","Test":"TestLoadOperatorTextBatchPolicy/omitted_defaults"}
{"Time":"2026-09-11T15:24:54.201645987-07:00","Action":"output","Package":"github.com/JDinSeattle/forge-runtime/internal/configuration","Test":"TestLoadOperatorTextBatchPolicy/omitted_defaults","Output":"=== RUN   TestLoadOperatorTextBatchPolicy/omitted_defaults\n"}
{"Time":"2026-09-11T15:24:54.201656222-07:00","Action":"run","Package":"github.com/JDinSeattle/forge-runtime/internal/provider","Test":"TestAdaptersDisableSDKRetriesAndRespectHTTPErrorMetadata/openai"}
{"Time":"2026-09-11T15:24:54.201659923-07:00","Action":"output","Package":"github.com/JDinSeattle/forge-runtime/internal/provider","Test":"TestAdaptersDisableSDKRetriesAndRespectHTTPErrorMetadata/openai","Output":"=== RUN   TestAdaptersDisableSDKRetriesAndRespectHTTPErrorMetadata/openai\n"}
{"Time":"2026-09-11T15:24:54.203133131-07:00","Action":"output","Package":"github.com/JDinSeattle/forge-runtime/internal/configuration","Test":"TestLoadOperatorTextBatchPolicy/omitted_defaults","Output":"--- PASS: TestLoadOperatorTextBatchPolicy/omitted_defaults (0.00s)\n"}
{"Time":"2026-09-11T15:24:54.203159037-07:00","Action":"pass","Package":"github.com/JDinSeattle/forge-runtime/internal/configuration","Test":"TestLoadOperatorTextBatchPolicy/omitted_defaults","Elapsed":0}
{"Time":"2026-09-11T15:24:54.203164375-07:00","Action":"run","Package":"github.com/JDinSeattle/forge-runtime/internal/configuration","Test":"TestLoadOperatorTextBatchPolicy/explicit"}
{"Time":"2026-09-11T15:24:54.203172298-07:00","Action":"output","Package":"github.com/JDinSeattle/forge-runtime/internal/configuration","Test":"TestLoadOperatorTextBatchPolicy/explicit","Output":"=== RUN   TestLoadOperatorTextBatchPolicy/explicit\n"}
{"Time":"2026-09-11T15:24:54.203373031-07:00","Action":"output","Package":"github.com/JDinSeattle/forge-runtime/internal/localsetup","Test":"TestEnvironmentURLSurvivesShellSource","Output":"--- PASS: TestEnvironmentURLSurvivesShellSource (0.00s)\n"}
{"Time":"2026-09-11T15:24:54.20340822-07:00","Action":"pass","Package":"github.com/JDinSeattle/forge-runtime/internal/localsetup","Test":"TestEnvironmentURLSurvivesShellSource","Elapsed":0}
{"Time":"2026-09-11T15:24:54.203414069-07:00","Action":"run","Package":"github.com/JDinSeattle/forge-runtime/internal/localsetup","Test":"TestFixtureProfilesPreservePythonAndSeparateTrustedGoVerifier"}
{"Time":"2026-09-11T15:24:54.203418685-07:00","Action":"output","Package":"github.com/JDinSeattle/forge-runtime/internal/localsetup","Test":"TestFixtureProfilesPreservePythonAndSeparateTrustedGoVerifier","Output":"=== RUN   TestFixtureProfilesPreservePythonAndSeparateTrustedGoVerifier\n"}
{"Time":"2026-09-11T15:24:54.203428562-07:00","Action":"output","Package":"github.com/JDinSeattle/forge-runtime/internal/provider","Test":"TestAdaptersDisableSDKRetriesAndRespectHTTPErrorMetadata/openai","Output":"--- PASS: TestAdaptersDisableSDKRetriesAndRespectHTTPErrorMetadata/openai (0.00s)\n"}
{"Time":"2026-09-11T15:24:54.203433536-07:00","Action":"pass","Package":"github.com/JDinSeattle/forge-runtime/internal/provider","Test":"TestAdaptersDisableSDKRetriesAndRespectHTTPErrorMetadata/openai","Elapsed":0}
{"Time":"2026-09-11T15:24:54.203449177-07:00","Action":"run","Package":"github.com/JDinSeattle/forge-runtime/internal/provider","Test":"TestAdaptersDisableSDKRetriesAndRespectHTTPErrorMetadata/anthropic"}
{"Time":"2026-09-11T15:24:54.203454214-07:00","Action":"output","Package":"github.com/JDinSeattle/forge-runtime/internal/provider","Test":"TestAdaptersDisableSDKRetriesAndRespectHTTPErrorMetadata/anthropic","Output":"=== RUN   TestAdaptersDisableSDKRetriesAndRespectHTTPErrorMetadata/anthropic\n"}
{"Time":"2026-09-11T15:24:54.203770358-07:00","Action":"output","Package":"github.com/JDinSeattle/forge-runtime/internal/configuration","Test":"TestLoadOperatorTextBatchPolicy/explicit","Output":"--- PASS: TestLoadOperatorTextBatchPolicy/explicit (0.00s)\n"}
{"Time":"2026-09-11T15:24:54.203786726-07:00","Action":"pass","Package":"github.com/JDinSeattle/forge-runtime/internal/configuration","Test":"TestLoadOperatorTextBatchPolicy/explicit","Elapsed":0}
{"Time":"2026-09-11T15:24:54.203791884-07:00","Action":"run","Package":"github.com/JDinSeattle/forge-runtime/internal/configuration","Test":"TestLoadOperatorTextBatchPolicy/interval_rejected"}
{"Time":"2026-09-11T15:24:54.203796915-07:00","Action":"output","Package":"github.com/JDinSeattle/forge-runtime/internal/configuration","Test":"TestLoadOperatorTextBatchPolicy/interval_rejected","Output":"=== RUN   TestLoadOperatorTextBatchPolicy/interval_rejected\n"}
{"Time":"2026-09-11T15:24:54.204383625-07:00","Action":"output","Package":"github.com/JDinSeattle/forge-runtime/internal/localsetup","Test":"TestFixtureProfilesPreservePythonAndSeparateTrustedGoVerifier","Output":"--- PASS: TestFixtureProfilesPreservePythonAndSeparateTrustedGoVerifier (0.00s)\n"}
{"Time":"2026-09-11T15:24:54.204400914-07:00","Action":"pass","Package":"github.com/JDinSeattle/forge-runtime/internal/localsetup","Test":"TestFixtureProfilesPreservePythonAndSeparateTrustedGoVerifier","Elapsed":0}
{"Time":"2026-09-11T15:24:54.204417479-07:00","Action":"run","Package":"github.com/JDinSeattle/forge-runtime/internal/localsetup","Test":"TestGoDemoPatchBindsBaselineAndProducesExpectedSnapshot"}
{"Time":"2026-09-11T15:24:54.204422174-07:00","Action":"output","Package":"github.com/JDinSeattle/forge-runtime/internal/localsetup","Test":"TestGoDemoPatchBindsBaselineAndProducesExpectedSnapshot","Output":"=== RUN   TestGoDemoPatchBindsBaselineAndProducesExpectedSnapshot\n"}
{"Time":"2026-09-11T15:24:54.204546078-07:00","Action":"output","Package":"github.com/JDinSeattle/forge-runtime/internal/configuration","Test":"TestLoadOperatorTextBatchPolicy/interval_rejected","Output":"--- PASS: TestLoadOperatorTextBatchPolicy/interval_rejected (0.00s)\n"}
{"Time":"2026-09-11T15:24:54.204559851-07:00","Action":"pass","Package":"github.com/JDinSeattle/forge-runtime/internal/configuration","Test":"TestLoadOperatorTextBatchPolicy/interval_rejected","Elapsed":0}
{"Time":"2026-09-11T15:24:54.204578223-07:00","Action":"run","Package":"github.com/JDinSeattle/forge-runtime/internal/configuration","Test":"TestLoadOperatorTextBatchPolicy/byte_ceiling_rejected"}
{"Time":"2026-09-11T15:24:54.204583215-07:00","Action":"output","Package":"github.com/JDinSeattle/forge-runtime/internal/configuration","Test":"TestLoadOperatorTextBatchPolicy/byte_ceiling_rejected","Output":"=== RUN   TestLoadOperatorTextBatchPolicy/byte_ceiling_rejected\n"}
{"Time":"2026-09-11T15:24:54.205101406-07:00","Action":"output","Package":"github.com/JDinSeattle/forge-runtime/internal/configuration","Test":"TestLoadOperatorTextBatchPolicy/byte_ceiling_rejected","Output":"--- PASS: TestLoadOperatorTextBatchPolicy/byte_ceiling_rejected (0.00s)\n"}
{"Time":"2026-09-11T15:24:54.205109662-07:00","Action":"pass","Package":"github.com/JDinSeattle/forge-runtime/internal/configuration","Test":"TestLoadOperatorTextBatchPolicy/byte_ceiling_rejected","Elapsed":0}
{"Time":"2026-09-11T15:24:54.205117231-07:00","Action":"output","Package":"github.com/JDinSeattle/forge-runtime/internal/provider","Test":"TestAdaptersDisableSDKRetriesAndRespectHTTPErrorMetadata/anthropic","Output":"--- PASS: TestAdaptersDisableSDKRetriesAndRespectHTTPErrorMetadata/anthropic (0.00s)\n"}
{"Time":"2026-09-11T15:24:54.205121909-07:00","Action":"pass","Package":"github.com/JDinSeattle/forge-runtime/internal/provider","Test":"TestAdaptersDisableSDKRetriesAndRespectHTTPErrorMetadata/anthropic","Elapsed":0}
{"Time":"2026-09-11T15:24:54.205137953-07:00","Action":"output","Package":"github.com/JDinSeattle/forge-runtime/internal/configuration","Test":"TestLoadOperatorTextBatchPolicy","Output":"--- PASS: TestLoadOperatorTextBatchPolicy (0.00s)\n"}
{"Time":"2026-09-11T15:24:54.205150943-07:00","Action":"pass","Package":"github.com/JDinSeattle/forge-runtime/internal/configuration","Test":"TestLoadOperatorTextBatchPolicy","Elapsed":0}
{"Time":"2026-09-11T15:24:54.205158317-07:00","Action":"output","Package":"github.com/JDinSeattle/forge-runtime/internal/provider","Test":"TestAdaptersDisableSDKRetriesAndRespectHTTPErrorMetadata","Output":"--- PASS: TestAdaptersDisableSDKRetriesAndRespectHTTPErrorMetadata (0.00s)\n"}
{"Time":"2026-09-11T15:24:54.205166197-07:00","Action":"pass","Package":"github.com/JDinSeattle/forge-runtime/internal/provider","Test":"TestAdaptersDisableSDKRetriesAndRespectHTTPErrorMetadata","Elapsed":0}
{"Time":"2026-09-11T15:24:54.205171965-07:00","Action":"output","Package":"github.com/JDinSeattle/forge-runtime/internal/configuration","Output":"PASS\n"}
{"Time":"2026-09-11T15:24:54.205194409-07:00","Action":"run","Package":"github.com/JDinSeattle/forge-runtime/tests/client","Test":"TestSchemaMatchesActualGoWireModelsAndGeneratedTypes"}
{"Time":"2026-09-11T15:24:54.205199529-07:00","Action":"output","Package":"github.com/JDinSeattle/forge-runtime/tests/client","Test":"TestSchemaMatchesActualGoWireModelsAndGeneratedTypes","Output":"=== RUN   TestSchemaMatchesActualGoWireModelsAndGeneratedTypes\n"}
{"Time":"2026-09-11T15:24:54.205221612-07:00","Action":"run","Package":"github.com/JDinSeattle/forge-runtime/internal/provider","Test":"TestOpenAIFinalToolMismatchRejected"}
{"Time":"2026-09-11T15:24:54.205224936-07:00","Action":"output","Package":"github.com/JDinSeattle/forge-runtime/internal/provider","Test":"TestOpenAIFinalToolMismatchRejected","Output":"=== RUN   TestOpenAIFinalToolMismatchRejected\n"}
{"Time":"2026-09-11T15:24:54.205770905-07:00","Action":"output","Package":"github.com/JDinSeattle/forge-runtime/internal/localsetup","Test":"TestGoDemoPatchBindsBaselineAndProducesExpectedSnapshot","Output":"--- PASS: TestGoDemoPatchBindsBaselineAndProducesExpectedSnapshot (0.00s)\n"}
{"Time":"2026-09-11T15:24:54.205785631-07:00","Action":"pass","Package":"github.com/JDinSeattle/forge-runtime/internal/localsetup","Test":"TestGoDemoPatchBindsBaselineAndProducesExpectedSnapshot","Elapsed":0}
{"Time":"2026-09-11T15:24:54.205816274-07:00","Action":"output","Package":"github.com/JDinSeattle/forge-runtime/internal/localsetup","Output":"PASS\n"}
{"Time":"2026-09-11T15:24:54.207081719-07:00","Action":"output","Package":"github.com/JDinSeattle/forge-runtime/internal/provider","Test":"TestOpenAIFinalToolMismatchRejected","Output":"--- PASS: TestOpenAIFinalToolMismatchRejected (0.00s)\n"}
{"Time":"2026-09-11T15:24:54.207098957-07:00","Action":"pass","Package":"github.com/JDinSeattle/forge-runtime/internal/provider","Test":"TestOpenAIFinalToolMismatchRejected","Elapsed":0}
{"Time":"2026-09-11T15:24:54.207105587-07:00","Action":"run","Package":"github.com/JDinSeattle/forge-runtime/internal/provider","Test":"TestAnthropicOverloadInsideSuccessfulHTTPStream"}
{"Time":"2026-09-11T15:24:54.207108788-07:00","Action":"output","Package":"github.com/JDinSeattle/forge-runtime/internal/provider","Test":"TestAnthropicOverloadInsideSuccessfulHTTPStream","Output":"=== RUN   TestAnthropicOverloadInsideSuccessfulHTTPStream\n"}
{"Time":"2026-09-11T15:24:54.208576096-07:00","Action":"output","Package":"github.com/JDinSeattle/forge-runtime/internal/provider","Test":"TestAnthropicOverloadInsideSuccessfulHTTPStream","Output":"--- PASS: TestAnthropicOverloadInsideSuccessfulHTTPStream (0.00s)\n"}
{"Time":"2026-09-11T15:24:54.208597579-07:00","Action":"pass","Package":"github.com/JDinSeattle/forge-runtime/internal/provider","Test":"TestAnthropicOverloadInsideSuccessfulHTTPStream","Elapsed":0}
{"Time":"2026-09-11T15:24:54.20860367-07:00","Action":"run","Package":"github.com/JDinSeattle/forge-runtime/internal/provider","Test":"TestAdaptersBoundToolArgumentsAtWireBoundary"}
{"Time":"2026-09-11T15:24:54.20861426-07:00","Action":"output","Package":"github.com/JDinSeattle/forge-runtime/internal/provider","Test":"TestAdaptersBoundToolArgumentsAtWireBoundary","Output":"=== RUN   TestAdaptersBoundToolArgumentsAtWireBoundary\n"}
{"Time":"2026-09-11T15:24:54.208619262-07:00","Action":"run","Package":"github.com/JDinSeattle/forge-runtime/internal/provider","Test":"TestAdaptersBoundToolArgumentsAtWireBoundary/openai"}
{"Time":"2026-09-11T15:24:54.208622873-07:00","Action":"output","Package":"github.com/JDinSeattle/forge-runtime/internal/provider","Test":"TestAdaptersBoundToolArgumentsAtWireBoundary/openai","Output":"=== RUN   TestAdaptersBoundToolArgumentsAtWireBoundary/openai\n"}
{"Time":"2026-09-11T15:24:54.209581304-07:00","Action":"output","Package":"github.com/JDinSeattle/forge-runtime/internal/provider","Test":"TestAdaptersBoundToolArgumentsAtWireBoundary/openai","Output":"--- PASS: TestAdaptersBoundToolArgumentsAtWireBoundary/openai (0.00s)\n"}
{"Time":"2026-09-11T15:24:54.209598975-07:00","Action":"pass","Package":"github.com/JDinSeattle/forge-runtime/internal/provider","Test":"TestAdaptersBoundToolArgumentsAtWireBoundary/openai","Elapsed":0}
{"Time":"2026-09-11T15:24:54.209607834-07:00","Action":"run","Package":"github.com/JDinSeattle/forge-runtime/internal/provider","Test":"TestAdaptersBoundToolArgumentsAtWireBoundary/anthropic"}
{"Time":"2026-09-11T15:24:54.209611736-07:00","Action":"output","Package":"github.com/JDinSeattle/forge-runtime/internal/provider","Test":"TestAdaptersBoundToolArgumentsAtWireBoundary/anthropic","Output":"=== RUN   TestAdaptersBoundToolArgumentsAtWireBoundary/anthropic\n"}
{"Time":"2026-09-11T15:24:54.211244331-07:00","Action":"output","Package":"github.com/JDinSeattle/forge-runtime/internal/provider","Test":"TestAdaptersBoundToolArgumentsAtWireBoundary/anthropic","Output":"--- PASS: TestAdaptersBoundToolArgumentsAtWireBoundary/anthropic (0.00s)\n"}
{"Time":"2026-09-11T15:24:54.211266468-07:00","Action":"pass","Package":"github.com/JDinSeattle/forge-runtime/internal/provider","Test":"TestAdaptersBoundToolArgumentsAtWireBoundary/anthropic","Elapsed":0}
{"Time":"2026-09-11T15:24:54.21127972-07:00","Action":"output","Package":"github.com/JDinSeattle/forge-runtime/internal/provider","Test":"TestAdaptersBoundToolArgumentsAtWireBoundary","Output":"--- PASS: TestAdaptersBoundToolArgumentsAtWireBoundary (0.00s)\n"}
{"Time":"2026-09-11T15:24:54.211284479-07:00","Action":"pass","Package":"github.com/JDinSeattle/forge-runtime/internal/provider","Test":"TestAdaptersBoundToolArgumentsAtWireBoundary","Elapsed":0}
{"Time":"2026-09-11T15:24:54.211289189-07:00","Action":"run","Package":"github.com/JDinSeattle/forge-runtime/internal/provider","Test":"TestParallelAssemblyDoesNotReleasePartialCalls"}
{"Time":"2026-09-11T15:24:54.211292031-07:00","Action":"output","Package":"github.com/JDinSeattle/forge-runtime/internal/provider","Test":"TestParallelAssemblyDoesNotReleasePartialCalls","Output":"=== RUN   TestParallelAssemblyDoesNotReleasePartialCalls\n"}
{"Time":"2026-09-11T15:24:54.211530256-07:00","Action":"output","Package":"github.com/JDinSeattle/forge-runtime/internal/provider","Test":"TestParallelAssemblyDoesNotReleasePartialCalls","Output":"--- PASS: TestParallelAssemblyDoesNotReleasePartialCalls (0.00s)\n"}
{"Time":"2026-09-11T15:24:54.211540348-07:00","Action":"pass","Package":"github.com/JDinSeattle/forge-runtime/internal/provider","Test":"TestParallelAssemblyDoesNotReleasePartialCalls","Elapsed":0}
{"Time":"2026-09-11T15:24:54.211545106-07:00","Action":"run","Package":"github.com/JDinSeattle/forge-runtime/internal/provider","Test":"TestFailedAttemptWithCompletedToolReturnsNoExecutableCall"}
{"Time":"2026-09-11T15:24:54.211547688-07:00","Action":"output","Package":"github.com/JDinSeattle/forge-runtime/internal/provider","Test":"TestFailedAttemptWithCompletedToolReturnsNoExecutableCall","Output":"=== RUN   TestFailedAttemptWithCompletedToolReturnsNoExecutableCall\n"}
{"Time":"2026-09-11T15:24:54.211762621-07:00","Action":"output","Package":"github.com/JDinSeattle/forge-runtime/internal/provider","Test":"TestFailedAttemptWithCompletedToolReturnsNoExecutableCall","Output":"--- PASS: TestFailedAttemptWithCompletedToolReturnsNoExecutableCall (0.00s)\n"}
{"Time":"2026-09-11T15:24:54.211769539-07:00","Action":"pass","Package":"github.com/JDinSeattle/forge-runtime/internal/provider","Test":"TestFailedAttemptWithCompletedToolReturnsNoExecutableCall","Elapsed":0}
{"Time":"2026-09-11T15:24:54.211774114-07:00","Action":"run","Package":"github.com/JDinSeattle/forge-runtime/internal/provider","Test":"TestArgumentBoundsAndSchema"}
{"Time":"2026-09-11T15:24:54.211777499-07:00","Action":"output","Package":"github.com/JDinSeattle/forge-runtime/internal/provider","Test":"TestArgumentBoundsAndSchema","Output":"=== RUN   TestArgumentBoundsAndSchema\n"}
{"Time":"2026-09-11T15:24:54.211790556-07:00","Action":"run","Package":"github.com/JDinSeattle/forge-runtime/internal/provider","Test":"TestArgumentBoundsAndSchema/syntax"}
{"Time":"2026-09-11T15:24:54.211795092-07:00","Action":"output","Package":"github.com/JDinSeattle/forge-runtime/internal/provider","Test":"TestArgumentBoundsAndSchema/syntax","Output":"=== RUN   TestArgumentBoundsAndSchema/syntax\n"}
{"Time":"2026-09-11T15:24:54.21249485-07:00","Action":"output","Package":"github.com/JDinSeattle/forge-runtime/internal/provider","Test":"TestArgumentBoundsAndSchema/syntax","Output":"--- PASS: TestArgumentBoundsAndSchema/syntax (0.00s)\n"}
{"Time":"2026-09-11T15:24:54.212507945-07:00","Action":"pass","Package":"github.com/JDinSeattle/forge-runtime/internal/provider","Test":"TestArgumentBoundsAndSchema/syntax","Elapsed":0}
{"Time":"2026-09-11T15:24:54.212513368-07:00","Action":"run","Package":"github.com/JDinSeattle/forge-runtime/internal/provider","Test":"TestArgumentBoundsAndSchema/duplicate_key"}
{"Time":"2026-09-11T15:24:54.212516426-07:00","Action":"output","Package":"github.com/JDinSeattle/forge-runtime/internal/provider","Test":"TestArgumentBoundsAndSchema/duplicate_key","Output":"=== RUN   TestArgumentBoundsAndSchema/duplicate_key\n"}
{"Time":"2026-09-11T15:24:54.212722949-07:00","Action":"output","Package":"github.com/JDinSeattle/forge-runtime/internal/provider","Test":"TestArgumentBoundsAndSchema/duplicate_key","Output":"--- PASS: TestArgumentBoundsAndSchema/duplicate_key (0.00s)\n"}
{"Time":"2026-09-11T15:24:54.212736366-07:00","Action":"pass","Package":"github.com/JDinSeattle/forge-runtime/internal/provider","Test":"TestArgumentBoundsAndSchema/duplicate_key","Elapsed":0}
{"Time":"2026-09-11T15:24:54.21274046-07:00","Action":"run","Package":"github.com/JDinSeattle/forge-runtime/internal/provider","Test":"TestArgumentBoundsAndSchema/required"}
{"Time":"2026-09-11T15:24:54.212744235-07:00","Action":"output","Package":"github.com/JDinSeattle/forge-runtime/internal/provider","Test":"TestArgumentBoundsAndSchema/required","Output":"=== RUN   TestArgumentBoundsAndSchema/required\n"}
{"Time":"2026-09-11T15:24:54.212907861-07:00","Action":"output","Package":"github.com/JDinSeattle/forge-runtime/internal/provider","Test":"TestArgumentBoundsAndSchema/required","Output":"--- PASS: TestArgumentBoundsAndSchema/required (0.00s)\n"}
{"Time":"2026-09-11T15:24:54.212914073-07:00","Action":"pass","Package":"github.com/JDinSeattle/forge-runtime/internal/provider","Test":"TestArgumentBoundsAndSchema/required","Elapsed":0}
{"Time":"2026-09-11T15:24:54.212917878-07:00","Action":"run","Package":"github.com/JDinSeattle/forge-runtime/internal/provider","Test":"TestArgumentBoundsAndSchema/wrong_type"}
{"Time":"2026-09-11T15:24:54.21292163-07:00","Action":"output","Package":"github.com/JDinSeattle/forge-runtime/internal/provider","Test":"TestArgumentBoundsAndSchema/wrong_type","Output":"=== RUN   TestArgumentBoundsAndSchema/wrong_type\n"}
{"Time":"2026-09-11T15:24:54.213104285-07:00","Action":"output","Package":"github.com/JDinSeattle/forge-runtime/internal/provider","Test":"TestArgumentBoundsAndSchema/wrong_type","Output":"--- PASS: TestArgumentBoundsAndSchema/wrong_type (0.00s)\n"}
{"Time":"2026-09-11T15:24:54.213110645-07:00","Action":"pass","Package":"github.com/JDinSeattle/forge-runtime/internal/provider","Test":"TestArgumentBoundsAndSchema/wrong_type","Elapsed":0}
{"Time":"2026-09-11T15:24:54.21312187-07:00","Action":"run","Package":"github.com/JDinSeattle/forge-runtime/internal/provider","Test":"TestArgumentBoundsAndSchema/additional"}
{"Time":"2026-09-11T15:24:54.21312602-07:00","Action":"output","Package":"github.com/JDinSeattle/forge-runtime/internal/provider","Test":"TestArgumentBoundsAndSchema/additional","Output":"=== RUN   TestArgumentBoundsAndSchema/additional\n"}
{"Time":"2026-09-11T15:24:54.213318346-07:00","Action":"output","Package":"github.com/JDinSeattle/forge-runtime/internal/provider","Test":"TestArgumentBoundsAndSchema/additional","Output":"--- PASS: TestArgumentBoundsAndSchema/additional (0.00s)\n"}
{"Time":"2026-09-11T15:24:54.213325938-07:00","Action":"pass","Package":"github.com/JDinSeattle/forge-runtime/internal/provider","Test":"TestArgumentBoundsAndSchema/additional","Elapsed":0}
{"Time":"2026-09-11T15:24:54.21332939-07:00","Action":"run","Package":"github.com/JDinSeattle/forge-runtime/internal/provider","Test":"TestArgumentBoundsAndSchema/depth"}
{"Time":"2026-09-11T15:24:54.213335585-07:00","Action":"output","Package":"github.com/JDinSeattle/forge-runtime/internal/provider","Test":"TestArgumentBoundsAndSchema/depth","Output":"=== RUN   TestArgumentBoundsAndSchema/depth\n"}
{"Time":"2026-09-11T15:24:54.213531531-07:00","Action":"output","Package":"github.com/JDinSeattle/forge-runtime/internal/provider","Test":"TestArgumentBoundsAndSchema/depth","Output":"--- PASS: TestArgumentBoundsAndSchema/depth (0.00s)\n"}
{"Time":"2026-09-11T15:24:54.213540225-07:00","Action":"pass","Package":"github.com/JDinSeattle/forge-runtime/internal/provider","Test":"TestArgumentBoundsAndSchema/depth","Elapsed":0}
{"Time":"2026-09-11T15:24:54.213543618-07:00","Action":"run","Package":"github.com/JDinSeattle/forge-runtime/internal/provider","Test":"TestArgumentBoundsAndSchema/size"}
{"Time":"2026-09-11T15:24:54.213546418-07:00","Action":"output","Package":"github.com/JDinSeattle/forge-runtime/internal/provider","Test":"TestArgumentBoundsAndSchema/size","Output":"=== RUN   TestArgumentBoundsAndSchema/size\n"}
{"Time":"2026-09-11T15:24:54.213718903-07:00","Action":"output","Package":"github.com/JDinSeattle/forge-runtime/internal/provider","Test":"TestArgumentBoundsAndSchema/size","Output":"--- PASS: TestArgumentBoundsAndSchema/size (0.00s)\n"}
{"Time":"2026-09-11T15:24:54.213726198-07:00","Action":"pass","Package":"github.com/JDinSeattle/forge-runtime/internal/provider","Test":"TestArgumentBoundsAndSchema/size","Elapsed":0}
{"Time":"2026-09-11T15:24:54.213731622-07:00","Action":"run","Package":"github.com/JDinSeattle/forge-runtime/internal/provider","Test":"TestArgumentBoundsAndSchema/trailing"}
{"Time":"2026-09-11T15:24:54.213734508-07:00","Action":"output","Package":"github.com/JDinSeattle/forge-runtime/internal/provider","Test":"TestArgumentBoundsAndSchema/trailing","Output":"=== RUN   TestArgumentBoundsAndSchema/trailing\n"}
{"Time":"2026-09-11T15:24:54.213901077-07:00","Action":"output","Package":"github.com/JDinSeattle/forge-runtime/internal/provider","Test":"TestArgumentBoundsAndSchema/trailing","Output":"--- PASS: TestArgumentBoundsAndSchema/trailing (0.00s)\n"}
{"Time":"2026-09-11T15:24:54.21390732-07:00","Action":"pass","Package":"github.com/JDinSeattle/forge-runtime/internal/provider","Test":"TestArgumentBoundsAndSchema/trailing","Elapsed":0}
{"Time":"2026-09-11T15:24:54.213911032-07:00","Action":"run","Package":"github.com/JDinSeattle/forge-runtime/internal/provider","Test":"TestArgumentBoundsAndSchema/array"}
{"Time":"2026-09-11T15:24:54.213913923-07:00","Action":"output","Package":"github.com/JDinSeattle/forge-runtime/internal/provider","Test":"TestArgumentBoundsAndSchema/array","Output":"=== RUN   TestArgumentBoundsAndSchema/array\n"}
{"Time":"2026-09-11T15:24:54.214082992-07:00","Action":"output","Package":"github.com/JDinSeattle/forge-runtime/internal/provider","Test":"TestArgumentBoundsAndSchema/array","Output":"--- PASS: TestArgumentBoundsAndSchema/array (0.00s)\n"}
{"Time":"2026-09-11T15:24:54.214092501-07:00","Action":"pass","Package":"github.com/JDinSeattle/forge-runtime/internal/provider","Test":"TestArgumentBoundsAndSchema/array","Elapsed":0}
{"Time":"2026-09-11T15:24:54.214097391-07:00","Action":"output","Package":"github.com/JDinSeattle/forge-runtime/internal/provider","Test":"TestArgumentBoundsAndSchema","Output":"--- PASS: TestArgumentBoundsAndSchema (0.00s)\n"}
{"Time":"2026-09-11T15:24:54.214101211-07:00","Action":"pass","Package":"github.com/JDinSeattle/forge-runtime/internal/provider","Test":"TestArgumentBoundsAndSchema","Elapsed":0}
{"Time":"2026-09-11T15:24:54.214110805-07:00","Action":"run","Package":"github.com/JDinSeattle/forge-runtime/internal/provider","Test":"TestCallLimitUnknownToolAndDuplicateID"}
{"Time":"2026-09-11T15:24:54.214118174-07:00","Action":"output","Package":"github.com/JDinSeattle/forge-runtime/internal/provider","Test":"TestCallLimitUnknownToolAndDuplicateID","Output":"=== RUN   TestCallLimitUnknownToolAndDuplicateID\n"}
{"Time":"2026-09-11T15:24:54.21412592-07:00","Action":"run","Package":"github.com/JDinSeattle/forge-runtime/internal/provider","Test":"TestCallLimitUnknownToolAndDuplicateID/limit"}
{"Time":"2026-09-11T15:24:54.214129732-07:00","Action":"output","Package":"github.com/JDinSeattle/forge-runtime/internal/provider","Test":"TestCallLimitUnknownToolAndDuplicateID/limit","Output":"=== RUN   TestCallLimitUnknownToolAndDuplicateID/limit\n"}
{"Time":"2026-09-11T15:24:54.214330847-07:00","Action":"output","Package":"github.com/JDinSeattle/forge-runtime/internal/provider","Test":"TestCallLimitUnknownToolAndDuplicateID/limit","Output":"--- PASS: TestCallLimitUnknownToolAndDuplicateID/limit (0.00s)\n"}
{"Time":"2026-09-11T15:24:54.214344559-07:00","Action":"pass","Package":"github.com/JDinSeattle/forge-runtime/internal/provider","Test":"TestCallLimitUnknownToolAndDuplicateID/limit","Elapsed":0}
{"Time":"2026-09-11T15:24:54.214356571-07:00","Action":"run","Package":"github.com/JDinSeattle/forge-runtime/internal/provider","Test":"TestCallLimitUnknownToolAndDuplicateID/unknown"}
{"Time":"2026-09-11T15:24:54.214361486-07:00","Action":"output","Package":"github.com/JDinSeattle/forge-runtime/internal/provider","Test":"TestCallLimitUnknownToolAndDuplicateID/unknown","Output":"=== RUN   TestCallLimitUnknownToolAndDuplicateID/unknown\n"}
{"Time":"2026-09-11T15:24:54.214546427-07:00","Action":"output","Package":"github.com/JDinSeattle/forge-runtime/internal/provider","Test":"TestCallLimitUnknownToolAndDuplicateID/unknown","Output":"--- PASS: TestCallLimitUnknownToolAndDuplicateID/unknown (0.00s)\n"}
{"Time":"2026-09-11T15:24:54.214557472-07:00","Action":"pass","Package":"github.com/JDinSeattle/forge-runtime/internal/provider","Test":"TestCallLimitUnknownToolAndDuplicateID/unknown","Elapsed":0}
{"Time":"2026-09-11T15:24:54.21456091-07:00","Action":"run","Package":"github.com/JDinSeattle/forge-runtime/internal/provider","Test":"TestCallLimitUnknownToolAndDuplicateID/duplicate"}
{"Time":"2026-09-11T15:24:54.214562373-07:00","Action":"output","Package":"github.com/JDinSeattle/forge-runtime/internal/provider","Test":"TestCallLimitUnknownToolAndDuplicateID/duplicate","Output":"=== RUN   TestCallLimitUnknownToolAndDuplicateID/duplicate\n"}
{"Time":"2026-09-11T15:24:54.21472993-07:00","Action":"output","Package":"github.com/JDinSeattle/forge-runtime/internal/provider","Test":"TestCallLimitUnknownToolAndDuplicateID/duplicate","Output":"--- PASS: TestCallLimitUnknownToolAndDuplicateID/duplicate (0.00s)\n"}
{"Time":"2026-09-11T15:24:54.214733874-07:00","Action":"pass","Package":"github.com/JDinSeattle/forge-runtime/internal/provider","Test":"TestCallLimitUnknownToolAndDuplicateID/duplicate","Elapsed":0}
{"Time":"2026-09-11T15:24:54.214753-07:00","Action":"output","Package":"github.com/JDinSeattle/forge-runtime/internal/provider","Test":"TestCallLimitUnknownToolAndDuplicateID","Output":"--- PASS: TestCallLimitUnknownToolAndDuplicateID (0.00s)\n"}
{"Time":"2026-09-11T15:24:54.214758845-07:00","Action":"pass","Package":"github.com/JDinSeattle/forge-runtime/internal/provider","Test":"TestCallLimitUnknownToolAndDuplicateID","Elapsed":0}
{"Time":"2026-09-11T15:24:54.214766657-07:00","Action":"run","Package":"github.com/JDinSeattle/forge-runtime/internal/provider","Test":"TestSchemaRemoteReferencesRejectedWithoutHTTP"}
{"Time":"2026-09-11T15:24:54.214768421-07:00","Action":"output","Package":"github.com/JDinSeattle/forge-runtime/internal/provider","Test":"TestSchemaRemoteReferencesRejectedWithoutHTTP","Output":"=== RUN   TestSchemaRemoteReferencesRejectedWithoutHTTP\n"}
{"Time":"2026-09-11T15:24:54.214843542-07:00","Action":"output","Package":"github.com/JDinSeattle/forge-runtime/internal/provider","Test":"TestSchemaRemoteReferencesRejectedWithoutHTTP","Output":"--- PASS: TestSchemaRemoteReferencesRejectedWithoutHTTP (0.00s)\n"}
{"Time":"2026-09-11T15:24:54.214850682-07:00","Action":"pass","Package":"github.com/JDinSeattle/forge-runtime/internal/provider","Test":"TestSchemaRemoteReferencesRejectedWithoutHTTP","Elapsed":0}
{"Time":"2026-09-11T15:24:54.21485699-07:00","Action":"run","Package":"github.com/JDinSeattle/forge-runtime/internal/provider","Test":"TestConsumerCancellationAndModelCapabilityValidation"}
{"Time":"2026-09-11T15:24:54.214858763-07:00","Action":"output","Package":"github.com/JDinSeattle/forge-runtime/internal/provider","Test":"TestConsumerCancellationAndModelCapabilityValidation","Output":"=== RUN   TestConsumerCancellationAndModelCapabilityValidation\n"}
{"Time":"2026-09-11T15:24:54.215051952-07:00","Action":"output","Package":"github.com/JDinSeattle/forge-runtime/internal/provider","Test":"TestConsumerCancellationAndModelCapabilityValidation","Output":"--- PASS: TestConsumerCancellationAndModelCapabilityValidation (0.00s)\n"}
{"Time":"2026-09-11T15:24:54.215057686-07:00","Action":"pass","Package":"github.com/JDinSeattle/forge-runtime/internal/provider","Test":"TestConsumerCancellationAndModelCapabilityValidation","Elapsed":0}
{"Time":"2026-09-11T15:24:54.215064116-07:00","Action":"run","Package":"github.com/JDinSeattle/forge-runtime/internal/provider","Test":"TestRetryAfterAndHTTPMapping"}
{"Time":"2026-09-11T15:24:54.215066662-07:00","Action":"output","Package":"github.com/JDinSeattle/forge-runtime/internal/provider","Test":"TestRetryAfterAndHTTPMapping","Output":"=== RUN   TestRetryAfterAndHTTPMapping\n"}
{"Time":"2026-09-11T15:24:54.215108489-07:00","Action":"output","Package":"github.com/JDinSeattle/forge-runtime/internal/provider","Test":"TestRetryAfterAndHTTPMapping","Output":"--- PASS: TestRetryAfterAndHTTPMapping (0.00s)\n"}
{"Time":"2026-09-11T15:24:54.215111853-07:00","Action":"pass","Package":"github.com/JDinSeattle/forge-runtime/internal/provider","Test":"TestRetryAfterAndHTTPMapping","Elapsed":0}
{"Time":"2026-09-11T15:24:54.215130353-07:00","Action":"run","Package":"github.com/JDinSeattle/forge-runtime/internal/provider","Test":"FuzzToolArgumentDecoderIsUnambiguousAndBounded"}
{"Time":"2026-09-11T15:24:54.21513283-07:00","Action":"output","Package":"github.com/JDinSeattle/forge-runtime/internal/provider","Test":"FuzzToolArgumentDecoderIsUnambiguousAndBounded","Output":"=== RUN   FuzzToolArgumentDecoderIsUnambiguousAndBounded\n"}
{"Time":"2026-09-11T15:24:54.215194516-07:00","Action":"run","Package":"github.com/JDinSeattle/forge-runtime/internal/provider","Test":"FuzzToolArgumentDecoderIsUnambiguousAndBounded/seed#0"}
{"Time":"2026-09-11T15:24:54.215196972-07:00","Action":"output","Package":"github.com/JDinSeattle/forge-runtime/internal/provider","Test":"FuzzToolArgumentDecoderIsUnambiguousAndBounded/seed#0","Output":"=== RUN   FuzzToolArgumentDecoderIsUnambiguousAndBounded/seed#0\n"}
{"Time":"2026-09-11T15:24:54.215280949-07:00","Action":"output","Package":"github.com/JDinSeattle/forge-runtime/internal/provider","Test":"FuzzToolArgumentDecoderIsUnambiguousAndBounded/seed#0","Output":"--- PASS: FuzzToolArgumentDecoderIsUnambiguousAndBounded/seed#0 (0.00s)\n"}
{"Time":"2026-09-11T15:24:54.215290342-07:00","Action":"pass","Package":"github.com/JDinSeattle/forge-runtime/internal/provider","Test":"FuzzToolArgumentDecoderIsUnambiguousAndBounded/seed#0","Elapsed":0}
{"Time":"2026-09-11T15:24:54.215302309-07:00","Action":"run","Package":"github.com/JDinSeattle/forge-runtime/internal/provider","Test":"FuzzToolArgumentDecoderIsUnambiguousAndBounded/seed#1"}
{"Time":"2026-09-11T15:24:54.215304538-07:00","Action":"output","Package":"github.com/JDinSeattle/forge-runtime/internal/provider","Test":"FuzzToolArgumentDecoderIsUnambiguousAndBounded/seed#1","Output":"=== RUN   FuzzToolArgumentDecoderIsUnambiguousAndBounded/seed#1\n"}
{"Time":"2026-09-11T15:24:54.215407363-07:00","Action":"output","Package":"github.com/JDinSeattle/forge-runtime/internal/provider","Test":"FuzzToolArgumentDecoderIsUnambiguousAndBounded/seed#1","Output":"--- PASS: FuzzToolArgumentDecoderIsUnambiguousAndBounded/seed#1 (0.00s)\n"}
{"Time":"2026-09-11T15:24:54.215410932-07:00","Action":"pass","Package":"github.com/JDinSeattle/forge-runtime/internal/provider","Test":"FuzzToolArgumentDecoderIsUnambiguousAndBounded/seed#1","Elapsed":0}
{"Time":"2026-09-11T15:24:54.215426415-07:00","Action":"run","Package":"github.com/JDinSeattle/forge-runtime/internal/provider","Test":"FuzzToolArgumentDecoderIsUnambiguousAndBounded/seed#2"}
{"Time":"2026-09-11T15:24:54.215428806-07:00","Action":"output","Package":"github.com/JDinSeattle/forge-runtime/internal/provider","Test":"FuzzToolArgumentDecoderIsUnambiguousAndBounded/seed#2","Output":"=== RUN   FuzzToolArgumentDecoderIsUnambiguousAndBounded/seed#2\n"}
{"Time":"2026-09-11T15:24:54.215451294-07:00","Action":"output","Package":"github.com/JDinSeattle/forge-runtime/internal/provider","Test":"FuzzToolArgumentDecoderIsUnambiguousAndBounded/seed#2","Output":"--- PASS: FuzzToolArgumentDecoderIsUnambiguousAndBounded/seed#2 (0.00s)\n"}
{"Time":"2026-09-11T15:24:54.215458299-07:00","Action":"output","Package":"github.com/JDinSeattle/forge-runtime/internal/eventstream","Test":"TestResetDetachesHubBeforeNotification/history-gap","Output":"--- PASS: TestResetDetachesHubBeforeNotification/history-gap (0.03s)\n"}
{"Time":"2026-09-11T15:24:54.215462363-07:00","Action":"pass","Package":"github.com/JDinSeattle/forge-runtime/internal/provider","Test":"FuzzToolArgumentDecoderIsUnambiguousAndBounded/seed#2","Elapsed":0}
{"Time":"2026-09-11T15:24:54.21546652-07:00","Action":"run","Package":"github.com/JDinSeattle/forge-runtime/internal/provider","Test":"FuzzToolArgumentDecoderIsUnambiguousAndBounded/seed#3"}
{"Time":"2026-09-11T15:24:54.215468701-07:00","Action":"output","Package":"github.com/JDinSeattle/forge-runtime/internal/provider","Test":"FuzzToolArgumentDecoderIsUnambiguousAndBounded/seed#3","Output":"=== RUN   FuzzToolArgumentDecoderIsUnambiguousAndBounded/seed#3\n"}
{"Time":"2026-09-11T15:24:54.215478382-07:00","Action":"pass","Package":"github.com/JDinSeattle/forge-runtime/internal/eventstream","Test":"TestResetDetachesHubBeforeNotification/history-gap","Elapsed":0.03}
{"Time":"2026-09-11T15:24:54.215506009-07:00","Action":"run","Package":"github.com/JDinSeattle/forge-runtime/internal/eventstream","Test":"TestResetDetachesHubBeforeNotification/source-reset"}
{"Time":"2026-09-11T15:24:54.215510373-07:00","Action":"output","Package":"github.com/JDinSeattle/forge-runtime/internal/eventstream","Test":"TestResetDetachesHubBeforeNotification/source-reset","Output":"=== RUN   TestResetDetachesHubBeforeNotification/source-reset\n"}
{"Time":"2026-09-11T15:24:54.21554617-07:00","Action":"output","Package":"github.com/JDinSeattle/forge-runtime/internal/provider","Test":"FuzzToolArgumentDecoderIsUnambiguousAndBounded/seed#3","Output":"--- PASS: FuzzToolArgumentDecoderIsUnambiguousAndBounded/seed#3 (0.00s)\n"}
{"Time":"2026-09-11T15:24:54.215552346-07:00","Action":"pass","Package":"github.com/JDinSeattle/forge-runtime/internal/provider","Test":"FuzzToolArgumentDecoderIsUnambiguousAndBounded/seed#3","Elapsed":0}
{"Time":"2026-09-11T15:24:54.215564143-07:00","Action":"run","Package":"github.com/JDinSeattle/forge-runtime/internal/provider","Test":"FuzzToolArgumentDecoderIsUnambiguousAndBounded/seed#4"}
{"Time":"2026-09-11T15:24:54.215566585-07:00","Action":"output","Package":"github.com/JDinSeattle/forge-runtime/internal/provider","Test":"FuzzToolArgumentDecoderIsUnambiguousAndBounded/seed#4","Output":"=== RUN   FuzzToolArgumentDecoderIsUnambiguousAndBounded/seed#4\n"}
{"Time":"2026-09-11T15:24:54.215654844-07:00","Action":"output","Package":"github.com/JDinSeattle/forge-runtime/internal/provider","Test":"FuzzToolArgumentDecoderIsUnambiguousAndBounded/seed#4","Output":"--- PASS: FuzzToolArgumentDecoderIsUnambiguousAndBounded/seed#4 (0.00s)\n"}
{"Time":"2026-09-11T15:24:54.21566158-07:00","Action":"pass","Package":"github.com/JDinSeattle/forge-runtime/internal/provider","Test":"FuzzToolArgumentDecoderIsUnambiguousAndBounded/seed#4","Elapsed":0}
{"Time":"2026-09-11T15:24:54.215672295-07:00","Action":"run","Package":"github.com/JDinSeattle/forge-runtime/internal/provider","Test":"FuzzToolArgumentDecoderIsUnambiguousAndBounded/seed#5"}
{"Time":"2026-09-11T15:24:54.215674845-07:00","Action":"output","Package":"github.com/JDinSeattle/forge-runtime/internal/provider","Test":"FuzzToolArgumentDecoderIsUnambiguousAndBounded/seed#5","Output":"=== RUN   FuzzToolArgumentDecoderIsUnambiguousAndBounded/seed#5\n"}
{"Time":"2026-09-11T15:24:54.215693685-07:00","Action":"output","Package":"github.com/JDinSeattle/forge-runtime/internal/provider","Test":"FuzzToolArgumentDecoderIsUnambiguousAndBounded/seed#5","Output":"--- PASS: FuzzToolArgumentDecoderIsUnambiguousAndBounded/seed#5 (0.00s)\n"}
{"Time":"2026-09-11T15:24:54.215697286-07:00","Action":"pass","Package":"github.com/JDinSeattle/forge-runtime/internal/provider","Test":"FuzzToolArgumentDecoderIsUnambiguousAndBounded/seed#5","Elapsed":0}
{"Time":"2026-09-11T15:24:54.215707764-07:00","Action":"run","Package":"github.com/JDinSeattle/forge-runtime/internal/provider","Test":"FuzzToolArgumentDecoderIsUnambiguousAndBounded/seed#6"}
{"Time":"2026-09-11T15:24:54.21571133-07:00","Action":"output","Package":"github.com/JDinSeattle/forge-runtime/internal/provider","Test":"FuzzToolArgumentDecoderIsUnambiguousAndBounded/seed#6","Output":"=== RUN   FuzzToolArgumentDecoderIsUnambiguousAndBounded/seed#6\n"}
{"Time":"2026-09-11T15:24:54.215724033-07:00","Action":"output","Package":"github.com/JDinSeattle/forge-runtime/internal/provider","Test":"FuzzToolArgumentDecoderIsUnambiguousAndBounded/seed#6","Output":"--- PASS: FuzzToolArgumentDecoderIsUnambiguousAndBounded/seed#6 (0.00s)\n"}
{"Time":"2026-09-11T15:24:54.215729883-07:00","Action":"pass","Package":"github.com/JDinSeattle/forge-runtime/internal/provider","Test":"FuzzToolArgumentDecoderIsUnambiguousAndBounded/seed#6","Elapsed":0}
{"Time":"2026-09-11T15:24:54.215738807-07:00","Action":"run","Package":"github.com/JDinSeattle/forge-runtime/internal/provider","Test":"FuzzToolArgumentDecoderIsUnambiguousAndBounded/seed#7"}
{"Time":"2026-09-11T15:24:54.215741461-07:00","Action":"output","Package":"github.com/JDinSeattle/forge-runtime/internal/provider","Test":"FuzzToolArgumentDecoderIsUnambiguousAndBounded/seed#7","Output":"=== RUN   FuzzToolArgumentDecoderIsUnambiguousAndBounded/seed#7\n"}
{"Time":"2026-09-11T15:24:54.21576067-07:00","Action":"output","Package":"github.com/JDinSeattle/forge-runtime/internal/provider","Test":"FuzzToolArgumentDecoderIsUnambiguousAndBounded/seed#7","Output":"--- PASS: FuzzToolArgumentDecoderIsUnambiguousAndBounded/seed#7 (0.00s)\n"}
{"Time":"2026-09-11T15:24:54.215763895-07:00","Action":"pass","Package":"github.com/JDinSeattle/forge-runtime/internal/provider","Test":"FuzzToolArgumentDecoderIsUnambiguousAndBounded/seed#7","Elapsed":0}
{"Time":"2026-09-11T15:24:54.215773603-07:00","Action":"run","Package":"github.com/JDinSeattle/forge-runtime/internal/provider","Test":"FuzzToolArgumentDecoderIsUnambiguousAndBounded/seed#8"}
{"Time":"2026-09-11T15:24:54.215775813-07:00","Action":"output","Package":"github.com/JDinSeattle/forge-runtime/internal/provider","Test":"FuzzToolArgumentDecoderIsUnambiguousAndBounded/seed#8","Output":"=== RUN   FuzzToolArgumentDecoderIsUnambiguousAndBounded/seed#8\n"}
{"Time":"2026-09-11T15:24:54.215792694-07:00","Action":"output","Package":"github.com/JDinSeattle/forge-runtime/internal/provider","Test":"FuzzToolArgumentDecoderIsUnambiguousAndBounded/seed#8","Output":"--- PASS: FuzzToolArgumentDecoderIsUnambiguousAndBounded/seed#8 (0.00s)\n"}
{"Time":"2026-09-11T15:24:54.215796053-07:00","Action":"pass","Package":"github.com/JDinSeattle/forge-runtime/internal/provider","Test":"FuzzToolArgumentDecoderIsUnambiguousAndBounded/seed#8","Elapsed":0}
{"Time":"2026-09-11T15:24:54.215805641-07:00","Action":"run","Package":"github.com/JDinSeattle/forge-runtime/internal/provider","Test":"FuzzToolArgumentDecoderIsUnambiguousAndBounded/seed#9"}
{"Time":"2026-09-11T15:24:54.215808829-07:00","Action":"output","Package":"github.com/JDinSeattle/forge-runtime/internal/provider","Test":"FuzzToolArgumentDecoderIsUnambiguousAndBounded/seed#9","Output":"=== RUN   FuzzToolArgumentDecoderIsUnambiguousAndBounded/seed#9\n"}
{"Time":"2026-09-11T15:24:54.215869164-07:00","Action":"output","Package":"github.com/JDinSeattle/forge-runtime/internal/provider","Test":"FuzzToolArgumentDecoderIsUnambiguousAndBounded/seed#9","Output":"--- PASS: FuzzToolArgumentDecoderIsUnambiguousAndBounded/seed#9 (0.00s)\n"}
{"Time":"2026-09-11T15:24:54.215873844-07:00","Action":"pass","Package":"github.com/JDinSeattle/forge-runtime/internal/provider","Test":"FuzzToolArgumentDecoderIsUnambiguousAndBounded/seed#9","Elapsed":0}
{"Time":"2026-09-11T15:24:54.215886352-07:00","Action":"output","Package":"github.com/JDinSeattle/forge-runtime/internal/provider","Test":"FuzzToolArgumentDecoderIsUnambiguousAndBounded","Output":"--- PASS: FuzzToolArgumentDecoderIsUnambiguousAndBounded (0.00s)\n"}
{"Time":"2026-09-11T15:24:54.215889957-07:00","Action":"pass","Package":"github.com/JDinSeattle/forge-runtime/internal/provider","Test":"FuzzToolArgumentDecoderIsUnambiguousAndBounded","Elapsed":0}
{"Time":"2026-09-11T15:24:54.215895972-07:00","Action":"output","Package":"github.com/JDinSeattle/forge-runtime/internal/provider","Output":"PASS\n"}
{"Time":"2026-09-11T15:24:54.216923344-07:00","Action":"run","Package":"github.com/JDinSeattle/forge-runtime/tests/client","Test":"TestSchemaMatchesActualGoWireModelsAndGeneratedTypes/Approval"}
{"Time":"2026-09-11T15:24:54.216953767-07:00","Action":"output","Package":"github.com/JDinSeattle/forge-runtime/tests/client","Test":"TestSchemaMatchesActualGoWireModelsAndGeneratedTypes/Approval","Output":"=== RUN   TestSchemaMatchesActualGoWireModelsAndGeneratedTypes/Approval\n"}
{"Time":"2026-09-11T15:24:54.218451077-07:00","Action":"output","Package":"github.com/JDinSeattle/forge-runtime/tests/client","Test":"TestSchemaMatchesActualGoWireModelsAndGeneratedTypes/Approval","Output":"--- PASS: TestSchemaMatchesActualGoWireModelsAndGeneratedTypes/Approval (0.00s)\n"}
{"Time":"2026-09-11T15:24:54.218465876-07:00","Action":"pass","Package":"github.com/JDinSeattle/forge-runtime/tests/client","Test":"TestSchemaMatchesActualGoWireModelsAndGeneratedTypes/Approval","Elapsed":0}
{"Time":"2026-09-11T15:24:54.218469022-07:00","Action":"run","Package":"github.com/JDinSeattle/forge-runtime/tests/client","Test":"TestSchemaMatchesActualGoWireModelsAndGeneratedTypes/Artifact"}
{"Time":"2026-09-11T15:24:54.218470423-07:00","Action":"output","Package":"github.com/JDinSeattle/forge-runtime/tests/client","Test":"TestSchemaMatchesActualGoWireModelsAndGeneratedTypes/Artifact","Output":"=== RUN   TestSchemaMatchesActualGoWireModelsAndGeneratedTypes/Artifact\n"}
{"Time":"2026-09-11T15:24:54.219393285-07:00","Action":"output","Package":"github.com/JDinSeattle/forge-runtime/tests/client","Test":"TestSchemaMatchesActualGoWireModelsAndGeneratedTypes/Artifact","Output":"--- PASS: TestSchemaMatchesActualGoWireModelsAndGeneratedTypes/Artifact (0.00s)\n"}
{"Time":"2026-09-11T15:24:54.219412227-07:00","Action":"pass","Package":"github.com/JDinSeattle/forge-runtime/tests/client","Test":"TestSchemaMatchesActualGoWireModelsAndGeneratedTypes/Artifact","Elapsed":0}
{"Time":"2026-09-11T15:24:54.219418186-07:00","Action":"run","Package":"github.com/JDinSeattle/forge-runtime/tests/client","Test":"TestSchemaMatchesActualGoWireModelsAndGeneratedTypes/Run"}
{"Time":"2026-09-11T15:24:54.219421969-07:00","Action":"output","Package":"github.com/JDinSeattle/forge-runtime/tests/client","Test":"TestSchemaMatchesActualGoWireModelsAndGeneratedTypes/Run","Output":"=== RUN   TestSchemaMatchesActualGoWireModelsAndGeneratedTypes/Run\n"}
{"Time":"2026-09-11T15:24:54.223324569-07:00","Action":"output","Package":"github.com/JDinSeattle/forge-runtime/tests/client","Test":"TestSchemaMatchesActualGoWireModelsAndGeneratedTypes/Run","Output":"--- PASS: TestSchemaMatchesActualGoWireModelsAndGeneratedTypes/Run (0.00s)\n"}
{"Time":"2026-09-11T15:24:54.223352443-07:00","Action":"pass","Package":"github.com/JDinSeattle/forge-runtime/tests/client","Test":"TestSchemaMatchesActualGoWireModelsAndGeneratedTypes/Run","Elapsed":0}
{"Time":"2026-09-11T15:24:54.223355915-07:00","Action":"run","Package":"github.com/JDinSeattle/forge-runtime/tests/client","Test":"TestSchemaMatchesActualGoWireModelsAndGeneratedTypes/State"}
{"Time":"2026-09-11T15:24:54.223357818-07:00","Action":"output","Package":"github.com/JDinSeattle/forge-runtime/tests/client","Test":"TestSchemaMatchesActualGoWireModelsAndGeneratedTypes/State","Output":"=== RUN   TestSchemaMatchesActualGoWireModelsAndGeneratedTypes/State\n"}
{"Time":"2026-09-11T15:24:54.227051008-07:00","Action":"output","Package":"github.com/JDinSeattle/forge-runtime/tests/client","Test":"TestSchemaMatchesActualGoWireModelsAndGeneratedTypes/State","Output":"--- PASS: TestSchemaMatchesActualGoWireModelsAndGeneratedTypes/State (0.00s)\n"}
{"Time":"2026-09-11T15:24:54.22711467-07:00","Action":"pass","Package":"github.com/JDinSeattle/forge-runtime/tests/client","Test":"TestSchemaMatchesActualGoWireModelsAndGeneratedTypes/State","Elapsed":0}
{"Time":"2026-09-11T15:24:54.227126005-07:00","Action":"run","Package":"github.com/JDinSeattle/forge-runtime/tests/client","Test":"TestSchemaMatchesActualGoWireModelsAndGeneratedTypes/Budget"}
{"Time":"2026-09-11T15:24:54.227128989-07:00","Action":"output","Package":"github.com/JDinSeattle/forge-runtime/tests/client","Test":"TestSchemaMatchesActualGoWireModelsAndGeneratedTypes/Budget","Output":"=== RUN   TestSchemaMatchesActualGoWireModelsAndGeneratedTypes/Budget\n"}
{"Time":"2026-09-11T15:24:54.227761852-07:00","Action":"output","Package":"github.com/JDinSeattle/forge-runtime/tests/client","Test":"TestSchemaMatchesActualGoWireModelsAndGeneratedTypes/Budget","Output":"--- PASS: TestSchemaMatchesActualGoWireModelsAndGeneratedTypes/Budget (0.00s)\n"}
{"Time":"2026-09-11T15:24:54.227789629-07:00","Action":"pass","Package":"github.com/JDinSeattle/forge-runtime/tests/client","Test":"TestSchemaMatchesActualGoWireModelsAndGeneratedTypes/Budget","Elapsed":0}
{"Time":"2026-09-11T15:24:54.227796678-07:00","Action":"run","Package":"github.com/JDinSeattle/forge-runtime/tests/client","Test":"TestSchemaMatchesActualGoWireModelsAndGeneratedTypes/Submit"}
{"Time":"2026-09-11T15:24:54.227800751-07:00","Action":"output","Package":"github.com/JDinSeattle/forge-runtime/tests/client","Test":"TestSchemaMatchesActualGoWireModelsAndGeneratedTypes/Submit","Output":"=== RUN   TestSchemaMatchesActualGoWireModelsAndGeneratedTypes/Submit\n"}
{"Time":"2026-09-11T15:24:54.229051704-07:00","Action":"output","Package":"github.com/JDinSeattle/forge-runtime/tests/client","Test":"TestSchemaMatchesActualGoWireModelsAndGeneratedTypes/Submit","Output":"--- PASS: TestSchemaMatchesActualGoWireModelsAndGeneratedTypes/Submit (0.00s)\n"}
{"Time":"2026-09-11T15:24:54.229071397-07:00","Action":"pass","Package":"github.com/JDinSeattle/forge-runtime/tests/client","Test":"TestSchemaMatchesActualGoWireModelsAndGeneratedTypes/Submit","Elapsed":0}
{"Time":"2026-09-11T15:24:54.229074719-07:00","Action":"run","Package":"github.com/JDinSeattle/forge-runtime/tests/client","Test":"TestSchemaMatchesActualGoWireModelsAndGeneratedTypes/Project"}
{"Time":"2026-09-11T15:24:54.229076833-07:00","Action":"output","Package":"github.com/JDinSeattle/forge-runtime/tests/client","Test":"TestSchemaMatchesActualGoWireModelsAndGeneratedTypes/Project","Output":"=== RUN   TestSchemaMatchesActualGoWireModelsAndGeneratedTypes/Project\n"}
{"Time":"2026-09-11T15:24:54.229726252-07:00","Action":"output","Package":"github.com/JDinSeattle/forge-runtime/tests/client","Test":"TestSchemaMatchesActualGoWireModelsAndGeneratedTypes/Project","Output":"--- PASS: TestSchemaMatchesActualGoWireModelsAndGeneratedTypes/Project (0.00s)\n"}
{"Time":"2026-09-11T15:24:54.229737343-07:00","Action":"pass","Package":"github.com/JDinSeattle/forge-runtime/tests/client","Test":"TestSchemaMatchesActualGoWireModelsAndGeneratedTypes/Project","Elapsed":0}
{"Time":"2026-09-11T15:24:54.229740832-07:00","Action":"run","Package":"github.com/JDinSeattle/forge-runtime/tests/client","Test":"TestSchemaMatchesActualGoWireModelsAndGeneratedTypes/Event"}
{"Time":"2026-09-11T15:24:54.229743191-07:00","Action":"output","Package":"github.com/JDinSeattle/forge-runtime/tests/client","Test":"TestSchemaMatchesActualGoWireModelsAndGeneratedTypes/Event","Output":"=== RUN   TestSchemaMatchesActualGoWireModelsAndGeneratedTypes/Event\n"}
{"Time":"2026-09-11T15:24:54.230443696-07:00","Action":"output","Package":"github.com/JDinSeattle/forge-runtime/tests/client","Test":"TestSchemaMatchesActualGoWireModelsAndGeneratedTypes/Event","Output":"--- PASS: TestSchemaMatchesActualGoWireModelsAndGeneratedTypes/Event (0.00s)\n"}
{"Time":"2026-09-11T15:24:54.230456504-07:00","Action":"pass","Package":"github.com/JDinSeattle/forge-runtime/tests/client","Test":"TestSchemaMatchesActualGoWireModelsAndGeneratedTypes/Event","Elapsed":0}
{"Time":"2026-09-11T15:24:54.230468095-07:00","Action":"run","Package":"github.com/JDinSeattle/forge-runtime/tests/client","Test":"TestSchemaMatchesActualGoWireModelsAndGeneratedTypes/APIError"}
{"Time":"2026-09-11T15:24:54.230470242-07:00","Action":"output","Package":"github.com/JDinSeattle/forge-runtime/tests/client","Test":"TestSchemaMatchesActualGoWireModelsAndGeneratedTypes/APIError","Output":"=== RUN   TestSchemaMatchesActualGoWireModelsAndGeneratedTypes/APIError\n"}
{"Time":"2026-09-11T15:24:54.23084982-07:00","Action":"output","Package":"github.com/JDinSeattle/forge-runtime/tests/client","Test":"TestSchemaMatchesActualGoWireModelsAndGeneratedTypes/APIError","Output":"--- PASS: TestSchemaMatchesActualGoWireModelsAndGeneratedTypes/APIError (0.00s)\n"}
{"Time":"2026-09-11T15:24:54.230863111-07:00","Action":"pass","Package":"github.com/JDinSeattle/forge-runtime/tests/client","Test":"TestSchemaMatchesActualGoWireModelsAndGeneratedTypes/APIError","Elapsed":0}
{"Time":"2026-09-11T15:24:54.2318982-07:00","Action":"output","Package":"github.com/JDinSeattle/forge-runtime/tests/client","Test":"TestSchemaMatchesActualGoWireModelsAndGeneratedTypes","Output":"--- PASS: TestSchemaMatchesActualGoWireModelsAndGeneratedTypes (0.03s)\n"}
{"Time":"2026-09-11T15:24:54.231915008-07:00","Action":"pass","Package":"github.com/JDinSeattle/forge-runtime/tests/client","Test":"TestSchemaMatchesActualGoWireModelsAndGeneratedTypes","Elapsed":0.03}
{"Time":"2026-09-11T15:24:54.231921258-07:00","Action":"run","Package":"github.com/JDinSeattle/forge-runtime/tests/client","Test":"TestSchemaRejectsMalformedBudgetsAndUnknownRequestProperties"}
{"Time":"2026-09-11T15:24:54.231923778-07:00","Action":"output","Package":"github.com/JDinSeattle/forge-runtime/tests/client","Test":"TestSchemaRejectsMalformedBudgetsAndUnknownRequestProperties","Output":"=== RUN   TestSchemaRejectsMalformedBudgetsAndUnknownRequestProperties\n"}
{"Time":"2026-09-11T15:24:54.243224949-07:00","Action":"output","Package":"github.com/JDinSeattle/forge-runtime/internal/telemetry","Test":"TestUnmatchedPathsNeverBecomeLabels","Output":"--- PASS: TestUnmatchedPathsNeverBecomeLabels (0.05s)\n"}
{"Time":"2026-09-11T15:24:54.243273828-07:00","Action":"pass","Package":"github.com/JDinSeattle/forge-runtime/internal/telemetry","Test":"TestUnmatchedPathsNeverBecomeLabels","Elapsed":0.05}
{"Time":"2026-09-11T15:24:54.243285809-07:00","Action":"run","Package":"github.com/JDinSeattle/forge-runtime/internal/telemetry","Test":"TestPanicEndsSpanWithoutRecordingPayload"}
{"Time":"2026-09-11T15:24:54.243289653-07:00","Action":"output","Package":"github.com/JDinSeattle/forge-runtime/internal/telemetry","Test":"TestPanicEndsSpanWithoutRecordingPayload","Output":"=== RUN   TestPanicEndsSpanWithoutRecordingPayload\n"}
{"Time":"2026-09-11T15:24:54.245888641-07:00","Action":"output","Package":"github.com/JDinSeattle/forge-runtime/tests/client","Test":"TestSchemaRejectsMalformedBudgetsAndUnknownRequestProperties","Output":"--- PASS: TestSchemaRejectsMalformedBudgetsAndUnknownRequestProperties (0.01s)\n"}
{"Time":"2026-09-11T15:24:54.245917434-07:00","Action":"pass","Package":"github.com/JDinSeattle/forge-runtime/tests/client","Test":"TestSchemaRejectsMalformedBudgetsAndUnknownRequestProperties","Elapsed":0.01}
{"Time":"2026-09-11T15:24:54.245924721-07:00","Action":"run","Package":"github.com/JDinSeattle/forge-runtime/tests/client","Test":"TestEveryHTTPRouteHasMatchingContractOperation"}
{"Time":"2026-09-11T15:24:54.245926653-07:00","Action":"output","Package":"github.com/JDinSeattle/forge-runtime/tests/client","Test":"TestEveryHTTPRouteHasMatchingContractOperation","Output":"=== RUN   TestEveryHTTPRouteHasMatchingContractOperation\n"}
{"Time":"2026-09-11T15:24:54.245938396-07:00","Action":"output","Package":"github.com/JDinSeattle/forge-runtime/internal/telemetry","Test":"TestPanicEndsSpanWithoutRecordingPayload","Output":"--- PASS: TestPanicEndsSpanWithoutRecordingPayload (0.00s)\n"}
{"Time":"2026-09-11T15:24:54.245951835-07:00","Action":"pass","Package":"github.com/JDinSeattle/forge-runtime/internal/telemetry","Test":"TestPanicEndsSpanWithoutRecordingPayload","Elapsed":0}
{"Time":"2026-09-11T15:24:54.245980738-07:00","Action":"run","Package":"github.com/JDinSeattle/forge-runtime/internal/telemetry","Test":"TestSetupIsolationAndInvalidTraceparent"}
{"Time":"2026-09-11T15:24:54.245983404-07:00","Action":"output","Package":"github.com/JDinSeattle/forge-runtime/internal/telemetry","Test":"TestSetupIsolationAndInvalidTraceparent","Output":"=== RUN   TestSetupIsolationAndInvalidTraceparent\n"}
{"Time":"2026-09-11T15:24:54.24918932-07:00","Action":"output","Package":"github.com/JDinSeattle/forge-runtime/internal/eventstream","Test":"TestResetDetachesHubBeforeNotification/source-reset","Output":"--- PASS: TestResetDetachesHubBeforeNotification/source-reset (0.03s)\n"}
{"Time":"2026-09-11T15:24:54.249233655-07:00","Action":"pass","Package":"github.com/JDinSeattle/forge-runtime/internal/eventstream","Test":"TestResetDetachesHubBeforeNotification/source-reset","Elapsed":0.03}
{"Time":"2026-09-11T15:24:54.249254655-07:00","Action":"output","Package":"github.com/JDinSeattle/forge-runtime/internal/eventstream","Test":"TestResetDetachesHubBeforeNotification","Output":"--- PASS: TestResetDetachesHubBeforeNotification (0.07s)\n"}
{"Time":"2026-09-11T15:24:54.249260651-07:00","Action":"pass","Package":"github.com/JDinSeattle/forge-runtime/internal/eventstream","Test":"TestResetDetachesHubBeforeNotification","Elapsed":0.07}
{"Time":"2026-09-11T15:24:54.249275429-07:00","Action":"output","Package":"github.com/JDinSeattle/forge-runtime/internal/eventstream","Output":"PASS\n"}
{"Time":"2026-09-11T15:24:54.250301466-07:00","Action":"output","Package":"github.com/JDinSeattle/forge-runtime/internal/telemetry","Test":"TestSetupIsolationAndInvalidTraceparent","Output":"--- PASS: TestSetupIsolationAndInvalidTraceparent (0.00s)\n"}
{"Time":"2026-09-11T15:24:54.250325544-07:00","Action":"pass","Package":"github.com/JDinSeattle/forge-runtime/internal/telemetry","Test":"TestSetupIsolationAndInvalidTraceparent","Elapsed":0}
{"Time":"2026-09-11T15:24:54.250331804-07:00","Action":"run","Package":"github.com/JDinSeattle/forge-runtime/internal/telemetry","Test":"TestOperationalSnapshotsAndSSECleanup"}
{"Time":"2026-09-11T15:24:54.250335322-07:00","Action":"output","Package":"github.com/JDinSeattle/forge-runtime/internal/telemetry","Test":"TestOperationalSnapshotsAndSSECleanup","Output":"=== RUN   TestOperationalSnapshotsAndSSECleanup\n"}
{"Time":"2026-09-11T15:24:54.252694851-07:00","Action":"output","Package":"github.com/JDinSeattle/forge-runtime/internal/telemetry","Test":"TestOperationalSnapshotsAndSSECleanup","Output":"--- PASS: TestOperationalSnapshotsAndSSECleanup (0.00s)\n"}
{"Time":"2026-09-11T15:24:54.252722537-07:00","Action":"pass","Package":"github.com/JDinSeattle/forge-runtime/internal/telemetry","Test":"TestOperationalSnapshotsAndSSECleanup","Elapsed":0}
{"Time":"2026-09-11T15:24:54.252729058-07:00","Action":"output","Package":"github.com/JDinSeattle/forge-runtime/internal/telemetry","Output":"PASS\n"}
{"Time":"2026-09-11T15:24:54.253772385-07:00","Action":"output","Package":"github.com/JDinSeattle/forge-runtime/cmd/forge","Test":"TestSubmitUncertaintyRetainsKeyWithoutAutomaticReplay","Output":"--- PASS: TestSubmitUncertaintyRetainsKeyWithoutAutomaticReplay (0.12s)\n"}
{"Time":"2026-09-11T15:24:54.253798639-07:00","Action":"pass","Package":"github.com/JDinSeattle/forge-runtime/cmd/forge","Test":"TestSubmitUncertaintyRetainsKeyWithoutAutomaticReplay","Elapsed":0.12}
{"Time":"2026-09-11T15:24:54.253825572-07:00","Action":"run","Package":"github.com/JDinSeattle/forge-runtime/cmd/forge","Test":"TestExplicitIdempotencyKeyBindsBody"}
{"Time":"2026-09-11T15:24:54.253831383-07:00","Action":"output","Package":"github.com/JDinSeattle/forge-runtime/cmd/forge","Test":"TestExplicitIdempotencyKeyBindsBody","Output":"=== RUN   TestExplicitIdempotencyKeyBindsBody\n"}
{"Time":"2026-09-11T15:24:54.254963515-07:00","Action":"output","Package":"github.com/JDinSeattle/forge-runtime/internal/artifact","Test":"TestPutDeadlineUnblocksClosableInputAndReleasesPublication","Output":"--- PASS: TestPutDeadlineUnblocksClosableInputAndReleasesPublication (0.12s)\n"}
{"Time":"2026-09-11T15:24:54.254977526-07:00","Action":"pass","Package":"github.com/JDinSeattle/forge-runtime/internal/artifact","Test":"TestPutDeadlineUnblocksClosableInputAndReleasesPublication","Elapsed":0.12}
{"Time":"2026-09-11T15:24:54.255002993-07:00","Action":"run","Package":"github.com/JDinSeattle/forge-runtime/internal/artifact","Test":"TestArtifactReaderCancellationClosesOnceAndUnblocksRead"}
{"Time":"2026-09-11T15:24:54.25501051-07:00","Action":"output","Package":"github.com/JDinSeattle/forge-runtime/internal/artifact","Test":"TestArtifactReaderCancellationClosesOnceAndUnblocksRead","Output":"=== RUN   TestArtifactReaderCancellationClosesOnceAndUnblocksRead\n"}
{"Time":"2026-09-11T15:24:54.257211643-07:00","Action":"output","Package":"github.com/JDinSeattle/forge-runtime/tests/client","Test":"TestEveryHTTPRouteHasMatchingContractOperation","Output":"--- PASS: TestEveryHTTPRouteHasMatchingContractOperation (0.01s)\n"}
{"Time":"2026-09-11T15:24:54.257277278-07:00","Action":"pass","Package":"github.com/JDinSeattle/forge-runtime/tests/client","Test":"TestEveryHTTPRouteHasMatchingContractOperation","Elapsed":0.01}
{"Time":"2026-09-11T15:24:54.257295677-07:00","Action":"run","Package":"github.com/JDinSeattle/forge-runtime/tests/client","Test":"TestActualUnauthenticatedFailureHasTypedErrorContract"}
{"Time":"2026-09-11T15:24:54.25729824-07:00","Action":"output","Package":"github.com/JDinSeattle/forge-runtime/tests/client","Test":"TestActualUnauthenticatedFailureHasTypedErrorContract","Output":"=== RUN   TestActualUnauthenticatedFailureHasTypedErrorContract\n"}
{"Time":"2026-09-11T15:24:54.26815202-07:00","Action":"output","Package":"github.com/JDinSeattle/forge-runtime/tests/client","Test":"TestActualUnauthenticatedFailureHasTypedErrorContract","Output":"--- PASS: TestActualUnauthenticatedFailureHasTypedErrorContract (0.01s)\n"}
{"Time":"2026-09-11T15:24:54.268176285-07:00","Action":"pass","Package":"github.com/JDinSeattle/forge-runtime/tests/client","Test":"TestActualUnauthenticatedFailureHasTypedErrorContract","Elapsed":0.01}
{"Time":"2026-09-11T15:24:54.268182377-07:00","Action":"output","Package":"github.com/JDinSeattle/forge-runtime/tests/client","Output":"PASS\n"}
{"Time":"2026-09-11T15:24:54.269135097-07:00","Action":"output","Package":"github.com/JDinSeattle/forge-runtime/internal/runnerclient","Test":"TestUDSContractAndPermissions","Output":"--- PASS: TestUDSContractAndPermissions (0.09s)\n"}
{"Time":"2026-09-11T15:24:54.269157457-07:00","Action":"pass","Package":"github.com/JDinSeattle/forge-runtime/internal/runnerclient","Test":"TestUDSContractAndPermissions","Elapsed":0.09}
{"Time":"2026-09-11T15:24:54.269161334-07:00","Action":"run","Package":"github.com/JDinSeattle/forge-runtime/internal/runnerclient","Test":"TestStartTimeoutInspectsSameIDWithoutResubmission"}
{"Time":"2026-09-11T15:24:54.269162927-07:00","Action":"output","Package":"github.com/JDinSeattle/forge-runtime/internal/runnerclient","Test":"TestStartTimeoutInspectsSameIDWithoutResubmission","Output":"=== RUN   TestStartTimeoutInspectsSameIDWithoutResubmission\n"}
{"Time":"2026-09-11T15:24:54.269165582-07:00","Action":"run","Package":"github.com/JDinSeattle/forge-runtime/internal/runnerclient","Test":"TestStartTimeoutInspectsSameIDWithoutResubmission/accepted"}
{"Time":"2026-09-11T15:24:54.269167053-07:00","Action":"output","Package":"github.com/JDinSeattle/forge-runtime/internal/runnerclient","Test":"TestStartTimeoutInspectsSameIDWithoutResubmission/accepted","Output":"=== RUN   TestStartTimeoutInspectsSameIDWithoutResubmission/accepted\n"}
{"Time":"2026-09-11T15:24:54.28560314-07:00","Action":"output","Package":"github.com/JDinSeattle/forge-runtime/internal/artifact","Test":"TestArtifactReaderCancellationClosesOnceAndUnblocksRead","Output":"--- PASS: TestArtifactReaderCancellationClosesOnceAndUnblocksRead (0.03s)\n"}
{"Time":"2026-09-11T15:24:54.285634081-07:00","Action":"pass","Package":"github.com/JDinSeattle/forge-runtime/internal/artifact","Test":"TestArtifactReaderCancellationClosesOnceAndUnblocksRead","Elapsed":0.03}
{"Time":"2026-09-11T15:24:54.285641912-07:00","Action":"run","Package":"github.com/JDinSeattle/forge-runtime/internal/artifact","Test":"TestLocalOpenBudgetLivesUntilReaderClose"}
{"Time":"2026-09-11T15:24:54.285645076-07:00","Action":"output","Package":"github.com/JDinSeattle/forge-runtime/internal/artifact","Test":"TestLocalOpenBudgetLivesUntilReaderClose","Output":"=== RUN   TestLocalOpenBudgetLivesUntilReaderClose\n"}
{"Time":"2026-09-11T15:24:54.285792626-07:00","Action":"output","Package":"github.com/JDinSeattle/forge-runtime/internal/dependency","Test":"TestTransactionOperationPreservesDeadlineCause","Output":"--- PASS: TestTransactionOperationPreservesDeadlineCause (0.11s)\n"}
{"Time":"2026-09-11T15:24:54.285820013-07:00","Action":"pass","Package":"github.com/JDinSeattle/forge-runtime/internal/dependency","Test":"TestTransactionOperationPreservesDeadlineCause","Elapsed":0.11}
{"Time":"2026-09-11T15:24:54.285833403-07:00","Action":"run","Package":"github.com/JDinSeattle/forge-runtime/internal/dependency","Test":"TestTransactionOperationPropagatesExplicitCancellation"}
{"Time":"2026-09-11T15:24:54.285838312-07:00","Action":"output","Package":"github.com/JDinSeattle/forge-runtime/internal/dependency","Test":"TestTransactionOperationPropagatesExplicitCancellation","Output":"=== RUN   TestTransactionOperationPropagatesExplicitCancellation\n"}
{"Time":"2026-09-11T15:24:54.286010005-07:00","Action":"output","Package":"github.com/JDinSeattle/forge-runtime/internal/dependency","Test":"TestTransactionOperationPropagatesExplicitCancellation","Output":"--- PASS: TestTransactionOperationPropagatesExplicitCancellation (0.00s)\n"}
{"Time":"2026-09-11T15:24:54.286029927-07:00","Action":"pass","Package":"github.com/JDinSeattle/forge-runtime/internal/dependency","Test":"TestTransactionOperationPropagatesExplicitCancellation","Elapsed":0}
{"Time":"2026-09-11T15:24:54.286054072-07:00","Action":"output","Package":"github.com/JDinSeattle/forge-runtime/internal/dependency","Output":"PASS\n"}
{"Time":"2026-09-11T15:24:54.321942208-07:00","Action":"output","Package":"github.com/JDinSeattle/forge-runtime/internal/runnerclient","Test":"TestStartTimeoutInspectsSameIDWithoutResubmission/accepted","Output":"--- PASS: TestStartTimeoutInspectsSameIDWithoutResubmission/accepted (0.05s)\n"}
{"Time":"2026-09-11T15:24:54.321972263-07:00","Action":"pass","Package":"github.com/JDinSeattle/forge-runtime/internal/runnerclient","Test":"TestStartTimeoutInspectsSameIDWithoutResubmission/accepted","Elapsed":0.05}
{"Time":"2026-09-11T15:24:54.321981197-07:00","Action":"run","Package":"github.com/JDinSeattle/forge-runtime/internal/runnerclient","Test":"TestStartTimeoutInspectsSameIDWithoutResubmission/unknown"}
{"Time":"2026-09-11T15:24:54.321984384-07:00","Action":"output","Package":"github.com/JDinSeattle/forge-runtime/internal/runnerclient","Test":"TestStartTimeoutInspectsSameIDWithoutResubmission/unknown","Output":"=== RUN   TestStartTimeoutInspectsSameIDWithoutResubmission/unknown\n"}
{"Time":"2026-09-11T15:24:54.358332535-07:00","Action":"output","Package":"github.com/JDinSeattle/forge-runtime/cmd/forge","Test":"TestExplicitIdempotencyKeyBindsBody","Output":"--- PASS: TestExplicitIdempotencyKeyBindsBody (0.10s)\n"}
{"Time":"2026-09-11T15:24:54.358371278-07:00","Action":"pass","Package":"github.com/JDinSeattle/forge-runtime/cmd/forge","Test":"TestExplicitIdempotencyKeyBindsBody","Elapsed":0.1}
{"Time":"2026-09-11T15:24:54.358379743-07:00","Action":"run","Package":"github.com/JDinSeattle/forge-runtime/cmd/forge","Test":"TestWatchReconnectDeduplicatesAndStopsAtFinished"}
{"Time":"2026-09-11T15:24:54.3583832-07:00","Action":"output","Package":"github.com/JDinSeattle/forge-runtime/cmd/forge","Test":"TestWatchReconnectDeduplicatesAndStopsAtFinished","Output":"=== RUN   TestWatchReconnectDeduplicatesAndStopsAtFinished\n"}
{"Time":"2026-09-11T15:24:54.360075277-07:00","Action":"output","Package":"github.com/JDinSeattle/forge-runtime/cmd/forge","Test":"TestWatchReconnectDeduplicatesAndStopsAtFinished","Output":"--- PASS: TestWatchReconnectDeduplicatesAndStopsAtFinished (0.00s)\n"}
{"Time":"2026-09-11T15:24:54.360100232-07:00","Action":"pass","Package":"github.com/JDinSeattle/forge-runtime/cmd/forge","Test":"TestWatchReconnectDeduplicatesAndStopsAtFinished","Elapsed":0}
{"Time":"2026-09-11T15:24:54.36010646-07:00","Action":"run","Package":"github.com/JDinSeattle/forge-runtime/cmd/forge","Test":"TestWatchExpiredCursorFetchesSnapshot"}
{"Time":"2026-09-11T15:24:54.360110004-07:00","Action":"output","Package":"github.com/JDinSeattle/forge-runtime/cmd/forge","Test":"TestWatchExpiredCursorFetchesSnapshot","Output":"=== RUN   TestWatchExpiredCursorFetchesSnapshot\n"}
{"Time":"2026-09-11T15:24:54.362512069-07:00","Action":"output","Package":"github.com/JDinSeattle/forge-runtime/cmd/forge","Test":"TestWatchExpiredCursorFetchesSnapshot","Output":"--- PASS: TestWatchExpiredCursorFetchesSnapshot (0.00s)\n"}
{"Time":"2026-09-11T15:24:54.362534797-07:00","Action":"pass","Package":"github.com/JDinSeattle/forge-runtime/cmd/forge","Test":"TestWatchExpiredCursorFetchesSnapshot","Elapsed":0}
{"Time":"2026-09-11T15:24:54.362540609-07:00","Action":"run","Package":"github.com/JDinSeattle/forge-runtime/cmd/forge","Test":"TestSSEBoundsAndPartialFrame"}
{"Time":"2026-09-11T15:24:54.362544416-07:00","Action":"output","Package":"github.com/JDinSeattle/forge-runtime/cmd/forge","Test":"TestSSEBoundsAndPartialFrame","Output":"=== RUN   TestSSEBoundsAndPartialFrame\n"}
{"Time":"2026-09-11T15:24:54.365908242-07:00","Action":"run","Package":"github.com/JDinSeattle/forge-runtime/cmd/forge","Test":"TestSSEBoundsAndPartialFrame/partial"}
{"Time":"2026-09-11T15:24:54.365923053-07:00","Action":"output","Package":"github.com/JDinSeattle/forge-runtime/cmd/forge","Test":"TestSSEBoundsAndPartialFrame/partial","Output":"=== RUN   TestSSEBoundsAndPartialFrame/partial\n"}
{"Time":"2026-09-11T15:24:54.365945006-07:00","Action":"output","Package":"github.com/JDinSeattle/forge-runtime/cmd/forge","Test":"TestSSEBoundsAndPartialFrame/partial","Output":"--- PASS: TestSSEBoundsAndPartialFrame/partial (0.00s)\n"}
{"Time":"2026-09-11T15:24:54.365952958-07:00","Action":"pass","Package":"github.com/JDinSeattle/forge-runtime/cmd/forge","Test":"TestSSEBoundsAndPartialFrame/partial","Elapsed":0}
{"Time":"2026-09-11T15:24:54.36595954-07:00","Action":"run","Package":"github.com/JDinSeattle/forge-runtime/cmd/forge","Test":"TestSSEBoundsAndPartialFrame/oversize"}
{"Time":"2026-09-11T15:24:54.365963379-07:00","Action":"output","Package":"github.com/JDinSeattle/forge-runtime/cmd/forge","Test":"TestSSEBoundsAndPartialFrame/oversize","Output":"=== RUN   TestSSEBoundsAndPartialFrame/oversize\n"}
{"Time":"2026-09-11T15:24:54.370022965-07:00","Action":"output","Package":"github.com/JDinSeattle/forge-runtime/cmd/forge","Test":"TestSSEBoundsAndPartialFrame/oversize","Output":"--- PASS: TestSSEBoundsAndPartialFrame/oversize (0.00s)\n"}
{"Time":"2026-09-11T15:24:54.370034766-07:00","Action":"pass","Package":"github.com/JDinSeattle/forge-runtime/cmd/forge","Test":"TestSSEBoundsAndPartialFrame/oversize","Elapsed":0}
{"Time":"2026-09-11T15:24:54.370039585-07:00","Action":"run","Package":"github.com/JDinSeattle/forge-runtime/cmd/forge","Test":"TestSSEBoundsAndPartialFrame/identity"}
{"Time":"2026-09-11T15:24:54.370042026-07:00","Action":"output","Package":"github.com/JDinSeattle/forge-runtime/cmd/forge","Test":"TestSSEBoundsAndPartialFrame/identity","Output":"=== RUN   TestSSEBoundsAndPartialFrame/identity\n"}
{"Time":"2026-09-11T15:24:54.370113832-07:00","Action":"output","Package":"github.com/JDinSeattle/forge-runtime/cmd/forge","Test":"TestSSEBoundsAndPartialFrame/identity","Output":"--- PASS: TestSSEBoundsAndPartialFrame/identity (0.00s)\n"}
{"Time":"2026-09-11T15:24:54.370120492-07:00","Action":"pass","Package":"github.com/JDinSeattle/forge-runtime/cmd/forge","Test":"TestSSEBoundsAndPartialFrame/identity","Elapsed":0}
{"Time":"2026-09-11T15:24:54.370124734-07:00","Action":"run","Package":"github.com/JDinSeattle/forge-runtime/cmd/forge","Test":"TestSSEBoundsAndPartialFrame/gap"}
{"Time":"2026-09-11T15:24:54.370130814-07:00","Action":"output","Package":"github.com/JDinSeattle/forge-runtime/cmd/forge","Test":"TestSSEBoundsAndPartialFrame/gap","Output":"=== RUN   TestSSEBoundsAndPartialFrame/gap\n"}
{"Time":"2026-09-11T15:24:54.370178256-07:00","Action":"output","Package":"github.com/JDinSeattle/forge-runtime/cmd/forge","Test":"TestSSEBoundsAndPartialFrame/gap","Output":"--- PASS: TestSSEBoundsAndPartialFrame/gap (0.00s)\n"}
{"Time":"2026-09-11T15:24:54.370184388-07:00","Action":"pass","Package":"github.com/JDinSeattle/forge-runtime/cmd/forge","Test":"TestSSEBoundsAndPartialFrame/gap","Elapsed":0}
{"Time":"2026-09-11T15:24:54.370191329-07:00","Action":"run","Package":"github.com/JDinSeattle/forge-runtime/cmd/forge","Test":"TestSSEBoundsAndPartialFrame/heartbeat"}
{"Time":"2026-09-11T15:24:54.370199751-07:00","Action":"output","Package":"github.com/JDinSeattle/forge-runtime/cmd/forge","Test":"TestSSEBoundsAndPartialFrame/heartbeat","Output":"=== RUN   TestSSEBoundsAndPartialFrame/heartbeat\n"}
{"Time":"2026-09-11T15:24:54.370260511-07:00","Action":"output","Package":"github.com/JDinSeattle/forge-runtime/cmd/forge","Test":"TestSSEBoundsAndPartialFrame/heartbeat","Output":"--- PASS: TestSSEBoundsAndPartialFrame/heartbeat (0.00s)\n"}
{"Time":"2026-09-11T15:24:54.370268632-07:00","Action":"pass","Package":"github.com/JDinSeattle/forge-runtime/cmd/forge","Test":"TestSSEBoundsAndPartialFrame/heartbeat","Elapsed":0}
{"Time":"2026-09-11T15:24:54.370275705-07:00","Action":"output","Package":"github.com/JDinSeattle/forge-runtime/cmd/forge","Test":"TestSSEBoundsAndPartialFrame","Output":"--- PASS: TestSSEBoundsAndPartialFrame (0.01s)\n"}
{"Time":"2026-09-11T15:24:54.370289615-07:00","Action":"pass","Package":"github.com/JDinSeattle/forge-runtime/cmd/forge","Test":"TestSSEBoundsAndPartialFrame","Elapsed":0.01}
{"Time":"2026-09-11T15:24:54.370296777-07:00","Action":"run","Package":"github.com/JDinSeattle/forge-runtime/cmd/forge","Test":"TestCredentialRedirectIsRefused"}
{"Time":"2026-09-11T15:24:54.370300258-07:00","Action":"output","Package":"github.com/JDinSeattle/forge-runtime/cmd/forge","Test":"TestCredentialRedirectIsRefused","Output":"=== RUN   TestCredentialRedirectIsRefused\n"}
{"Time":"2026-09-11T15:24:54.371523096-07:00","Action":"output","Package":"github.com/JDinSeattle/forge-runtime/cmd/forge","Test":"TestCredentialRedirectIsRefused","Output":"--- PASS: TestCredentialRedirectIsRefused (0.00s)\n"}
{"Time":"2026-09-11T15:24:54.371537701-07:00","Action":"pass","Package":"github.com/JDinSeattle/forge-runtime/cmd/forge","Test":"TestCredentialRedirectIsRefused","Elapsed":0}
{"Time":"2026-09-11T15:24:54.371544585-07:00","Action":"run","Package":"github.com/JDinSeattle/forge-runtime/cmd/forge","Test":"TestDownloadRejectsCorruptionAndPreservesDestination"}
{"Time":"2026-09-11T15:24:54.37154775-07:00","Action":"output","Package":"github.com/JDinSeattle/forge-runtime/cmd/forge","Test":"TestDownloadRejectsCorruptionAndPreservesDestination","Output":"=== RUN   TestDownloadRejectsCorruptionAndPreservesDestination\n"}
{"Time":"2026-09-11T15:24:54.374509197-07:00","Action":"output","Package":"github.com/JDinSeattle/forge-runtime/internal/runnerclient","Test":"TestStartTimeoutInspectsSameIDWithoutResubmission/unknown","Output":"--- PASS: TestStartTimeoutInspectsSameIDWithoutResubmission/unknown (0.05s)\n"}
{"Time":"2026-09-11T15:24:54.37453211-07:00","Action":"pass","Package":"github.com/JDinSeattle/forge-runtime/internal/runnerclient","Test":"TestStartTimeoutInspectsSameIDWithoutResubmission/unknown","Elapsed":0.05}
{"Time":"2026-09-11T15:24:54.374542995-07:00","Action":"output","Package":"github.com/JDinSeattle/forge-runtime/internal/runnerclient","Test":"TestStartTimeoutInspectsSameIDWithoutResubmission","Output":"--- PASS: TestStartTimeoutInspectsSameIDWithoutResubmission (0.11s)\n"}
{"Time":"2026-09-11T15:24:54.374559552-07:00","Action":"pass","Package":"github.com/JDinSeattle/forge-runtime/internal/runnerclient","Test":"TestStartTimeoutInspectsSameIDWithoutResubmission","Elapsed":0.11}
{"Time":"2026-09-11T15:24:54.374575807-07:00","Action":"run","Package":"github.com/JDinSeattle/forge-runtime/internal/runnerclient","Test":"TestRemoteRequiresVerifiedMutualIdentity"}
{"Time":"2026-09-11T15:24:54.37458074-07:00","Action":"output","Package":"github.com/JDinSeattle/forge-runtime/internal/runnerclient","Test":"TestRemoteRequiresVerifiedMutualIdentity","Output":"=== RUN   TestRemoteRequiresVerifiedMutualIdentity\n"}
{"Time":"2026-09-11T15:24:54.382791262-07:00","Action":"output","Package":"github.com/JDinSeattle/forge-runtime/internal/retention","Test":"TestJournalReferenceReaderProtectsOldReceiptsAndNewPinsFailsClosed","Output":"--- PASS: TestJournalReferenceReaderProtectsOldReceiptsAndNewPinsFailsClosed (0.20s)\n"}
{"Time":"2026-09-11T15:24:54.382821227-07:00","Action":"pass","Package":"github.com/JDinSeattle/forge-runtime/internal/retention","Test":"TestJournalReferenceReaderProtectsOldReceiptsAndNewPinsFailsClosed","Elapsed":0.2}
{"Time":"2026-09-11T15:24:54.382828468-07:00","Action":"run","Package":"github.com/JDinSeattle/forge-runtime/internal/retention","Test":"TestCrossStoreOrphanCollectionPublicationRaces"}
{"Time":"2026-09-11T15:24:54.382831376-07:00","Action":"output","Package":"github.com/JDinSeattle/forge-runtime/internal/retention","Test":"TestCrossStoreOrphanCollectionPublicationRaces","Output":"=== RUN   TestCrossStoreOrphanCollectionPublicationRaces\n"}
{"Time":"2026-09-11T15:24:54.395295679-07:00","Action":"output","Package":"github.com/JDinSeattle/forge-runtime/cmd/forge","Test":"TestDownloadRejectsCorruptionAndPreservesDestination","Output":"--- PASS: TestDownloadRejectsCorruptionAndPreservesDestination (0.02s)\n"}
{"Time":"2026-09-11T15:24:54.395325046-07:00","Action":"pass","Package":"github.com/JDinSeattle/forge-runtime/cmd/forge","Test":"TestDownloadRejectsCorruptionAndPreservesDestination","Elapsed":0.02}
{"Time":"2026-09-11T15:24:54.395334424-07:00","Action":"run","Package":"github.com/JDinSeattle/forge-runtime/cmd/forge","Test":"TestApprovalUsesSavedBindingInsteadOfFetchingNewPermission"}
{"Time":"2026-09-11T15:24:54.395337957-07:00","Action":"output","Package":"github.com/JDinSeattle/forge-runtime/cmd/forge","Test":"TestApprovalUsesSavedBindingInsteadOfFetchingNewPermission","Output":"=== RUN   TestApprovalUsesSavedBindingInsteadOfFetchingNewPermission\n"}
{"Time":"2026-09-11T15:24:54.396974332-07:00","Action":"output","Package":"github.com/JDinSeattle/forge-runtime/cmd/forge","Test":"TestApprovalUsesSavedBindingInsteadOfFetchingNewPermission","Output":"--- PASS: TestApprovalUsesSavedBindingInsteadOfFetchingNewPermission (0.00s)\n"}
{"Time":"2026-09-11T15:24:54.396988801-07:00","Action":"pass","Package":"github.com/JDinSeattle/forge-runtime/cmd/forge","Test":"TestApprovalUsesSavedBindingInsteadOfFetchingNewPermission","Elapsed":0}
{"Time":"2026-09-11T15:24:54.396992283-07:00","Action":"run","Package":"github.com/JDinSeattle/forge-runtime/cmd/forge","Test":"TestSnapshotPreservesLargeNumbersInToolArguments"}
{"Time":"2026-09-11T15:24:54.39699401-07:00","Action":"output","Package":"github.com/JDinSeattle/forge-runtime/cmd/forge","Test":"TestSnapshotPreservesLargeNumbersInToolArguments","Output":"=== RUN   TestSnapshotPreservesLargeNumbersInToolArguments\n"}
{"Time":"2026-09-11T15:24:54.397104803-07:00","Action":"output","Package":"github.com/JDinSeattle/forge-runtime/cmd/forge","Test":"TestSnapshotPreservesLargeNumbersInToolArguments","Output":"--- PASS: TestSnapshotPreservesLargeNumbersInToolArguments (0.00s)\n"}
{"Time":"2026-09-11T15:24:54.397109819-07:00","Action":"pass","Package":"github.com/JDinSeattle/forge-runtime/cmd/forge","Test":"TestSnapshotPreservesLargeNumbersInToolArguments","Elapsed":0}
{"Time":"2026-09-11T15:24:54.397119121-07:00","Action":"run","Package":"github.com/JDinSeattle/forge-runtime/cmd/forge","Test":"TestSubmitParentBindingIsIncludedInIdempotencyReceipt"}
{"Time":"2026-09-11T15:24:54.39712101-07:00","Action":"output","Package":"github.com/JDinSeattle/forge-runtime/cmd/forge","Test":"TestSubmitParentBindingIsIncludedInIdempotencyReceipt","Output":"=== RUN   TestSubmitParentBindingIsIncludedInIdempotencyReceipt\n"}
{"Time":"2026-09-11T15:24:54.464594276-07:00","Action":"output","Package":"github.com/JDinSeattle/forge-runtime/internal/artifact","Test":"TestLocalOpenBudgetLivesUntilReaderClose","Output":"--- PASS: TestLocalOpenBudgetLivesUntilReaderClose (0.18s)\n"}
{"Time":"2026-09-11T15:24:54.464629227-07:00","Action":"pass","Package":"github.com/JDinSeattle/forge-runtime/internal/artifact","Test":"TestLocalOpenBudgetLivesUntilReaderClose","Elapsed":0.18}
{"Time":"2026-09-11T15:24:54.464638413-07:00","Action":"run","Package":"github.com/JDinSeattle/forge-runtime/internal/artifact","Test":"TestJournalRegistrationIsAtomicAndRefusesOmittedAuthorities"}
{"Time":"2026-09-11T15:24:54.46464661-07:00","Action":"output","Package":"github.com/JDinSeattle/forge-runtime/internal/artifact","Test":"TestJournalRegistrationIsAtomicAndRefusesOmittedAuthorities","Output":"=== RUN   TestJournalRegistrationIsAtomicAndRefusesOmittedAuthorities\n"}
{"Time":"2026-09-11T15:24:54.507963395-07:00","Action":"output","Package":"github.com/JDinSeattle/forge-runtime/cmd/forge","Test":"TestSubmitParentBindingIsIncludedInIdempotencyReceipt","Output":"--- PASS: TestSubmitParentBindingIsIncludedInIdempotencyReceipt (0.11s)\n"}
{"Time":"2026-09-11T15:24:54.507990719-07:00","Action":"pass","Package":"github.com/JDinSeattle/forge-runtime/cmd/forge","Test":"TestSubmitParentBindingIsIncludedInIdempotencyReceipt","Elapsed":0.11}
{"Time":"2026-09-11T15:24:54.508003959-07:00","Action":"run","Package":"github.com/JDinSeattle/forge-runtime/cmd/forge","Test":"FuzzEventCursorOnlyAcknowledgesPrintedContiguousFrames"}
{"Time":"2026-09-11T15:24:54.508007796-07:00","Action":"output","Package":"github.com/JDinSeattle/forge-runtime/cmd/forge","Test":"FuzzEventCursorOnlyAcknowledgesPrintedContiguousFrames","Output":"=== RUN   FuzzEventCursorOnlyAcknowledgesPrintedContiguousFrames\n"}
{"Time":"2026-09-11T15:24:54.508099081-07:00","Action":"run","Package":"github.com/JDinSeattle/forge-runtime/cmd/forge","Test":"FuzzEventCursorOnlyAcknowledgesPrintedContiguousFrames/seed#0"}
{"Time":"2026-09-11T15:24:54.508106072-07:00","Action":"output","Package":"github.com/JDinSeattle/forge-runtime/cmd/forge","Test":"FuzzEventCursorOnlyAcknowledgesPrintedContiguousFrames/seed#0","Output":"=== RUN   FuzzEventCursorOnlyAcknowledgesPrintedContiguousFrames/seed#0\n"}
{"Time":"2026-09-11T15:24:54.508303487-07:00","Action":"output","Package":"github.com/JDinSeattle/forge-runtime/cmd/forge","Test":"FuzzEventCursorOnlyAcknowledgesPrintedContiguousFrames/seed#0","Output":"--- PASS: FuzzEventCursorOnlyAcknowledgesPrintedContiguousFrames/seed#0 (0.00s)\n"}
{"Time":"2026-09-11T15:24:54.508317679-07:00","Action":"pass","Package":"github.com/JDinSeattle/forge-runtime/cmd/forge","Test":"FuzzEventCursorOnlyAcknowledgesPrintedContiguousFrames/seed#0","Elapsed":0}
{"Time":"2026-09-11T15:24:54.508341874-07:00","Action":"run","Package":"github.com/JDinSeattle/forge-runtime/cmd/forge","Test":"FuzzEventCursorOnlyAcknowledgesPrintedContiguousFrames/seed#1"}
{"Time":"2026-09-11T15:24:54.508347412-07:00","Action":"output","Package":"github.com/JDinSeattle/forge-runtime/cmd/forge","Test":"FuzzEventCursorOnlyAcknowledgesPrintedContiguousFrames/seed#1","Output":"=== RUN   FuzzEventCursorOnlyAcknowledgesPrintedContiguousFrames/seed#1\n"}
{"Time":"2026-09-11T15:24:54.508557585-07:00","Action":"output","Package":"github.com/JDinSeattle/forge-runtime/cmd/forge","Test":"FuzzEventCursorOnlyAcknowledgesPrintedContiguousFrames/seed#1","Output":"--- PASS: FuzzEventCursorOnlyAcknowledgesPrintedContiguousFrames/seed#1 (0.00s)\n"}
{"Time":"2026-09-11T15:24:54.508573225-07:00","Action":"pass","Package":"github.com/JDinSeattle/forge-runtime/cmd/forge","Test":"FuzzEventCursorOnlyAcknowledgesPrintedContiguousFrames/seed#1","Elapsed":0}
{"Time":"2026-09-11T15:24:54.508576348-07:00","Action":"run","Package":"github.com/JDinSeattle/forge-runtime/cmd/forge","Test":"FuzzEventCursorOnlyAcknowledgesPrintedContiguousFrames/seed#2"}
{"Time":"2026-09-11T15:24:54.508578189-07:00","Action":"output","Package":"github.com/JDinSeattle/forge-runtime/cmd/forge","Test":"FuzzEventCursorOnlyAcknowledgesPrintedContiguousFrames/seed#2","Output":"=== RUN   FuzzEventCursorOnlyAcknowledgesPrintedContiguousFrames/seed#2\n"}
{"Time":"2026-09-11T15:24:54.508611853-07:00","Action":"output","Package":"github.com/JDinSeattle/forge-runtime/cmd/forge","Test":"FuzzEventCursorOnlyAcknowledgesPrintedContiguousFrames/seed#2","Output":"--- PASS: FuzzEventCursorOnlyAcknowledgesPrintedContiguousFrames/seed#2 (0.00s)\n"}
{"Time":"2026-09-11T15:24:54.508616579-07:00","Action":"pass","Package":"github.com/JDinSeattle/forge-runtime/cmd/forge","Test":"FuzzEventCursorOnlyAcknowledgesPrintedContiguousFrames/seed#2","Elapsed":0}
{"Time":"2026-09-11T15:24:54.508629134-07:00","Action":"run","Package":"github.com/JDinSeattle/forge-runtime/cmd/forge","Test":"FuzzEventCursorOnlyAcknowledgesPrintedContiguousFrames/seed#3"}
{"Time":"2026-09-11T15:24:54.50863103-07:00","Action":"output","Package":"github.com/JDinSeattle/forge-runtime/cmd/forge","Test":"FuzzEventCursorOnlyAcknowledgesPrintedContiguousFrames/seed#3","Output":"=== RUN   FuzzEventCursorOnlyAcknowledgesPrintedContiguousFrames/seed#3\n"}
{"Time":"2026-09-11T15:24:54.508657316-07:00","Action":"output","Package":"github.com/JDinSeattle/forge-runtime/cmd/forge","Test":"FuzzEventCursorOnlyAcknowledgesPrintedContiguousFrames/seed#3","Output":"--- PASS: FuzzEventCursorOnlyAcknowledgesPrintedContiguousFrames/seed#3 (0.00s)\n"}
{"Time":"2026-09-11T15:24:54.50866151-07:00","Action":"pass","Package":"github.com/JDinSeattle/forge-runtime/cmd/forge","Test":"FuzzEventCursorOnlyAcknowledgesPrintedContiguousFrames/seed#3","Elapsed":0}
{"Time":"2026-09-11T15:24:54.50867294-07:00","Action":"run","Package":"github.com/JDinSeattle/forge-runtime/cmd/forge","Test":"FuzzEventCursorOnlyAcknowledgesPrintedContiguousFrames/seed#4"}
{"Time":"2026-09-11T15:24:54.508674819-07:00","Action":"output","Package":"github.com/JDinSeattle/forge-runtime/cmd/forge","Test":"FuzzEventCursorOnlyAcknowledgesPrintedContiguousFrames/seed#4","Output":"=== RUN   FuzzEventCursorOnlyAcknowledgesPrintedContiguousFrames/seed#4\n"}
{"Time":"2026-09-11T15:24:54.508700625-07:00","Action":"output","Package":"github.com/JDinSeattle/forge-runtime/cmd/forge","Test":"FuzzEventCursorOnlyAcknowledgesPrintedContiguousFrames/seed#4","Output":"--- PASS: FuzzEventCursorOnlyAcknowledgesPrintedContiguousFrames/seed#4 (0.00s)\n"}
{"Time":"2026-09-11T15:24:54.50870476-07:00","Action":"pass","Package":"github.com/JDinSeattle/forge-runtime/cmd/forge","Test":"FuzzEventCursorOnlyAcknowledgesPrintedContiguousFrames/seed#4","Elapsed":0}
{"Time":"2026-09-11T15:24:54.508715433-07:00","Action":"run","Package":"github.com/JDinSeattle/forge-runtime/cmd/forge","Test":"FuzzEventCursorOnlyAcknowledgesPrintedContiguousFrames/seed#5"}
{"Time":"2026-09-11T15:24:54.508717269-07:00","Action":"output","Package":"github.com/JDinSeattle/forge-runtime/cmd/forge","Test":"FuzzEventCursorOnlyAcknowledgesPrintedContiguousFrames/seed#5","Output":"=== RUN   FuzzEventCursorOnlyAcknowledgesPrintedContiguousFrames/seed#5\n"}
{"Time":"2026-09-11T15:24:54.508738029-07:00","Action":"output","Package":"github.com/JDinSeattle/forge-runtime/cmd/forge","Test":"FuzzEventCursorOnlyAcknowledgesPrintedContiguousFrames/seed#5","Output":"--- PASS: FuzzEventCursorOnlyAcknowledgesPrintedContiguousFrames/seed#5 (0.00s)\n"}
{"Time":"2026-09-11T15:24:54.508744653-07:00","Action":"pass","Package":"github.com/JDinSeattle/forge-runtime/cmd/forge","Test":"FuzzEventCursorOnlyAcknowledgesPrintedContiguousFrames/seed#5","Elapsed":0}
{"Time":"2026-09-11T15:24:54.5087656-07:00","Action":"run","Package":"github.com/JDinSeattle/forge-runtime/cmd/forge","Test":"FuzzEventCursorOnlyAcknowledgesPrintedContiguousFrames/seed#6"}
{"Time":"2026-09-11T15:24:54.508786898-07:00","Action":"output","Package":"github.com/JDinSeattle/forge-runtime/cmd/forge","Test":"FuzzEventCursorOnlyAcknowledgesPrintedContiguousFrames/seed#6","Output":"=== RUN   FuzzEventCursorOnlyAcknowledgesPrintedContiguousFrames/seed#6\n"}
{"Time":"2026-09-11T15:24:54.508800385-07:00","Action":"output","Package":"github.com/JDinSeattle/forge-runtime/cmd/forge","Test":"FuzzEventCursorOnlyAcknowledgesPrintedContiguousFrames/seed#6","Output":"--- PASS: FuzzEventCursorOnlyAcknowledgesPrintedContiguousFrames/seed#6 (0.00s)\n"}
{"Time":"2026-09-11T15:24:54.50880592-07:00","Action":"pass","Package":"github.com/JDinSeattle/forge-runtime/cmd/forge","Test":"FuzzEventCursorOnlyAcknowledgesPrintedContiguousFrames/seed#6","Elapsed":0}
{"Time":"2026-09-11T15:24:54.50882736-07:00","Action":"run","Package":"github.com/JDinSeattle/forge-runtime/cmd/forge","Test":"FuzzEventCursorOnlyAcknowledgesPrintedContiguousFrames/seed#7"}
{"Time":"2026-09-11T15:24:54.508834418-07:00","Action":"output","Package":"github.com/JDinSeattle/forge-runtime/cmd/forge","Test":"FuzzEventCursorOnlyAcknowledgesPrintedContiguousFrames/seed#7","Output":"=== RUN   FuzzEventCursorOnlyAcknowledgesPrintedContiguousFrames/seed#7\n"}
{"Time":"2026-09-11T15:24:54.508847534-07:00","Action":"output","Package":"github.com/JDinSeattle/forge-runtime/cmd/forge","Test":"FuzzEventCursorOnlyAcknowledgesPrintedContiguousFrames/seed#7","Output":"--- PASS: FuzzEventCursorOnlyAcknowledgesPrintedContiguousFrames/seed#7 (0.00s)\n"}
{"Time":"2026-09-11T15:24:54.508852519-07:00","Action":"pass","Package":"github.com/JDinSeattle/forge-runtime/cmd/forge","Test":"FuzzEventCursorOnlyAcknowledgesPrintedContiguousFrames/seed#7","Elapsed":0}
{"Time":"2026-09-11T15:24:54.508872619-07:00","Action":"output","Package":"github.com/JDinSeattle/forge-runtime/cmd/forge","Test":"FuzzEventCursorOnlyAcknowledgesPrintedContiguousFrames","Output":"--- PASS: FuzzEventCursorOnlyAcknowledgesPrintedContiguousFrames (0.00s)\n"}
{"Time":"2026-09-11T15:24:54.508885083-07:00","Action":"pass","Package":"github.com/JDinSeattle/forge-runtime/cmd/forge","Test":"FuzzEventCursorOnlyAcknowledgesPrintedContiguousFrames","Elapsed":0}
{"Time":"2026-09-11T15:24:54.508889406-07:00","Action":"output","Package":"github.com/JDinSeattle/forge-runtime/cmd/forge","Output":"PASS\n"}
{"Time":"2026-09-11T15:24:54.575936338-07:00","Action":"output","Package":"github.com/JDinSeattle/forge-runtime/internal/quota","Test":"TestSharedBudgetsAcrossTenantsAndIndependentPools","Output":"--- PASS: TestSharedBudgetsAcrossTenantsAndIndependentPools (0.41s)\n"}
{"Time":"2026-09-11T15:24:54.575960287-07:00","Action":"pass","Package":"github.com/JDinSeattle/forge-runtime/internal/quota","Test":"TestSharedBudgetsAcrossTenantsAndIndependentPools","Elapsed":0.41}
{"Time":"2026-09-11T15:24:54.575964953-07:00","Action":"run","Package":"github.com/JDinSeattle/forge-runtime/internal/quota","Test":"TestGlobalAdmissionAndIdempotencyAcrossStoreInstances"}
{"Time":"2026-09-11T15:24:54.575966733-07:00","Action":"output","Package":"github.com/JDinSeattle/forge-runtime/internal/quota","Test":"TestGlobalAdmissionAndIdempotencyAcrossStoreInstances","Output":"=== RUN   TestGlobalAdmissionAndIdempotencyAcrossStoreInstances\n"}
{"Time":"2026-09-11T15:24:54.610164211-07:00","Action":"output","Package":"github.com/JDinSeattle/forge-runtime/internal/artifact","Test":"TestJournalRegistrationIsAtomicAndRefusesOmittedAuthorities","Output":"--- PASS: TestJournalRegistrationIsAtomicAndRefusesOmittedAuthorities (0.15s)\n"}
{"Time":"2026-09-11T15:24:54.610194816-07:00","Action":"pass","Package":"github.com/JDinSeattle/forge-runtime/internal/artifact","Test":"TestJournalRegistrationIsAtomicAndRefusesOmittedAuthorities","Elapsed":0.15}
{"Time":"2026-09-11T15:24:54.610201837-07:00","Action":"run","Package":"github.com/JDinSeattle/forge-runtime/internal/artifact","Test":"TestImmutableConcurrentPutOwnershipAndCorruption"}
{"Time":"2026-09-11T15:24:54.610209023-07:00","Action":"output","Package":"github.com/JDinSeattle/forge-runtime/internal/artifact","Test":"TestImmutableConcurrentPutOwnershipAndCorruption","Output":"=== RUN   TestImmutableConcurrentPutOwnershipAndCorruption\n"}
{"Time":"2026-09-11T15:24:54.632419585-07:00","Action":"output","Package":"github.com/JDinSeattle/forge-runtime/tests/review","Test":"TestReviewFixedRunnerClaimAndTakeoverRemainOnAssignedTransport","Output":"--- PASS: TestReviewFixedRunnerClaimAndTakeoverRemainOnAssignedTransport (0.43s)\n"}
{"Time":"2026-09-11T15:24:54.632457576-07:00","Action":"pass","Package":"github.com/JDinSeattle/forge-runtime/tests/review","Test":"TestReviewFixedRunnerClaimAndTakeoverRemainOnAssignedTransport","Elapsed":0.43}
{"Time":"2026-09-11T15:24:54.632466437-07:00","Action":"run","Package":"github.com/JDinSeattle/forge-runtime/tests/review","Test":"TestReviewFailedVerifierDiagnosticsEnableNextRepair"}
{"Time":"2026-09-11T15:24:54.632470225-07:00","Action":"output","Package":"github.com/JDinSeattle/forge-runtime/tests/review","Test":"TestReviewFailedVerifierDiagnosticsEnableNextRepair","Output":"=== RUN   TestReviewFailedVerifierDiagnosticsEnableNextRepair\n"}
{"Time":"2026-09-11T15:24:54.632503853-07:00","Action":"run","Package":"github.com/JDinSeattle/forge-runtime/tests/review","Test":"TestReviewFailedVerifierDiagnosticsEnableNextRepair/native_false"}
{"Time":"2026-09-11T15:24:54.632509321-07:00","Action":"output","Package":"github.com/JDinSeattle/forge-runtime/tests/review","Test":"TestReviewFailedVerifierDiagnosticsEnableNextRepair/native_false","Output":"=== RUN   TestReviewFailedVerifierDiagnosticsEnableNextRepair/native_false\n"}
{"Time":"2026-09-11T15:24:54.736048138-07:00","Action":"output","Package":"github.com/JDinSeattle/forge-runtime/internal/persistence","Test":"TestSnapshotHeaderSQLUnicodeFoldRemainsComplete","Output":"--- PASS: TestSnapshotHeaderSQLUnicodeFoldRemainsComplete (0.56s)\n"}
{"Time":"2026-09-11T15:24:54.736094277-07:00","Action":"pass","Package":"github.com/JDinSeattle/forge-runtime/internal/persistence","Test":"TestSnapshotHeaderSQLUnicodeFoldRemainsComplete","Elapsed":0.56}
{"Time":"2026-09-11T15:24:54.736098363-07:00","Action":"run","Package":"github.com/JDinSeattle/forge-runtime/internal/persistence","Test":"TestSnapshotHeaderRejectsAmbiguousMembers"}
{"Time":"2026-09-11T15:24:54.73609998-07:00","Action":"output","Package":"github.com/JDinSeattle/forge-runtime/internal/persistence","Test":"TestSnapshotHeaderRejectsAmbiguousMembers","Output":"=== RUN   TestSnapshotHeaderRejectsAmbiguousMembers\n"}
{"Time":"2026-09-11T15:24:54.736124969-07:00","Action":"output","Package":"github.com/JDinSeattle/forge-runtime/internal/persistence","Test":"TestSnapshotHeaderRejectsAmbiguousMembers","Output":"--- PASS: TestSnapshotHeaderRejectsAmbiguousMembers (0.00s)\n"}
{"Time":"2026-09-11T15:24:54.736131236-07:00","Action":"pass","Package":"github.com/JDinSeattle/forge-runtime/internal/persistence","Test":"TestSnapshotHeaderRejectsAmbiguousMembers","Elapsed":0}
{"Time":"2026-09-11T15:24:54.736140172-07:00","Action":"run","Package":"github.com/JDinSeattle/forge-runtime/internal/persistence","Test":"TestConcurrentSubmitAndCursor"}
{"Time":"2026-09-11T15:24:54.736142566-07:00","Action":"output","Package":"github.com/JDinSeattle/forge-runtime/internal/persistence","Test":"TestConcurrentSubmitAndCursor","Output":"=== RUN   TestConcurrentSubmitAndCursor\n"}
{"Time":"2026-09-11T15:24:54.739769232-07:00","Action":"output","Package":"github.com/JDinSeattle/forge-runtime/internal/runner","Test":"TestConcurrentIdempotentPatchWritesExactlyOnce","Output":"--- PASS: TestConcurrentIdempotentPatchWritesExactlyOnce (0.57s)\n"}
{"Time":"2026-09-11T15:24:54.739792881-07:00","Action":"pass","Package":"github.com/JDinSeattle/forge-runtime/internal/runner","Test":"TestConcurrentIdempotentPatchWritesExactlyOnce","Elapsed":0.57}
{"Time":"2026-09-11T15:24:54.73982692-07:00","Action":"run","Package":"github.com/JDinSeattle/forge-runtime/internal/runner","Test":"TestAppliedPatchReceiptWindowRecoversWithoutReplay"}
{"Time":"2026-09-11T15:24:54.739833244-07:00","Action":"output","Package":"github.com/JDinSeattle/forge-runtime/internal/runner","Test":"TestAppliedPatchReceiptWindowRecoversWithoutReplay","Output":"=== RUN   TestAppliedPatchReceiptWindowRecoversWithoutReplay\n"}
{"Time":"2026-09-11T15:24:54.747615104-07:00","Action":"output","Package":"github.com/JDinSeattle/forge-runtime/internal/artifact","Test":"TestImmutableConcurrentPutOwnershipAndCorruption","Output":"--- PASS: TestImmutableConcurrentPutOwnershipAndCorruption (0.14s)\n"}
{"Time":"2026-09-11T15:24:54.747635632-07:00","Action":"pass","Package":"github.com/JDinSeattle/forge-runtime/internal/artifact","Test":"TestImmutableConcurrentPutOwnershipAndCorruption","Elapsed":0.14}
{"Time":"2026-09-11T15:24:54.747640463-07:00","Action":"run","Package":"github.com/JDinSeattle/forge-runtime/internal/artifact","Test":"TestArtifactByteLimitAndContextDoNotPublishObjects"}
{"Time":"2026-09-11T15:24:54.747641982-07:00","Action":"output","Package":"github.com/JDinSeattle/forge-runtime/internal/artifact","Test":"TestArtifactByteLimitAndContextDoNotPublishObjects","Output":"=== RUN   TestArtifactByteLimitAndContextDoNotPublishObjects\n"}
{"Time":"2026-09-11T15:24:54.760826813-07:00","Action":"output","Package":"github.com/JDinSeattle/forge-runtime/internal/application","Test":"TestPrepareCapacityRequeuesAtomically","Output":"    capacity_integration_test.go:125: capacity_requeue snapshot={\"kind\":\"capacity_rejected\",\"expected_version\":2,\"owner\":\"capacity-worker\",\"epoch\":1,\"at\":\"2026-09-11T15:24:54.747057-07:00\",\"not_before\":\"2026-09-11T15:24:55.747057-07:00\"} allocation_state=released runner=runner workspace=run_IXCL6FRM5UPETRFREJLUSDXBX2\n"}
{"Time":"2026-09-11T15:24:54.820642619-07:00","Action":"output","Package":"github.com/JDinSeattle/forge-runtime/internal/artifact","Test":"TestArtifactByteLimitAndContextDoNotPublishObjects","Output":"--- PASS: TestArtifactByteLimitAndContextDoNotPublishObjects (0.07s)\n"}
{"Time":"2026-09-11T15:24:54.820670152-07:00","Action":"pass","Package":"github.com/JDinSeattle/forge-runtime/internal/artifact","Test":"TestArtifactByteLimitAndContextDoNotPublishObjects","Elapsed":0.07}
{"Time":"2026-09-11T15:24:54.82067661-07:00","Action":"run","Package":"github.com/JDinSeattle/forge-runtime/internal/artifact","Test":"TestCollectionExcludesOldDeduplicatingPublisherAndPreservesCommittedReference"}
{"Time":"2026-09-11T15:24:54.820679053-07:00","Action":"output","Package":"github.com/JDinSeattle/forge-runtime/internal/artifact","Test":"TestCollectionExcludesOldDeduplicatingPublisherAndPreservesCommittedReference","Output":"=== RUN   TestCollectionExcludesOldDeduplicatingPublisherAndPreservesCommittedReference\n"}
{"Time":"2026-09-11T15:24:55.018953624-07:00","Action":"output","Package":"github.com/JDinSeattle/forge-runtime/internal/runnerclient","Test":"TestRemoteRequiresVerifiedMutualIdentity","Output":"--- PASS: TestRemoteRequiresVerifiedMutualIdentity (0.64s)\n"}
{"Time":"2026-09-11T15:24:55.01897351-07:00","Action":"pass","Package":"github.com/JDinSeattle/forge-runtime/internal/runnerclient","Test":"TestRemoteRequiresVerifiedMutualIdentity","Elapsed":0.64}
{"Time":"2026-09-11T15:24:55.018979089-07:00","Action":"run","Package":"github.com/JDinSeattle/forge-runtime/internal/runnerclient","Test":"TestOversizedResultUsesDurableReceiptReference"}
{"Time":"2026-09-11T15:24:55.018980789-07:00","Action":"output","Package":"github.com/JDinSeattle/forge-runtime/internal/runnerclient","Test":"TestOversizedResultUsesDurableReceiptReference","Output":"=== RUN   TestOversizedResultUsesDurableReceiptReference\n"}
{"Time":"2026-09-11T15:24:55.023319267-07:00","Action":"output","Package":"github.com/JDinSeattle/forge-runtime/internal/runnerclient","Test":"TestOversizedResultUsesDurableReceiptReference","Output":"--- PASS: TestOversizedResultUsesDurableReceiptReference (0.00s)\n"}
{"Time":"2026-09-11T15:24:55.023341924-07:00","Action":"pass","Package":"github.com/JDinSeattle/forge-runtime/internal/runnerclient","Test":"TestOversizedResultUsesDurableReceiptReference","Elapsed":0}
{"Time":"2026-09-11T15:24:55.023355264-07:00","Action":"output","Package":"github.com/JDinSeattle/forge-runtime/internal/runnerclient","Output":"PASS\n"}
{"Time":"2026-09-11T15:24:55.070033804-07:00","Action":"output","Package":"github.com/JDinSeattle/forge-runtime/internal/persistence","Test":"TestConcurrentSubmitAndCursor","Output":"--- PASS: TestConcurrentSubmitAndCursor (0.33s)\n"}
{"Time":"2026-09-11T15:24:55.070067702-07:00","Action":"pass","Package":"github.com/JDinSeattle/forge-runtime/internal/persistence","Test":"TestConcurrentSubmitAndCursor","Elapsed":0.33}
{"Time":"2026-09-11T15:24:55.070109694-07:00","Action":"run","Package":"github.com/JDinSeattle/forge-runtime/internal/persistence","Test":"TestClaimFencingAndCapacity"}
{"Time":"2026-09-11T15:24:55.070130083-07:00","Action":"output","Package":"github.com/JDinSeattle/forge-runtime/internal/persistence","Test":"TestClaimFencingAndCapacity","Output":"=== RUN   TestClaimFencingAndCapacity\n"}
{"Time":"2026-09-11T15:24:55.143871459-07:00","Action":"output","Package":"github.com/JDinSeattle/forge-runtime/internal/artifact","Test":"TestCollectionExcludesOldDeduplicatingPublisherAndPreservesCommittedReference","Output":"--- PASS: TestCollectionExcludesOldDeduplicatingPublisherAndPreservesCommittedReference (0.32s)\n"}
{"Time":"2026-09-11T15:24:55.143907585-07:00","Action":"pass","Package":"github.com/JDinSeattle/forge-runtime/internal/artifact","Test":"TestCollectionExcludesOldDeduplicatingPublisherAndPreservesCommittedReference","Elapsed":0.32}
{"Time":"2026-09-11T15:24:55.143917751-07:00","Action":"run","Package":"github.com/JDinSeattle/forge-runtime/internal/artifact","Test":"TestCollectionFailsClosedAndCollectsOnlyAgedRecognizedNames"}
{"Time":"2026-09-11T15:24:55.143921109-07:00","Action":"output","Package":"github.com/JDinSeattle/forge-runtime/internal/artifact","Test":"TestCollectionFailsClosedAndCollectsOnlyAgedRecognizedNames","Output":"=== RUN   TestCollectionFailsClosedAndCollectsOnlyAgedRecognizedNames\n"}
{"Time":"2026-09-11T15:24:55.152355927-07:00","Action":"output","Package":"github.com/JDinSeattle/forge-runtime/cmd/forge-runner","Output":"ok  \tgithub.com/JDinSeattle/forge-runtime/cmd/forge-runner\t1.028s\n"}
{"Time":"2026-09-11T15:24:55.152382459-07:00","Action":"pass","Package":"github.com/JDinSeattle/forge-runtime/cmd/forge-runner","Elapsed":1.028}
{"Time":"2026-09-11T15:24:55.161096406-07:00","Action":"output","Package":"github.com/JDinSeattle/forge-runtime/benchmarks","Output":"ok  \tgithub.com/JDinSeattle/forge-runtime/benchmarks\t1.037s\n"}
{"Time":"2026-09-11T15:24:55.161118938-07:00","Action":"pass","Package":"github.com/JDinSeattle/forge-runtime/benchmarks","Elapsed":1.037}
{"Time":"2026-09-11T15:24:55.174036471-07:00","Action":"output","Package":"github.com/JDinSeattle/forge-runtime/internal/quota","Test":"TestGlobalAdmissionAndIdempotencyAcrossStoreInstances","Output":"--- PASS: TestGlobalAdmissionAndIdempotencyAcrossStoreInstances (0.60s)\n"}
{"Time":"2026-09-11T15:24:55.174062898-07:00","Action":"pass","Package":"github.com/JDinSeattle/forge-runtime/internal/quota","Test":"TestGlobalAdmissionAndIdempotencyAcrossStoreInstances","Elapsed":0.6}
{"Time":"2026-09-11T15:24:55.174068048-07:00","Action":"run","Package":"github.com/JDinSeattle/forge-runtime/internal/quota","Test":"TestSettlementExactlyOnceAndActualOverage"}
{"Time":"2026-09-11T15:24:55.174069908-07:00","Action":"output","Package":"github.com/JDinSeattle/forge-runtime/internal/quota","Test":"TestSettlementExactlyOnceAndActualOverage","Output":"=== RUN   TestSettlementExactlyOnceAndActualOverage\n"}
{"Time":"2026-09-11T15:24:55.175946811-07:00","Action":"output","Package":"github.com/JDinSeattle/forge-runtime/internal/domain","Output":"ok  \tgithub.com/JDinSeattle/forge-runtime/internal/domain\t1.015s\n"}
{"Time":"2026-09-11T15:24:55.175971574-07:00","Action":"pass","Package":"github.com/JDinSeattle/forge-runtime/internal/domain","Elapsed":1.015}
{"Time":"2026-09-11T15:24:55.179585528-07:00","Action":"output","Package":"github.com/JDinSeattle/forge-runtime/internal/runtime","Output":"ok  \tgithub.com/JDinSeattle/forge-runtime/internal/runtime\t1.018s\n"}
{"Time":"2026-09-11T15:24:55.179614489-07:00","Action":"pass","Package":"github.com/JDinSeattle/forge-runtime/internal/runtime","Elapsed":1.018}
{"Time":"2026-09-11T15:24:55.187537275-07:00","Action":"output","Package":"github.com/JDinSeattle/forge-runtime/internal/sandbox","Output":"ok  \tgithub.com/JDinSeattle/forge-runtime/internal/sandbox\t1.026s\n"}
{"Time":"2026-09-11T15:24:55.187570741-07:00","Action":"pass","Package":"github.com/JDinSeattle/forge-runtime/internal/sandbox","Elapsed":1.026}
{"Time":"2026-09-11T15:24:55.202752332-07:00","Action":"output","Package":"github.com/JDinSeattle/forge-runtime/scripts/faults/application","Output":"ok  \tgithub.com/JDinSeattle/forge-runtime/scripts/faults/application\t1.041s\n"}
{"Time":"2026-09-11T15:24:55.202782462-07:00","Action":"pass","Package":"github.com/JDinSeattle/forge-runtime/scripts/faults/application","Elapsed":1.041}
{"Time":"2026-09-11T15:24:55.207179346-07:00","Action":"output","Package":"github.com/JDinSeattle/forge-runtime/internal/configuration","Output":"ok  \tgithub.com/JDinSeattle/forge-runtime/internal/configuration\t1.046s\n"}
{"Time":"2026-09-11T15:24:55.207215994-07:00","Action":"pass","Package":"github.com/JDinSeattle/forge-runtime/internal/configuration","Elapsed":1.047}
{"Time":"2026-09-11T15:24:55.207724412-07:00","Action":"output","Package":"github.com/JDinSeattle/forge-runtime/internal/localsetup","Output":"ok  \tgithub.com/JDinSeattle/forge-runtime/internal/localsetup\t1.047s\n"}
{"Time":"2026-09-11T15:24:55.207748579-07:00","Action":"pass","Package":"github.com/JDinSeattle/forge-runtime/internal/localsetup","Elapsed":1.047}
{"Time":"2026-09-11T15:24:55.217905468-07:00","Action":"output","Package":"github.com/JDinSeattle/forge-runtime/internal/provider","Output":"ok  \tgithub.com/JDinSeattle/forge-runtime/internal/provider\t1.057s\n"}
{"Time":"2026-09-11T15:24:55.217938467-07:00","Action":"pass","Package":"github.com/JDinSeattle/forge-runtime/internal/provider","Elapsed":1.057}
{"Time":"2026-09-11T15:24:55.251049788-07:00","Action":"output","Package":"github.com/JDinSeattle/forge-runtime/internal/eventstream","Output":"ok  \tgithub.com/JDinSeattle/forge-runtime/internal/eventstream\t1.090s\n"}
{"Time":"2026-09-11T15:24:55.251075623-07:00","Action":"pass","Package":"github.com/JDinSeattle/forge-runtime/internal/eventstream","Elapsed":1.09}
{"Time":"2026-09-11T15:24:55.255014319-07:00","Action":"output","Package":"github.com/JDinSeattle/forge-runtime/internal/telemetry","Output":"ok  \tgithub.com/JDinSeattle/forge-runtime/internal/telemetry\t1.093s\n"}
{"Time":"2026-09-11T15:24:55.255036174-07:00","Action":"pass","Package":"github.com/JDinSeattle/forge-runtime/internal/telemetry","Elapsed":1.093}
{"Time":"2026-09-11T15:24:55.270156269-07:00","Action":"output","Package":"github.com/JDinSeattle/forge-runtime/tests/client","Output":"ok  \tgithub.com/JDinSeattle/forge-runtime/tests/client\t1.108s\n"}
{"Time":"2026-09-11T15:24:55.27017979-07:00","Action":"pass","Package":"github.com/JDinSeattle/forge-runtime/tests/client","Elapsed":1.108}
{"Time":"2026-09-11T15:24:55.287337773-07:00","Action":"output","Package":"github.com/JDinSeattle/forge-runtime/internal/dependency","Output":"ok  \tgithub.com/JDinSeattle/forge-runtime/internal/dependency\t1.127s\n"}
{"Time":"2026-09-11T15:24:55.28736554-07:00","Action":"pass","Package":"github.com/JDinSeattle/forge-runtime/internal/dependency","Elapsed":1.127}
{"Time":"2026-09-11T15:24:55.297079032-07:00","Action":"output","Package":"github.com/JDinSeattle/forge-runtime/internal/runner","Test":"TestAppliedPatchReceiptWindowRecoversWithoutReplay","Output":"--- PASS: TestAppliedPatchReceiptWindowRecoversWithoutReplay (0.56s)\n"}
{"Time":"2026-09-11T15:24:55.297119555-07:00","Action":"pass","Package":"github.com/JDinSeattle/forge-runtime/internal/runner","Test":"TestAppliedPatchReceiptWindowRecoversWithoutReplay","Elapsed":0.56}
{"Time":"2026-09-11T15:24:55.297127808-07:00","Action":"run","Package":"github.com/JDinSeattle/forge-runtime/internal/runner","Test":"TestPartialMultiFilePatchRemainsUnknownAndBlocksAdoption"}
{"Time":"2026-09-11T15:24:55.297130602-07:00","Action":"output","Package":"github.com/JDinSeattle/forge-runtime/internal/runner","Test":"TestPartialMultiFilePatchRemainsUnknownAndBlocksAdoption","Output":"=== RUN   TestPartialMultiFilePatchRemainsUnknownAndBlocksAdoption\n"}
{"Time":"2026-09-11T15:24:55.353643167-07:00","Action":"output","Package":"github.com/JDinSeattle/forge-runtime/internal/artifact","Test":"TestCollectionFailsClosedAndCollectsOnlyAgedRecognizedNames","Output":"--- PASS: TestCollectionFailsClosedAndCollectsOnlyAgedRecognizedNames (0.21s)\n"}
{"Time":"2026-09-11T15:24:55.353683803-07:00","Action":"pass","Package":"github.com/JDinSeattle/forge-runtime/internal/artifact","Test":"TestCollectionFailsClosedAndCollectsOnlyAgedRecognizedNames","Elapsed":0.21}
{"Time":"2026-09-11T15:24:55.353691792-07:00","Action":"run","Package":"github.com/JDinSeattle/forge-runtime/internal/artifact","Test":"TestPublicationLockSurvivesAcrossProcessesAndReleasesOnDeath"}
{"Time":"2026-09-11T15:24:55.353700289-07:00","Action":"output","Package":"github.com/JDinSeattle/forge-runtime/internal/artifact","Test":"TestPublicationLockSurvivesAcrossProcessesAndReleasesOnDeath","Output":"=== RUN   TestPublicationLockSurvivesAcrossProcessesAndReleasesOnDeath\n"}
{"Time":"2026-09-11T15:24:55.40962992-07:00","Action":"output","Package":"github.com/JDinSeattle/forge-runtime/internal/retention","Test":"TestCrossStoreOrphanCollectionPublicationRaces","Output":"    objects_test.go:244: READY refs=2, runner-only refs=1, old orphan deleted=1; both GC/publication orderings preserved consistency\n"}
{"Time":"2026-09-11T15:24:55.450558774-07:00","Action":"output","Package":"github.com/JDinSeattle/forge-runtime/internal/retention","Test":"TestCrossStoreOrphanCollectionPublicationRaces","Output":"--- PASS: TestCrossStoreOrphanCollectionPublicationRaces (1.07s)\n"}
{"Time":"2026-09-11T15:24:55.450582867-07:00","Action":"pass","Package":"github.com/JDinSeattle/forge-runtime/internal/retention","Test":"TestCrossStoreOrphanCollectionPublicationRaces","Elapsed":1.07}
{"Time":"2026-09-11T15:24:55.450599673-07:00","Action":"output","Package":"github.com/JDinSeattle/forge-runtime/internal/retention","Output":"PASS\n"}
{"Time":"2026-09-11T15:24:55.466819008-07:00","Action":"output","Package":"github.com/JDinSeattle/forge-runtime/internal/persistence","Test":"TestClaimFencingAndCapacity","Output":"--- PASS: TestClaimFencingAndCapacity (0.40s)\n"}
{"Time":"2026-09-11T15:24:55.466858499-07:00","Action":"pass","Package":"github.com/JDinSeattle/forge-runtime/internal/persistence","Test":"TestClaimFencingAndCapacity","Elapsed":0.4}
{"Time":"2026-09-11T15:24:55.466867304-07:00","Action":"run","Package":"github.com/JDinSeattle/forge-runtime/internal/persistence","Test":"TestControlAndReadyEvidence"}
{"Time":"2026-09-11T15:24:55.466873277-07:00","Action":"output","Package":"github.com/JDinSeattle/forge-runtime/internal/persistence","Test":"TestControlAndReadyEvidence","Output":"=== RUN   TestControlAndReadyEvidence\n"}
{"Time":"2026-09-11T15:24:55.512135222-07:00","Action":"output","Package":"github.com/JDinSeattle/forge-runtime/cmd/forge","Output":"ok  \tgithub.com/JDinSeattle/forge-runtime/cmd/forge\t1.388s\n"}
{"Time":"2026-09-11T15:24:55.5121714-07:00","Action":"pass","Package":"github.com/JDinSeattle/forge-runtime/cmd/forge","Elapsed":1.388}
{"Time":"2026-09-11T15:24:55.624104457-07:00","Action":"output","Package":"github.com/JDinSeattle/forge-runtime/internal/artifact","Test":"TestPublicationLockSurvivesAcrossProcessesAndReleasesOnDeath","Output":"--- PASS: TestPublicationLockSurvivesAcrossProcessesAndReleasesOnDeath (0.27s)\n"}
{"Time":"2026-09-11T15:24:55.624133907-07:00","Action":"pass","Package":"github.com/JDinSeattle/forge-runtime/internal/artifact","Test":"TestPublicationLockSurvivesAcrossProcessesAndReleasesOnDeath","Elapsed":0.27}
{"Time":"2026-09-11T15:24:55.624141015-07:00","Action":"output","Package":"github.com/JDinSeattle/forge-runtime/internal/artifact","Output":"PASS\n"}
{"Time":"2026-09-11T15:24:55.627807354-07:00","Action":"output","Package":"github.com/JDinSeattle/forge-runtime/internal/quota","Test":"TestSettlementExactlyOnceAndActualOverage","Output":"--- PASS: TestSettlementExactlyOnceAndActualOverage (0.45s)\n"}
{"Time":"2026-09-11T15:24:55.627827911-07:00","Action":"pass","Package":"github.com/JDinSeattle/forge-runtime/internal/quota","Test":"TestSettlementExactlyOnceAndActualOverage","Elapsed":0.45}
{"Time":"2026-09-11T15:24:55.627836796-07:00","Action":"run","Package":"github.com/JDinSeattle/forge-runtime/internal/quota","Test":"TestUnknownRetainsTokenAndCostAcrossExpiryAndWindowRotation"}
{"Time":"2026-09-11T15:24:55.627840405-07:00","Action":"output","Package":"github.com/JDinSeattle/forge-runtime/internal/quota","Test":"TestUnknownRetainsTokenAndCostAcrossExpiryAndWindowRotation","Output":"=== RUN   TestUnknownRetainsTokenAndCostAcrossExpiryAndWindowRotation\n"}
{"Time":"2026-09-11T15:24:55.757161526-07:00","Action":"output","Package":"github.com/JDinSeattle/forge-runtime/internal/runner","Test":"TestPartialMultiFilePatchRemainsUnknownAndBlocksAdoption","Output":"--- PASS: TestPartialMultiFilePatchRemainsUnknownAndBlocksAdoption (0.46s)\n"}
{"Time":"2026-09-11T15:24:55.757195839-07:00","Action":"pass","Package":"github.com/JDinSeattle/forge-runtime/internal/runner","Test":"TestPartialMultiFilePatchRemainsUnknownAndBlocksAdoption","Elapsed":0.46}
{"Time":"2026-09-11T15:24:55.75720969-07:00","Action":"run","Package":"github.com/JDinSeattle/forge-runtime/internal/runner","Test":"TestUnknownStartDoesNotCreateAnotherJob"}
{"Time":"2026-09-11T15:24:55.757212046-07:00","Action":"output","Package":"github.com/JDinSeattle/forge-runtime/internal/runner","Test":"TestUnknownStartDoesNotCreateAnotherJob","Output":"=== RUN   TestUnknownStartDoesNotCreateAnotherJob\n"}
{"Time":"2026-09-11T15:24:55.775678392-07:00","Action":"output","Package":"github.com/JDinSeattle/forge-runtime/internal/application","Test":"TestPrepareCapacityRequeuesAtomically","Output":"    capacity_integration_test.go:172: capacity_requeue snapshot={\"kind\":\"capacity_rejected\",\"expected_version\":4,\"owner\":\"retry-worker\",\"epoch\":2,\"at\":\"2026-09-11T15:24:55.764961-07:00\",\"not_before\":\"2026-09-11T15:24:56.764961-07:00\"} allocation_state=released runner=runner workspace=run_IXCL6FRM5UPETRFREJLUSDXBX2\n"}
{"Time":"2026-09-11T15:24:55.780059446-07:00","Action":"output","Package":"github.com/JDinSeattle/forge-runtime/internal/persistence","Test":"TestControlAndReadyEvidence","Output":"--- PASS: TestControlAndReadyEvidence (0.31s)\n"}
{"Time":"2026-09-11T15:24:55.780095746-07:00","Action":"pass","Package":"github.com/JDinSeattle/forge-runtime/internal/persistence","Test":"TestControlAndReadyEvidence","Elapsed":0.31}
{"Time":"2026-09-11T15:24:55.780104594-07:00","Action":"run","Package":"github.com/JDinSeattle/forge-runtime/internal/persistence","Test":"TestSubmitWithoutParentPreservesPreRetryIdempotencyHashInput"}
{"Time":"2026-09-11T15:24:55.780112333-07:00","Action":"output","Package":"github.com/JDinSeattle/forge-runtime/internal/persistence","Test":"TestSubmitWithoutParentPreservesPreRetryIdempotencyHashInput","Output":"=== RUN   TestSubmitWithoutParentPreservesPreRetryIdempotencyHashInput\n"}
{"Time":"2026-09-11T15:24:55.780197449-07:00","Action":"output","Package":"github.com/JDinSeattle/forge-runtime/internal/persistence","Test":"TestSubmitWithoutParentPreservesPreRetryIdempotencyHashInput","Output":"--- PASS: TestSubmitWithoutParentPreservesPreRetryIdempotencyHashInput (0.00s)\n"}
{"Time":"2026-09-11T15:24:55.780218485-07:00","Action":"pass","Package":"github.com/JDinSeattle/forge-runtime/internal/persistence","Test":"TestSubmitWithoutParentPreservesPreRetryIdempotencyHashInput","Elapsed":0}
{"Time":"2026-09-11T15:24:55.780225775-07:00","Action":"run","Package":"github.com/JDinSeattle/forge-runtime/internal/persistence","Test":"TestDatabaseDefaultDeadlineReleasesBlockedRead"}
{"Time":"2026-09-11T15:24:55.780233353-07:00","Action":"output","Package":"github.com/JDinSeattle/forge-runtime/internal/persistence","Test":"TestDatabaseDefaultDeadlineReleasesBlockedRead","Output":"=== RUN   TestDatabaseDefaultDeadlineReleasesBlockedRead\n"}
{"Time":"2026-09-11T15:24:55.928239259-07:00","Action":"output","Package":"github.com/JDinSeattle/forge-runtime/internal/quota","Test":"TestUnknownRetainsTokenAndCostAcrossExpiryAndWindowRotation","Output":"--- PASS: TestUnknownRetainsTokenAndCostAcrossExpiryAndWindowRotation (0.30s)\n"}
{"Time":"2026-09-11T15:24:55.928265988-07:00","Action":"pass","Package":"github.com/JDinSeattle/forge-runtime/internal/quota","Test":"TestUnknownRetainsTokenAndCostAcrossExpiryAndWindowRotation","Elapsed":0.3}
{"Time":"2026-09-11T15:24:55.928271489-07:00","Action":"run","Package":"github.com/JDinSeattle/forge-runtime/internal/quota","Test":"TestCircuitSharedSingleProbeAndCrashAfterSettlement"}
{"Time":"2026-09-11T15:24:55.928273097-07:00","Action":"output","Package":"github.com/JDinSeattle/forge-runtime/internal/quota","Test":"TestCircuitSharedSingleProbeAndCrashAfterSettlement","Output":"=== RUN   TestCircuitSharedSingleProbeAndCrashAfterSettlement\n"}
{"Time":"2026-09-11T15:24:56.03323997-07:00","Action":"output","Package":"github.com/JDinSeattle/forge-runtime/internal/runnerclient","Output":"ok  \tgithub.com/JDinSeattle/forge-runtime/internal/runnerclient\t1.872s\n"}
{"Time":"2026-09-11T15:24:56.033294934-07:00","Action":"pass","Package":"github.com/JDinSeattle/forge-runtime/internal/runnerclient","Elapsed":1.8719999999999999}
{"Time":"2026-09-11T15:24:56.130684378-07:00","Action":"output","Package":"github.com/JDinSeattle/forge-runtime/internal/runner","Test":"TestUnknownStartDoesNotCreateAnotherJob","Output":"--- PASS: TestUnknownStartDoesNotCreateAnotherJob (0.37s)\n"}
{"Time":"2026-09-11T15:24:56.130717845-07:00","Action":"pass","Package":"github.com/JDinSeattle/forge-runtime/internal/runner","Test":"TestUnknownStartDoesNotCreateAnotherJob","Elapsed":0.37}
{"Time":"2026-09-11T15:24:56.130725996-07:00","Action":"run","Package":"github.com/JDinSeattle/forge-runtime/internal/runner","Test":"TestScopeAndPathBoundaries"}
{"Time":"2026-09-11T15:24:56.130728958-07:00","Action":"output","Package":"github.com/JDinSeattle/forge-runtime/internal/runner","Test":"TestScopeAndPathBoundaries","Output":"=== RUN   TestScopeAndPathBoundaries\n"}
{"Time":"2026-09-11T15:24:56.358125776-07:00","Action":"output","Package":"github.com/JDinSeattle/forge-runtime/internal/quota","Test":"TestCircuitSharedSingleProbeAndCrashAfterSettlement","Output":"--- PASS: TestCircuitSharedSingleProbeAndCrashAfterSettlement (0.43s)\n"}
{"Time":"2026-09-11T15:24:56.358149148-07:00","Action":"pass","Package":"github.com/JDinSeattle/forge-runtime/internal/quota","Test":"TestCircuitSharedSingleProbeAndCrashAfterSettlement","Elapsed":0.43}
{"Time":"2026-09-11T15:24:56.358153441-07:00","Action":"output","Package":"github.com/JDinSeattle/forge-runtime/internal/quota","Output":"PASS\n"}
{"Time":"2026-09-11T15:24:56.420057405-07:00","Action":"output","Package":"github.com/JDinSeattle/forge-runtime/internal/runner","Test":"TestScopeAndPathBoundaries","Output":"--- PASS: TestScopeAndPathBoundaries (0.29s)\n"}
{"Time":"2026-09-11T15:24:56.420087401-07:00","Action":"pass","Package":"github.com/JDinSeattle/forge-runtime/internal/runner","Test":"TestScopeAndPathBoundaries","Elapsed":0.29}
{"Time":"2026-09-11T15:24:56.420094558-07:00","Action":"run","Package":"github.com/JDinSeattle/forge-runtime/internal/runner","Test":"TestGrantExpiryPermissionAndLeaseMargin"}
{"Time":"2026-09-11T15:24:56.420097528-07:00","Action":"output","Package":"github.com/JDinSeattle/forge-runtime/internal/runner","Test":"TestGrantExpiryPermissionAndLeaseMargin","Output":"=== RUN   TestGrantExpiryPermissionAndLeaseMargin\n"}
{"Time":"2026-09-11T15:24:56.420328996-07:00","Action":"output","Package":"github.com/JDinSeattle/forge-runtime/internal/runner","Test":"TestGrantExpiryPermissionAndLeaseMargin","Output":"--- PASS: TestGrantExpiryPermissionAndLeaseMargin (0.00s)\n"}
{"Time":"2026-09-11T15:24:56.42033689-07:00","Action":"pass","Package":"github.com/JDinSeattle/forge-runtime/internal/runner","Test":"TestGrantExpiryPermissionAndLeaseMargin","Elapsed":0}
{"Time":"2026-09-11T15:24:56.420355265-07:00","Action":"run","Package":"github.com/JDinSeattle/forge-runtime/internal/runner","Test":"TestFencedAdoptionCancelsOldJobBeforeNewWrites"}
{"Time":"2026-09-11T15:24:56.420358659-07:00","Action":"output","Package":"github.com/JDinSeattle/forge-runtime/internal/runner","Test":"TestFencedAdoptionCancelsOldJobBeforeNewWrites","Output":"=== RUN   TestFencedAdoptionCancelsOldJobBeforeNewWrites\n"}
{"Time":"2026-09-11T15:24:56.455087555-07:00","Action":"output","Package":"github.com/JDinSeattle/forge-runtime/internal/retention","Output":"ok  \tgithub.com/JDinSeattle/forge-runtime/internal/retention\t2.294s\n"}
{"Time":"2026-09-11T15:24:56.455117858-07:00","Action":"pass","Package":"github.com/JDinSeattle/forge-runtime/internal/retention","Elapsed":2.294}
{"Time":"2026-09-11T15:24:56.627343799-07:00","Action":"output","Package":"github.com/JDinSeattle/forge-runtime/internal/artifact","Output":"ok  \tgithub.com/JDinSeattle/forge-runtime/internal/artifact\t2.502s\n"}
{"Time":"2026-09-11T15:24:56.627377632-07:00","Action":"pass","Package":"github.com/JDinSeattle/forge-runtime/internal/artifact","Elapsed":2.503}
{"Time":"2026-09-11T15:24:56.989081367-07:00","Action":"output","Package":"github.com/JDinSeattle/forge-runtime/internal/runner","Test":"TestFencedAdoptionCancelsOldJobBeforeNewWrites","Output":"--- PASS: TestFencedAdoptionCancelsOldJobBeforeNewWrites (0.57s)\n"}
{"Time":"2026-09-11T15:24:56.989108995-07:00","Action":"pass","Package":"github.com/JDinSeattle/forge-runtime/internal/runner","Test":"TestFencedAdoptionCancelsOldJobBeforeNewWrites","Elapsed":0.57}
{"Time":"2026-09-11T15:24:56.989114961-07:00","Action":"run","Package":"github.com/JDinSeattle/forge-runtime/internal/runner","Test":"TestStableDaemonJobRecoveredAcrossJournalReopen"}
{"Time":"2026-09-11T15:24:56.989117141-07:00","Action":"output","Package":"github.com/JDinSeattle/forge-runtime/internal/runner","Test":"TestStableDaemonJobRecoveredAcrossJournalReopen","Output":"=== RUN   TestStableDaemonJobRecoveredAcrossJournalReopen\n"}
{"Time":"2026-09-11T15:24:57.001012655-07:00","Action":"run","Package":"github.com/JDinSeattle/forge-runtime/tests/review","Test":"TestReviewFailedVerifierDiagnosticsEnableNextRepair/native_false/cleanup_after_snapshot_publication"}
{"Time":"2026-09-11T15:24:57.001035222-07:00","Action":"output","Package":"github.com/JDinSeattle/forge-runtime/tests/review","Test":"TestReviewFailedVerifierDiagnosticsEnableNextRepair/native_false/cleanup_after_snapshot_publication","Output":"=== RUN   TestReviewFailedVerifierDiagnosticsEnableNextRepair/native_false/cleanup_after_snapshot_publication\n"}
{"Time":"2026-09-11T15:24:57.302097329-07:00","Action":"output","Package":"github.com/JDinSeattle/forge-runtime/tests/review","Test":"TestReviewFailedVerifierDiagnosticsEnableNextRepair/native_false/cleanup_after_snapshot_publication","Output":"--- PASS: TestReviewFailedVerifierDiagnosticsEnableNextRepair/native_false/cleanup_after_snapshot_publication (0.30s)\n"}
{"Time":"2026-09-11T15:24:57.302121638-07:00","Action":"pass","Package":"github.com/JDinSeattle/forge-runtime/tests/review","Test":"TestReviewFailedVerifierDiagnosticsEnableNextRepair/native_false/cleanup_after_snapshot_publication","Elapsed":0.3}
{"Time":"2026-09-11T15:24:57.343233839-07:00","Action":"output","Package":"github.com/JDinSeattle/forge-runtime/tests/review","Test":"TestReviewFailedVerifierDiagnosticsEnableNextRepair/native_false","Output":"--- PASS: TestReviewFailedVerifierDiagnosticsEnableNextRepair/native_false (2.71s)\n"}
{"Time":"2026-09-11T15:24:57.343275748-07:00","Action":"pass","Package":"github.com/JDinSeattle/forge-runtime/tests/review","Test":"TestReviewFailedVerifierDiagnosticsEnableNextRepair/native_false","Elapsed":2.71}
{"Time":"2026-09-11T15:24:57.343280967-07:00","Action":"run","Package":"github.com/JDinSeattle/forge-runtime/tests/review","Test":"TestReviewFailedVerifierDiagnosticsEnableNextRepair/native_true"}
{"Time":"2026-09-11T15:24:57.343282509-07:00","Action":"output","Package":"github.com/JDinSeattle/forge-runtime/tests/review","Test":"TestReviewFailedVerifierDiagnosticsEnableNextRepair/native_true","Output":"=== RUN   TestReviewFailedVerifierDiagnosticsEnableNextRepair/native_true\n"}
{"Time":"2026-09-11T15:24:57.366509575-07:00","Action":"output","Package":"github.com/JDinSeattle/forge-runtime/internal/quota","Output":"ok  \tgithub.com/JDinSeattle/forge-runtime/internal/quota\t3.205s\n"}
{"Time":"2026-09-11T15:24:57.366539585-07:00","Action":"pass","Package":"github.com/JDinSeattle/forge-runtime/internal/quota","Elapsed":3.205}
{"Time":"2026-09-11T15:24:57.436283328-07:00","Action":"output","Package":"github.com/JDinSeattle/forge-runtime/internal/runner","Test":"TestStableDaemonJobRecoveredAcrossJournalReopen","Output":"--- PASS: TestStableDaemonJobRecoveredAcrossJournalReopen (0.45s)\n"}
{"Time":"2026-09-11T15:24:57.43630802-07:00","Action":"pass","Package":"github.com/JDinSeattle/forge-runtime/internal/runner","Test":"TestStableDaemonJobRecoveredAcrossJournalReopen","Elapsed":0.45}
{"Time":"2026-09-11T15:24:57.436316724-07:00","Action":"run","Package":"github.com/JDinSeattle/forge-runtime/internal/runner","Test":"TestSnapshotReleasePreserveReceiptAndCloseAdmission"}
{"Time":"2026-09-11T15:24:57.436318415-07:00","Action":"output","Package":"github.com/JDinSeattle/forge-runtime/internal/runner","Test":"TestSnapshotReleasePreserveReceiptAndCloseAdmission","Output":"=== RUN   TestSnapshotReleasePreserveReceiptAndCloseAdmission\n"}
{"Time":"2026-09-11T15:24:57.721677862-07:00","Action":"output","Package":"github.com/JDinSeattle/forge-runtime/internal/httpapi","Test":"TestSSESurvivesIndependentDatabaseDeadline","Output":"--- PASS: TestSSESurvivesIndependentDatabaseDeadline (3.54s)\n"}
{"Time":"2026-09-11T15:24:57.721711491-07:00","Action":"pass","Package":"github.com/JDinSeattle/forge-runtime/internal/httpapi","Test":"TestSSESurvivesIndependentDatabaseDeadline","Elapsed":3.54}
{"Time":"2026-09-11T15:24:57.721718554-07:00","Action":"output","Package":"github.com/JDinSeattle/forge-runtime/internal/httpapi","Output":"PASS\n"}
{"Time":"2026-09-11T15:24:57.889654017-07:00","Action":"output","Package":"github.com/JDinSeattle/forge-runtime/internal/runner","Test":"TestSnapshotReleasePreserveReceiptAndCloseAdmission","Output":"--- PASS: TestSnapshotReleasePreserveReceiptAndCloseAdmission (0.45s)\n"}
{"Time":"2026-09-11T15:24:57.889693621-07:00","Action":"pass","Package":"github.com/JDinSeattle/forge-runtime/internal/runner","Test":"TestSnapshotReleasePreserveReceiptAndCloseAdmission","Elapsed":0.45}
{"Time":"2026-09-11T15:24:57.889702762-07:00","Action":"run","Package":"github.com/JDinSeattle/forge-runtime/internal/runner","Test":"TestWorkspaceLockExcludesOtherProcesses"}
{"Time":"2026-09-11T15:24:57.889706247-07:00","Action":"output","Package":"github.com/JDinSeattle/forge-runtime/internal/runner","Test":"TestWorkspaceLockExcludesOtherProcesses","Output":"=== RUN   TestWorkspaceLockExcludesOtherProcesses\n"}
{"Time":"2026-09-11T15:24:58.481105242-07:00","Action":"output","Package":"github.com/JDinSeattle/forge-runtime/internal/application","Test":"TestPrepareCapacityRequeuesAtomically","Output":"    capacity_integration_test.go:213: capacity_result run=run_IXCL6FRM5UPETRFREJLUSDXBX2 terminal=completed epochs=1,2,3 rejections=2 model_calls=3 final_active=0 final_reserved_slots=0 events=43\n"}
{"Time":"2026-09-11T15:24:58.55054797-07:00","Action":"output","Package":"github.com/JDinSeattle/forge-runtime/internal/application","Test":"TestPrepareCapacityRequeuesAtomically","Output":"--- PASS: TestPrepareCapacityRequeuesAtomically (4.39s)\n"}
{"Time":"2026-09-11T15:24:58.550580773-07:00","Action":"pass","Package":"github.com/JDinSeattle/forge-runtime/internal/application","Test":"TestPrepareCapacityRequeuesAtomically","Elapsed":4.39}
{"Time":"2026-09-11T15:24:58.550588046-07:00","Action":"run","Package":"github.com/JDinSeattle/forge-runtime/internal/application","Test":"TestPrepareCapacityDoesNotDiscardDurableIntent"}
{"Time":"2026-09-11T15:24:58.550591302-07:00","Action":"output","Package":"github.com/JDinSeattle/forge-runtime/internal/application","Test":"TestPrepareCapacityDoesNotDiscardDurableIntent","Output":"=== RUN   TestPrepareCapacityDoesNotDiscardDurableIntent\n"}
{"Time":"2026-09-11T15:24:58.72574078-07:00","Action":"output","Package":"github.com/JDinSeattle/forge-runtime/internal/httpapi","Output":"ok  \tgithub.com/JDinSeattle/forge-runtime/internal/httpapi\t4.565s\n"}
{"Time":"2026-09-11T15:24:58.72577183-07:00","Action":"pass","Package":"github.com/JDinSeattle/forge-runtime/internal/httpapi","Elapsed":4.5649999999999995}
{"Time":"2026-09-11T15:24:58.955050734-07:00","Action":"output","Package":"github.com/JDinSeattle/forge-runtime/internal/runner","Test":"TestWorkspaceLockExcludesOtherProcesses","Output":"--- PASS: TestWorkspaceLockExcludesOtherProcesses (1.07s)\n"}
{"Time":"2026-09-11T15:24:58.955098731-07:00","Action":"pass","Package":"github.com/JDinSeattle/forge-runtime/internal/runner","Test":"TestWorkspaceLockExcludesOtherProcesses","Elapsed":1.07}
{"Time":"2026-09-11T15:24:58.955103139-07:00","Action":"run","Package":"github.com/JDinSeattle/forge-runtime/internal/runner","Test":"TestGrantRecheckedAfterWaitingForWorkspaceLock"}
{"Time":"2026-09-11T15:24:58.955107639-07:00","Action":"output","Package":"github.com/JDinSeattle/forge-runtime/internal/runner","Test":"TestGrantRecheckedAfterWaitingForWorkspaceLock","Output":"=== RUN   TestGrantRecheckedAfterWaitingForWorkspaceLock\n"}
{"Time":"2026-09-11T15:24:59.008352896-07:00","Action":"output","Package":"github.com/JDinSeattle/forge-runtime/internal/persistence","Test":"TestDatabaseDefaultDeadlineReleasesBlockedRead","Output":"    deadline_integration_test.go:56: pool acquired=0 after 3.559338ms cleanup observation\n"}
{"Time":"2026-09-11T15:24:59.095993022-07:00","Action":"output","Package":"github.com/JDinSeattle/forge-runtime/internal/persistence","Test":"TestDatabaseDefaultDeadlineReleasesBlockedRead","Output":"--- PASS: TestDatabaseDefaultDeadlineReleasesBlockedRead (3.32s)\n"}
{"Time":"2026-09-11T15:24:59.096026449-07:00","Action":"pass","Package":"github.com/JDinSeattle/forge-runtime/internal/persistence","Test":"TestDatabaseDefaultDeadlineReleasesBlockedRead","Elapsed":3.32}
{"Time":"2026-09-11T15:24:59.096034359-07:00","Action":"run","Package":"github.com/JDinSeattle/forge-runtime/internal/persistence","Test":"TestDatabaseDeadlineBoundsWorkerPoolAcquisition"}
{"Time":"2026-09-11T15:24:59.096037545-07:00","Action":"output","Package":"github.com/JDinSeattle/forge-runtime/internal/persistence","Test":"TestDatabaseDeadlineBoundsWorkerPoolAcquisition","Output":"=== RUN   TestDatabaseDeadlineBoundsWorkerPoolAcquisition\n"}
{"Time":"2026-09-11T15:24:59.130855446-07:00","Action":"output","Package":"github.com/JDinSeattle/forge-runtime/internal/application","Test":"TestPrepareCapacityDoesNotDiscardDurableIntent","Output":"--- PASS: TestPrepareCapacityDoesNotDiscardDurableIntent (0.58s)\n"}
{"Time":"2026-09-11T15:24:59.130888927-07:00","Action":"pass","Package":"github.com/JDinSeattle/forge-runtime/internal/application","Test":"TestPrepareCapacityDoesNotDiscardDurableIntent","Elapsed":0.58}
{"Time":"2026-09-11T15:24:59.130897086-07:00","Action":"run","Package":"github.com/JDinSeattle/forge-runtime/internal/application","Test":"TestPrepareNonCapacityErrorsPreserveHandling"}
{"Time":"2026-09-11T15:24:59.130900473-07:00","Action":"output","Package":"github.com/JDinSeattle/forge-runtime/internal/application","Test":"TestPrepareNonCapacityErrorsPreserveHandling","Output":"=== RUN   TestPrepareNonCapacityErrorsPreserveHandling\n"}
{"Time":"2026-09-11T15:24:59.130956753-07:00","Action":"run","Package":"github.com/JDinSeattle/forge-runtime/internal/application","Test":"TestPrepareNonCapacityErrorsPreserveHandling/invalid_argument"}
{"Time":"2026-09-11T15:24:59.130977975-07:00","Action":"output","Package":"github.com/JDinSeattle/forge-runtime/internal/application","Test":"TestPrepareNonCapacityErrorsPreserveHandling/invalid_argument","Output":"=== RUN   TestPrepareNonCapacityErrorsPreserveHandling/invalid_argument\n"}
{"Time":"2026-09-11T15:24:59.283988129-07:00","Action":"output","Package":"github.com/JDinSeattle/forge-runtime/internal/runner","Test":"TestGrantRecheckedAfterWaitingForWorkspaceLock","Output":"--- PASS: TestGrantRecheckedAfterWaitingForWorkspaceLock (0.33s)\n"}
{"Time":"2026-09-11T15:24:59.284048553-07:00","Action":"pass","Package":"github.com/JDinSeattle/forge-runtime/internal/runner","Test":"TestGrantRecheckedAfterWaitingForWorkspaceLock","Elapsed":0.33}
{"Time":"2026-09-11T15:24:59.284067065-07:00","Action":"run","Package":"github.com/JDinSeattle/forge-runtime/internal/runner","Test":"TestExecutableModeSurvivesImportAndAppearsInDiff"}
{"Time":"2026-09-11T15:24:59.28407601-07:00","Action":"output","Package":"github.com/JDinSeattle/forge-runtime/internal/runner","Test":"TestExecutableModeSurvivesImportAndAppearsInDiff","Output":"=== RUN   TestExecutableModeSurvivesImportAndAppearsInDiff\n"}
{"Time":"2026-09-11T15:24:59.588958901-07:00","Action":"run","Package":"github.com/JDinSeattle/forge-runtime/tests/review","Test":"TestReviewFailedVerifierDiagnosticsEnableNextRepair/native_true/cleanup_after_release_before_commit"}
{"Time":"2026-09-11T15:24:59.588999936-07:00","Action":"output","Package":"github.com/JDinSeattle/forge-runtime/tests/review","Test":"TestReviewFailedVerifierDiagnosticsEnableNextRepair/native_true/cleanup_after_release_before_commit","Output":"=== RUN   TestReviewFailedVerifierDiagnosticsEnableNextRepair/native_true/cleanup_after_release_before_commit\n"}
{"Time":"2026-09-11T15:24:59.697927118-07:00","Action":"output","Package":"github.com/JDinSeattle/forge-runtime/internal/application","Test":"TestPrepareNonCapacityErrorsPreserveHandling/invalid_argument","Output":"time=2026-09-11T15:24:59.697-07:00 level=WARN msg=\"step failed\" run_id=run_S2BV4GINI7SGVX55HLMSDCCL6N stage=initialize error=invalid_argument\n"}
{"Time":"2026-09-11T15:24:59.788029772-07:00","Action":"output","Package":"github.com/JDinSeattle/forge-runtime/tests/review","Test":"TestReviewFailedVerifierDiagnosticsEnableNextRepair/native_true/cleanup_after_release_before_commit","Output":"--- PASS: TestReviewFailedVerifierDiagnosticsEnableNextRepair/native_true/cleanup_after_release_before_commit (0.20s)\n"}
{"Time":"2026-09-11T15:24:59.78805493-07:00","Action":"pass","Package":"github.com/JDinSeattle/forge-runtime/tests/review","Test":"TestReviewFailedVerifierDiagnosticsEnableNextRepair/native_true/cleanup_after_release_before_commit","Elapsed":0.2}
{"Time":"2026-09-11T15:24:59.804724996-07:00","Action":"output","Package":"github.com/JDinSeattle/forge-runtime/internal/runner","Test":"TestExecutableModeSurvivesImportAndAppearsInDiff","Output":"--- PASS: TestExecutableModeSurvivesImportAndAppearsInDiff (0.52s)\n"}
{"Time":"2026-09-11T15:24:59.804756861-07:00","Action":"pass","Package":"github.com/JDinSeattle/forge-runtime/internal/runner","Test":"TestExecutableModeSurvivesImportAndAppearsInDiff","Elapsed":0.52}
{"Time":"2026-09-11T15:24:59.804764137-07:00","Action":"run","Package":"github.com/JDinSeattle/forge-runtime/internal/runner","Test":"TestInterruptedInitializationResumesOnlyPinnedSource"}
{"Time":"2026-09-11T15:24:59.804767618-07:00","Action":"output","Package":"github.com/JDinSeattle/forge-runtime/internal/runner","Test":"TestInterruptedInitializationResumesOnlyPinnedSource","Output":"=== RUN   TestInterruptedInitializationResumesOnlyPinnedSource\n"}
{"Time":"2026-09-11T15:24:59.804773493-07:00","Action":"run","Package":"github.com/JDinSeattle/forge-runtime/internal/runner","Test":"TestInterruptedInitializationResumesOnlyPinnedSource/after_volume_lease"}
{"Time":"2026-09-11T15:24:59.804777105-07:00","Action":"output","Package":"github.com/JDinSeattle/forge-runtime/internal/runner","Test":"TestInterruptedInitializationResumesOnlyPinnedSource/after_volume_lease","Output":"=== RUN   TestInterruptedInitializationResumesOnlyPinnedSource/after_volume_lease\n"}
{"Time":"2026-09-11T15:24:59.805827517-07:00","Action":"output","Package":"github.com/JDinSeattle/forge-runtime/internal/application","Test":"TestPrepareNonCapacityErrorsPreserveHandling/invalid_argument","Output":"--- PASS: TestPrepareNonCapacityErrorsPreserveHandling/invalid_argument (0.67s)\n"}
{"Time":"2026-09-11T15:24:59.805841473-07:00","Action":"pass","Package":"github.com/JDinSeattle/forge-runtime/internal/application","Test":"TestPrepareNonCapacityErrorsPreserveHandling/invalid_argument","Elapsed":0.67}
{"Time":"2026-09-11T15:24:59.805855746-07:00","Action":"run","Package":"github.com/JDinSeattle/forge-runtime/internal/application","Test":"TestPrepareNonCapacityErrorsPreserveHandling/reconciliation_required"}
{"Time":"2026-09-11T15:24:59.805858235-07:00","Action":"output","Package":"github.com/JDinSeattle/forge-runtime/internal/application","Test":"TestPrepareNonCapacityErrorsPreserveHandling/reconciliation_required","Output":"=== RUN   TestPrepareNonCapacityErrorsPreserveHandling/reconciliation_required\n"}
{"Time":"2026-09-11T15:24:59.828355156-07:00","Action":"output","Package":"github.com/JDinSeattle/forge-runtime/tests/review","Test":"TestReviewFailedVerifierDiagnosticsEnableNextRepair/native_true","Output":"--- PASS: TestReviewFailedVerifierDiagnosticsEnableNextRepair/native_true (2.49s)\n"}
{"Time":"2026-09-11T15:24:59.828399715-07:00","Action":"pass","Package":"github.com/JDinSeattle/forge-runtime/tests/review","Test":"TestReviewFailedVerifierDiagnosticsEnableNextRepair/native_true","Elapsed":2.49}
{"Time":"2026-09-11T15:24:59.828412273-07:00","Action":"output","Package":"github.com/JDinSeattle/forge-runtime/tests/review","Test":"TestReviewFailedVerifierDiagnosticsEnableNextRepair","Output":"--- PASS: TestReviewFailedVerifierDiagnosticsEnableNextRepair (5.20s)\n"}
{"Time":"2026-09-11T15:24:59.828422235-07:00","Action":"pass","Package":"github.com/JDinSeattle/forge-runtime/tests/review","Test":"TestReviewFailedVerifierDiagnosticsEnableNextRepair","Elapsed":5.2}
{"Time":"2026-09-11T15:24:59.828444539-07:00","Action":"run","Package":"github.com/JDinSeattle/forge-runtime/tests/review","Test":"TestReviewModelInputMustFitFrozenReservationBeforeDispatch"}
{"Time":"2026-09-11T15:24:59.828457875-07:00","Action":"output","Package":"github.com/JDinSeattle/forge-runtime/tests/review","Test":"TestReviewModelInputMustFitFrozenReservationBeforeDispatch","Output":"=== RUN   TestReviewModelInputMustFitFrozenReservationBeforeDispatch\n"}
{"Time":"2026-09-11T15:25:00.299456965-07:00","Action":"output","Package":"github.com/JDinSeattle/forge-runtime/internal/runner","Test":"TestInterruptedInitializationResumesOnlyPinnedSource/after_volume_lease","Output":"--- PASS: TestInterruptedInitializationResumesOnlyPinnedSource/after_volume_lease (0.49s)\n"}
{"Time":"2026-09-11T15:25:00.299481471-07:00","Action":"pass","Package":"github.com/JDinSeattle/forge-runtime/internal/runner","Test":"TestInterruptedInitializationResumesOnlyPinnedSource/after_volume_lease","Elapsed":0.49}
{"Time":"2026-09-11T15:25:00.29948638-07:00","Action":"run","Package":"github.com/JDinSeattle/forge-runtime/internal/runner","Test":"TestInterruptedInitializationResumesOnlyPinnedSource/after_import_file"}
{"Time":"2026-09-11T15:25:00.29948778-07:00","Action":"output","Package":"github.com/JDinSeattle/forge-runtime/internal/runner","Test":"TestInterruptedInitializationResumesOnlyPinnedSource/after_import_file","Output":"=== RUN   TestInterruptedInitializationResumesOnlyPinnedSource/after_import_file\n"}
{"Time":"2026-09-11T15:25:00.321438404-07:00","Action":"output","Package":"github.com/JDinSeattle/forge-runtime/tests/review","Test":"TestReviewModelInputMustFitFrozenReservationBeforeDispatch","Output":"--- PASS: TestReviewModelInputMustFitFrozenReservationBeforeDispatch (0.49s)\n"}
{"Time":"2026-09-11T15:25:00.321463092-07:00","Action":"pass","Package":"github.com/JDinSeattle/forge-runtime/tests/review","Test":"TestReviewModelInputMustFitFrozenReservationBeforeDispatch","Elapsed":0.49}
{"Time":"2026-09-11T15:25:00.321467573-07:00","Action":"run","Package":"github.com/JDinSeattle/forge-runtime/tests/review","Test":"TestReviewApprovalRejectsMembershipChangedAfterAuthentication"}
{"Time":"2026-09-11T15:25:00.321468971-07:00","Action":"output","Package":"github.com/JDinSeattle/forge-runtime/tests/review","Test":"TestReviewApprovalRejectsMembershipChangedAfterAuthentication","Output":"=== RUN   TestReviewApprovalRejectsMembershipChangedAfterAuthentication\n"}
{"Time":"2026-09-11T15:25:00.321480276-07:00","Action":"run","Package":"github.com/JDinSeattle/forge-runtime/tests/review","Test":"TestReviewApprovalRejectsMembershipChangedAfterAuthentication/downgrade"}
{"Time":"2026-09-11T15:25:00.321481791-07:00","Action":"output","Package":"github.com/JDinSeattle/forge-runtime/tests/review","Test":"TestReviewApprovalRejectsMembershipChangedAfterAuthentication/downgrade","Output":"=== RUN   TestReviewApprovalRejectsMembershipChangedAfterAuthentication/downgrade\n"}
{"Time":"2026-09-11T15:25:00.359306902-07:00","Action":"output","Package":"github.com/JDinSeattle/forge-runtime/internal/application","Test":"TestPrepareNonCapacityErrorsPreserveHandling/reconciliation_required","Output":"--- PASS: TestPrepareNonCapacityErrorsPreserveHandling/reconciliation_required (0.55s)\n"}
{"Time":"2026-09-11T15:25:00.359341066-07:00","Action":"pass","Package":"github.com/JDinSeattle/forge-runtime/internal/application","Test":"TestPrepareNonCapacityErrorsPreserveHandling/reconciliation_required","Elapsed":0.55}
{"Time":"2026-09-11T15:25:00.359356437-07:00","Action":"output","Package":"github.com/JDinSeattle/forge-runtime/internal/application","Test":"TestPrepareNonCapacityErrorsPreserveHandling","Output":"--- PASS: TestPrepareNonCapacityErrorsPreserveHandling (1.23s)\n"}
{"Time":"2026-09-11T15:25:00.359360736-07:00","Action":"pass","Package":"github.com/JDinSeattle/forge-runtime/internal/application","Test":"TestPrepareNonCapacityErrorsPreserveHandling","Elapsed":1.23}
{"Time":"2026-09-11T15:25:00.359364331-07:00","Action":"run","Package":"github.com/JDinSeattle/forge-runtime/internal/application","Test":"TestPrepareCapacityAfterAdoptionCannotRequeue"}
{"Time":"2026-09-11T15:25:00.359367226-07:00","Action":"output","Package":"github.com/JDinSeattle/forge-runtime/internal/application","Test":"TestPrepareCapacityAfterAdoptionCannotRequeue","Output":"=== RUN   TestPrepareCapacityAfterAdoptionCannotRequeue\n"}
{"Time":"2026-09-11T15:25:00.721452994-07:00","Action":"output","Package":"github.com/JDinSeattle/forge-runtime/tests/review","Test":"TestReviewApprovalRejectsMembershipChangedAfterAuthentication/downgrade","Output":"--- PASS: TestReviewApprovalRejectsMembershipChangedAfterAuthentication/downgrade (0.40s)\n"}
{"Time":"2026-09-11T15:25:00.721489235-07:00","Action":"pass","Package":"github.com/JDinSeattle/forge-runtime/tests/review","Test":"TestReviewApprovalRejectsMembershipChangedAfterAuthentication/downgrade","Elapsed":0.4}
{"Time":"2026-09-11T15:25:00.721497185-07:00","Action":"run","Package":"github.com/JDinSeattle/forge-runtime/tests/review","Test":"TestReviewApprovalRejectsMembershipChangedAfterAuthentication/remove"}
{"Time":"2026-09-11T15:25:00.721500702-07:00","Action":"output","Package":"github.com/JDinSeattle/forge-runtime/tests/review","Test":"TestReviewApprovalRejectsMembershipChangedAfterAuthentication/remove","Output":"=== RUN   TestReviewApprovalRejectsMembershipChangedAfterAuthentication/remove\n"}
{"Time":"2026-09-11T15:25:00.79995396-07:00","Action":"output","Package":"github.com/JDinSeattle/forge-runtime/internal/runner","Test":"TestInterruptedInitializationResumesOnlyPinnedSource/after_import_file","Output":"--- PASS: TestInterruptedInitializationResumesOnlyPinnedSource/after_import_file (0.50s)\n"}
{"Time":"2026-09-11T15:25:00.799977524-07:00","Action":"pass","Package":"github.com/JDinSeattle/forge-runtime/internal/runner","Test":"TestInterruptedInitializationResumesOnlyPinnedSource/after_import_file","Elapsed":0.5}
{"Time":"2026-09-11T15:25:00.800055873-07:00","Action":"run","Package":"github.com/JDinSeattle/forge-runtime/internal/runner","Test":"TestInterruptedInitializationResumesOnlyPinnedSource/after_import_before_workspace"}
{"Time":"2026-09-11T15:25:00.800076303-07:00","Action":"output","Package":"github.com/JDinSeattle/forge-runtime/internal/runner","Test":"TestInterruptedInitializationResumesOnlyPinnedSource/after_import_before_workspace","Output":"=== RUN   TestInterruptedInitializationResumesOnlyPinnedSource/after_import_before_workspace\n"}
{"Time":"2026-09-11T15:25:00.889114368-07:00","Action":"output","Package":"github.com/JDinSeattle/forge-runtime/internal/application","Test":"TestPrepareCapacityAfterAdoptionCannotRequeue","Output":"--- PASS: TestPrepareCapacityAfterAdoptionCannotRequeue (0.53s)\n"}
{"Time":"2026-09-11T15:25:00.88914566-07:00","Action":"pass","Package":"github.com/JDinSeattle/forge-runtime/internal/application","Test":"TestPrepareCapacityAfterAdoptionCannotRequeue","Elapsed":0.53}
{"Time":"2026-09-11T15:25:00.889156153-07:00","Action":"run","Package":"github.com/JDinSeattle/forge-runtime/internal/application","Test":"TestExternalModelAndRunnerWaitsHoldNoSQLTransaction"}
{"Time":"2026-09-11T15:25:00.889159887-07:00","Action":"output","Package":"github.com/JDinSeattle/forge-runtime/internal/application","Test":"TestExternalModelAndRunnerWaitsHoldNoSQLTransaction","Output":"=== RUN   TestExternalModelAndRunnerWaitsHoldNoSQLTransaction\n"}
{"Time":"2026-09-11T15:25:00.889171041-07:00","Action":"run","Package":"github.com/JDinSeattle/forge-runtime/internal/application","Test":"TestExternalModelAndRunnerWaitsHoldNoSQLTransaction/model"}
{"Time":"2026-09-11T15:25:00.889174202-07:00","Action":"output","Package":"github.com/JDinSeattle/forge-runtime/internal/application","Test":"TestExternalModelAndRunnerWaitsHoldNoSQLTransaction/model","Output":"=== RUN   TestExternalModelAndRunnerWaitsHoldNoSQLTransaction/model\n"}
{"Time":"2026-09-11T15:25:01.126419585-07:00","Action":"output","Package":"github.com/JDinSeattle/forge-runtime/tests/review","Test":"TestReviewApprovalRejectsMembershipChangedAfterAuthentication/remove","Output":"--- PASS: TestReviewApprovalRejectsMembershipChangedAfterAuthentication/remove (0.40s)\n"}
{"Time":"2026-09-11T15:25:01.126450242-07:00","Action":"pass","Package":"github.com/JDinSeattle/forge-runtime/tests/review","Test":"TestReviewApprovalRejectsMembershipChangedAfterAuthentication/remove","Elapsed":0.4}
{"Time":"2026-09-11T15:25:01.12645878-07:00","Action":"output","Package":"github.com/JDinSeattle/forge-runtime/tests/review","Test":"TestReviewApprovalRejectsMembershipChangedAfterAuthentication","Output":"--- PASS: TestReviewApprovalRejectsMembershipChangedAfterAuthentication (0.80s)\n"}
{"Time":"2026-09-11T15:25:01.126470985-07:00","Action":"pass","Package":"github.com/JDinSeattle/forge-runtime/tests/review","Test":"TestReviewApprovalRejectsMembershipChangedAfterAuthentication","Elapsed":0.8}
{"Time":"2026-09-11T15:25:01.126491398-07:00","Action":"run","Package":"github.com/JDinSeattle/forge-runtime/tests/review","Test":"TestReviewApprovalMembershipLockHelperIsScopedAndReadOnly"}
{"Time":"2026-09-11T15:25:01.126496925-07:00","Action":"output","Package":"github.com/JDinSeattle/forge-runtime/tests/review","Test":"TestReviewApprovalMembershipLockHelperIsScopedAndReadOnly","Output":"=== RUN   TestReviewApprovalMembershipLockHelperIsScopedAndReadOnly\n"}
{"Time":"2026-09-11T15:25:01.308064173-07:00","Action":"output","Package":"github.com/JDinSeattle/forge-runtime/internal/runner","Test":"TestInterruptedInitializationResumesOnlyPinnedSource/after_import_before_workspace","Output":"--- PASS: TestInterruptedInitializationResumesOnlyPinnedSource/after_import_before_workspace (0.51s)\n"}
{"Time":"2026-09-11T15:25:01.308095692-07:00","Action":"pass","Package":"github.com/JDinSeattle/forge-runtime/internal/runner","Test":"TestInterruptedInitializationResumesOnlyPinnedSource/after_import_before_workspace","Elapsed":0.51}
{"Time":"2026-09-11T15:25:01.30811462-07:00","Action":"output","Package":"github.com/JDinSeattle/forge-runtime/internal/runner","Test":"TestInterruptedInitializationResumesOnlyPinnedSource","Output":"--- PASS: TestInterruptedInitializationResumesOnlyPinnedSource (1.50s)\n"}
{"Time":"2026-09-11T15:25:01.308132124-07:00","Action":"pass","Package":"github.com/JDinSeattle/forge-runtime/internal/runner","Test":"TestInterruptedInitializationResumesOnlyPinnedSource","Elapsed":1.5}
{"Time":"2026-09-11T15:25:01.308149857-07:00","Action":"run","Package":"github.com/JDinSeattle/forge-runtime/internal/runner","Test":"TestInterruptedInitializationNeverOverwritesOrRebinds"}
{"Time":"2026-09-11T15:25:01.308154776-07:00","Action":"output","Package":"github.com/JDinSeattle/forge-runtime/internal/runner","Test":"TestInterruptedInitializationNeverOverwritesOrRebinds","Output":"=== RUN   TestInterruptedInitializationNeverOverwritesOrRebinds\n"}
{"Time":"2026-09-11T15:25:01.308209642-07:00","Action":"run","Package":"github.com/JDinSeattle/forge-runtime/internal/runner","Test":"TestInterruptedInitializationNeverOverwritesOrRebinds/source_changed"}
{"Time":"2026-09-11T15:25:01.308223815-07:00","Action":"output","Package":"github.com/JDinSeattle/forge-runtime/internal/runner","Test":"TestInterruptedInitializationNeverOverwritesOrRebinds/source_changed","Output":"=== RUN   TestInterruptedInitializationNeverOverwritesOrRebinds/source_changed\n"}
{"Time":"2026-09-11T15:25:01.480228418-07:00","Action":"output","Package":"github.com/JDinSeattle/forge-runtime/tests/review","Test":"TestReviewApprovalMembershipLockHelperIsScopedAndReadOnly","Output":"--- PASS: TestReviewApprovalMembershipLockHelperIsScopedAndReadOnly (0.35s)\n"}
{"Time":"2026-09-11T15:25:01.480271181-07:00","Action":"pass","Package":"github.com/JDinSeattle/forge-runtime/tests/review","Test":"TestReviewApprovalMembershipLockHelperIsScopedAndReadOnly","Elapsed":0.35}
{"Time":"2026-09-11T15:25:01.480280132-07:00","Action":"run","Package":"github.com/JDinSeattle/forge-runtime/tests/review","Test":"TestReviewApprovalMembershipRemainsLockedUntilDecisionCommit"}
{"Time":"2026-09-11T15:25:01.480283707-07:00","Action":"output","Package":"github.com/JDinSeattle/forge-runtime/tests/review","Test":"TestReviewApprovalMembershipRemainsLockedUntilDecisionCommit","Output":"=== RUN   TestReviewApprovalMembershipRemainsLockedUntilDecisionCommit\n"}
{"Time":"2026-09-11T15:25:01.784417284-07:00","Action":"output","Package":"github.com/JDinSeattle/forge-runtime/internal/runner","Test":"TestInterruptedInitializationNeverOverwritesOrRebinds/source_changed","Output":"--- PASS: TestInterruptedInitializationNeverOverwritesOrRebinds/source_changed (0.48s)\n"}
{"Time":"2026-09-11T15:25:01.784449147-07:00","Action":"pass","Package":"github.com/JDinSeattle/forge-runtime/internal/runner","Test":"TestInterruptedInitializationNeverOverwritesOrRebinds/source_changed","Elapsed":0.48}
{"Time":"2026-09-11T15:25:01.784456886-07:00","Action":"run","Package":"github.com/JDinSeattle/forge-runtime/internal/runner","Test":"TestInterruptedInitializationNeverOverwritesOrRebinds/partial_changed"}
{"Time":"2026-09-11T15:25:01.784459837-07:00","Action":"output","Package":"github.com/JDinSeattle/forge-runtime/internal/runner","Test":"TestInterruptedInitializationNeverOverwritesOrRebinds/partial_changed","Output":"=== RUN   TestInterruptedInitializationNeverOverwritesOrRebinds/partial_changed\n"}
{"Time":"2026-09-11T15:25:02.00767364-07:00","Action":"output","Package":"github.com/JDinSeattle/forge-runtime/tests/review","Test":"TestReviewApprovalMembershipRemainsLockedUntilDecisionCommit","Output":"--- PASS: TestReviewApprovalMembershipRemainsLockedUntilDecisionCommit (0.53s)\n"}
{"Time":"2026-09-11T15:25:02.007707602-07:00","Action":"pass","Package":"github.com/JDinSeattle/forge-runtime/tests/review","Test":"TestReviewApprovalMembershipRemainsLockedUntilDecisionCommit","Elapsed":0.53}
{"Time":"2026-09-11T15:25:02.007715691-07:00","Action":"run","Package":"github.com/JDinSeattle/forge-runtime/tests/review","Test":"TestReviewApprovalDenialAndTerminalDuplicatesKeepTheirSemantics"}
{"Time":"2026-09-11T15:25:02.007718623-07:00","Action":"output","Package":"github.com/JDinSeattle/forge-runtime/tests/review","Test":"TestReviewApprovalDenialAndTerminalDuplicatesKeepTheirSemantics","Output":"=== RUN   TestReviewApprovalDenialAndTerminalDuplicatesKeepTheirSemantics\n"}
{"Time":"2026-09-11T15:25:02.174307598-07:00","Action":"output","Package":"github.com/JDinSeattle/forge-runtime/internal/runner","Test":"TestInterruptedInitializationNeverOverwritesOrRebinds/partial_changed","Output":"--- PASS: TestInterruptedInitializationNeverOverwritesOrRebinds/partial_changed (0.39s)\n"}
{"Time":"2026-09-11T15:25:02.174332311-07:00","Action":"pass","Package":"github.com/JDinSeattle/forge-runtime/internal/runner","Test":"TestInterruptedInitializationNeverOverwritesOrRebinds/partial_changed","Elapsed":0.39}
{"Time":"2026-09-11T15:25:02.174337355-07:00","Action":"run","Package":"github.com/JDinSeattle/forge-runtime/internal/runner","Test":"TestInterruptedInitializationNeverOverwritesOrRebinds/unexpected_cache"}
{"Time":"2026-09-11T15:25:02.174339075-07:00","Action":"output","Package":"github.com/JDinSeattle/forge-runtime/internal/runner","Test":"TestInterruptedInitializationNeverOverwritesOrRebinds/unexpected_cache","Output":"=== RUN   TestInterruptedInitializationNeverOverwritesOrRebinds/unexpected_cache\n"}
{"Time":"2026-09-11T15:25:02.456346528-07:00","Action":"output","Package":"github.com/JDinSeattle/forge-runtime/tests/review","Test":"TestReviewApprovalDenialAndTerminalDuplicatesKeepTheirSemantics","Output":"--- PASS: TestReviewApprovalDenialAndTerminalDuplicatesKeepTheirSemantics (0.45s)\n"}
{"Time":"2026-09-11T15:25:02.456395831-07:00","Action":"pass","Package":"github.com/JDinSeattle/forge-runtime/tests/review","Test":"TestReviewApprovalDenialAndTerminalDuplicatesKeepTheirSemantics","Elapsed":0.45}
{"Time":"2026-09-11T15:25:02.456405793-07:00","Action":"run","Package":"github.com/JDinSeattle/forge-runtime/tests/review","Test":"TestReviewCleanupRequiresTerminalSettledAgedStateAndIndependentLease"}
{"Time":"2026-09-11T15:25:02.456409599-07:00","Action":"output","Package":"github.com/JDinSeattle/forge-runtime/tests/review","Test":"TestReviewCleanupRequiresTerminalSettledAgedStateAndIndependentLease","Output":"=== RUN   TestReviewCleanupRequiresTerminalSettledAgedStateAndIndependentLease\n"}
{"Time":"2026-09-11T15:25:02.498961345-07:00","Action":"output","Package":"github.com/JDinSeattle/forge-runtime/internal/persistence","Test":"TestDatabaseDeadlineBoundsWorkerPoolAcquisition","Output":"--- PASS: TestDatabaseDeadlineBoundsWorkerPoolAcquisition (3.40s)\n"}
{"Time":"2026-09-11T15:25:02.49900786-07:00","Action":"pass","Package":"github.com/JDinSeattle/forge-runtime/internal/persistence","Test":"TestDatabaseDeadlineBoundsWorkerPoolAcquisition","Elapsed":3.4}
{"Time":"2026-09-11T15:25:02.499019204-07:00","Action":"run","Package":"github.com/JDinSeattle/forge-runtime/internal/persistence","Test":"TestTransactionDeadlineCannotResetAndRollbackUsesCleanupContext"}
{"Time":"2026-09-11T15:25:02.499021652-07:00","Action":"output","Package":"github.com/JDinSeattle/forge-runtime/internal/persistence","Test":"TestTransactionDeadlineCannotResetAndRollbackUsesCleanupContext","Output":"=== RUN   TestTransactionDeadlineCannotResetAndRollbackUsesCleanupContext\n"}
{"Time":"2026-09-11T15:25:02.540988757-07:00","Action":"output","Package":"github.com/JDinSeattle/forge-runtime/internal/runner","Test":"TestInterruptedInitializationNeverOverwritesOrRebinds/unexpected_cache","Output":"--- PASS: TestInterruptedInitializationNeverOverwritesOrRebinds/unexpected_cache (0.37s)\n"}
{"Time":"2026-09-11T15:25:02.541012018-07:00","Action":"pass","Package":"github.com/JDinSeattle/forge-runtime/internal/runner","Test":"TestInterruptedInitializationNeverOverwritesOrRebinds/unexpected_cache","Elapsed":0.37}
{"Time":"2026-09-11T15:25:02.541017279-07:00","Action":"run","Package":"github.com/JDinSeattle/forge-runtime/internal/runner","Test":"TestInterruptedInitializationNeverOverwritesOrRebinds/legacy_unbound"}
{"Time":"2026-09-11T15:25:02.541018911-07:00","Action":"output","Package":"github.com/JDinSeattle/forge-runtime/internal/runner","Test":"TestInterruptedInitializationNeverOverwritesOrRebinds/legacy_unbound","Output":"=== RUN   TestInterruptedInitializationNeverOverwritesOrRebinds/legacy_unbound\n"}
{"Time":"2026-09-11T15:25:02.76923835-07:00","Action":"output","Package":"github.com/JDinSeattle/forge-runtime/internal/persistence","Test":"TestTransactionDeadlineCannotResetAndRollbackUsesCleanupContext","Output":"    deadline_integration_test.go:107: pool acquired=0 after 4.478341ms cleanup observation\n"}
{"Time":"2026-09-11T15:25:02.826665296-07:00","Action":"output","Package":"github.com/JDinSeattle/forge-runtime/internal/persistence","Test":"TestTransactionDeadlineCannotResetAndRollbackUsesCleanupContext","Output":"--- PASS: TestTransactionDeadlineCannotResetAndRollbackUsesCleanupContext (0.33s)\n"}
{"Time":"2026-09-11T15:25:02.826695591-07:00","Action":"pass","Package":"github.com/JDinSeattle/forge-runtime/internal/persistence","Test":"TestTransactionDeadlineCannotResetAndRollbackUsesCleanupContext","Elapsed":0.33}
{"Time":"2026-09-11T15:25:02.826705306-07:00","Action":"run","Package":"github.com/JDinSeattle/forge-runtime/internal/persistence","Test":"TestQuotaLockDeadlineLeavesLedgerUsable"}
{"Time":"2026-09-11T15:25:02.826709236-07:00","Action":"output","Package":"github.com/JDinSeattle/forge-runtime/internal/persistence","Test":"TestQuotaLockDeadlineLeavesLedgerUsable","Output":"=== RUN   TestQuotaLockDeadlineLeavesLedgerUsable\n"}
{"Time":"2026-09-11T15:25:02.975642695-07:00","Action":"output","Package":"github.com/JDinSeattle/forge-runtime/internal/runner","Test":"TestInterruptedInitializationNeverOverwritesOrRebinds/legacy_unbound","Output":"--- PASS: TestInterruptedInitializationNeverOverwritesOrRebinds/legacy_unbound (0.43s)\n"}
{"Time":"2026-09-11T15:25:02.975669957-07:00","Action":"pass","Package":"github.com/JDinSeattle/forge-runtime/internal/runner","Test":"TestInterruptedInitializationNeverOverwritesOrRebinds/legacy_unbound","Elapsed":0.43}
{"Time":"2026-09-11T15:25:02.975676366-07:00","Action":"output","Package":"github.com/JDinSeattle/forge-runtime/internal/runner","Test":"TestInterruptedInitializationNeverOverwritesOrRebinds","Output":"--- PASS: TestInterruptedInitializationNeverOverwritesOrRebinds (1.67s)\n"}
{"Time":"2026-09-11T15:25:02.975682477-07:00","Action":"pass","Package":"github.com/JDinSeattle/forge-runtime/internal/runner","Test":"TestInterruptedInitializationNeverOverwritesOrRebinds","Elapsed":1.67}
{"Time":"2026-09-11T15:25:02.975697563-07:00","Action":"run","Package":"github.com/JDinSeattle/forge-runtime/internal/runner","Test":"TestUndispatchedOperationCancellationHasDurableProof"}
{"Time":"2026-09-11T15:25:02.975699771-07:00","Action":"output","Package":"github.com/JDinSeattle/forge-runtime/internal/runner","Test":"TestUndispatchedOperationCancellationHasDurableProof","Output":"=== RUN   TestUndispatchedOperationCancellationHasDurableProof\n"}
{"Time":"2026-09-11T15:25:03.219970484-07:00","Action":"output","Package":"github.com/JDinSeattle/forge-runtime/internal/persistence","Test":"TestQuotaLockDeadlineLeavesLedgerUsable","Output":"--- PASS: TestQuotaLockDeadlineLeavesLedgerUsable (0.39s)\n"}
{"Time":"2026-09-11T15:25:03.22000383-07:00","Action":"pass","Package":"github.com/JDinSeattle/forge-runtime/internal/persistence","Test":"TestQuotaLockDeadlineLeavesLedgerUsable","Elapsed":0.39}
{"Time":"2026-09-11T15:25:03.220010893-07:00","Action":"output","Package":"github.com/JDinSeattle/forge-runtime/internal/persistence","Output":"PASS\n"}
{"Time":"2026-09-11T15:25:03.223437145-07:00","Action":"output","Package":"github.com/JDinSeattle/forge-runtime/tests/review","Test":"TestReviewCleanupRequiresTerminalSettledAgedStateAndIndependentLease","Output":"--- PASS: TestReviewCleanupRequiresTerminalSettledAgedStateAndIndependentLease (0.77s)\n"}
{"Time":"2026-09-11T15:25:03.223455688-07:00","Action":"pass","Package":"github.com/JDinSeattle/forge-runtime/tests/review","Test":"TestReviewCleanupRequiresTerminalSettledAgedStateAndIndependentLease","Elapsed":0.77}
{"Time":"2026-09-11T15:25:03.223489499-07:00","Action":"run","Package":"github.com/JDinSeattle/forge-runtime/tests/review","Test":"TestRecoveryIndependentCollectorDelivery"}
{"Time":"2026-09-11T15:25:03.223506032-07:00","Action":"output","Package":"github.com/JDinSeattle/forge-runtime/tests/review","Test":"TestRecoveryIndependentCollectorDelivery","Output":"=== RUN   TestRecoveryIndependentCollectorDelivery\n"}
{"Time":"2026-09-11T15:25:03.223554586-07:00","Action":"output","Package":"github.com/JDinSeattle/forge-runtime/tests/review","Test":"TestRecoveryIndependentCollectorDelivery","Output":"    collector_test.go:27: requires separately running collector and its file-exporter output\n"}
{"Time":"2026-09-11T15:25:03.223575854-07:00","Action":"output","Package":"github.com/JDinSeattle/forge-runtime/tests/review","Test":"TestRecoveryIndependentCollectorDelivery","Output":"--- SKIP: TestRecoveryIndependentCollectorDelivery (0.00s)\n"}
{"Time":"2026-09-11T15:25:03.223592457-07:00","Action":"skip","Package":"github.com/JDinSeattle/forge-runtime/tests/review","Test":"TestRecoveryIndependentCollectorDelivery","Elapsed":0}
{"Time":"2026-09-11T15:25:03.223600496-07:00","Action":"run","Package":"github.com/JDinSeattle/forge-runtime/tests/review","Test":"TestReviewSSESnapshotToRegistrationGapReplaysHistory"}
{"Time":"2026-09-11T15:25:03.223603728-07:00","Action":"output","Package":"github.com/JDinSeattle/forge-runtime/tests/review","Test":"TestReviewSSESnapshotToRegistrationGapReplaysHistory","Output":"=== RUN   TestReviewSSESnapshotToRegistrationGapReplaysHistory\n"}
{"Time":"2026-09-11T15:25:03.22483655-07:00","Action":"output","Package":"github.com/JDinSeattle/forge-runtime/tests/review","Test":"TestReviewSSESnapshotToRegistrationGapReplaysHistory","Output":"--- PASS: TestReviewSSESnapshotToRegistrationGapReplaysHistory (0.00s)\n"}
{"Time":"2026-09-11T15:25:03.224842141-07:00","Action":"pass","Package":"github.com/JDinSeattle/forge-runtime/tests/review","Test":"TestReviewSSESnapshotToRegistrationGapReplaysHistory","Elapsed":0}
{"Time":"2026-09-11T15:25:03.224852766-07:00","Action":"run","Package":"github.com/JDinSeattle/forge-runtime/tests/review","Test":"TestReviewSSEReconnectAfterGapStartsFreshHub"}
{"Time":"2026-09-11T15:25:03.224854586-07:00","Action":"output","Package":"github.com/JDinSeattle/forge-runtime/tests/review","Test":"TestReviewSSEReconnectAfterGapStartsFreshHub","Output":"=== RUN   TestReviewSSEReconnectAfterGapStartsFreshHub\n"}
{"Time":"2026-09-11T15:25:03.228073244-07:00","Action":"output","Package":"github.com/JDinSeattle/forge-runtime/tests/review","Test":"TestReviewSSEReconnectAfterGapStartsFreshHub","Output":"--- PASS: TestReviewSSEReconnectAfterGapStartsFreshHub (0.00s)\n"}
{"Time":"2026-09-11T15:25:03.228094287-07:00","Action":"pass","Package":"github.com/JDinSeattle/forge-runtime/tests/review","Test":"TestReviewSSEReconnectAfterGapStartsFreshHub","Elapsed":0}
{"Time":"2026-09-11T15:25:03.228099656-07:00","Action":"run","Package":"github.com/JDinSeattle/forge-runtime/tests/review","Test":"TestReviewHTTPExpiredCursorRequiresSnapshotReset"}
{"Time":"2026-09-11T15:25:03.228103138-07:00","Action":"output","Package":"github.com/JDinSeattle/forge-runtime/tests/review","Test":"TestReviewHTTPExpiredCursorRequiresSnapshotReset","Output":"=== RUN   TestReviewHTTPExpiredCursorRequiresSnapshotReset\n"}
{"Time":"2026-09-11T15:25:03.228133043-07:00","Action":"run","Package":"github.com/JDinSeattle/forge-runtime/tests/review","Test":"TestReviewHTTPExpiredCursorRequiresSnapshotReset/cutoff_during_subscribe_false"}
{"Time":"2026-09-11T15:25:03.228138895-07:00","Action":"output","Package":"github.com/JDinSeattle/forge-runtime/tests/review","Test":"TestReviewHTTPExpiredCursorRequiresSnapshotReset/cutoff_during_subscribe_false","Output":"=== RUN   TestReviewHTTPExpiredCursorRequiresSnapshotReset/cutoff_during_subscribe_false\n"}
{"Time":"2026-09-11T15:25:03.342130798-07:00","Action":"output","Package":"github.com/JDinSeattle/forge-runtime/internal/runner","Test":"TestUndispatchedOperationCancellationHasDurableProof","Output":"--- PASS: TestUndispatchedOperationCancellationHasDurableProof (0.37s)\n"}
{"Time":"2026-09-11T15:25:03.342162069-07:00","Action":"pass","Package":"github.com/JDinSeattle/forge-runtime/internal/runner","Test":"TestUndispatchedOperationCancellationHasDurableProof","Elapsed":0.37}
{"Time":"2026-09-11T15:25:03.342169901-07:00","Action":"run","Package":"github.com/JDinSeattle/forge-runtime/internal/runner","Test":"TestAllReturnedArtifactKindsAreDurablyPinned"}
{"Time":"2026-09-11T15:25:03.34217325-07:00","Action":"output","Package":"github.com/JDinSeattle/forge-runtime/internal/runner","Test":"TestAllReturnedArtifactKindsAreDurablyPinned","Output":"=== RUN   TestAllReturnedArtifactKindsAreDurablyPinned\n"}
{"Time":"2026-09-11T15:25:03.575671621-07:00","Action":"output","Package":"github.com/JDinSeattle/forge-runtime/tests/review","Test":"TestReviewHTTPExpiredCursorRequiresSnapshotReset/cutoff_during_subscribe_false","Output":"--- PASS: TestReviewHTTPExpiredCursorRequiresSnapshotReset/cutoff_during_subscribe_false (0.35s)\n"}
{"Time":"2026-09-11T15:25:03.575701077-07:00","Action":"pass","Package":"github.com/JDinSeattle/forge-runtime/tests/review","Test":"TestReviewHTTPExpiredCursorRequiresSnapshotReset/cutoff_during_subscribe_false","Elapsed":0.35}
{"Time":"2026-09-11T15:25:03.575707779-07:00","Action":"run","Package":"github.com/JDinSeattle/forge-runtime/tests/review","Test":"TestReviewHTTPExpiredCursorRequiresSnapshotReset/cutoff_during_subscribe_true"}
{"Time":"2026-09-11T15:25:03.575715576-07:00","Action":"output","Package":"github.com/JDinSeattle/forge-runtime/tests/review","Test":"TestReviewHTTPExpiredCursorRequiresSnapshotReset/cutoff_during_subscribe_true","Output":"=== RUN   TestReviewHTTPExpiredCursorRequiresSnapshotReset/cutoff_during_subscribe_true\n"}
{"Time":"2026-09-11T15:25:03.799770264-07:00","Action":"output","Package":"github.com/JDinSeattle/forge-runtime/internal/runner","Test":"TestAllReturnedArtifactKindsAreDurablyPinned","Output":"--- PASS: TestAllReturnedArtifactKindsAreDurablyPinned (0.46s)\n"}
{"Time":"2026-09-11T15:25:03.799807865-07:00","Action":"pass","Package":"github.com/JDinSeattle/forge-runtime/internal/runner","Test":"TestAllReturnedArtifactKindsAreDurablyPinned","Elapsed":0.46}
{"Time":"2026-09-11T15:25:03.799824883-07:00","Action":"run","Package":"github.com/JDinSeattle/forge-runtime/internal/runner","Test":"TestArtifactPinIdentityAllowsKindButRejectsCorruption"}
{"Time":"2026-09-11T15:25:03.799830718-07:00","Action":"output","Package":"github.com/JDinSeattle/forge-runtime/internal/runner","Test":"TestArtifactPinIdentityAllowsKindButRejectsCorruption","Output":"=== RUN   TestArtifactPinIdentityAllowsKindButRejectsCorruption\n"}
{"Time":"2026-09-11T15:25:03.995832221-07:00","Action":"output","Package":"github.com/JDinSeattle/forge-runtime/tests/review","Test":"TestReviewHTTPExpiredCursorRequiresSnapshotReset/cutoff_during_subscribe_true","Output":"--- PASS: TestReviewHTTPExpiredCursorRequiresSnapshotReset/cutoff_during_subscribe_true (0.42s)\n"}
{"Time":"2026-09-11T15:25:03.995864841-07:00","Action":"pass","Package":"github.com/JDinSeattle/forge-runtime/tests/review","Test":"TestReviewHTTPExpiredCursorRequiresSnapshotReset/cutoff_during_subscribe_true","Elapsed":0.42}
{"Time":"2026-09-11T15:25:03.99587467-07:00","Action":"output","Package":"github.com/JDinSeattle/forge-runtime/tests/review","Test":"TestReviewHTTPExpiredCursorRequiresSnapshotReset","Output":"--- PASS: TestReviewHTTPExpiredCursorRequiresSnapshotReset (0.77s)\n"}
{"Time":"2026-09-11T15:25:03.995887835-07:00","Action":"pass","Package":"github.com/JDinSeattle/forge-runtime/tests/review","Test":"TestReviewHTTPExpiredCursorRequiresSnapshotReset","Elapsed":0.77}
{"Time":"2026-09-11T15:25:03.9959182-07:00","Action":"run","Package":"github.com/JDinSeattle/forge-runtime/tests/review","Test":"TestReviewHTTPUsesRealNonOwnerTenantScopeAndArtifactBytes"}
{"Time":"2026-09-11T15:25:03.995922215-07:00","Action":"output","Package":"github.com/JDinSeattle/forge-runtime/tests/review","Test":"TestReviewHTTPUsesRealNonOwnerTenantScopeAndArtifactBytes","Output":"=== RUN   TestReviewHTTPUsesRealNonOwnerTenantScopeAndArtifactBytes\n"}
{"Time":"2026-09-11T15:25:04.130206653-07:00","Action":"output","Package":"github.com/JDinSeattle/forge-runtime/internal/runner","Test":"TestArtifactPinIdentityAllowsKindButRejectsCorruption","Output":"--- PASS: TestArtifactPinIdentityAllowsKindButRejectsCorruption (0.33s)\n"}
{"Time":"2026-09-11T15:25:04.130234629-07:00","Action":"pass","Package":"github.com/JDinSeattle/forge-runtime/internal/runner","Test":"TestArtifactPinIdentityAllowsKindButRejectsCorruption","Elapsed":0.33}
{"Time":"2026-09-11T15:25:04.130238948-07:00","Action":"run","Package":"github.com/JDinSeattle/forge-runtime/internal/runner","Test":"TestStartIntentPreventsNeverStartedAssumption"}
{"Time":"2026-09-11T15:25:04.130240934-07:00","Action":"output","Package":"github.com/JDinSeattle/forge-runtime/internal/runner","Test":"TestStartIntentPreventsNeverStartedAssumption","Output":"=== RUN   TestStartIntentPreventsNeverStartedAssumption\n"}
{"Time":"2026-09-11T15:25:04.229932736-07:00","Action":"output","Package":"github.com/JDinSeattle/forge-runtime/internal/persistence","Output":"ok  \tgithub.com/JDinSeattle/forge-runtime/internal/persistence\t10.069s\n"}
{"Time":"2026-09-11T15:25:04.230017335-07:00","Action":"pass","Package":"github.com/JDinSeattle/forge-runtime/internal/persistence","Elapsed":10.069}
{"Time":"2026-09-11T15:25:04.399644466-07:00","Action":"run","Package":"github.com/JDinSeattle/forge-runtime/tests/review","Test":"TestReviewHTTPUsesRealNonOwnerTenantScopeAndArtifactBytes/missing_bearer"}
{"Time":"2026-09-11T15:25:04.399678117-07:00","Action":"output","Package":"github.com/JDinSeattle/forge-runtime/tests/review","Test":"TestReviewHTTPUsesRealNonOwnerTenantScopeAndArtifactBytes/missing_bearer","Output":"=== RUN   TestReviewHTTPUsesRealNonOwnerTenantScopeAndArtifactBytes/missing_bearer\n"}
{"Time":"2026-09-11T15:25:04.399791522-07:00","Action":"output","Package":"github.com/JDinSeattle/forge-runtime/tests/review","Test":"TestReviewHTTPUsesRealNonOwnerTenantScopeAndArtifactBytes/missing_bearer","Output":"--- PASS: TestReviewHTTPUsesRealNonOwnerTenantScopeAndArtifactBytes/missing_bearer (0.00s)\n"}
{"Time":"2026-09-11T15:25:04.399801716-07:00","Action":"pass","Package":"github.com/JDinSeattle/forge-runtime/tests/review","Test":"TestReviewHTTPUsesRealNonOwnerTenantScopeAndArtifactBytes/missing_bearer","Elapsed":0}
{"Time":"2026-09-11T15:25:04.399818516-07:00","Action":"run","Package":"github.com/JDinSeattle/forge-runtime/tests/review","Test":"TestReviewHTTPUsesRealNonOwnerTenantScopeAndArtifactBytes/valid_own_run"}
{"Time":"2026-09-11T15:25:04.399821351-07:00","Action":"output","Package":"github.com/JDinSeattle/forge-runtime/tests/review","Test":"TestReviewHTTPUsesRealNonOwnerTenantScopeAndArtifactBytes/valid_own_run","Output":"=== RUN   TestReviewHTTPUsesRealNonOwnerTenantScopeAndArtifactBytes/valid_own_run\n"}
{"Time":"2026-09-11T15:25:04.407133174-07:00","Action":"output","Package":"github.com/JDinSeattle/forge-runtime/tests/review","Test":"TestReviewHTTPUsesRealNonOwnerTenantScopeAndArtifactBytes/valid_own_run","Output":"--- PASS: TestReviewHTTPUsesRealNonOwnerTenantScopeAndArtifactBytes/valid_own_run (0.01s)\n"}
{"Time":"2026-09-11T15:25:04.407176982-07:00","Action":"pass","Package":"github.com/JDinSeattle/forge-runtime/tests/review","Test":"TestReviewHTTPUsesRealNonOwnerTenantScopeAndArtifactBytes/valid_own_run","Elapsed":0.01}
{"Time":"2026-09-11T15:25:04.407188414-07:00","Action":"run","Package":"github.com/JDinSeattle/forge-runtime/tests/review","Test":"TestReviewHTTPUsesRealNonOwnerTenantScopeAndArtifactBytes/same_principal_wrong_tenant"}
{"Time":"2026-09-11T15:25:04.407195364-07:00","Action":"output","Package":"github.com/JDinSeattle/forge-runtime/tests/review","Test":"TestReviewHTTPUsesRealNonOwnerTenantScopeAndArtifactBytes/same_principal_wrong_tenant","Output":"=== RUN   TestReviewHTTPUsesRealNonOwnerTenantScopeAndArtifactBytes/same_principal_wrong_tenant\n"}
{"Time":"2026-09-11T15:25:04.409276019-07:00","Action":"output","Package":"github.com/JDinSeattle/forge-runtime/tests/review","Test":"TestReviewHTTPUsesRealNonOwnerTenantScopeAndArtifactBytes/same_principal_wrong_tenant","Output":"--- PASS: TestReviewHTTPUsesRealNonOwnerTenantScopeAndArtifactBytes/same_principal_wrong_tenant (0.00s)\n"}
{"Time":"2026-09-11T15:25:04.409316009-07:00","Action":"pass","Package":"github.com/JDinSeattle/forge-runtime/tests/review","Test":"TestReviewHTTPUsesRealNonOwnerTenantScopeAndArtifactBytes/same_principal_wrong_tenant","Elapsed":0}
{"Time":"2026-09-11T15:25:04.40932977-07:00","Action":"run","Package":"github.com/JDinSeattle/forge-runtime/tests/review","Test":"TestReviewHTTPUsesRealNonOwnerTenantScopeAndArtifactBytes/missing_membership"}
{"Time":"2026-09-11T15:25:04.409337464-07:00","Action":"output","Package":"github.com/JDinSeattle/forge-runtime/tests/review","Test":"TestReviewHTTPUsesRealNonOwnerTenantScopeAndArtifactBytes/missing_membership","Output":"=== RUN   TestReviewHTTPUsesRealNonOwnerTenantScopeAndArtifactBytes/missing_membership\n"}
{"Time":"2026-09-11T15:25:04.41022051-07:00","Action":"output","Package":"github.com/JDinSeattle/forge-runtime/tests/review","Test":"TestReviewHTTPUsesRealNonOwnerTenantScopeAndArtifactBytes/missing_membership","Output":"--- PASS: TestReviewHTTPUsesRealNonOwnerTenantScopeAndArtifactBytes/missing_membership (0.00s)\n"}
{"Time":"2026-09-11T15:25:04.410265161-07:00","Action":"pass","Package":"github.com/JDinSeattle/forge-runtime/tests/review","Test":"TestReviewHTTPUsesRealNonOwnerTenantScopeAndArtifactBytes/missing_membership","Elapsed":0}
{"Time":"2026-09-11T15:25:04.410288864-07:00","Action":"run","Package":"github.com/JDinSeattle/forge-runtime/tests/review","Test":"TestReviewHTTPUsesRealNonOwnerTenantScopeAndArtifactBytes/viewer_read"}
{"Time":"2026-09-11T15:25:04.41029911-07:00","Action":"output","Package":"github.com/JDinSeattle/forge-runtime/tests/review","Test":"TestReviewHTTPUsesRealNonOwnerTenantScopeAndArtifactBytes/viewer_read","Output":"=== RUN   TestReviewHTTPUsesRealNonOwnerTenantScopeAndArtifactBytes/viewer_read\n"}
{"Time":"2026-09-11T15:25:04.413366437-07:00","Action":"output","Package":"github.com/JDinSeattle/forge-runtime/tests/review","Test":"TestReviewHTTPUsesRealNonOwnerTenantScopeAndArtifactBytes/viewer_read","Output":"--- PASS: TestReviewHTTPUsesRealNonOwnerTenantScopeAndArtifactBytes/viewer_read (0.00s)\n"}
{"Time":"2026-09-11T15:25:04.413422535-07:00","Action":"pass","Package":"github.com/JDinSeattle/forge-runtime/tests/review","Test":"TestReviewHTTPUsesRealNonOwnerTenantScopeAndArtifactBytes/viewer_read","Elapsed":0}
{"Time":"2026-09-11T15:25:04.413438227-07:00","Action":"run","Package":"github.com/JDinSeattle/forge-runtime/tests/review","Test":"TestReviewHTTPUsesRealNonOwnerTenantScopeAndArtifactBytes/viewer_cancel"}
{"Time":"2026-09-11T15:25:04.413451144-07:00","Action":"output","Package":"github.com/JDinSeattle/forge-runtime/tests/review","Test":"TestReviewHTTPUsesRealNonOwnerTenantScopeAndArtifactBytes/viewer_cancel","Output":"=== RUN   TestReviewHTTPUsesRealNonOwnerTenantScopeAndArtifactBytes/viewer_cancel\n"}
{"Time":"2026-09-11T15:25:04.414160285-07:00","Action":"output","Package":"github.com/JDinSeattle/forge-runtime/tests/review","Test":"TestReviewHTTPUsesRealNonOwnerTenantScopeAndArtifactBytes/viewer_cancel","Output":"--- PASS: TestReviewHTTPUsesRealNonOwnerTenantScopeAndArtifactBytes/viewer_cancel (0.00s)\n"}
{"Time":"2026-09-11T15:25:04.414185312-07:00","Action":"pass","Package":"github.com/JDinSeattle/forge-runtime/tests/review","Test":"TestReviewHTTPUsesRealNonOwnerTenantScopeAndArtifactBytes/viewer_cancel","Elapsed":0}
{"Time":"2026-09-11T15:25:04.414235775-07:00","Action":"run","Package":"github.com/JDinSeattle/forge-runtime/tests/review","Test":"TestReviewHTTPUsesRealNonOwnerTenantScopeAndArtifactBytes/viewer_message"}
{"Time":"2026-09-11T15:25:04.414247668-07:00","Action":"output","Package":"github.com/JDinSeattle/forge-runtime/tests/review","Test":"TestReviewHTTPUsesRealNonOwnerTenantScopeAndArtifactBytes/viewer_message","Output":"=== RUN   TestReviewHTTPUsesRealNonOwnerTenantScopeAndArtifactBytes/viewer_message\n"}
{"Time":"2026-09-11T15:25:04.414872986-07:00","Action":"output","Package":"github.com/JDinSeattle/forge-runtime/tests/review","Test":"TestReviewHTTPUsesRealNonOwnerTenantScopeAndArtifactBytes/viewer_message","Output":"--- PASS: TestReviewHTTPUsesRealNonOwnerTenantScopeAndArtifactBytes/viewer_message (0.00s)\n"}
{"Time":"2026-09-11T15:25:04.4149012-07:00","Action":"pass","Package":"github.com/JDinSeattle/forge-runtime/tests/review","Test":"TestReviewHTTPUsesRealNonOwnerTenantScopeAndArtifactBytes/viewer_message","Elapsed":0}
{"Time":"2026-09-11T15:25:04.414909939-07:00","Action":"run","Package":"github.com/JDinSeattle/forge-runtime/tests/review","Test":"TestReviewHTTPUsesRealNonOwnerTenantScopeAndArtifactBytes/cross_tenant_artifact_list"}
{"Time":"2026-09-11T15:25:04.414913098-07:00","Action":"output","Package":"github.com/JDinSeattle/forge-runtime/tests/review","Test":"TestReviewHTTPUsesRealNonOwnerTenantScopeAndArtifactBytes/cross_tenant_artifact_list","Output":"=== RUN   TestReviewHTTPUsesRealNonOwnerTenantScopeAndArtifactBytes/cross_tenant_artifact_list\n"}
{"Time":"2026-09-11T15:25:04.416245475-07:00","Action":"output","Package":"github.com/JDinSeattle/forge-runtime/tests/review","Test":"TestReviewHTTPUsesRealNonOwnerTenantScopeAndArtifactBytes/cross_tenant_artifact_list","Output":"--- PASS: TestReviewHTTPUsesRealNonOwnerTenantScopeAndArtifactBytes/cross_tenant_artifact_list (0.00s)\n"}
{"Time":"2026-09-11T15:25:04.416283412-07:00","Action":"pass","Package":"github.com/JDinSeattle/forge-runtime/tests/review","Test":"TestReviewHTTPUsesRealNonOwnerTenantScopeAndArtifactBytes/cross_tenant_artifact_list","Elapsed":0}
{"Time":"2026-09-11T15:25:04.438305651-07:00","Action":"output","Package":"github.com/JDinSeattle/forge-runtime/internal/runner","Test":"TestStartIntentPreventsNeverStartedAssumption","Output":"--- PASS: TestStartIntentPreventsNeverStartedAssumption (0.31s)\n"}
{"Time":"2026-09-11T15:25:04.438342265-07:00","Action":"pass","Package":"github.com/JDinSeattle/forge-runtime/internal/runner","Test":"TestStartIntentPreventsNeverStartedAssumption","Elapsed":0.31}
{"Time":"2026-09-11T15:25:04.438350154-07:00","Action":"run","Package":"github.com/JDinSeattle/forge-runtime/internal/runner","Test":"TestCreatedUndispatchedCancellationReachesLockedProof"}
{"Time":"2026-09-11T15:25:04.438353664-07:00","Action":"output","Package":"github.com/JDinSeattle/forge-runtime/internal/runner","Test":"TestCreatedUndispatchedCancellationReachesLockedProof","Output":"=== RUN   TestCreatedUndispatchedCancellationReachesLockedProof\n"}
{"Time":"2026-09-11T15:25:04.438363312-07:00","Action":"run","Package":"github.com/JDinSeattle/forge-runtime/internal/runner","Test":"TestCreatedUndispatchedCancellationReachesLockedProof/cancel"}
{"Time":"2026-09-11T15:25:04.43836648-07:00","Action":"output","Package":"github.com/JDinSeattle/forge-runtime/internal/runner","Test":"TestCreatedUndispatchedCancellationReachesLockedProof/cancel","Output":"=== RUN   TestCreatedUndispatchedCancellationReachesLockedProof/cancel\n"}
{"Time":"2026-09-11T15:25:04.58515599-07:00","Action":"output","Package":"github.com/JDinSeattle/forge-runtime/tests/review","Test":"TestReviewHTTPUsesRealNonOwnerTenantScopeAndArtifactBytes","Output":"--- PASS: TestReviewHTTPUsesRealNonOwnerTenantScopeAndArtifactBytes (0.59s)\n"}
{"Time":"2026-09-11T15:25:04.58517791-07:00","Action":"pass","Package":"github.com/JDinSeattle/forge-runtime/tests/review","Test":"TestReviewHTTPUsesRealNonOwnerTenantScopeAndArtifactBytes","Elapsed":0.59}
{"Time":"2026-09-11T15:25:04.585182539-07:00","Action":"run","Package":"github.com/JDinSeattle/forge-runtime/tests/review","Test":"TestReviewReservedPriorityIsBoundedAndPreservesFIFO"}
{"Time":"2026-09-11T15:25:04.585184084-07:00","Action":"output","Package":"github.com/JDinSeattle/forge-runtime/tests/review","Test":"TestReviewReservedPriorityIsBoundedAndPreservesFIFO","Output":"=== RUN   TestReviewReservedPriorityIsBoundedAndPreservesFIFO\n"}
{"Time":"2026-09-11T15:25:04.767964392-07:00","Action":"output","Package":"github.com/JDinSeattle/forge-runtime/internal/runner","Test":"TestCreatedUndispatchedCancellationReachesLockedProof/cancel","Output":"--- PASS: TestCreatedUndispatchedCancellationReachesLockedProof/cancel (0.33s)\n"}
{"Time":"2026-09-11T15:25:04.768006842-07:00","Action":"pass","Package":"github.com/JDinSeattle/forge-runtime/internal/runner","Test":"TestCreatedUndispatchedCancellationReachesLockedProof/cancel","Elapsed":0.33}
{"Time":"2026-09-11T15:25:04.768020502-07:00","Action":"run","Package":"github.com/JDinSeattle/forge-runtime/internal/runner","Test":"TestCreatedUndispatchedCancellationReachesLockedProof/stop"}
{"Time":"2026-09-11T15:25:04.768025067-07:00","Action":"output","Package":"github.com/JDinSeattle/forge-runtime/internal/runner","Test":"TestCreatedUndispatchedCancellationReachesLockedProof/stop","Output":"=== RUN   TestCreatedUndispatchedCancellationReachesLockedProof/stop\n"}
{"Time":"2026-09-11T15:25:05.069657858-07:00","Action":"output","Package":"github.com/JDinSeattle/forge-runtime/tests/review","Test":"TestReviewReservedPriorityIsBoundedAndPreservesFIFO","Output":"--- PASS: TestReviewReservedPriorityIsBoundedAndPreservesFIFO (0.48s)\n"}
{"Time":"2026-09-11T15:25:05.069690483-07:00","Action":"pass","Package":"github.com/JDinSeattle/forge-runtime/tests/review","Test":"TestReviewReservedPriorityIsBoundedAndPreservesFIFO","Elapsed":0.48}
{"Time":"2026-09-11T15:25:05.069699461-07:00","Action":"run","Package":"github.com/JDinSeattle/forge-runtime/tests/review","Test":"TestRecoverySourceProcess"}
{"Time":"2026-09-11T15:25:05.069709779-07:00","Action":"output","Package":"github.com/JDinSeattle/forge-runtime/tests/review","Test":"TestRecoverySourceProcess","Output":"=== RUN   TestRecoverySourceProcess\n"}
{"Time":"2026-09-11T15:25:05.069749037-07:00","Action":"output","Package":"github.com/JDinSeattle/forge-runtime/tests/review","Test":"TestRecoverySourceProcess","Output":"    recovery_test.go:235: operator-only paired recovery rehearsal: FORGE_RECOVERY_CONFIG is required\n"}
{"Time":"2026-09-11T15:25:05.069768531-07:00","Action":"output","Package":"github.com/JDinSeattle/forge-runtime/tests/review","Test":"TestRecoverySourceProcess","Output":"--- SKIP: TestRecoverySourceProcess (0.00s)\n"}
{"Time":"2026-09-11T15:25:05.069779688-07:00","Action":"skip","Package":"github.com/JDinSeattle/forge-runtime/tests/review","Test":"TestRecoverySourceProcess","Elapsed":0}
{"Time":"2026-09-11T15:25:05.069793711-07:00","Action":"run","Package":"github.com/JDinSeattle/forge-runtime/tests/review","Test":"TestRecoveryRestoredProcess"}
{"Time":"2026-09-11T15:25:05.069797633-07:00","Action":"output","Package":"github.com/JDinSeattle/forge-runtime/tests/review","Test":"TestRecoveryRestoredProcess","Output":"=== RUN   TestRecoveryRestoredProcess\n"}
{"Time":"2026-09-11T15:25:05.069826555-07:00","Action":"output","Package":"github.com/JDinSeattle/forge-runtime/tests/review","Test":"TestRecoveryRestoredProcess","Output":"    recovery_test.go:335: operator-only paired recovery rehearsal: FORGE_RECOVERY_CONFIG is required\n"}
{"Time":"2026-09-11T15:25:05.069844157-07:00","Action":"output","Package":"github.com/JDinSeattle/forge-runtime/tests/review","Test":"TestRecoveryRestoredProcess","Output":"--- SKIP: TestRecoveryRestoredProcess (0.00s)\n"}
{"Time":"2026-09-11T15:25:05.0698585-07:00","Action":"skip","Package":"github.com/JDinSeattle/forge-runtime/tests/review","Test":"TestRecoveryRestoredProcess","Elapsed":0}
{"Time":"2026-09-11T15:25:05.069867551-07:00","Action":"run","Package":"github.com/JDinSeattle/forge-runtime/tests/review","Test":"TestReviewHTTPResumePreservesIdentityAndCapacity"}
{"Time":"2026-09-11T15:25:05.069870885-07:00","Action":"output","Package":"github.com/JDinSeattle/forge-runtime/tests/review","Test":"TestReviewHTTPResumePreservesIdentityAndCapacity","Output":"=== RUN   TestReviewHTTPResumePreservesIdentityAndCapacity\n"}
{"Time":"2026-09-11T15:25:05.257801318-07:00","Action":"output","Package":"github.com/JDinSeattle/forge-runtime/internal/runner","Test":"TestCreatedUndispatchedCancellationReachesLockedProof/stop","Output":"--- PASS: TestCreatedUndispatchedCancellationReachesLockedProof/stop (0.49s)\n"}
{"Time":"2026-09-11T15:25:05.257833747-07:00","Action":"pass","Package":"github.com/JDinSeattle/forge-runtime/internal/runner","Test":"TestCreatedUndispatchedCancellationReachesLockedProof/stop","Elapsed":0.49}
{"Time":"2026-09-11T15:25:05.257840773-07:00","Action":"run","Package":"github.com/JDinSeattle/forge-runtime/internal/runner","Test":"TestCreatedUndispatchedCancellationReachesLockedProof/adopt"}
{"Time":"2026-09-11T15:25:05.257844334-07:00","Action":"output","Package":"github.com/JDinSeattle/forge-runtime/internal/runner","Test":"TestCreatedUndispatchedCancellationReachesLockedProof/adopt","Output":"=== RUN   TestCreatedUndispatchedCancellationReachesLockedProof/adopt\n"}
{"Time":"2026-09-11T15:25:05.723677181-07:00","Action":"output","Package":"github.com/JDinSeattle/forge-runtime/internal/runner","Test":"TestCreatedUndispatchedCancellationReachesLockedProof/adopt","Output":"--- PASS: TestCreatedUndispatchedCancellationReachesLockedProof/adopt (0.47s)\n"}
{"Time":"2026-09-11T15:25:05.72370768-07:00","Action":"pass","Package":"github.com/JDinSeattle/forge-runtime/internal/runner","Test":"TestCreatedUndispatchedCancellationReachesLockedProof/adopt","Elapsed":0.47}
{"Time":"2026-09-11T15:25:05.723717511-07:00","Action":"output","Package":"github.com/JDinSeattle/forge-runtime/internal/runner","Test":"TestCreatedUndispatchedCancellationReachesLockedProof","Output":"--- PASS: TestCreatedUndispatchedCancellationReachesLockedProof (1.29s)\n"}
{"Time":"2026-09-11T15:25:05.723729355-07:00","Action":"pass","Package":"github.com/JDinSeattle/forge-runtime/internal/runner","Test":"TestCreatedUndispatchedCancellationReachesLockedProof","Elapsed":1.29}
{"Time":"2026-09-11T15:25:05.723734674-07:00","Action":"run","Package":"github.com/JDinSeattle/forge-runtime/internal/runner","Test":"TestJournalIdentityStableAcrossReopenAndDistinctAcrossFiles"}
{"Time":"2026-09-11T15:25:05.723737609-07:00","Action":"output","Package":"github.com/JDinSeattle/forge-runtime/internal/runner","Test":"TestJournalIdentityStableAcrossReopenAndDistinctAcrossFiles","Output":"=== RUN   TestJournalIdentityStableAcrossReopenAndDistinctAcrossFiles\n"}
{"Time":"2026-09-11T15:25:05.780068436-07:00","Action":"output","Package":"github.com/JDinSeattle/forge-runtime/tests/review","Test":"TestReviewHTTPResumePreservesIdentityAndCapacity","Output":"--- PASS: TestReviewHTTPResumePreservesIdentityAndCapacity (0.71s)\n"}
{"Time":"2026-09-11T15:25:05.780100087-07:00","Action":"pass","Package":"github.com/JDinSeattle/forge-runtime/tests/review","Test":"TestReviewHTTPResumePreservesIdentityAndCapacity","Elapsed":0.71}
{"Time":"2026-09-11T15:25:05.78010818-07:00","Action":"run","Package":"github.com/JDinSeattle/forge-runtime/tests/review","Test":"TestReviewConcurrentFinalizeDoesNotReleaseSentinelCapacity"}
{"Time":"2026-09-11T15:25:05.780111698-07:00","Action":"output","Package":"github.com/JDinSeattle/forge-runtime/tests/review","Test":"TestReviewConcurrentFinalizeDoesNotReleaseSentinelCapacity","Output":"=== RUN   TestReviewConcurrentFinalizeDoesNotReleaseSentinelCapacity\n"}
{"Time":"2026-09-11T15:25:06.025788084-07:00","Action":"output","Package":"github.com/JDinSeattle/forge-runtime/internal/runner","Test":"TestJournalIdentityStableAcrossReopenAndDistinctAcrossFiles","Output":"--- PASS: TestJournalIdentityStableAcrossReopenAndDistinctAcrossFiles (0.30s)\n"}
{"Time":"2026-09-11T15:25:06.025810123-07:00","Action":"pass","Package":"github.com/JDinSeattle/forge-runtime/internal/runner","Test":"TestJournalIdentityStableAcrossReopenAndDistinctAcrossFiles","Elapsed":0.3}
{"Time":"2026-09-11T15:25:06.025816084-07:00","Action":"run","Package":"github.com/JDinSeattle/forge-runtime/internal/runner","Test":"TestExistingV4NeverInventsMissingOrMalformedIdentity"}
{"Time":"2026-09-11T15:25:06.025821219-07:00","Action":"output","Package":"github.com/JDinSeattle/forge-runtime/internal/runner","Test":"TestExistingV4NeverInventsMissingOrMalformedIdentity","Output":"=== RUN   TestExistingV4NeverInventsMissingOrMalformedIdentity\n"}
{"Time":"2026-09-11T15:25:06.025823687-07:00","Action":"run","Package":"github.com/JDinSeattle/forge-runtime/internal/runner","Test":"TestExistingV4NeverInventsMissingOrMalformedIdentity/table"}
{"Time":"2026-09-11T15:25:06.025825322-07:00","Action":"output","Package":"github.com/JDinSeattle/forge-runtime/internal/runner","Test":"TestExistingV4NeverInventsMissingOrMalformedIdentity/table","Output":"=== RUN   TestExistingV4NeverInventsMissingOrMalformedIdentity/table\n"}
{"Time":"2026-09-11T15:25:06.203865563-07:00","Action":"output","Package":"github.com/JDinSeattle/forge-runtime/internal/runner","Test":"TestExistingV4NeverInventsMissingOrMalformedIdentity/table","Output":"--- PASS: TestExistingV4NeverInventsMissingOrMalformedIdentity/table (0.18s)\n"}
{"Time":"2026-09-11T15:25:06.203891185-07:00","Action":"pass","Package":"github.com/JDinSeattle/forge-runtime/internal/runner","Test":"TestExistingV4NeverInventsMissingOrMalformedIdentity/table","Elapsed":0.18}
{"Time":"2026-09-11T15:25:06.203896079-07:00","Action":"run","Package":"github.com/JDinSeattle/forge-runtime/internal/runner","Test":"TestExistingV4NeverInventsMissingOrMalformedIdentity/row"}
{"Time":"2026-09-11T15:25:06.203898122-07:00","Action":"output","Package":"github.com/JDinSeattle/forge-runtime/internal/runner","Test":"TestExistingV4NeverInventsMissingOrMalformedIdentity/row","Output":"=== RUN   TestExistingV4NeverInventsMissingOrMalformedIdentity/row\n"}
{"Time":"2026-09-11T15:25:06.332111465-07:00","Action":"output","Package":"github.com/JDinSeattle/forge-runtime/internal/runner","Test":"TestExistingV4NeverInventsMissingOrMalformedIdentity/row","Output":"--- PASS: TestExistingV4NeverInventsMissingOrMalformedIdentity/row (0.13s)\n"}
{"Time":"2026-09-11T15:25:06.332137921-07:00","Action":"pass","Package":"github.com/JDinSeattle/forge-runtime/internal/runner","Test":"TestExistingV4NeverInventsMissingOrMalformedIdentity/row","Elapsed":0.13}
{"Time":"2026-09-11T15:25:06.332145115-07:00","Action":"run","Package":"github.com/JDinSeattle/forge-runtime/internal/runner","Test":"TestExistingV4NeverInventsMissingOrMalformedIdentity/malformed"}
{"Time":"2026-09-11T15:25:06.332147767-07:00","Action":"output","Package":"github.com/JDinSeattle/forge-runtime/internal/runner","Test":"TestExistingV4NeverInventsMissingOrMalformedIdentity/malformed","Output":"=== RUN   TestExistingV4NeverInventsMissingOrMalformedIdentity/malformed\n"}
{"Time":"2026-09-11T15:25:06.457564376-07:00","Action":"output","Package":"github.com/JDinSeattle/forge-runtime/internal/runner","Test":"TestExistingV4NeverInventsMissingOrMalformedIdentity/malformed","Output":"--- PASS: TestExistingV4NeverInventsMissingOrMalformedIdentity/malformed (0.13s)\n"}
{"Time":"2026-09-11T15:25:06.457591599-07:00","Action":"pass","Package":"github.com/JDinSeattle/forge-runtime/internal/runner","Test":"TestExistingV4NeverInventsMissingOrMalformedIdentity/malformed","Elapsed":0.13}
{"Time":"2026-09-11T15:25:06.457596849-07:00","Action":"output","Package":"github.com/JDinSeattle/forge-runtime/internal/runner","Test":"TestExistingV4NeverInventsMissingOrMalformedIdentity","Output":"--- PASS: TestExistingV4NeverInventsMissingOrMalformedIdentity (0.43s)\n"}
{"Time":"2026-09-11T15:25:06.45759978-07:00","Action":"pass","Package":"github.com/JDinSeattle/forge-runtime/internal/runner","Test":"TestExistingV4NeverInventsMissingOrMalformedIdentity","Elapsed":0.43}
{"Time":"2026-09-11T15:25:06.457617295-07:00","Action":"run","Package":"github.com/JDinSeattle/forge-runtime/internal/runner","Test":"TestV3MigrationCreatesIdentityWithoutChangingLegacyDispatchEvidence"}
{"Time":"2026-09-11T15:25:06.457619275-07:00","Action":"output","Package":"github.com/JDinSeattle/forge-runtime/internal/runner","Test":"TestV3MigrationCreatesIdentityWithoutChangingLegacyDispatchEvidence","Output":"=== RUN   TestV3MigrationCreatesIdentityWithoutChangingLegacyDispatchEvidence\n"}
{"Time":"2026-09-11T15:25:06.458610165-07:00","Action":"output","Package":"github.com/JDinSeattle/forge-runtime/tests/review","Test":"TestReviewConcurrentFinalizeDoesNotReleaseSentinelCapacity","Output":"--- PASS: TestReviewConcurrentFinalizeDoesNotReleaseSentinelCapacity (0.68s)\n"}
{"Time":"2026-09-11T15:25:06.458633892-07:00","Action":"pass","Package":"github.com/JDinSeattle/forge-runtime/tests/review","Test":"TestReviewConcurrentFinalizeDoesNotReleaseSentinelCapacity","Elapsed":0.68}
{"Time":"2026-09-11T15:25:06.4586553-07:00","Action":"run","Package":"github.com/JDinSeattle/forge-runtime/tests/review","Test":"TestReviewCLIResumeSucceedsThroughRealHTTP"}
{"Time":"2026-09-11T15:25:06.458660214-07:00","Action":"output","Package":"github.com/JDinSeattle/forge-runtime/tests/review","Test":"TestReviewCLIResumeSucceedsThroughRealHTTP","Output":"=== RUN   TestReviewCLIResumeSucceedsThroughRealHTTP\n"}
{"Time":"2026-09-11T15:25:06.712099126-07:00","Action":"output","Package":"github.com/JDinSeattle/forge-runtime/internal/runner","Test":"TestV3MigrationCreatesIdentityWithoutChangingLegacyDispatchEvidence","Output":"--- PASS: TestV3MigrationCreatesIdentityWithoutChangingLegacyDispatchEvidence (0.25s)\n"}
{"Time":"2026-09-11T15:25:06.71212317-07:00","Action":"pass","Package":"github.com/JDinSeattle/forge-runtime/internal/runner","Test":"TestV3MigrationCreatesIdentityWithoutChangingLegacyDispatchEvidence","Elapsed":0.25}
{"Time":"2026-09-11T15:25:06.712128108-07:00","Action":"run","Package":"github.com/JDinSeattle/forge-runtime/internal/runner","Test":"TestStoppedWorkspaceCannotReopenAfterRestart"}
{"Time":"2026-09-11T15:25:06.712134831-07:00","Action":"output","Package":"github.com/JDinSeattle/forge-runtime/internal/runner","Test":"TestStoppedWorkspaceCannotReopenAfterRestart","Output":"=== RUN   TestStoppedWorkspaceCannotReopenAfterRestart\n"}
{"Time":"2026-09-11T15:25:06.98772079-07:00","Action":"output","Package":"github.com/JDinSeattle/forge-runtime/tests/review","Test":"TestReviewCLIResumeSucceedsThroughRealHTTP","Output":"    resume_capacity_test.go:409: actual CLI pid=2253688 exit=0 accepted run=run_XXLTNJTUOYBK5UR2374DG57F77 reviewed_version=7\n"}
{"Time":"2026-09-11T15:25:07.027620448-07:00","Action":"output","Package":"github.com/JDinSeattle/forge-runtime/tests/review","Test":"TestReviewCLIResumeSucceedsThroughRealHTTP","Output":"--- PASS: TestReviewCLIResumeSucceedsThroughRealHTTP (0.57s)\n"}
{"Time":"2026-09-11T15:25:07.027643567-07:00","Action":"pass","Package":"github.com/JDinSeattle/forge-runtime/tests/review","Test":"TestReviewCLIResumeSucceedsThroughRealHTTP","Elapsed":0.57}
{"Time":"2026-09-11T15:25:07.027649499-07:00","Action":"run","Package":"github.com/JDinSeattle/forge-runtime/tests/review","Test":"TestReviewTrimEventsPreservesActiveStatesAndReplayEvidence"}
{"Time":"2026-09-11T15:25:07.027650891-07:00","Action":"output","Package":"github.com/JDinSeattle/forge-runtime/tests/review","Test":"TestReviewTrimEventsPreservesActiveStatesAndReplayEvidence","Output":"=== RUN   TestReviewTrimEventsPreservesActiveStatesAndReplayEvidence\n"}
{"Time":"2026-09-11T15:25:07.051418732-07:00","Action":"output","Package":"github.com/JDinSeattle/forge-runtime/internal/runner","Test":"TestStoppedWorkspaceCannotReopenAfterRestart","Output":"--- PASS: TestStoppedWorkspaceCannotReopenAfterRestart (0.34s)\n"}
{"Time":"2026-09-11T15:25:07.051445588-07:00","Action":"pass","Package":"github.com/JDinSeattle/forge-runtime/internal/runner","Test":"TestStoppedWorkspaceCannotReopenAfterRestart","Elapsed":0.34}
{"Time":"2026-09-11T15:25:07.051452003-07:00","Action":"run","Package":"github.com/JDinSeattle/forge-runtime/internal/runner","Test":"TestNoncanonicalArgsNeverReserveOperation"}
{"Time":"2026-09-11T15:25:07.051454009-07:00","Action":"output","Package":"github.com/JDinSeattle/forge-runtime/internal/runner","Test":"TestNoncanonicalArgsNeverReserveOperation","Output":"=== RUN   TestNoncanonicalArgsNeverReserveOperation\n"}
{"Time":"2026-09-11T15:25:07.290173486-07:00","Action":"output","Package":"github.com/JDinSeattle/forge-runtime/internal/application","Test":"TestExternalModelAndRunnerWaitsHoldNoSQLTransaction/model","Output":"--- PASS: TestExternalModelAndRunnerWaitsHoldNoSQLTransaction/model (6.40s)\n"}
{"Time":"2026-09-11T15:25:07.290197895-07:00","Action":"pass","Package":"github.com/JDinSeattle/forge-runtime/internal/application","Test":"TestExternalModelAndRunnerWaitsHoldNoSQLTransaction/model","Elapsed":6.4}
{"Time":"2026-09-11T15:25:07.290202464-07:00","Action":"run","Package":"github.com/JDinSeattle/forge-runtime/internal/application","Test":"TestExternalModelAndRunnerWaitsHoldNoSQLTransaction/runner"}
{"Time":"2026-09-11T15:25:07.290203906-07:00","Action":"output","Package":"github.com/JDinSeattle/forge-runtime/internal/application","Test":"TestExternalModelAndRunnerWaitsHoldNoSQLTransaction/runner","Output":"=== RUN   TestExternalModelAndRunnerWaitsHoldNoSQLTransaction/runner\n"}
{"Time":"2026-09-11T15:25:07.313826676-07:00","Action":"output","Package":"github.com/JDinSeattle/forge-runtime/internal/runner","Test":"TestNoncanonicalArgsNeverReserveOperation","Output":"--- PASS: TestNoncanonicalArgsNeverReserveOperation (0.26s)\n"}
{"Time":"2026-09-11T15:25:07.313872326-07:00","Action":"pass","Package":"github.com/JDinSeattle/forge-runtime/internal/runner","Test":"TestNoncanonicalArgsNeverReserveOperation","Elapsed":0.26}
{"Time":"2026-09-11T15:25:07.313882818-07:00","Action":"run","Package":"github.com/JDinSeattle/forge-runtime/internal/runner","Test":"TestPublicReceiptContainsNoGrant"}
{"Time":"2026-09-11T15:25:07.313887919-07:00","Action":"output","Package":"github.com/JDinSeattle/forge-runtime/internal/runner","Test":"TestPublicReceiptContainsNoGrant","Output":"=== RUN   TestPublicReceiptContainsNoGrant\n"}
{"Time":"2026-09-11T15:25:07.688761252-07:00","Action":"output","Package":"github.com/JDinSeattle/forge-runtime/internal/runner","Test":"TestPublicReceiptContainsNoGrant","Output":"--- PASS: TestPublicReceiptContainsNoGrant (0.37s)\n"}
{"Time":"2026-09-11T15:25:07.688791964-07:00","Action":"pass","Package":"github.com/JDinSeattle/forge-runtime/internal/runner","Test":"TestPublicReceiptContainsNoGrant","Elapsed":0.37}
{"Time":"2026-09-11T15:25:07.6888057-07:00","Action":"run","Package":"github.com/JDinSeattle/forge-runtime/internal/runner","Test":"TestCleanVerificationExcludesGeneratedFiles"}
{"Time":"2026-09-11T15:25:07.68881015-07:00","Action":"output","Package":"github.com/JDinSeattle/forge-runtime/internal/runner","Test":"TestCleanVerificationExcludesGeneratedFiles","Output":"=== RUN   TestCleanVerificationExcludesGeneratedFiles\n"}
{"Time":"2026-09-11T15:25:08.010694113-07:00","Action":"output","Package":"github.com/JDinSeattle/forge-runtime/tests/review","Test":"TestReviewTrimEventsPreservesActiveStatesAndReplayEvidence","Output":"--- PASS: TestReviewTrimEventsPreservesActiveStatesAndReplayEvidence (0.98s)\n"}
{"Time":"2026-09-11T15:25:08.01072356-07:00","Action":"pass","Package":"github.com/JDinSeattle/forge-runtime/tests/review","Test":"TestReviewTrimEventsPreservesActiveStatesAndReplayEvidence","Elapsed":0.98}
{"Time":"2026-09-11T15:25:08.010733052-07:00","Action":"run","Package":"github.com/JDinSeattle/forge-runtime/tests/review","Test":"TestReviewWholeTaskRetryCreatesOneChildWithoutReopeningParent"}
{"Time":"2026-09-11T15:25:08.010736075-07:00","Action":"output","Package":"github.com/JDinSeattle/forge-runtime/tests/review","Test":"TestReviewWholeTaskRetryCreatesOneChildWithoutReopeningParent","Output":"=== RUN   TestReviewWholeTaskRetryCreatesOneChildWithoutReopeningParent\n"}
{"Time":"2026-09-11T15:25:08.147254956-07:00","Action":"output","Package":"github.com/JDinSeattle/forge-runtime/internal/runner","Test":"TestCleanVerificationExcludesGeneratedFiles","Output":"--- PASS: TestCleanVerificationExcludesGeneratedFiles (0.46s)\n"}
{"Time":"2026-09-11T15:25:08.147284122-07:00","Action":"pass","Package":"github.com/JDinSeattle/forge-runtime/internal/runner","Test":"TestCleanVerificationExcludesGeneratedFiles","Elapsed":0.46}
{"Time":"2026-09-11T15:25:08.147291875-07:00","Action":"run","Package":"github.com/JDinSeattle/forge-runtime/internal/runner","Test":"TestPoolLeaseSurvivesCrashAndReusesOnlyAfterRelease"}
{"Time":"2026-09-11T15:25:08.147295135-07:00","Action":"output","Package":"github.com/JDinSeattle/forge-runtime/internal/runner","Test":"TestPoolLeaseSurvivesCrashAndReusesOnlyAfterRelease","Output":"=== RUN   TestPoolLeaseSurvivesCrashAndReusesOnlyAfterRelease\n"}
{"Time":"2026-09-11T15:25:08.391093717-07:00","Action":"run","Package":"github.com/JDinSeattle/forge-runtime/tests/review","Test":"TestReviewWholeTaskRetryCreatesOneChildWithoutReopeningParent/changed_task"}
{"Time":"2026-09-11T15:25:08.391121631-07:00","Action":"output","Package":"github.com/JDinSeattle/forge-runtime/tests/review","Test":"TestReviewWholeTaskRetryCreatesOneChildWithoutReopeningParent/changed_task","Output":"=== RUN   TestReviewWholeTaskRetryCreatesOneChildWithoutReopeningParent/changed_task\n"}
{"Time":"2026-09-11T15:25:08.393299827-07:00","Action":"output","Package":"github.com/JDinSeattle/forge-runtime/tests/review","Test":"TestReviewWholeTaskRetryCreatesOneChildWithoutReopeningParent/changed_task","Output":"--- PASS: TestReviewWholeTaskRetryCreatesOneChildWithoutReopeningParent/changed_task (0.00s)\n"}
{"Time":"2026-09-11T15:25:08.39332069-07:00","Action":"pass","Package":"github.com/JDinSeattle/forge-runtime/tests/review","Test":"TestReviewWholeTaskRetryCreatesOneChildWithoutReopeningParent/changed_task","Elapsed":0}
{"Time":"2026-09-11T15:25:08.393327788-07:00","Action":"run","Package":"github.com/JDinSeattle/forge-runtime/tests/review","Test":"TestReviewWholeTaskRetryCreatesOneChildWithoutReopeningParent/missing_parent"}
{"Time":"2026-09-11T15:25:08.393338453-07:00","Action":"output","Package":"github.com/JDinSeattle/forge-runtime/tests/review","Test":"TestReviewWholeTaskRetryCreatesOneChildWithoutReopeningParent/missing_parent","Output":"=== RUN   TestReviewWholeTaskRetryCreatesOneChildWithoutReopeningParent/missing_parent\n"}
{"Time":"2026-09-11T15:25:08.395108377-07:00","Action":"output","Package":"github.com/JDinSeattle/forge-runtime/tests/review","Test":"TestReviewWholeTaskRetryCreatesOneChildWithoutReopeningParent/missing_parent","Output":"--- PASS: TestReviewWholeTaskRetryCreatesOneChildWithoutReopeningParent/missing_parent (0.00s)\n"}
{"Time":"2026-09-11T15:25:08.395122956-07:00","Action":"pass","Package":"github.com/JDinSeattle/forge-runtime/tests/review","Test":"TestReviewWholeTaskRetryCreatesOneChildWithoutReopeningParent/missing_parent","Elapsed":0}
{"Time":"2026-09-11T15:25:08.395128224-07:00","Action":"run","Package":"github.com/JDinSeattle/forge-runtime/tests/review","Test":"TestReviewWholeTaskRetryCreatesOneChildWithoutReopeningParent/foreign_parent"}
{"Time":"2026-09-11T15:25:08.395132306-07:00","Action":"output","Package":"github.com/JDinSeattle/forge-runtime/tests/review","Test":"TestReviewWholeTaskRetryCreatesOneChildWithoutReopeningParent/foreign_parent","Output":"=== RUN   TestReviewWholeTaskRetryCreatesOneChildWithoutReopeningParent/foreign_parent\n"}
{"Time":"2026-09-11T15:25:08.396820347-07:00","Action":"output","Package":"github.com/JDinSeattle/forge-runtime/tests/review","Test":"TestReviewWholeTaskRetryCreatesOneChildWithoutReopeningParent/foreign_parent","Output":"--- PASS: TestReviewWholeTaskRetryCreatesOneChildWithoutReopeningParent/foreign_parent (0.00s)\n"}
{"Time":"2026-09-11T15:25:08.39684229-07:00","Action":"pass","Package":"github.com/JDinSeattle/forge-runtime/tests/review","Test":"TestReviewWholeTaskRetryCreatesOneChildWithoutReopeningParent/foreign_parent","Elapsed":0}
{"Time":"2026-09-11T15:25:08.39684873-07:00","Action":"run","Package":"github.com/JDinSeattle/forge-runtime/tests/review","Test":"TestReviewWholeTaskRetryCreatesOneChildWithoutReopeningParent/unregistered_base"}
{"Time":"2026-09-11T15:25:08.396852326-07:00","Action":"output","Package":"github.com/JDinSeattle/forge-runtime/tests/review","Test":"TestReviewWholeTaskRetryCreatesOneChildWithoutReopeningParent/unregistered_base","Output":"=== RUN   TestReviewWholeTaskRetryCreatesOneChildWithoutReopeningParent/unregistered_base\n"}
{"Time":"2026-09-11T15:25:08.397911155-07:00","Action":"output","Package":"github.com/JDinSeattle/forge-runtime/tests/review","Test":"TestReviewWholeTaskRetryCreatesOneChildWithoutReopeningParent/unregistered_base","Output":"--- PASS: TestReviewWholeTaskRetryCreatesOneChildWithoutReopeningParent/unregistered_base (0.00s)\n"}
{"Time":"2026-09-11T15:25:08.39792188-07:00","Action":"pass","Package":"github.com/JDinSeattle/forge-runtime/tests/review","Test":"TestReviewWholeTaskRetryCreatesOneChildWithoutReopeningParent/unregistered_base","Elapsed":0}
{"Time":"2026-09-11T15:25:08.443811893-07:00","Action":"output","Package":"github.com/JDinSeattle/forge-runtime/tests/review","Test":"TestReviewWholeTaskRetryCreatesOneChildWithoutReopeningParent","Output":"--- PASS: TestReviewWholeTaskRetryCreatesOneChildWithoutReopeningParent (0.43s)\n"}
{"Time":"2026-09-11T15:25:08.443865229-07:00","Action":"pass","Package":"github.com/JDinSeattle/forge-runtime/tests/review","Test":"TestReviewWholeTaskRetryCreatesOneChildWithoutReopeningParent","Elapsed":0.43}
{"Time":"2026-09-11T15:25:08.443870295-07:00","Action":"run","Package":"github.com/JDinSeattle/forge-runtime/tests/review","Test":"TestReviewStoppedWorkspaceRejectsDelayedSameEpochAdoption"}
{"Time":"2026-09-11T15:25:08.443872033-07:00","Action":"output","Package":"github.com/JDinSeattle/forge-runtime/tests/review","Test":"TestReviewStoppedWorkspaceRejectsDelayedSameEpochAdoption","Output":"=== RUN   TestReviewStoppedWorkspaceRejectsDelayedSameEpochAdoption\n"}
{"Time":"2026-09-11T15:25:08.723015489-07:00","Action":"output","Package":"github.com/JDinSeattle/forge-runtime/internal/runner","Test":"TestPoolLeaseSurvivesCrashAndReusesOnlyAfterRelease","Output":"--- PASS: TestPoolLeaseSurvivesCrashAndReusesOnlyAfterRelease (0.58s)\n"}
{"Time":"2026-09-11T15:25:08.723058048-07:00","Action":"pass","Package":"github.com/JDinSeattle/forge-runtime/internal/runner","Test":"TestPoolLeaseSurvivesCrashAndReusesOnlyAfterRelease","Elapsed":0.58}
{"Time":"2026-09-11T15:25:08.723065804-07:00","Action":"run","Package":"github.com/JDinSeattle/forge-runtime/internal/runner","Test":"TestPoolUnknownOperationRetainsCapacity"}
{"Time":"2026-09-11T15:25:08.723068936-07:00","Action":"output","Package":"github.com/JDinSeattle/forge-runtime/internal/runner","Test":"TestPoolUnknownOperationRetainsCapacity","Output":"=== RUN   TestPoolUnknownOperationRetainsCapacity\n"}
{"Time":"2026-09-11T15:25:08.807401126-07:00","Action":"output","Package":"github.com/JDinSeattle/forge-runtime/tests/review","Test":"TestReviewStoppedWorkspaceRejectsDelayedSameEpochAdoption","Output":"--- PASS: TestReviewStoppedWorkspaceRejectsDelayedSameEpochAdoption (0.36s)\n"}
{"Time":"2026-09-11T15:25:08.807425051-07:00","Action":"pass","Package":"github.com/JDinSeattle/forge-runtime/tests/review","Test":"TestReviewStoppedWorkspaceRejectsDelayedSameEpochAdoption","Elapsed":0.36}
{"Time":"2026-09-11T15:25:08.80742969-07:00","Action":"run","Package":"github.com/JDinSeattle/forge-runtime/tests/review","Test":"TestReviewReleaseRechecksGrantAfterWaitingForWriter"}
{"Time":"2026-09-11T15:25:08.807431365-07:00","Action":"output","Package":"github.com/JDinSeattle/forge-runtime/tests/review","Test":"TestReviewReleaseRechecksGrantAfterWaitingForWriter","Output":"=== RUN   TestReviewReleaseRechecksGrantAfterWaitingForWriter\n"}
{"Time":"2026-09-11T15:25:09.238924164-07:00","Action":"output","Package":"github.com/JDinSeattle/forge-runtime/tests/review","Test":"TestReviewReleaseRechecksGrantAfterWaitingForWriter","Output":"--- PASS: TestReviewReleaseRechecksGrantAfterWaitingForWriter (0.43s)\n"}
{"Time":"2026-09-11T15:25:09.238954167-07:00","Action":"pass","Package":"github.com/JDinSeattle/forge-runtime/tests/review","Test":"TestReviewReleaseRechecksGrantAfterWaitingForWriter","Elapsed":0.43}
{"Time":"2026-09-11T15:25:09.238962329-07:00","Action":"run","Package":"github.com/JDinSeattle/forge-runtime/tests/review","Test":"TestReviewCancelPreservesAlreadyCompletedJobOutcome"}
{"Time":"2026-09-11T15:25:09.238970124-07:00","Action":"output","Package":"github.com/JDinSeattle/forge-runtime/tests/review","Test":"TestReviewCancelPreservesAlreadyCompletedJobOutcome","Output":"=== RUN   TestReviewCancelPreservesAlreadyCompletedJobOutcome\n"}
{"Time":"2026-09-11T15:25:09.265231315-07:00","Action":"output","Package":"github.com/JDinSeattle/forge-runtime/internal/runner","Test":"TestPoolUnknownOperationRetainsCapacity","Output":"--- PASS: TestPoolUnknownOperationRetainsCapacity (0.54s)\n"}
{"Time":"2026-09-11T15:25:09.26525907-07:00","Action":"pass","Package":"github.com/JDinSeattle/forge-runtime/internal/runner","Test":"TestPoolUnknownOperationRetainsCapacity","Elapsed":0.54}
{"Time":"2026-09-11T15:25:09.265271151-07:00","Action":"run","Package":"github.com/JDinSeattle/forge-runtime/internal/runner","Test":"TestOldReleaseAfterSlotReusePreservesNewWorkspace"}
{"Time":"2026-09-11T15:25:09.265274582-07:00","Action":"output","Package":"github.com/JDinSeattle/forge-runtime/internal/runner","Test":"TestOldReleaseAfterSlotReusePreservesNewWorkspace","Output":"=== RUN   TestOldReleaseAfterSlotReusePreservesNewWorkspace\n"}
{"Time":"2026-09-11T15:25:09.681714464-07:00","Action":"output","Package":"github.com/JDinSeattle/forge-runtime/tests/review","Test":"TestReviewCancelPreservesAlreadyCompletedJobOutcome","Output":"--- PASS: TestReviewCancelPreservesAlreadyCompletedJobOutcome (0.44s)\n"}
{"Time":"2026-09-11T15:25:09.681747651-07:00","Action":"pass","Package":"github.com/JDinSeattle/forge-runtime/tests/review","Test":"TestReviewCancelPreservesAlreadyCompletedJobOutcome","Elapsed":0.44}
{"Time":"2026-09-11T15:25:09.681757459-07:00","Action":"run","Package":"github.com/JDinSeattle/forge-runtime/tests/review","Test":"TestReviewDockerRejectsMissingOrUnverifiedWorkspaceQuota"}
{"Time":"2026-09-11T15:25:09.681767054-07:00","Action":"output","Package":"github.com/JDinSeattle/forge-runtime/tests/review","Test":"TestReviewDockerRejectsMissingOrUnverifiedWorkspaceQuota","Output":"=== RUN   TestReviewDockerRejectsMissingOrUnverifiedWorkspaceQuota\n"}
{"Time":"2026-09-11T15:25:09.68183406-07:00","Action":"run","Package":"github.com/JDinSeattle/forge-runtime/tests/review","Test":"TestReviewDockerRejectsMissingOrUnverifiedWorkspaceQuota/missing"}
{"Time":"2026-09-11T15:25:09.681839747-07:00","Action":"output","Package":"github.com/JDinSeattle/forge-runtime/tests/review","Test":"TestReviewDockerRejectsMissingOrUnverifiedWorkspaceQuota/missing","Output":"=== RUN   TestReviewDockerRejectsMissingOrUnverifiedWorkspaceQuota/missing\n"}
{"Time":"2026-09-11T15:25:09.682794954-07:00","Action":"output","Package":"github.com/JDinSeattle/forge-runtime/tests/review","Test":"TestReviewDockerRejectsMissingOrUnverifiedWorkspaceQuota/missing","Output":"--- PASS: TestReviewDockerRejectsMissingOrUnverifiedWorkspaceQuota/missing (0.00s)\n"}
{"Time":"2026-09-11T15:25:09.682802738-07:00","Action":"pass","Package":"github.com/JDinSeattle/forge-runtime/tests/review","Test":"TestReviewDockerRejectsMissingOrUnverifiedWorkspaceQuota/missing","Elapsed":0}
{"Time":"2026-09-11T15:25:09.682810208-07:00","Action":"run","Package":"github.com/JDinSeattle/forge-runtime/tests/review","Test":"TestReviewDockerRejectsMissingOrUnverifiedWorkspaceQuota/rejected"}
{"Time":"2026-09-11T15:25:09.682813251-07:00","Action":"output","Package":"github.com/JDinSeattle/forge-runtime/tests/review","Test":"TestReviewDockerRejectsMissingOrUnverifiedWorkspaceQuota/rejected","Output":"=== RUN   TestReviewDockerRejectsMissingOrUnverifiedWorkspaceQuota/rejected\n"}
{"Time":"2026-09-11T15:25:09.683429836-07:00","Action":"output","Package":"github.com/JDinSeattle/forge-runtime/tests/review","Test":"TestReviewDockerRejectsMissingOrUnverifiedWorkspaceQuota/rejected","Output":"--- PASS: TestReviewDockerRejectsMissingOrUnverifiedWorkspaceQuota/rejected (0.00s)\n"}
{"Time":"2026-09-11T15:25:09.68343592-07:00","Action":"pass","Package":"github.com/JDinSeattle/forge-runtime/tests/review","Test":"TestReviewDockerRejectsMissingOrUnverifiedWorkspaceQuota/rejected","Elapsed":0}
{"Time":"2026-09-11T15:25:09.683513795-07:00","Action":"output","Package":"github.com/JDinSeattle/forge-runtime/tests/review","Test":"TestReviewDockerRejectsMissingOrUnverifiedWorkspaceQuota","Output":"--- PASS: TestReviewDockerRejectsMissingOrUnverifiedWorkspaceQuota (0.00s)\n"}
{"Time":"2026-09-11T15:25:09.683519465-07:00","Action":"pass","Package":"github.com/JDinSeattle/forge-runtime/tests/review","Test":"TestReviewDockerRejectsMissingOrUnverifiedWorkspaceQuota","Elapsed":0}
{"Time":"2026-09-11T15:25:09.683530263-07:00","Action":"run","Package":"github.com/JDinSeattle/forge-runtime/tests/review","Test":"TestReviewEffectsAndApprovalsBindDurableParents"}
{"Time":"2026-09-11T15:25:09.683534393-07:00","Action":"output","Package":"github.com/JDinSeattle/forge-runtime/tests/review","Test":"TestReviewEffectsAndApprovalsBindDurableParents","Output":"=== RUN   TestReviewEffectsAndApprovalsBindDurableParents\n"}
{"Time":"2026-09-11T15:25:09.906736667-07:00","Action":"run","Package":"github.com/JDinSeattle/forge-runtime/tests/review","Test":"TestReviewEffectsAndApprovalsBindDurableParents/effect_requires_its_step"}
{"Time":"2026-09-11T15:25:09.906766926-07:00","Action":"output","Package":"github.com/JDinSeattle/forge-runtime/tests/review","Test":"TestReviewEffectsAndApprovalsBindDurableParents/effect_requires_its_step","Output":"=== RUN   TestReviewEffectsAndApprovalsBindDurableParents/effect_requires_its_step\n"}
{"Time":"2026-09-11T15:25:09.907406026-07:00","Action":"output","Package":"github.com/JDinSeattle/forge-runtime/tests/review","Test":"TestReviewEffectsAndApprovalsBindDurableParents/effect_requires_its_step","Output":"--- PASS: TestReviewEffectsAndApprovalsBindDurableParents/effect_requires_its_step (0.00s)\n"}
{"Time":"2026-09-11T15:25:09.90741944-07:00","Action":"pass","Package":"github.com/JDinSeattle/forge-runtime/tests/review","Test":"TestReviewEffectsAndApprovalsBindDurableParents/effect_requires_its_step","Elapsed":0}
{"Time":"2026-09-11T15:25:09.907440446-07:00","Action":"run","Package":"github.com/JDinSeattle/forge-runtime/tests/review","Test":"TestReviewEffectsAndApprovalsBindDurableParents/approval_binds_effect_and_run_together"}
{"Time":"2026-09-11T15:25:09.907444124-07:00","Action":"output","Package":"github.com/JDinSeattle/forge-runtime/tests/review","Test":"TestReviewEffectsAndApprovalsBindDurableParents/approval_binds_effect_and_run_together","Output":"=== RUN   TestReviewEffectsAndApprovalsBindDurableParents/approval_binds_effect_and_run_together\n"}
{"Time":"2026-09-11T15:25:09.908607106-07:00","Action":"output","Package":"github.com/JDinSeattle/forge-runtime/tests/review","Test":"TestReviewEffectsAndApprovalsBindDurableParents/approval_binds_effect_and_run_together","Output":"--- PASS: TestReviewEffectsAndApprovalsBindDurableParents/approval_binds_effect_and_run_together (0.00s)\n"}
{"Time":"2026-09-11T15:25:09.908625345-07:00","Action":"pass","Package":"github.com/JDinSeattle/forge-runtime/tests/review","Test":"TestReviewEffectsAndApprovalsBindDurableParents/approval_binds_effect_and_run_together","Elapsed":0}
{"Time":"2026-09-11T15:25:09.908646892-07:00","Action":"run","Package":"github.com/JDinSeattle/forge-runtime/tests/review","Test":"TestReviewEffectsAndApprovalsBindDurableParents/run_cannot_reference_another_tenant_project"}
{"Time":"2026-09-11T15:25:09.908650919-07:00","Action":"output","Package":"github.com/JDinSeattle/forge-runtime/tests/review","Test":"TestReviewEffectsAndApprovalsBindDurableParents/run_cannot_reference_another_tenant_project","Output":"=== RUN   TestReviewEffectsAndApprovalsBindDurableParents/run_cannot_reference_another_tenant_project\n"}
{"Time":"2026-09-11T15:25:09.90938277-07:00","Action":"output","Package":"github.com/JDinSeattle/forge-runtime/tests/review","Test":"TestReviewEffectsAndApprovalsBindDurableParents/run_cannot_reference_another_tenant_project","Output":"--- PASS: TestReviewEffectsAndApprovalsBindDurableParents/run_cannot_reference_another_tenant_project (0.00s)\n"}
{"Time":"2026-09-11T15:25:09.909408978-07:00","Action":"pass","Package":"github.com/JDinSeattle/forge-runtime/tests/review","Test":"TestReviewEffectsAndApprovalsBindDurableParents/run_cannot_reference_another_tenant_project","Elapsed":0}
{"Time":"2026-09-11T15:25:09.966496767-07:00","Action":"output","Package":"github.com/JDinSeattle/forge-runtime/internal/runner","Test":"TestOldReleaseAfterSlotReusePreservesNewWorkspace","Output":"--- PASS: TestOldReleaseAfterSlotReusePreservesNewWorkspace (0.70s)\n"}
{"Time":"2026-09-11T15:25:09.966519932-07:00","Action":"pass","Package":"github.com/JDinSeattle/forge-runtime/internal/runner","Test":"TestOldReleaseAfterSlotReusePreservesNewWorkspace","Elapsed":0.7}
{"Time":"2026-09-11T15:25:09.966524655-07:00","Action":"run","Package":"github.com/JDinSeattle/forge-runtime/internal/runner","Test":"FuzzToolPathsStayRelative"}
{"Time":"2026-09-11T15:25:09.966526331-07:00","Action":"output","Package":"github.com/JDinSeattle/forge-runtime/internal/runner","Test":"FuzzToolPathsStayRelative","Output":"=== RUN   FuzzToolPathsStayRelative\n"}
{"Time":"2026-09-11T15:25:09.966571491-07:00","Action":"run","Package":"github.com/JDinSeattle/forge-runtime/internal/runner","Test":"FuzzToolPathsStayRelative/seed#0"}
{"Time":"2026-09-11T15:25:09.966573563-07:00","Action":"output","Package":"github.com/JDinSeattle/forge-runtime/internal/runner","Test":"FuzzToolPathsStayRelative/seed#0","Output":"=== RUN   FuzzToolPathsStayRelative/seed#0\n"}
{"Time":"2026-09-11T15:25:09.96661341-07:00","Action":"output","Package":"github.com/JDinSeattle/forge-runtime/internal/runner","Test":"FuzzToolPathsStayRelative/seed#0","Output":"--- PASS: FuzzToolPathsStayRelative/seed#0 (0.00s)\n"}
{"Time":"2026-09-11T15:25:09.966621269-07:00","Action":"pass","Package":"github.com/JDinSeattle/forge-runtime/internal/runner","Test":"FuzzToolPathsStayRelative/seed#0","Elapsed":0}
{"Time":"2026-09-11T15:25:09.966631714-07:00","Action":"run","Package":"github.com/JDinSeattle/forge-runtime/internal/runner","Test":"FuzzToolPathsStayRelative/seed#1"}
{"Time":"2026-09-11T15:25:09.966639445-07:00","Action":"output","Package":"github.com/JDinSeattle/forge-runtime/internal/runner","Test":"FuzzToolPathsStayRelative/seed#1","Output":"=== RUN   FuzzToolPathsStayRelative/seed#1\n"}
{"Time":"2026-09-11T15:25:09.966649077-07:00","Action":"output","Package":"github.com/JDinSeattle/forge-runtime/internal/runner","Test":"FuzzToolPathsStayRelative/seed#1","Output":"--- PASS: FuzzToolPathsStayRelative/seed#1 (0.00s)\n"}
{"Time":"2026-09-11T15:25:09.966655789-07:00","Action":"pass","Package":"github.com/JDinSeattle/forge-runtime/internal/runner","Test":"FuzzToolPathsStayRelative/seed#1","Elapsed":0}
{"Time":"2026-09-11T15:25:09.966665002-07:00","Action":"run","Package":"github.com/JDinSeattle/forge-runtime/internal/runner","Test":"FuzzToolPathsStayRelative/seed#2"}
{"Time":"2026-09-11T15:25:09.966666568-07:00","Action":"output","Package":"github.com/JDinSeattle/forge-runtime/internal/runner","Test":"FuzzToolPathsStayRelative/seed#2","Output":"=== RUN   FuzzToolPathsStayRelative/seed#2\n"}
{"Time":"2026-09-11T15:25:09.966684097-07:00","Action":"output","Package":"github.com/JDinSeattle/forge-runtime/internal/runner","Test":"FuzzToolPathsStayRelative/seed#2","Output":"--- PASS: FuzzToolPathsStayRelative/seed#2 (0.00s)\n"}
{"Time":"2026-09-11T15:25:09.966686802-07:00","Action":"pass","Package":"github.com/JDinSeattle/forge-runtime/internal/runner","Test":"FuzzToolPathsStayRelative/seed#2","Elapsed":0}
{"Time":"2026-09-11T15:25:09.966696593-07:00","Action":"run","Package":"github.com/JDinSeattle/forge-runtime/internal/runner","Test":"FuzzToolPathsStayRelative/seed#3"}
{"Time":"2026-09-11T15:25:09.966698393-07:00","Action":"output","Package":"github.com/JDinSeattle/forge-runtime/internal/runner","Test":"FuzzToolPathsStayRelative/seed#3","Output":"=== RUN   FuzzToolPathsStayRelative/seed#3\n"}
{"Time":"2026-09-11T15:25:09.966712783-07:00","Action":"output","Package":"github.com/JDinSeattle/forge-runtime/internal/runner","Test":"FuzzToolPathsStayRelative/seed#3","Output":"--- PASS: FuzzToolPathsStayRelative/seed#3 (0.00s)\n"}
{"Time":"2026-09-11T15:25:09.966716869-07:00","Action":"pass","Package":"github.com/JDinSeattle/forge-runtime/internal/runner","Test":"FuzzToolPathsStayRelative/seed#3","Elapsed":0}
{"Time":"2026-09-11T15:25:09.966727027-07:00","Action":"run","Package":"github.com/JDinSeattle/forge-runtime/internal/runner","Test":"FuzzToolPathsStayRelative/seed#4"}
{"Time":"2026-09-11T15:25:09.966728718-07:00","Action":"output","Package":"github.com/JDinSeattle/forge-runtime/internal/runner","Test":"FuzzToolPathsStayRelative/seed#4","Output":"=== RUN   FuzzToolPathsStayRelative/seed#4\n"}
{"Time":"2026-09-11T15:25:09.96674138-07:00","Action":"output","Package":"github.com/JDinSeattle/forge-runtime/internal/runner","Test":"FuzzToolPathsStayRelative/seed#4","Output":"--- PASS: FuzzToolPathsStayRelative/seed#4 (0.00s)\n"}
{"Time":"2026-09-11T15:25:09.966745176-07:00","Action":"pass","Package":"github.com/JDinSeattle/forge-runtime/internal/runner","Test":"FuzzToolPathsStayRelative/seed#4","Elapsed":0}
{"Time":"2026-09-11T15:25:09.966754245-07:00","Action":"run","Package":"github.com/JDinSeattle/forge-runtime/internal/runner","Test":"FuzzToolPathsStayRelative/seed#5"}
{"Time":"2026-09-11T15:25:09.966756014-07:00","Action":"output","Package":"github.com/JDinSeattle/forge-runtime/internal/runner","Test":"FuzzToolPathsStayRelative/seed#5","Output":"=== RUN   FuzzToolPathsStayRelative/seed#5\n"}
{"Time":"2026-09-11T15:25:09.966768702-07:00","Action":"output","Package":"github.com/JDinSeattle/forge-runtime/internal/runner","Test":"FuzzToolPathsStayRelative/seed#5","Output":"--- PASS: FuzzToolPathsStayRelative/seed#5 (0.00s)\n"}
{"Time":"2026-09-11T15:25:09.966774867-07:00","Action":"pass","Package":"github.com/JDinSeattle/forge-runtime/internal/runner","Test":"FuzzToolPathsStayRelative/seed#5","Elapsed":0}
{"Time":"2026-09-11T15:25:09.966783229-07:00","Action":"run","Package":"github.com/JDinSeattle/forge-runtime/internal/runner","Test":"FuzzToolPathsStayRelative/seed#6"}
{"Time":"2026-09-11T15:25:09.966784934-07:00","Action":"output","Package":"github.com/JDinSeattle/forge-runtime/internal/runner","Test":"FuzzToolPathsStayRelative/seed#6","Output":"=== RUN   FuzzToolPathsStayRelative/seed#6\n"}
{"Time":"2026-09-11T15:25:09.966796656-07:00","Action":"output","Package":"github.com/JDinSeattle/forge-runtime/internal/runner","Test":"FuzzToolPathsStayRelative/seed#6","Output":"--- PASS: FuzzToolPathsStayRelative/seed#6 (0.00s)\n"}
{"Time":"2026-09-11T15:25:09.96680027-07:00","Action":"pass","Package":"github.com/JDinSeattle/forge-runtime/internal/runner","Test":"FuzzToolPathsStayRelative/seed#6","Elapsed":0}
{"Time":"2026-09-11T15:25:09.966817398-07:00","Action":"output","Package":"github.com/JDinSeattle/forge-runtime/internal/runner","Test":"FuzzToolPathsStayRelative","Output":"--- PASS: FuzzToolPathsStayRelative (0.00s)\n"}
{"Time":"2026-09-11T15:25:09.966821449-07:00","Action":"pass","Package":"github.com/JDinSeattle/forge-runtime/internal/runner","Test":"FuzzToolPathsStayRelative","Elapsed":0}
{"Time":"2026-09-11T15:25:09.966826732-07:00","Action":"output","Package":"github.com/JDinSeattle/forge-runtime/internal/runner","Output":"PASS\n"}
{"Time":"2026-09-11T15:25:09.977944021-07:00","Action":"output","Package":"github.com/JDinSeattle/forge-runtime/tests/review","Test":"TestReviewEffectsAndApprovalsBindDurableParents","Output":"--- PASS: TestReviewEffectsAndApprovalsBindDurableParents (0.29s)\n"}
{"Time":"2026-09-11T15:25:09.977967134-07:00","Action":"pass","Package":"github.com/JDinSeattle/forge-runtime/tests/review","Test":"TestReviewEffectsAndApprovalsBindDurableParents","Elapsed":0.29}
{"Time":"2026-09-11T15:25:09.977973535-07:00","Action":"run","Package":"github.com/JDinSeattle/forge-runtime/tests/review","Test":"TestReviewRLSUsesActualNonOwnerRoleAndLocalContext"}
{"Time":"2026-09-11T15:25:09.977976768-07:00","Action":"output","Package":"github.com/JDinSeattle/forge-runtime/tests/review","Test":"TestReviewRLSUsesActualNonOwnerRoleAndLocalContext","Output":"=== RUN   TestReviewRLSUsesActualNonOwnerRoleAndLocalContext\n"}
{"Time":"2026-09-11T15:25:10.270975544-07:00","Action":"output","Package":"github.com/JDinSeattle/forge-runtime/tests/review","Test":"TestReviewRLSUsesActualNonOwnerRoleAndLocalContext","Output":"--- PASS: TestReviewRLSUsesActualNonOwnerRoleAndLocalContext (0.29s)\n"}
{"Time":"2026-09-11T15:25:10.271013022-07:00","Action":"pass","Package":"github.com/JDinSeattle/forge-runtime/tests/review","Test":"TestReviewRLSUsesActualNonOwnerRoleAndLocalContext","Elapsed":0.29}
{"Time":"2026-09-11T15:25:10.27102329-07:00","Action":"run","Package":"github.com/JDinSeattle/forge-runtime/tests/review","Test":"TestReviewUnsupportedSnapshotDoesNotStarveHealthyRuns"}
{"Time":"2026-09-11T15:25:10.271029125-07:00","Action":"output","Package":"github.com/JDinSeattle/forge-runtime/tests/review","Test":"TestReviewUnsupportedSnapshotDoesNotStarveHealthyRuns","Output":"=== RUN   TestReviewUnsupportedSnapshotDoesNotStarveHealthyRuns\n"}
{"Time":"2026-09-11T15:25:10.655049093-07:00","Action":"output","Package":"github.com/JDinSeattle/forge-runtime/tests/review","Test":"TestReviewUnsupportedSnapshotDoesNotStarveHealthyRuns","Output":"    snapshot_compatibility_test.go:117: claim 0 run=run_JSFEW3LEFK4A7KLI6AYSSTEHG7 err=\u003cnil\u003e\n"}
{"Time":"2026-09-11T15:25:10.661520314-07:00","Action":"output","Package":"github.com/JDinSeattle/forge-runtime/tests/review","Test":"TestReviewUnsupportedSnapshotDoesNotStarveHealthyRuns","Output":"    snapshot_compatibility_test.go:117: claim 1 run=run_5A3X6ZISEMBYOLH2DO7YG24YZC err=snapshot_migration_required: stored schema 2; binary supports 1; execution is paused: use forge-admin snapshot-inspect and docs/snapshot-compatibility-evidence.md\n"}
{"Time":"2026-09-11T15:25:10.674035366-07:00","Action":"output","Package":"github.com/JDinSeattle/forge-runtime/tests/review","Test":"TestReviewUnsupportedSnapshotDoesNotStarveHealthyRuns","Output":"    snapshot_compatibility_test.go:117: claim 2 run=run_VERHCUEAML7OKDCXWYEKFEXTZ7 err=\u003cnil\u003e\n"}
{"Time":"2026-09-11T15:25:10.675274403-07:00","Action":"output","Package":"github.com/JDinSeattle/forge-runtime/tests/review","Test":"TestReviewUnsupportedSnapshotDoesNotStarveHealthyRuns","Output":"    snapshot_compatibility_test.go:117: claim 3 run= err=not_found\n"}
{"Time":"2026-09-11T15:25:10.676329711-07:00","Action":"output","Package":"github.com/JDinSeattle/forge-runtime/tests/review","Test":"TestReviewUnsupportedSnapshotDoesNotStarveHealthyRuns","Output":"    snapshot_compatibility_test.go:117: claim 4 run= err=not_found\n"}
{"Time":"2026-09-11T15:25:10.776876345-07:00","Action":"output","Package":"github.com/JDinSeattle/forge-runtime/tests/review","Test":"TestReviewUnsupportedSnapshotDoesNotStarveHealthyRuns","Output":"--- PASS: TestReviewUnsupportedSnapshotDoesNotStarveHealthyRuns (0.51s)\n"}
{"Time":"2026-09-11T15:25:10.776909097-07:00","Action":"pass","Package":"github.com/JDinSeattle/forge-runtime/tests/review","Test":"TestReviewUnsupportedSnapshotDoesNotStarveHealthyRuns","Elapsed":0.51}
{"Time":"2026-09-11T15:25:10.776917367-07:00","Action":"run","Package":"github.com/JDinSeattle/forge-runtime/tests/review","Test":"TestReviewUnsupportedSnapshotAmbiguousMembersFenceAndHold"}
{"Time":"2026-09-11T15:25:10.776920626-07:00","Action":"output","Package":"github.com/JDinSeattle/forge-runtime/tests/review","Test":"TestReviewUnsupportedSnapshotAmbiguousMembersFenceAndHold","Output":"=== RUN   TestReviewUnsupportedSnapshotAmbiguousMembersFenceAndHold\n"}
{"Time":"2026-09-11T15:25:10.776959097-07:00","Action":"run","Package":"github.com/JDinSeattle/forge-runtime/tests/review","Test":"TestReviewUnsupportedSnapshotAmbiguousMembersFenceAndHold/lower-then-upper"}
{"Time":"2026-09-11T15:25:10.776962951-07:00","Action":"output","Package":"github.com/JDinSeattle/forge-runtime/tests/review","Test":"TestReviewUnsupportedSnapshotAmbiguousMembersFenceAndHold/lower-then-upper","Output":"=== RUN   TestReviewUnsupportedSnapshotAmbiguousMembersFenceAndHold/lower-then-upper\n"}
{"Time":"2026-09-11T15:25:10.971137918-07:00","Action":"output","Package":"github.com/JDinSeattle/forge-runtime/internal/runner","Output":"ok  \tgithub.com/JDinSeattle/forge-runtime/internal/runner\t16.810s\n"}
{"Time":"2026-09-11T15:25:10.971188699-07:00","Action":"pass","Package":"github.com/JDinSeattle/forge-runtime/internal/runner","Elapsed":16.81}
{"Time":"2026-09-11T15:25:12.220236773-07:00","Action":"output","Package":"github.com/JDinSeattle/forge-runtime/tests/review","Test":"TestReviewUnsupportedSnapshotAmbiguousMembersFenceAndHold/lower-then-upper","Output":"--- PASS: TestReviewUnsupportedSnapshotAmbiguousMembersFenceAndHold/lower-then-upper (1.44s)\n"}
{"Time":"2026-09-11T15:25:12.220268474-07:00","Action":"pass","Package":"github.com/JDinSeattle/forge-runtime/tests/review","Test":"TestReviewUnsupportedSnapshotAmbiguousMembersFenceAndHold/lower-then-upper","Elapsed":1.44}
{"Time":"2026-09-11T15:25:12.220275548-07:00","Action":"run","Package":"github.com/JDinSeattle/forge-runtime/tests/review","Test":"TestReviewUnsupportedSnapshotAmbiguousMembersFenceAndHold/upper-then-lower"}
{"Time":"2026-09-11T15:25:12.220278914-07:00","Action":"output","Package":"github.com/JDinSeattle/forge-runtime/tests/review","Test":"TestReviewUnsupportedSnapshotAmbiguousMembersFenceAndHold/upper-then-lower","Output":"=== RUN   TestReviewUnsupportedSnapshotAmbiguousMembersFenceAndHold/upper-then-lower\n"}
{"Time":"2026-09-11T15:25:13.397570585-07:00","Action":"output","Package":"github.com/JDinSeattle/forge-runtime/internal/application","Test":"TestExternalModelAndRunnerWaitsHoldNoSQLTransaction/runner","Output":"--- PASS: TestExternalModelAndRunnerWaitsHoldNoSQLTransaction/runner (6.11s)\n"}
{"Time":"2026-09-11T15:25:13.397606376-07:00","Action":"pass","Package":"github.com/JDinSeattle/forge-runtime/internal/application","Test":"TestExternalModelAndRunnerWaitsHoldNoSQLTransaction/runner","Elapsed":6.11}
{"Time":"2026-09-11T15:25:13.397644087-07:00","Action":"output","Package":"github.com/JDinSeattle/forge-runtime/internal/application","Test":"TestExternalModelAndRunnerWaitsHoldNoSQLTransaction","Output":"--- PASS: TestExternalModelAndRunnerWaitsHoldNoSQLTransaction (12.51s)\n"}
{"Time":"2026-09-11T15:25:13.397663727-07:00","Action":"pass","Package":"github.com/JDinSeattle/forge-runtime/internal/application","Test":"TestExternalModelAndRunnerWaitsHoldNoSQLTransaction","Elapsed":12.51}
{"Time":"2026-09-11T15:25:13.397675582-07:00","Action":"run","Package":"github.com/JDinSeattle/forge-runtime/internal/application","Test":"TestDurableRepairLoop"}
{"Time":"2026-09-11T15:25:13.397679164-07:00","Action":"output","Package":"github.com/JDinSeattle/forge-runtime/internal/application","Test":"TestDurableRepairLoop","Output":"=== RUN   TestDurableRepairLoop\n"}
{"Time":"2026-09-11T15:25:13.533611271-07:00","Action":"output","Package":"github.com/JDinSeattle/forge-runtime/tests/review","Test":"TestReviewUnsupportedSnapshotAmbiguousMembersFenceAndHold/upper-then-lower","Output":"--- PASS: TestReviewUnsupportedSnapshotAmbiguousMembersFenceAndHold/upper-then-lower (1.31s)\n"}
{"Time":"2026-09-11T15:25:13.533634842-07:00","Action":"pass","Package":"github.com/JDinSeattle/forge-runtime/tests/review","Test":"TestReviewUnsupportedSnapshotAmbiguousMembersFenceAndHold/upper-then-lower","Elapsed":1.31}
{"Time":"2026-09-11T15:25:13.533639509-07:00","Action":"run","Package":"github.com/JDinSeattle/forge-runtime/tests/review","Test":"TestReviewUnsupportedSnapshotAmbiguousMembersFenceAndHold/duplicate-two-one"}
{"Time":"2026-09-11T15:25:13.533648909-07:00","Action":"output","Package":"github.com/JDinSeattle/forge-runtime/tests/review","Test":"TestReviewUnsupportedSnapshotAmbiguousMembersFenceAndHold/duplicate-two-one","Output":"=== RUN   TestReviewUnsupportedSnapshotAmbiguousMembersFenceAndHold/duplicate-two-one\n"}
{"Time":"2026-09-11T15:25:14.871354793-07:00","Action":"output","Package":"github.com/JDinSeattle/forge-runtime/tests/review","Test":"TestReviewUnsupportedSnapshotAmbiguousMembersFenceAndHold/duplicate-two-one","Output":"--- PASS: TestReviewUnsupportedSnapshotAmbiguousMembersFenceAndHold/duplicate-two-one (1.34s)\n"}
{"Time":"2026-09-11T15:25:14.871392853-07:00","Action":"pass","Package":"github.com/JDinSeattle/forge-runtime/tests/review","Test":"TestReviewUnsupportedSnapshotAmbiguousMembersFenceAndHold/duplicate-two-one","Elapsed":1.34}
{"Time":"2026-09-11T15:25:14.871413498-07:00","Action":"run","Package":"github.com/JDinSeattle/forge-runtime/tests/review","Test":"TestReviewUnsupportedSnapshotAmbiguousMembersFenceAndHold/duplicate-one-one"}
{"Time":"2026-09-11T15:25:14.871418079-07:00","Action":"output","Package":"github.com/JDinSeattle/forge-runtime/tests/review","Test":"TestReviewUnsupportedSnapshotAmbiguousMembersFenceAndHold/duplicate-one-one","Output":"=== RUN   TestReviewUnsupportedSnapshotAmbiguousMembersFenceAndHold/duplicate-one-one\n"}
{"Time":"2026-09-11T15:25:15.190525421-07:00","Action":"output","Package":"github.com/JDinSeattle/forge-runtime/internal/application","Test":"TestDurableRepairLoop","Output":"--- PASS: TestDurableRepairLoop (1.79s)\n"}
{"Time":"2026-09-11T15:25:15.190550547-07:00","Action":"pass","Package":"github.com/JDinSeattle/forge-runtime/internal/application","Test":"TestDurableRepairLoop","Elapsed":1.79}
{"Time":"2026-09-11T15:25:15.190555236-07:00","Action":"run","Package":"github.com/JDinSeattle/forge-runtime/internal/application","Test":"TestCompletedModelReusedAfterWorkerCrash"}
{"Time":"2026-09-11T15:25:15.190556574-07:00","Action":"output","Package":"github.com/JDinSeattle/forge-runtime/internal/application","Test":"TestCompletedModelReusedAfterWorkerCrash","Output":"=== RUN   TestCompletedModelReusedAfterWorkerCrash\n"}
{"Time":"2026-09-11T15:25:16.210308093-07:00","Action":"output","Package":"github.com/JDinSeattle/forge-runtime/tests/review","Test":"TestReviewUnsupportedSnapshotAmbiguousMembersFenceAndHold/duplicate-one-one","Output":"--- PASS: TestReviewUnsupportedSnapshotAmbiguousMembersFenceAndHold/duplicate-one-one (1.34s)\n"}
{"Time":"2026-09-11T15:25:16.210340402-07:00","Action":"pass","Package":"github.com/JDinSeattle/forge-runtime/tests/review","Test":"TestReviewUnsupportedSnapshotAmbiguousMembersFenceAndHold/duplicate-one-one","Elapsed":1.34}
{"Time":"2026-09-11T15:25:16.210345113-07:00","Action":"run","Package":"github.com/JDinSeattle/forge-runtime/tests/review","Test":"TestReviewUnsupportedSnapshotAmbiguousMembersFenceAndHold/unicode-long-s"}
{"Time":"2026-09-11T15:25:16.210346579-07:00","Action":"output","Package":"github.com/JDinSeattle/forge-runtime/tests/review","Test":"TestReviewUnsupportedSnapshotAmbiguousMembersFenceAndHold/unicode-long-s","Output":"=== RUN   TestReviewUnsupportedSnapshotAmbiguousMembersFenceAndHold/unicode-long-s\n"}
{"Time":"2026-09-11T15:25:17.019732302-07:00","Action":"output","Package":"github.com/JDinSeattle/forge-runtime/internal/application","Test":"TestCompletedModelReusedAfterWorkerCrash","Output":"--- PASS: TestCompletedModelReusedAfterWorkerCrash (1.83s)\n"}
{"Time":"2026-09-11T15:25:17.019795407-07:00","Action":"pass","Package":"github.com/JDinSeattle/forge-runtime/internal/application","Test":"TestCompletedModelReusedAfterWorkerCrash","Elapsed":1.83}
{"Time":"2026-09-11T15:25:17.019817552-07:00","Action":"run","Package":"github.com/JDinSeattle/forge-runtime/internal/application","Test":"TestUnifiedPatchActuallyAppliesWithGit"}
{"Time":"2026-09-11T15:25:17.019827427-07:00","Action":"output","Package":"github.com/JDinSeattle/forge-runtime/internal/application","Test":"TestUnifiedPatchActuallyAppliesWithGit","Output":"=== RUN   TestUnifiedPatchActuallyAppliesWithGit\n"}
{"Time":"2026-09-11T15:25:17.027067081-07:00","Action":"output","Package":"github.com/JDinSeattle/forge-runtime/internal/application","Test":"TestUnifiedPatchActuallyAppliesWithGit","Output":"--- PASS: TestUnifiedPatchActuallyAppliesWithGit (0.01s)\n"}
{"Time":"2026-09-11T15:25:17.027093047-07:00","Action":"pass","Package":"github.com/JDinSeattle/forge-runtime/internal/application","Test":"TestUnifiedPatchActuallyAppliesWithGit","Elapsed":0.01}
{"Time":"2026-09-11T15:25:17.027099029-07:00","Action":"run","Package":"github.com/JDinSeattle/forge-runtime/internal/application","Test":"TestAttemptPricingSurvivesCrashAndConfigChange"}
{"Time":"2026-09-11T15:25:17.027102338-07:00","Action":"output","Package":"github.com/JDinSeattle/forge-runtime/internal/application","Test":"TestAttemptPricingSurvivesCrashAndConfigChange","Output":"=== RUN   TestAttemptPricingSurvivesCrashAndConfigChange\n"}
{"Time":"2026-09-11T15:25:17.027109798-07:00","Action":"run","Package":"github.com/JDinSeattle/forge-runtime/internal/application","Test":"TestAttemptPricingSurvivesCrashAndConfigChange/after_model_pricing_before_reservation"}
{"Time":"2026-09-11T15:25:17.027114145-07:00","Action":"output","Package":"github.com/JDinSeattle/forge-runtime/internal/application","Test":"TestAttemptPricingSurvivesCrashAndConfigChange/after_model_pricing_before_reservation","Output":"=== RUN   TestAttemptPricingSurvivesCrashAndConfigChange/after_model_pricing_before_reservation\n"}
{"Time":"2026-09-11T15:25:17.631008265-07:00","Action":"output","Package":"github.com/JDinSeattle/forge-runtime/tests/review","Test":"TestReviewUnsupportedSnapshotAmbiguousMembersFenceAndHold/unicode-long-s","Output":"--- PASS: TestReviewUnsupportedSnapshotAmbiguousMembersFenceAndHold/unicode-long-s (1.42s)\n"}
{"Time":"2026-09-11T15:25:17.631042661-07:00","Action":"pass","Package":"github.com/JDinSeattle/forge-runtime/tests/review","Test":"TestReviewUnsupportedSnapshotAmbiguousMembersFenceAndHold/unicode-long-s","Elapsed":1.42}
{"Time":"2026-09-11T15:25:17.631050465-07:00","Action":"run","Package":"github.com/JDinSeattle/forge-runtime/tests/review","Test":"TestReviewUnsupportedSnapshotAmbiguousMembersFenceAndHold/escaped-long-s"}
{"Time":"2026-09-11T15:25:17.631053666-07:00","Action":"output","Package":"github.com/JDinSeattle/forge-runtime/tests/review","Test":"TestReviewUnsupportedSnapshotAmbiguousMembersFenceAndHold/escaped-long-s","Output":"=== RUN   TestReviewUnsupportedSnapshotAmbiguousMembersFenceAndHold/escaped-long-s\n"}
{"Time":"2026-09-11T15:25:17.780889378-07:00","Action":"output","Package":"github.com/JDinSeattle/forge-runtime/internal/application","Test":"TestAttemptPricingSurvivesCrashAndConfigChange/after_model_pricing_before_reservation","Output":"--- PASS: TestAttemptPricingSurvivesCrashAndConfigChange/after_model_pricing_before_reservation (0.75s)\n"}
{"Time":"2026-09-11T15:25:17.780924895-07:00","Action":"pass","Package":"github.com/JDinSeattle/forge-runtime/internal/application","Test":"TestAttemptPricingSurvivesCrashAndConfigChange/after_model_pricing_before_reservation","Elapsed":0.75}
{"Time":"2026-09-11T15:25:17.780932927-07:00","Action":"run","Package":"github.com/JDinSeattle/forge-runtime/internal/application","Test":"TestAttemptPricingSurvivesCrashAndConfigChange/after_model_result_before_transition"}
{"Time":"2026-09-11T15:25:17.780936689-07:00","Action":"output","Package":"github.com/JDinSeattle/forge-runtime/internal/application","Test":"TestAttemptPricingSurvivesCrashAndConfigChange/after_model_result_before_transition","Output":"=== RUN   TestAttemptPricingSurvivesCrashAndConfigChange/after_model_result_before_transition\n"}
{"Time":"2026-09-11T15:25:18.619239802-07:00","Action":"output","Package":"github.com/JDinSeattle/forge-runtime/internal/application","Test":"TestAttemptPricingSurvivesCrashAndConfigChange/after_model_result_before_transition","Output":"--- PASS: TestAttemptPricingSurvivesCrashAndConfigChange/after_model_result_before_transition (0.84s)\n"}
{"Time":"2026-09-11T15:25:18.619273581-07:00","Action":"pass","Package":"github.com/JDinSeattle/forge-runtime/internal/application","Test":"TestAttemptPricingSurvivesCrashAndConfigChange/after_model_result_before_transition","Elapsed":0.84}
{"Time":"2026-09-11T15:25:18.619295298-07:00","Action":"run","Package":"github.com/JDinSeattle/forge-runtime/internal/application","Test":"TestAttemptPricingSurvivesCrashAndConfigChange/after_model_settlement_before_transition"}
{"Time":"2026-09-11T15:25:18.619299173-07:00","Action":"output","Package":"github.com/JDinSeattle/forge-runtime/internal/application","Test":"TestAttemptPricingSurvivesCrashAndConfigChange/after_model_settlement_before_transition","Output":"=== RUN   TestAttemptPricingSurvivesCrashAndConfigChange/after_model_settlement_before_transition\n"}
{"Time":"2026-09-11T15:25:19.005813861-07:00","Action":"output","Package":"github.com/JDinSeattle/forge-runtime/tests/review","Test":"TestReviewUnsupportedSnapshotAmbiguousMembersFenceAndHold/escaped-long-s","Output":"--- PASS: TestReviewUnsupportedSnapshotAmbiguousMembersFenceAndHold/escaped-long-s (1.37s)\n"}
{"Time":"2026-09-11T15:25:19.005863563-07:00","Action":"pass","Package":"github.com/JDinSeattle/forge-runtime/tests/review","Test":"TestReviewUnsupportedSnapshotAmbiguousMembersFenceAndHold/escaped-long-s","Elapsed":1.37}
{"Time":"2026-09-11T15:25:19.00587208-07:00","Action":"output","Package":"github.com/JDinSeattle/forge-runtime/tests/review","Test":"TestReviewUnsupportedSnapshotAmbiguousMembersFenceAndHold","Output":"--- PASS: TestReviewUnsupportedSnapshotAmbiguousMembersFenceAndHold (8.23s)\n"}
{"Time":"2026-09-11T15:25:19.005876647-07:00","Action":"pass","Package":"github.com/JDinSeattle/forge-runtime/tests/review","Test":"TestReviewUnsupportedSnapshotAmbiguousMembersFenceAndHold","Elapsed":8.23}
{"Time":"2026-09-11T15:25:19.005881304-07:00","Action":"run","Package":"github.com/JDinSeattle/forge-runtime/tests/review","Test":"TestReviewUnsupportedSnapshotOperatorCLI"}
{"Time":"2026-09-11T15:25:19.005884199-07:00","Action":"output","Package":"github.com/JDinSeattle/forge-runtime/tests/review","Test":"TestReviewUnsupportedSnapshotOperatorCLI","Output":"=== RUN   TestReviewUnsupportedSnapshotOperatorCLI\n"}
{"Time":"2026-09-11T15:25:19.393864496-07:00","Action":"output","Package":"github.com/JDinSeattle/forge-runtime/tests/review","Test":"TestReviewUnsupportedSnapshotOperatorCLI","Output":"--- PASS: TestReviewUnsupportedSnapshotOperatorCLI (0.39s)\n"}
{"Time":"2026-09-11T15:25:19.393898034-07:00","Action":"pass","Package":"github.com/JDinSeattle/forge-runtime/tests/review","Test":"TestReviewUnsupportedSnapshotOperatorCLI","Elapsed":0.39}
{"Time":"2026-09-11T15:25:19.393907883-07:00","Action":"run","Package":"github.com/JDinSeattle/forge-runtime/tests/review","Test":"TestReviewUnsupportedSnapshotPreservesUnknownLedgerAndAuthority"}
{"Time":"2026-09-11T15:25:19.39391117-07:00","Action":"output","Package":"github.com/JDinSeattle/forge-runtime/tests/review","Test":"TestReviewUnsupportedSnapshotPreservesUnknownLedgerAndAuthority","Output":"=== RUN   TestReviewUnsupportedSnapshotPreservesUnknownLedgerAndAuthority\n"}
{"Time":"2026-09-11T15:25:19.429126605-07:00","Action":"output","Package":"github.com/JDinSeattle/forge-runtime/internal/application","Test":"TestAttemptPricingSurvivesCrashAndConfigChange/after_model_settlement_before_transition","Output":"--- PASS: TestAttemptPricingSurvivesCrashAndConfigChange/after_model_settlement_before_transition (0.81s)\n"}
{"Time":"2026-09-11T15:25:19.429168045-07:00","Action":"pass","Package":"github.com/JDinSeattle/forge-runtime/internal/application","Test":"TestAttemptPricingSurvivesCrashAndConfigChange/after_model_settlement_before_transition","Elapsed":0.81}
{"Time":"2026-09-11T15:25:19.429178518-07:00","Action":"output","Package":"github.com/JDinSeattle/forge-runtime/internal/application","Test":"TestAttemptPricingSurvivesCrashAndConfigChange","Output":"--- PASS: TestAttemptPricingSurvivesCrashAndConfigChange (2.40s)\n"}
{"Time":"2026-09-11T15:25:19.429192364-07:00","Action":"pass","Package":"github.com/JDinSeattle/forge-runtime/internal/application","Test":"TestAttemptPricingSurvivesCrashAndConfigChange","Elapsed":2.4}
{"Time":"2026-09-11T15:25:19.429225777-07:00","Action":"run","Package":"github.com/JDinSeattle/forge-runtime/internal/application","Test":"TestModelRetryDecisionSurvivesRecovery"}
{"Time":"2026-09-11T15:25:19.429237055-07:00","Action":"output","Package":"github.com/JDinSeattle/forge-runtime/internal/application","Test":"TestModelRetryDecisionSurvivesRecovery","Output":"=== RUN   TestModelRetryDecisionSurvivesRecovery\n"}
{"Time":"2026-09-11T15:25:20.266994336-07:00","Action":"output","Package":"github.com/JDinSeattle/forge-runtime/internal/application","Test":"TestModelRetryDecisionSurvivesRecovery","Output":"--- PASS: TestModelRetryDecisionSurvivesRecovery (0.84s)\n"}
{"Time":"2026-09-11T15:25:20.267025058-07:00","Action":"pass","Package":"github.com/JDinSeattle/forge-runtime/internal/application","Test":"TestModelRetryDecisionSurvivesRecovery","Elapsed":0.84}
{"Time":"2026-09-11T15:25:20.267034557-07:00","Action":"run","Package":"github.com/JDinSeattle/forge-runtime/internal/application","Test":"TestPermanentModelFailureDoesNotRetryOrTripCircuit"}
{"Time":"2026-09-11T15:25:20.267037905-07:00","Action":"output","Package":"github.com/JDinSeattle/forge-runtime/internal/application","Test":"TestPermanentModelFailureDoesNotRetryOrTripCircuit","Output":"=== RUN   TestPermanentModelFailureDoesNotRetryOrTripCircuit\n"}
{"Time":"2026-09-11T15:25:21.04441319-07:00","Action":"output","Package":"github.com/JDinSeattle/forge-runtime/internal/application","Test":"TestPermanentModelFailureDoesNotRetryOrTripCircuit","Output":"--- PASS: TestPermanentModelFailureDoesNotRetryOrTripCircuit (0.78s)\n"}
{"Time":"2026-09-11T15:25:21.044444027-07:00","Action":"pass","Package":"github.com/JDinSeattle/forge-runtime/internal/application","Test":"TestPermanentModelFailureDoesNotRetryOrTripCircuit","Elapsed":0.78}
{"Time":"2026-09-11T15:25:21.044453423-07:00","Action":"run","Package":"github.com/JDinSeattle/forge-runtime/internal/application","Test":"TestModelRetryOverallBudgetCannotResetOnRecovery"}
{"Time":"2026-09-11T15:25:21.044456655-07:00","Action":"output","Package":"github.com/JDinSeattle/forge-runtime/internal/application","Test":"TestModelRetryOverallBudgetCannotResetOnRecovery","Output":"=== RUN   TestModelRetryOverallBudgetCannotResetOnRecovery\n"}
{"Time":"2026-09-11T15:25:21.685878207-07:00","Action":"output","Package":"github.com/JDinSeattle/forge-runtime/tests/review","Test":"TestReviewUnsupportedSnapshotPreservesUnknownLedgerAndAuthority","Output":"--- PASS: TestReviewUnsupportedSnapshotPreservesUnknownLedgerAndAuthority (2.29s)\n"}
{"Time":"2026-09-11T15:25:21.685905732-07:00","Action":"pass","Package":"github.com/JDinSeattle/forge-runtime/tests/review","Test":"TestReviewUnsupportedSnapshotPreservesUnknownLedgerAndAuthority","Elapsed":2.29}
{"Time":"2026-09-11T15:25:21.685910907-07:00","Action":"run","Package":"github.com/JDinSeattle/forge-runtime/tests/review","Test":"TestReviewUnsupportedSnapshotHTTPAndOperatorRecovery"}
{"Time":"2026-09-11T15:25:21.685912475-07:00","Action":"output","Package":"github.com/JDinSeattle/forge-runtime/tests/review","Test":"TestReviewUnsupportedSnapshotHTTPAndOperatorRecovery","Output":"=== RUN   TestReviewUnsupportedSnapshotHTTPAndOperatorRecovery\n"}
{"Time":"2026-09-11T15:25:21.845350922-07:00","Action":"output","Package":"github.com/JDinSeattle/forge-runtime/internal/application","Test":"TestModelRetryOverallBudgetCannotResetOnRecovery","Output":"--- PASS: TestModelRetryOverallBudgetCannotResetOnRecovery (0.80s)\n"}
{"Time":"2026-09-11T15:25:21.845377586-07:00","Action":"pass","Package":"github.com/JDinSeattle/forge-runtime/internal/application","Test":"TestModelRetryOverallBudgetCannotResetOnRecovery","Elapsed":0.8}
{"Time":"2026-09-11T15:25:21.845381747-07:00","Action":"run","Package":"github.com/JDinSeattle/forge-runtime/internal/application","Test":"TestModelAdmissionKeepsConservativeReducerBudget"}
{"Time":"2026-09-11T15:25:21.845383315-07:00","Action":"output","Package":"github.com/JDinSeattle/forge-runtime/internal/application","Test":"TestModelAdmissionKeepsConservativeReducerBudget","Output":"=== RUN   TestModelAdmissionKeepsConservativeReducerBudget\n"}
{"Time":"2026-09-11T15:25:22.313355004-07:00","Action":"output","Package":"github.com/JDinSeattle/forge-runtime/tests/review","Test":"TestReviewUnsupportedSnapshotHTTPAndOperatorRecovery","Output":"--- PASS: TestReviewUnsupportedSnapshotHTTPAndOperatorRecovery (0.63s)\n"}
{"Time":"2026-09-11T15:25:22.313394917-07:00","Action":"pass","Package":"github.com/JDinSeattle/forge-runtime/tests/review","Test":"TestReviewUnsupportedSnapshotHTTPAndOperatorRecovery","Elapsed":0.63}
{"Time":"2026-09-11T15:25:22.313404324-07:00","Action":"run","Package":"github.com/JDinSeattle/forge-runtime/tests/review","Test":"TestReviewUnsupportedSnapshotApprovalRefusesUnknownState"}
{"Time":"2026-09-11T15:25:22.313408456-07:00","Action":"output","Package":"github.com/JDinSeattle/forge-runtime/tests/review","Test":"TestReviewUnsupportedSnapshotApprovalRefusesUnknownState","Output":"=== RUN   TestReviewUnsupportedSnapshotApprovalRefusesUnknownState\n"}
{"Time":"2026-09-11T15:25:22.588432788-07:00","Action":"output","Package":"github.com/JDinSeattle/forge-runtime/internal/application","Test":"TestModelAdmissionKeepsConservativeReducerBudget","Output":"--- PASS: TestModelAdmissionKeepsConservativeReducerBudget (0.74s)\n"}
{"Time":"2026-09-11T15:25:22.588471643-07:00","Action":"pass","Package":"github.com/JDinSeattle/forge-runtime/internal/application","Test":"TestModelAdmissionKeepsConservativeReducerBudget","Elapsed":0.74}
{"Time":"2026-09-11T15:25:22.588479621-07:00","Action":"run","Package":"github.com/JDinSeattle/forge-runtime/internal/application","Test":"TestProviderSpecificPricing"}
{"Time":"2026-09-11T15:25:22.58848294-07:00","Action":"output","Package":"github.com/JDinSeattle/forge-runtime/internal/application","Test":"TestProviderSpecificPricing","Output":"=== RUN   TestProviderSpecificPricing\n"}
{"Time":"2026-09-11T15:25:22.588497308-07:00","Action":"run","Package":"github.com/JDinSeattle/forge-runtime/internal/application","Test":"TestProviderSpecificPricing/openai_cached_input_is_inclusive"}
{"Time":"2026-09-11T15:25:22.588500872-07:00","Action":"output","Package":"github.com/JDinSeattle/forge-runtime/internal/application","Test":"TestProviderSpecificPricing/openai_cached_input_is_inclusive","Output":"=== RUN   TestProviderSpecificPricing/openai_cached_input_is_inclusive\n"}
{"Time":"2026-09-11T15:25:22.588563349-07:00","Action":"output","Package":"github.com/JDinSeattle/forge-runtime/internal/application","Test":"TestProviderSpecificPricing/openai_cached_input_is_inclusive","Output":"--- PASS: TestProviderSpecificPricing/openai_cached_input_is_inclusive (0.00s)\n"}
{"Time":"2026-09-11T15:25:22.588584116-07:00","Action":"pass","Package":"github.com/JDinSeattle/forge-runtime/internal/application","Test":"TestProviderSpecificPricing/openai_cached_input_is_inclusive","Elapsed":0}
{"Time":"2026-09-11T15:25:22.588601956-07:00","Action":"run","Package":"github.com/JDinSeattle/forge-runtime/internal/application","Test":"TestProviderSpecificPricing/anthropic_cache_input_is_additive"}
{"Time":"2026-09-11T15:25:22.588611989-07:00","Action":"output","Package":"github.com/JDinSeattle/forge-runtime/internal/application","Test":"TestProviderSpecificPricing/anthropic_cache_input_is_additive","Output":"=== RUN   TestProviderSpecificPricing/anthropic_cache_input_is_additive\n"}
{"Time":"2026-09-11T15:25:22.588639946-07:00","Action":"output","Package":"github.com/JDinSeattle/forge-runtime/internal/application","Test":"TestProviderSpecificPricing/anthropic_cache_input_is_additive","Output":"--- PASS: TestProviderSpecificPricing/anthropic_cache_input_is_additive (0.00s)\n"}
{"Time":"2026-09-11T15:25:22.58864952-07:00","Action":"pass","Package":"github.com/JDinSeattle/forge-runtime/internal/application","Test":"TestProviderSpecificPricing/anthropic_cache_input_is_additive","Elapsed":0}
{"Time":"2026-09-11T15:25:22.588664297-07:00","Action":"run","Package":"github.com/JDinSeattle/forge-runtime/internal/application","Test":"TestProviderSpecificPricing/measured_zero"}
{"Time":"2026-09-11T15:25:22.588669366-07:00","Action":"output","Package":"github.com/JDinSeattle/forge-runtime/internal/application","Test":"TestProviderSpecificPricing/measured_zero","Output":"=== RUN   TestProviderSpecificPricing/measured_zero\n"}
{"Time":"2026-09-11T15:25:22.588711288-07:00","Action":"output","Package":"github.com/JDinSeattle/forge-runtime/internal/application","Test":"TestProviderSpecificPricing/measured_zero","Output":"--- PASS: TestProviderSpecificPricing/measured_zero (0.00s)\n"}
{"Time":"2026-09-11T15:25:22.588734191-07:00","Action":"pass","Package":"github.com/JDinSeattle/forge-runtime/internal/application","Test":"TestProviderSpecificPricing/measured_zero","Elapsed":0}
{"Time":"2026-09-11T15:25:22.588739315-07:00","Action":"run","Package":"github.com/JDinSeattle/forge-runtime/internal/application","Test":"TestProviderSpecificPricing/cache_cannot_exceed_inclusive_input"}
{"Time":"2026-09-11T15:25:22.588743479-07:00","Action":"output","Package":"github.com/JDinSeattle/forge-runtime/internal/application","Test":"TestProviderSpecificPricing/cache_cannot_exceed_inclusive_input","Output":"=== RUN   TestProviderSpecificPricing/cache_cannot_exceed_inclusive_input\n"}
{"Time":"2026-09-11T15:25:22.588768723-07:00","Action":"output","Package":"github.com/JDinSeattle/forge-runtime/internal/application","Test":"TestProviderSpecificPricing/cache_cannot_exceed_inclusive_input","Output":"--- PASS: TestProviderSpecificPricing/cache_cannot_exceed_inclusive_input (0.00s)\n"}
{"Time":"2026-09-11T15:25:22.588779998-07:00","Action":"pass","Package":"github.com/JDinSeattle/forge-runtime/internal/application","Test":"TestProviderSpecificPricing/cache_cannot_exceed_inclusive_input","Elapsed":0}
{"Time":"2026-09-11T15:25:22.588788425-07:00","Action":"run","Package":"github.com/JDinSeattle/forge-runtime/internal/application","Test":"TestProviderSpecificPricing/input_output_overflow"}
{"Time":"2026-09-11T15:25:22.588792564-07:00","Action":"output","Package":"github.com/JDinSeattle/forge-runtime/internal/application","Test":"TestProviderSpecificPricing/input_output_overflow","Output":"=== RUN   TestProviderSpecificPricing/input_output_overflow\n"}
{"Time":"2026-09-11T15:25:22.588827231-07:00","Action":"output","Package":"github.com/JDinSeattle/forge-runtime/internal/application","Test":"TestProviderSpecificPricing/input_output_overflow","Output":"--- PASS: TestProviderSpecificPricing/input_output_overflow (0.00s)\n"}
{"Time":"2026-09-11T15:25:22.588836703-07:00","Action":"pass","Package":"github.com/JDinSeattle/forge-runtime/internal/application","Test":"TestProviderSpecificPricing/input_output_overflow","Elapsed":0}
{"Time":"2026-09-11T15:25:22.58885118-07:00","Action":"run","Package":"github.com/JDinSeattle/forge-runtime/internal/application","Test":"TestProviderSpecificPricing/additive_cache_overflow"}
{"Time":"2026-09-11T15:25:22.588855671-07:00","Action":"output","Package":"github.com/JDinSeattle/forge-runtime/internal/application","Test":"TestProviderSpecificPricing/additive_cache_overflow","Output":"=== RUN   TestProviderSpecificPricing/additive_cache_overflow\n"}
{"Time":"2026-09-11T15:25:22.58888273-07:00","Action":"output","Package":"github.com/JDinSeattle/forge-runtime/internal/application","Test":"TestProviderSpecificPricing/additive_cache_overflow","Output":"--- PASS: TestProviderSpecificPricing/additive_cache_overflow (0.00s)\n"}
{"Time":"2026-09-11T15:25:22.58888861-07:00","Action":"pass","Package":"github.com/JDinSeattle/forge-runtime/internal/application","Test":"TestProviderSpecificPricing/additive_cache_overflow","Elapsed":0}
{"Time":"2026-09-11T15:25:22.588903037-07:00","Action":"run","Package":"github.com/JDinSeattle/forge-runtime/internal/application","Test":"TestProviderSpecificPricing/negative_measured_cache"}
{"Time":"2026-09-11T15:25:22.588907608-07:00","Action":"output","Package":"github.com/JDinSeattle/forge-runtime/internal/application","Test":"TestProviderSpecificPricing/negative_measured_cache","Output":"=== RUN   TestProviderSpecificPricing/negative_measured_cache\n"}
{"Time":"2026-09-11T15:25:22.588932422-07:00","Action":"output","Package":"github.com/JDinSeattle/forge-runtime/internal/application","Test":"TestProviderSpecificPricing/negative_measured_cache","Output":"--- PASS: TestProviderSpecificPricing/negative_measured_cache (0.00s)\n"}
{"Time":"2026-09-11T15:25:22.588941115-07:00","Action":"pass","Package":"github.com/JDinSeattle/forge-runtime/internal/application","Test":"TestProviderSpecificPricing/negative_measured_cache","Elapsed":0}
{"Time":"2026-09-11T15:25:22.588967504-07:00","Action":"output","Package":"github.com/JDinSeattle/forge-runtime/internal/application","Test":"TestProviderSpecificPricing","Output":"--- PASS: TestProviderSpecificPricing (0.00s)\n"}
{"Time":"2026-09-11T15:25:22.588973687-07:00","Action":"pass","Package":"github.com/JDinSeattle/forge-runtime/internal/application","Test":"TestProviderSpecificPricing","Elapsed":0}
{"Time":"2026-09-11T15:25:22.588988055-07:00","Action":"run","Package":"github.com/JDinSeattle/forge-runtime/internal/application","Test":"TestPricingReserveBoundsAndRounding"}
{"Time":"2026-09-11T15:25:22.588992603-07:00","Action":"output","Package":"github.com/JDinSeattle/forge-runtime/internal/application","Test":"TestPricingReserveBoundsAndRounding","Output":"=== RUN   TestPricingReserveBoundsAndRounding\n"}
{"Time":"2026-09-11T15:25:22.589023854-07:00","Action":"output","Package":"github.com/JDinSeattle/forge-runtime/internal/application","Test":"TestPricingReserveBoundsAndRounding","Output":"--- PASS: TestPricingReserveBoundsAndRounding (0.00s)\n"}
{"Time":"2026-09-11T15:25:22.589032364-07:00","Action":"pass","Package":"github.com/JDinSeattle/forge-runtime/internal/application","Test":"TestPricingReserveBoundsAndRounding","Elapsed":0}
{"Time":"2026-09-11T15:25:22.589045255-07:00","Action":"run","Package":"github.com/JDinSeattle/forge-runtime/internal/application","Test":"TestModelFailureCircuitClassification"}
{"Time":"2026-09-11T15:25:22.589049867-07:00","Action":"output","Package":"github.com/JDinSeattle/forge-runtime/internal/application","Test":"TestModelFailureCircuitClassification","Output":"=== RUN   TestModelFailureCircuitClassification\n"}
{"Time":"2026-09-11T15:25:22.589074937-07:00","Action":"run","Package":"github.com/JDinSeattle/forge-runtime/internal/application","Test":"TestModelFailureCircuitClassification/user_cancellation"}
{"Time":"2026-09-11T15:25:22.589082932-07:00","Action":"output","Package":"github.com/JDinSeattle/forge-runtime/internal/application","Test":"TestModelFailureCircuitClassification/user_cancellation","Output":"=== RUN   TestModelFailureCircuitClassification/user_cancellation\n"}
{"Time":"2026-09-11T15:25:22.589103601-07:00","Action":"output","Package":"github.com/JDinSeattle/forge-runtime/internal/application","Test":"TestModelFailureCircuitClassification/user_cancellation","Output":"--- PASS: TestModelFailureCircuitClassification/user_cancellation (0.00s)\n"}
{"Time":"2026-09-11T15:25:22.58911548-07:00","Action":"pass","Package":"github.com/JDinSeattle/forge-runtime/internal/application","Test":"TestModelFailureCircuitClassification/user_cancellation","Elapsed":0}
{"Time":"2026-09-11T15:25:22.589123183-07:00","Action":"run","Package":"github.com/JDinSeattle/forge-runtime/internal/application","Test":"TestModelFailureCircuitClassification/request_deadline"}
{"Time":"2026-09-11T15:25:22.589127074-07:00","Action":"output","Package":"github.com/JDinSeattle/forge-runtime/internal/application","Test":"TestModelFailureCircuitClassification/request_deadline","Output":"=== RUN   TestModelFailureCircuitClassification/request_deadline\n"}
{"Time":"2026-09-11T15:25:22.589163574-07:00","Action":"output","Package":"github.com/JDinSeattle/forge-runtime/internal/application","Test":"TestModelFailureCircuitClassification/request_deadline","Output":"--- PASS: TestModelFailureCircuitClassification/request_deadline (0.00s)\n"}
{"Time":"2026-09-11T15:25:22.589171937-07:00","Action":"pass","Package":"github.com/JDinSeattle/forge-runtime/internal/application","Test":"TestModelFailureCircuitClassification/request_deadline","Elapsed":0}
{"Time":"2026-09-11T15:25:22.589182802-07:00","Action":"run","Package":"github.com/JDinSeattle/forge-runtime/internal/application","Test":"TestModelFailureCircuitClassification/database_sink"}
{"Time":"2026-09-11T15:25:22.58918682-07:00","Action":"output","Package":"github.com/JDinSeattle/forge-runtime/internal/application","Test":"TestModelFailureCircuitClassification/database_sink","Output":"=== RUN   TestModelFailureCircuitClassification/database_sink\n"}
{"Time":"2026-09-11T15:25:22.589224293-07:00","Action":"output","Package":"github.com/JDinSeattle/forge-runtime/internal/application","Test":"TestModelFailureCircuitClassification/database_sink","Output":"--- PASS: TestModelFailureCircuitClassification/database_sink (0.00s)\n"}
{"Time":"2026-09-11T15:25:22.589230266-07:00","Action":"pass","Package":"github.com/JDinSeattle/forge-runtime/internal/application","Test":"TestModelFailureCircuitClassification/database_sink","Elapsed":0}
{"Time":"2026-09-11T15:25:22.58924365-07:00","Action":"run","Package":"github.com/JDinSeattle/forge-runtime/internal/application","Test":"TestModelFailureCircuitClassification/consumer_wrapper"}
{"Time":"2026-09-11T15:25:22.589251989-07:00","Action":"output","Package":"github.com/JDinSeattle/forge-runtime/internal/application","Test":"TestModelFailureCircuitClassification/consumer_wrapper","Output":"=== RUN   TestModelFailureCircuitClassification/consumer_wrapper\n"}
{"Time":"2026-09-11T15:25:22.58927884-07:00","Action":"output","Package":"github.com/JDinSeattle/forge-runtime/internal/application","Test":"TestModelFailureCircuitClassification/consumer_wrapper","Output":"--- PASS: TestModelFailureCircuitClassification/consumer_wrapper (0.00s)\n"}
{"Time":"2026-09-11T15:25:22.589290574-07:00","Action":"pass","Package":"github.com/JDinSeattle/forge-runtime/internal/application","Test":"TestModelFailureCircuitClassification/consumer_wrapper","Elapsed":0}
{"Time":"2026-09-11T15:25:22.589307513-07:00","Action":"run","Package":"github.com/JDinSeattle/forge-runtime/internal/application","Test":"TestModelFailureCircuitClassification/validation"}
{"Time":"2026-09-11T15:25:22.589312125-07:00","Action":"output","Package":"github.com/JDinSeattle/forge-runtime/internal/application","Test":"TestModelFailureCircuitClassification/validation","Output":"=== RUN   TestModelFailureCircuitClassification/validation\n"}
{"Time":"2026-09-11T15:25:22.589336635-07:00","Action":"output","Package":"github.com/JDinSeattle/forge-runtime/internal/application","Test":"TestModelFailureCircuitClassification/validation","Output":"--- PASS: TestModelFailureCircuitClassification/validation (0.00s)\n"}
{"Time":"2026-09-11T15:25:22.589343694-07:00","Action":"pass","Package":"github.com/JDinSeattle/forge-runtime/internal/application","Test":"TestModelFailureCircuitClassification/validation","Elapsed":0}
{"Time":"2026-09-11T15:25:22.589356768-07:00","Action":"run","Package":"github.com/JDinSeattle/forge-runtime/internal/application","Test":"TestModelFailureCircuitClassification/protocol"}
{"Time":"2026-09-11T15:25:22.589360983-07:00","Action":"output","Package":"github.com/JDinSeattle/forge-runtime/internal/application","Test":"TestModelFailureCircuitClassification/protocol","Output":"=== RUN   TestModelFailureCircuitClassification/protocol\n"}
{"Time":"2026-09-11T15:25:22.589386436-07:00","Action":"output","Package":"github.com/JDinSeattle/forge-runtime/internal/application","Test":"TestModelFailureCircuitClassification/protocol","Output":"--- PASS: TestModelFailureCircuitClassification/protocol (0.00s)\n"}
{"Time":"2026-09-11T15:25:22.589419395-07:00","Action":"pass","Package":"github.com/JDinSeattle/forge-runtime/internal/application","Test":"TestModelFailureCircuitClassification/protocol","Elapsed":0}
{"Time":"2026-09-11T15:25:22.589422734-07:00","Action":"run","Package":"github.com/JDinSeattle/forge-runtime/internal/application","Test":"TestModelFailureCircuitClassification/authentication"}
{"Time":"2026-09-11T15:25:22.589431002-07:00","Action":"output","Package":"github.com/JDinSeattle/forge-runtime/internal/application","Test":"TestModelFailureCircuitClassification/authentication","Output":"=== RUN   TestModelFailureCircuitClassification/authentication\n"}
{"Time":"2026-09-11T15:25:22.5894355-07:00","Action":"output","Package":"github.com/JDinSeattle/forge-runtime/internal/application","Test":"TestModelFailureCircuitClassification/authentication","Output":"--- PASS: TestModelFailureCircuitClassification/authentication (0.00s)\n"}
{"Time":"2026-09-11T15:25:22.589444405-07:00","Action":"pass","Package":"github.com/JDinSeattle/forge-runtime/internal/application","Test":"TestModelFailureCircuitClassification/authentication","Elapsed":0}
{"Time":"2026-09-11T15:25:22.589457882-07:00","Action":"run","Package":"github.com/JDinSeattle/forge-runtime/internal/application","Test":"TestModelFailureCircuitClassification/cancelled_transport"}
{"Time":"2026-09-11T15:25:22.589463535-07:00","Action":"output","Package":"github.com/JDinSeattle/forge-runtime/internal/application","Test":"TestModelFailureCircuitClassification/cancelled_transport","Output":"=== RUN   TestModelFailureCircuitClassification/cancelled_transport\n"}
{"Time":"2026-09-11T15:25:22.589491179-07:00","Action":"output","Package":"github.com/JDinSeattle/forge-runtime/internal/application","Test":"TestModelFailureCircuitClassification/cancelled_transport","Output":"--- PASS: TestModelFailureCircuitClassification/cancelled_transport (0.00s)\n"}
{"Time":"2026-09-11T15:25:22.589497385-07:00","Action":"pass","Package":"github.com/JDinSeattle/forge-runtime/internal/application","Test":"TestModelFailureCircuitClassification/cancelled_transport","Elapsed":0}
{"Time":"2026-09-11T15:25:22.589510141-07:00","Action":"run","Package":"github.com/JDinSeattle/forge-runtime/internal/application","Test":"TestModelFailureCircuitClassification/overloaded"}
{"Time":"2026-09-11T15:25:22.58951423-07:00","Action":"output","Package":"github.com/JDinSeattle/forge-runtime/internal/application","Test":"TestModelFailureCircuitClassification/overloaded","Output":"=== RUN   TestModelFailureCircuitClassification/overloaded\n"}
{"Time":"2026-09-11T15:25:22.589539705-07:00","Action":"output","Package":"github.com/JDinSeattle/forge-runtime/internal/application","Test":"TestModelFailureCircuitClassification/overloaded","Output":"--- PASS: TestModelFailureCircuitClassification/overloaded (0.00s)\n"}
{"Time":"2026-09-11T15:25:22.589545567-07:00","Action":"pass","Package":"github.com/JDinSeattle/forge-runtime/internal/application","Test":"TestModelFailureCircuitClassification/overloaded","Elapsed":0}
{"Time":"2026-09-11T15:25:22.589560985-07:00","Action":"run","Package":"github.com/JDinSeattle/forge-runtime/internal/application","Test":"TestModelFailureCircuitClassification/rate_limit"}
{"Time":"2026-09-11T15:25:22.589565581-07:00","Action":"output","Package":"github.com/JDinSeattle/forge-runtime/internal/application","Test":"TestModelFailureCircuitClassification/rate_limit","Output":"=== RUN   TestModelFailureCircuitClassification/rate_limit\n"}
{"Time":"2026-09-11T15:25:22.589590114-07:00","Action":"output","Package":"github.com/JDinSeattle/forge-runtime/internal/application","Test":"TestModelFailureCircuitClassification/rate_limit","Output":"--- PASS: TestModelFailureCircuitClassification/rate_limit (0.00s)\n"}
{"Time":"2026-09-11T15:25:22.589595741-07:00","Action":"pass","Package":"github.com/JDinSeattle/forge-runtime/internal/application","Test":"TestModelFailureCircuitClassification/rate_limit","Elapsed":0}
{"Time":"2026-09-11T15:25:22.58961517-07:00","Action":"output","Package":"github.com/JDinSeattle/forge-runtime/internal/application","Test":"TestModelFailureCircuitClassification","Output":"--- PASS: TestModelFailureCircuitClassification (0.00s)\n"}
{"Time":"2026-09-11T15:25:22.589623572-07:00","Action":"pass","Package":"github.com/JDinSeattle/forge-runtime/internal/application","Test":"TestModelFailureCircuitClassification","Elapsed":0}
{"Time":"2026-09-11T15:25:22.589635113-07:00","Action":"run","Package":"github.com/JDinSeattle/forge-runtime/internal/application","Test":"TestTextBatchPostgresTimerAndSize"}
{"Time":"2026-09-11T15:25:22.589639273-07:00","Action":"output","Package":"github.com/JDinSeattle/forge-runtime/internal/application","Test":"TestTextBatchPostgresTimerAndSize","Output":"=== RUN   TestTextBatchPostgresTimerAndSize\n"}
{"Time":"2026-09-11T15:25:22.589653276-07:00","Action":"run","Package":"github.com/JDinSeattle/forge-runtime/internal/application","Test":"TestTextBatchPostgresTimerAndSize/timer"}
{"Time":"2026-09-11T15:25:22.589657667-07:00","Action":"output","Package":"github.com/JDinSeattle/forge-runtime/internal/application","Test":"TestTextBatchPostgresTimerAndSize/timer","Output":"=== RUN   TestTextBatchPostgresTimerAndSize/timer\n"}
{"Time":"2026-09-11T15:25:22.693308157-07:00","Action":"output","Package":"github.com/JDinSeattle/forge-runtime/tests/review","Test":"TestReviewUnsupportedSnapshotApprovalRefusesUnknownState","Output":"--- PASS: TestReviewUnsupportedSnapshotApprovalRefusesUnknownState (0.38s)\n"}
{"Time":"2026-09-11T15:25:22.693343175-07:00","Action":"pass","Package":"github.com/JDinSeattle/forge-runtime/tests/review","Test":"TestReviewUnsupportedSnapshotApprovalRefusesUnknownState","Elapsed":0.38}
{"Time":"2026-09-11T15:25:22.693353465-07:00","Action":"run","Package":"github.com/JDinSeattle/forge-runtime/tests/review","Test":"TestReviewUnsupportedSnapshotMalformedHeadersRemainHeld"}
{"Time":"2026-09-11T15:25:22.693357139-07:00","Action":"output","Package":"github.com/JDinSeattle/forge-runtime/tests/review","Test":"TestReviewUnsupportedSnapshotMalformedHeadersRemainHeld","Output":"=== RUN   TestReviewUnsupportedSnapshotMalformedHeadersRemainHeld\n"}
{"Time":"2026-09-11T15:25:22.693360647-07:00","Action":"run","Package":"github.com/JDinSeattle/forge-runtime/tests/review","Test":"TestReviewUnsupportedSnapshotMalformedHeadersRemainHeld/null"}
{"Time":"2026-09-11T15:25:22.693363452-07:00","Action":"output","Package":"github.com/JDinSeattle/forge-runtime/tests/review","Test":"TestReviewUnsupportedSnapshotMalformedHeadersRemainHeld/null","Output":"=== RUN   TestReviewUnsupportedSnapshotMalformedHeadersRemainHeld/null\n"}
{"Time":"2026-09-11T15:25:22.92020028-07:00","Action":"output","Package":"github.com/JDinSeattle/forge-runtime/internal/application","Test":"TestTextBatchPostgresTimerAndSize/timer","Output":"--- PASS: TestTextBatchPostgresTimerAndSize/timer (0.33s)\n"}
{"Time":"2026-09-11T15:25:22.920233426-07:00","Action":"pass","Package":"github.com/JDinSeattle/forge-runtime/internal/application","Test":"TestTextBatchPostgresTimerAndSize/timer","Elapsed":0.33}
{"Time":"2026-09-11T15:25:22.920246237-07:00","Action":"run","Package":"github.com/JDinSeattle/forge-runtime/internal/application","Test":"TestTextBatchPostgresTimerAndSize/size_and_encoding"}
{"Time":"2026-09-11T15:25:22.920250482-07:00","Action":"output","Package":"github.com/JDinSeattle/forge-runtime/internal/application","Test":"TestTextBatchPostgresTimerAndSize/size_and_encoding","Output":"=== RUN   TestTextBatchPostgresTimerAndSize/size_and_encoding\n"}
{"Time":"2026-09-11T15:25:22.974026342-07:00","Action":"output","Package":"github.com/JDinSeattle/forge-runtime/tests/review","Test":"TestReviewUnsupportedSnapshotMalformedHeadersRemainHeld/null","Output":"--- PASS: TestReviewUnsupportedSnapshotMalformedHeadersRemainHeld/null (0.28s)\n"}
{"Time":"2026-09-11T15:25:22.974084506-07:00","Action":"pass","Package":"github.com/JDinSeattle/forge-runtime/tests/review","Test":"TestReviewUnsupportedSnapshotMalformedHeadersRemainHeld/null","Elapsed":0.28}
{"Time":"2026-09-11T15:25:22.974093445-07:00","Action":"run","Package":"github.com/JDinSeattle/forge-runtime/tests/review","Test":"TestReviewUnsupportedSnapshotMalformedHeadersRemainHeld/1.5"}
{"Time":"2026-09-11T15:25:22.974097731-07:00","Action":"output","Package":"github.com/JDinSeattle/forge-runtime/tests/review","Test":"TestReviewUnsupportedSnapshotMalformedHeadersRemainHeld/1.5","Output":"=== RUN   TestReviewUnsupportedSnapshotMalformedHeadersRemainHeld/1.5\n"}
{"Time":"2026-09-11T15:25:23.277780693-07:00","Action":"output","Package":"github.com/JDinSeattle/forge-runtime/tests/review","Test":"TestReviewUnsupportedSnapshotMalformedHeadersRemainHeld/1.5","Output":"--- PASS: TestReviewUnsupportedSnapshotMalformedHeadersRemainHeld/1.5 (0.30s)\n"}
{"Time":"2026-09-11T15:25:23.27780505-07:00","Action":"pass","Package":"github.com/JDinSeattle/forge-runtime/tests/review","Test":"TestReviewUnsupportedSnapshotMalformedHeadersRemainHeld/1.5","Elapsed":0.3}
{"Time":"2026-09-11T15:25:23.277809478-07:00","Action":"run","Package":"github.com/JDinSeattle/forge-runtime/tests/review","Test":"TestReviewUnsupportedSnapshotMalformedHeadersRemainHeld/\"1\""}
{"Time":"2026-09-11T15:25:23.277810913-07:00","Action":"output","Package":"github.com/JDinSeattle/forge-runtime/tests/review","Test":"TestReviewUnsupportedSnapshotMalformedHeadersRemainHeld/\"1\"","Output":"=== RUN   TestReviewUnsupportedSnapshotMalformedHeadersRemainHeld/\"1\"\n"}
{"Time":"2026-09-11T15:25:23.285680418-07:00","Action":"output","Package":"github.com/JDinSeattle/forge-runtime/internal/application","Test":"TestTextBatchPostgresTimerAndSize/size_and_encoding","Output":"--- PASS: TestTextBatchPostgresTimerAndSize/size_and_encoding (0.37s)\n"}
{"Time":"2026-09-11T15:25:23.285714161-07:00","Action":"pass","Package":"github.com/JDinSeattle/forge-runtime/internal/application","Test":"TestTextBatchPostgresTimerAndSize/size_and_encoding","Elapsed":0.37}
{"Time":"2026-09-11T15:25:23.285723228-07:00","Action":"output","Package":"github.com/JDinSeattle/forge-runtime/internal/application","Test":"TestTextBatchPostgresTimerAndSize","Output":"--- PASS: TestTextBatchPostgresTimerAndSize (0.70s)\n"}
{"Time":"2026-09-11T15:25:23.285728147-07:00","Action":"pass","Package":"github.com/JDinSeattle/forge-runtime/internal/application","Test":"TestTextBatchPostgresTimerAndSize","Elapsed":0.7}
{"Time":"2026-09-11T15:25:23.285754942-07:00","Action":"run","Package":"github.com/JDinSeattle/forge-runtime/internal/application","Test":"TestTextBatchPostgresControlBypassesPausedText"}
{"Time":"2026-09-11T15:25:23.285758911-07:00","Action":"output","Package":"github.com/JDinSeattle/forge-runtime/internal/application","Test":"TestTextBatchPostgresControlBypassesPausedText","Output":"=== RUN   TestTextBatchPostgresControlBypassesPausedText\n"}
{"Time":"2026-09-11T15:25:23.56772249-07:00","Action":"output","Package":"github.com/JDinSeattle/forge-runtime/tests/review","Test":"TestReviewUnsupportedSnapshotMalformedHeadersRemainHeld/\"1\"","Output":"--- PASS: TestReviewUnsupportedSnapshotMalformedHeadersRemainHeld/\"1\" (0.29s)\n"}
{"Time":"2026-09-11T15:25:23.567763945-07:00","Action":"pass","Package":"github.com/JDinSeattle/forge-runtime/tests/review","Test":"TestReviewUnsupportedSnapshotMalformedHeadersRemainHeld/\"1\"","Elapsed":0.29}
{"Time":"2026-09-11T15:25:23.567772378-07:00","Action":"run","Package":"github.com/JDinSeattle/forge-runtime/tests/review","Test":"TestReviewUnsupportedSnapshotMalformedHeadersRemainHeld/-1"}
{"Time":"2026-09-11T15:25:23.567775994-07:00","Action":"output","Package":"github.com/JDinSeattle/forge-runtime/tests/review","Test":"TestReviewUnsupportedSnapshotMalformedHeadersRemainHeld/-1","Output":"=== RUN   TestReviewUnsupportedSnapshotMalformedHeadersRemainHeld/-1\n"}
{"Time":"2026-09-11T15:25:23.600767701-07:00","Action":"output","Package":"github.com/JDinSeattle/forge-runtime/internal/application","Test":"TestTextBatchPostgresControlBypassesPausedText","Output":"--- PASS: TestTextBatchPostgresControlBypassesPausedText (0.31s)\n"}
{"Time":"2026-09-11T15:25:23.600793833-07:00","Action":"pass","Package":"github.com/JDinSeattle/forge-runtime/internal/application","Test":"TestTextBatchPostgresControlBypassesPausedText","Elapsed":0.31}
{"Time":"2026-09-11T15:25:23.600800359-07:00","Action":"run","Package":"github.com/JDinSeattle/forge-runtime/internal/application","Test":"TestTextBatchDriverPreservesCompleteModelArtifact"}
{"Time":"2026-09-11T15:25:23.600801953-07:00","Action":"output","Package":"github.com/JDinSeattle/forge-runtime/internal/application","Test":"TestTextBatchDriverPreservesCompleteModelArtifact","Output":"=== RUN   TestTextBatchDriverPreservesCompleteModelArtifact\n"}
{"Time":"2026-09-11T15:25:23.85992585-07:00","Action":"output","Package":"github.com/JDinSeattle/forge-runtime/tests/review","Test":"TestReviewUnsupportedSnapshotMalformedHeadersRemainHeld/-1","Output":"--- PASS: TestReviewUnsupportedSnapshotMalformedHeadersRemainHeld/-1 (0.29s)\n"}
{"Time":"2026-09-11T15:25:23.859960055-07:00","Action":"pass","Package":"github.com/JDinSeattle/forge-runtime/tests/review","Test":"TestReviewUnsupportedSnapshotMalformedHeadersRemainHeld/-1","Elapsed":0.29}
{"Time":"2026-09-11T15:25:23.859968465-07:00","Action":"run","Package":"github.com/JDinSeattle/forge-runtime/tests/review","Test":"TestReviewUnsupportedSnapshotMalformedHeadersRemainHeld/999999999999999999999999999999999999999999999999999999999999999999999999"}
{"Time":"2026-09-11T15:25:23.859971857-07:00","Action":"output","Package":"github.com/JDinSeattle/forge-runtime/tests/review","Test":"TestReviewUnsupportedSnapshotMalformedHeadersRemainHeld/999999999999999999999999999999999999999999999999999999999999999999999999","Output":"=== RUN   TestReviewUnsupportedSnapshotMalformedHeadersRemainHeld/999999999999999999999999999999999999999999999999999999999999999999999999\n"}
{"Time":"2026-09-11T15:25:24.165172428-07:00","Action":"output","Package":"github.com/JDinSeattle/forge-runtime/tests/review","Test":"TestReviewUnsupportedSnapshotMalformedHeadersRemainHeld/999999999999999999999999999999999999999999999999999999999999999999999999","Output":"--- PASS: TestReviewUnsupportedSnapshotMalformedHeadersRemainHeld/999999999999999999999999999999999999999999999999999999999999999999999999 (0.31s)\n"}
{"Time":"2026-09-11T15:25:24.165205426-07:00","Action":"pass","Package":"github.com/JDinSeattle/forge-runtime/tests/review","Test":"TestReviewUnsupportedSnapshotMalformedHeadersRemainHeld/999999999999999999999999999999999999999999999999999999999999999999999999","Elapsed":0.31}
{"Time":"2026-09-11T15:25:24.165215219-07:00","Action":"output","Package":"github.com/JDinSeattle/forge-runtime/tests/review","Test":"TestReviewUnsupportedSnapshotMalformedHeadersRemainHeld","Output":"--- PASS: TestReviewUnsupportedSnapshotMalformedHeadersRemainHeld (1.47s)\n"}
{"Time":"2026-09-11T15:25:24.165223395-07:00","Action":"pass","Package":"github.com/JDinSeattle/forge-runtime/tests/review","Test":"TestReviewUnsupportedSnapshotMalformedHeadersRemainHeld","Elapsed":1.47}
{"Time":"2026-09-11T15:25:24.16525105-07:00","Action":"run","Package":"github.com/JDinSeattle/forge-runtime/tests/review","Test":"TestReviewUnsupportedSnapshotStopsCleanupAndRetentionOfTerminalEvidence"}
{"Time":"2026-09-11T15:25:24.165256862-07:00","Action":"output","Package":"github.com/JDinSeattle/forge-runtime/tests/review","Test":"TestReviewUnsupportedSnapshotStopsCleanupAndRetentionOfTerminalEvidence","Output":"=== RUN   TestReviewUnsupportedSnapshotStopsCleanupAndRetentionOfTerminalEvidence\n"}
{"Time":"2026-09-11T15:25:24.574266537-07:00","Action":"output","Package":"github.com/JDinSeattle/forge-runtime/tests/review","Test":"TestReviewUnsupportedSnapshotStopsCleanupAndRetentionOfTerminalEvidence","Output":"--- PASS: TestReviewUnsupportedSnapshotStopsCleanupAndRetentionOfTerminalEvidence (0.41s)\n"}
{"Time":"2026-09-11T15:25:24.574290655-07:00","Action":"pass","Package":"github.com/JDinSeattle/forge-runtime/tests/review","Test":"TestReviewUnsupportedSnapshotStopsCleanupAndRetentionOfTerminalEvidence","Elapsed":0.41}
{"Time":"2026-09-11T15:25:24.574295088-07:00","Action":"run","Package":"github.com/JDinSeattle/forge-runtime/tests/review","Test":"TestReviewUnsupportedSnapshotEndsExistingSSEGeneration"}
{"Time":"2026-09-11T15:25:24.574296757-07:00","Action":"output","Package":"github.com/JDinSeattle/forge-runtime/tests/review","Test":"TestReviewUnsupportedSnapshotEndsExistingSSEGeneration","Output":"=== RUN   TestReviewUnsupportedSnapshotEndsExistingSSEGeneration\n"}
{"Time":"2026-09-11T15:25:24.970996568-07:00","Action":"output","Package":"github.com/JDinSeattle/forge-runtime/tests/review","Test":"TestReviewUnsupportedSnapshotEndsExistingSSEGeneration","Output":"--- PASS: TestReviewUnsupportedSnapshotEndsExistingSSEGeneration (0.40s)\n"}
{"Time":"2026-09-11T15:25:24.971032733-07:00","Action":"pass","Package":"github.com/JDinSeattle/forge-runtime/tests/review","Test":"TestReviewUnsupportedSnapshotEndsExistingSSEGeneration","Elapsed":0.4}
{"Time":"2026-09-11T15:25:24.971040483-07:00","Action":"run","Package":"github.com/JDinSeattle/forge-runtime/tests/review","Test":"TestReviewHeartbeatRemainsAuthoritativeAcrossTransitions"}
{"Time":"2026-09-11T15:25:24.971043492-07:00","Action":"output","Package":"github.com/JDinSeattle/forge-runtime/tests/review","Test":"TestReviewHeartbeatRemainsAuthoritativeAcrossTransitions","Output":"=== RUN   TestReviewHeartbeatRemainsAuthoritativeAcrossTransitions\n"}
{"Time":"2026-09-11T15:25:25.714004328-07:00","Action":"output","Package":"github.com/JDinSeattle/forge-runtime/internal/application","Test":"TestTextBatchDriverPreservesCompleteModelArtifact","Output":"--- PASS: TestTextBatchDriverPreservesCompleteModelArtifact (2.11s)\n"}
{"Time":"2026-09-11T15:25:25.71403751-07:00","Action":"pass","Package":"github.com/JDinSeattle/forge-runtime/internal/application","Test":"TestTextBatchDriverPreservesCompleteModelArtifact","Elapsed":2.11}
{"Time":"2026-09-11T15:25:25.714046665-07:00","Action":"run","Package":"github.com/JDinSeattle/forge-runtime/internal/application","Test":"TestTextBatchConfigDefaultsAndBounds"}
{"Time":"2026-09-11T15:25:25.714050293-07:00","Action":"output","Package":"github.com/JDinSeattle/forge-runtime/internal/application","Test":"TestTextBatchConfigDefaultsAndBounds","Output":"=== RUN   TestTextBatchConfigDefaultsAndBounds\n"}
{"Time":"2026-09-11T15:25:25.714130674-07:00","Action":"output","Package":"github.com/JDinSeattle/forge-runtime/internal/application","Test":"TestTextBatchConfigDefaultsAndBounds","Output":"--- PASS: TestTextBatchConfigDefaultsAndBounds (0.00s)\n"}
{"Time":"2026-09-11T15:25:25.714138452-07:00","Action":"pass","Package":"github.com/JDinSeattle/forge-runtime/internal/application","Test":"TestTextBatchConfigDefaultsAndBounds","Elapsed":0}
{"Time":"2026-09-11T15:25:25.71415463-07:00","Action":"run","Package":"github.com/JDinSeattle/forge-runtime/internal/application","Test":"TestTextBatchExactUnicodeAndEscaping"}
{"Time":"2026-09-11T15:25:25.714158213-07:00","Action":"output","Package":"github.com/JDinSeattle/forge-runtime/internal/application","Test":"TestTextBatchExactUnicodeAndEscaping","Output":"=== RUN   TestTextBatchExactUnicodeAndEscaping\n"}
{"Time":"2026-09-11T15:25:25.714265444-07:00","Action":"run","Package":"github.com/JDinSeattle/forge-runtime/internal/application","Test":"TestTextBatchExactUnicodeAndEscaping/emoji_boundary"}
{"Time":"2026-09-11T15:25:25.714271173-07:00","Action":"output","Package":"github.com/JDinSeattle/forge-runtime/internal/application","Test":"TestTextBatchExactUnicodeAndEscaping/emoji_boundary","Output":"=== RUN   TestTextBatchExactUnicodeAndEscaping/emoji_boundary\n"}
{"Time":"2026-09-11T15:25:25.805827544-07:00","Action":"output","Package":"github.com/JDinSeattle/forge-runtime/internal/application","Test":"TestTextBatchExactUnicodeAndEscaping/emoji_boundary","Output":"--- PASS: TestTextBatchExactUnicodeAndEscaping/emoji_boundary (0.09s)\n"}
{"Time":"2026-09-11T15:25:25.805857702-07:00","Action":"pass","Package":"github.com/JDinSeattle/forge-runtime/internal/application","Test":"TestTextBatchExactUnicodeAndEscaping/emoji_boundary","Elapsed":0.09}
{"Time":"2026-09-11T15:25:25.805864312-07:00","Action":"run","Package":"github.com/JDinSeattle/forge-runtime/internal/application","Test":"TestTextBatchExactUnicodeAndEscaping/html_expansion"}
{"Time":"2026-09-11T15:25:25.805866327-07:00","Action":"output","Package":"github.com/JDinSeattle/forge-runtime/internal/application","Test":"TestTextBatchExactUnicodeAndEscaping/html_expansion","Output":"=== RUN   TestTextBatchExactUnicodeAndEscaping/html_expansion\n"}
{"Time":"2026-09-11T15:25:25.914832355-07:00","Action":"output","Package":"github.com/JDinSeattle/forge-runtime/internal/application","Test":"TestTextBatchExactUnicodeAndEscaping/html_expansion","Output":"--- PASS: TestTextBatchExactUnicodeAndEscaping/html_expansion (0.11s)\n"}
{"Time":"2026-09-11T15:25:25.914854432-07:00","Action":"pass","Package":"github.com/JDinSeattle/forge-runtime/internal/application","Test":"TestTextBatchExactUnicodeAndEscaping/html_expansion","Elapsed":0.11}
{"Time":"2026-09-11T15:25:25.914859225-07:00","Action":"run","Package":"github.com/JDinSeattle/forge-runtime/internal/application","Test":"TestTextBatchExactUnicodeAndEscaping/all_escaping"}
{"Time":"2026-09-11T15:25:25.91486063-07:00","Action":"output","Package":"github.com/JDinSeattle/forge-runtime/internal/application","Test":"TestTextBatchExactUnicodeAndEscaping/all_escaping","Output":"=== RUN   TestTextBatchExactUnicodeAndEscaping/all_escaping\n"}
{"Time":"2026-09-11T15:25:26.260177118-07:00","Action":"output","Package":"github.com/JDinSeattle/forge-runtime/internal/application","Test":"TestTextBatchExactUnicodeAndEscaping/all_escaping","Output":"--- PASS: TestTextBatchExactUnicodeAndEscaping/all_escaping (0.35s)\n"}
{"Time":"2026-09-11T15:25:26.260197803-07:00","Action":"pass","Package":"github.com/JDinSeattle/forge-runtime/internal/application","Test":"TestTextBatchExactUnicodeAndEscaping/all_escaping","Elapsed":0.35}
{"Time":"2026-09-11T15:25:26.260203698-07:00","Action":"run","Package":"github.com/JDinSeattle/forge-runtime/internal/application","Test":"TestTextBatchExactUnicodeAndEscaping/original_chinese_boundary"}
{"Time":"2026-09-11T15:25:26.260204987-07:00","Action":"output","Package":"github.com/JDinSeattle/forge-runtime/internal/application","Test":"TestTextBatchExactUnicodeAndEscaping/original_chinese_boundary","Output":"=== RUN   TestTextBatchExactUnicodeAndEscaping/original_chinese_boundary\n"}
{"Time":"2026-09-11T15:25:26.341528036-07:00","Action":"output","Package":"github.com/JDinSeattle/forge-runtime/internal/application","Test":"TestTextBatchExactUnicodeAndEscaping/original_chinese_boundary","Output":"--- PASS: TestTextBatchExactUnicodeAndEscaping/original_chinese_boundary (0.08s)\n"}
{"Time":"2026-09-11T15:25:26.341561375-07:00","Action":"pass","Package":"github.com/JDinSeattle/forge-runtime/internal/application","Test":"TestTextBatchExactUnicodeAndEscaping/original_chinese_boundary","Elapsed":0.08}
{"Time":"2026-09-11T15:25:26.341571761-07:00","Action":"output","Package":"github.com/JDinSeattle/forge-runtime/internal/application","Test":"TestTextBatchExactUnicodeAndEscaping","Output":"--- PASS: TestTextBatchExactUnicodeAndEscaping (0.63s)\n"}
{"Time":"2026-09-11T15:25:26.341584489-07:00","Action":"pass","Package":"github.com/JDinSeattle/forge-runtime/internal/application","Test":"TestTextBatchExactUnicodeAndEscaping","Elapsed":0.63}
{"Time":"2026-09-11T15:25:26.341588856-07:00","Action":"run","Package":"github.com/JDinSeattle/forge-runtime/internal/application","Test":"TestTextBatchCloseAndConsumerFailureNeverReplay"}
{"Time":"2026-09-11T15:25:26.341591728-07:00","Action":"output","Package":"github.com/JDinSeattle/forge-runtime/internal/application","Test":"TestTextBatchCloseAndConsumerFailureNeverReplay","Output":"=== RUN   TestTextBatchCloseAndConsumerFailureNeverReplay\n"}
{"Time":"2026-09-11T15:25:26.341595827-07:00","Action":"run","Package":"github.com/JDinSeattle/forge-runtime/internal/application","Test":"TestTextBatchCloseAndConsumerFailureNeverReplay/size"}
{"Time":"2026-09-11T15:25:26.341598812-07:00","Action":"output","Package":"github.com/JDinSeattle/forge-runtime/internal/application","Test":"TestTextBatchCloseAndConsumerFailureNeverReplay/size","Output":"=== RUN   TestTextBatchCloseAndConsumerFailureNeverReplay/size\n"}
{"Time":"2026-09-11T15:25:26.341671171-07:00","Action":"output","Package":"github.com/JDinSeattle/forge-runtime/internal/application","Test":"TestTextBatchCloseAndConsumerFailureNeverReplay/size","Output":"--- PASS: TestTextBatchCloseAndConsumerFailureNeverReplay/size (0.00s)\n"}
{"Time":"2026-09-11T15:25:26.341678275-07:00","Action":"pass","Package":"github.com/JDinSeattle/forge-runtime/internal/application","Test":"TestTextBatchCloseAndConsumerFailureNeverReplay/size","Elapsed":0}
{"Time":"2026-09-11T15:25:26.341692584-07:00","Action":"run","Package":"github.com/JDinSeattle/forge-runtime/internal/application","Test":"TestTextBatchCloseAndConsumerFailureNeverReplay/close"}
{"Time":"2026-09-11T15:25:26.341697261-07:00","Action":"output","Package":"github.com/JDinSeattle/forge-runtime/internal/application","Test":"TestTextBatchCloseAndConsumerFailureNeverReplay/close","Output":"=== RUN   TestTextBatchCloseAndConsumerFailureNeverReplay/close\n"}
{"Time":"2026-09-11T15:25:26.341784115-07:00","Action":"output","Package":"github.com/JDinSeattle/forge-runtime/internal/application","Test":"TestTextBatchCloseAndConsumerFailureNeverReplay/close","Output":"--- PASS: TestTextBatchCloseAndConsumerFailureNeverReplay/close (0.00s)\n"}
{"Time":"2026-09-11T15:25:26.341803775-07:00","Action":"pass","Package":"github.com/JDinSeattle/forge-runtime/internal/application","Test":"TestTextBatchCloseAndConsumerFailureNeverReplay/close","Elapsed":0}
{"Time":"2026-09-11T15:25:26.341807337-07:00","Action":"run","Package":"github.com/JDinSeattle/forge-runtime/internal/application","Test":"TestTextBatchCloseAndConsumerFailureNeverReplay/timer"}
{"Time":"2026-09-11T15:25:26.341809226-07:00","Action":"output","Package":"github.com/JDinSeattle/forge-runtime/internal/application","Test":"TestTextBatchCloseAndConsumerFailureNeverReplay/timer","Output":"=== RUN   TestTextBatchCloseAndConsumerFailureNeverReplay/timer\n"}
{"Time":"2026-09-11T15:25:26.352286669-07:00","Action":"output","Package":"github.com/JDinSeattle/forge-runtime/internal/application","Test":"TestTextBatchCloseAndConsumerFailureNeverReplay/timer","Output":"--- PASS: TestTextBatchCloseAndConsumerFailureNeverReplay/timer (0.01s)\n"}
{"Time":"2026-09-11T15:25:26.352304403-07:00","Action":"pass","Package":"github.com/JDinSeattle/forge-runtime/internal/application","Test":"TestTextBatchCloseAndConsumerFailureNeverReplay/timer","Elapsed":0.01}
{"Time":"2026-09-11T15:25:26.352308825-07:00","Action":"output","Package":"github.com/JDinSeattle/forge-runtime/internal/application","Test":"TestTextBatchCloseAndConsumerFailureNeverReplay","Output":"--- PASS: TestTextBatchCloseAndConsumerFailureNeverReplay (0.01s)\n"}
{"Time":"2026-09-11T15:25:26.352315348-07:00","Action":"pass","Package":"github.com/JDinSeattle/forge-runtime/internal/application","Test":"TestTextBatchCloseAndConsumerFailureNeverReplay","Elapsed":0.01}
{"Time":"2026-09-11T15:25:26.352325838-07:00","Action":"run","Package":"github.com/JDinSeattle/forge-runtime/internal/application","Test":"TestTextBatchRejectsInvalidUTF8WithoutReplacement"}
{"Time":"2026-09-11T15:25:26.352328036-07:00","Action":"output","Package":"github.com/JDinSeattle/forge-runtime/internal/application","Test":"TestTextBatchRejectsInvalidUTF8WithoutReplacement","Output":"=== RUN   TestTextBatchRejectsInvalidUTF8WithoutReplacement\n"}
{"Time":"2026-09-11T15:25:26.352391074-07:00","Action":"output","Package":"github.com/JDinSeattle/forge-runtime/internal/application","Test":"TestTextBatchRejectsInvalidUTF8WithoutReplacement","Output":"--- PASS: TestTextBatchRejectsInvalidUTF8WithoutReplacement (0.00s)\n"}
{"Time":"2026-09-11T15:25:26.352399388-07:00","Action":"pass","Package":"github.com/JDinSeattle/forge-runtime/internal/application","Test":"TestTextBatchRejectsInvalidUTF8WithoutReplacement","Elapsed":0}
{"Time":"2026-09-11T15:25:26.352411336-07:00","Action":"output","Package":"github.com/JDinSeattle/forge-runtime/internal/application","Output":"PASS\n"}
{"Time":"2026-09-11T15:25:26.357452033-07:00","Action":"output","Package":"github.com/JDinSeattle/forge-runtime/tests/review","Test":"TestReviewHeartbeatRemainsAuthoritativeAcrossTransitions","Output":"--- PASS: TestReviewHeartbeatRemainsAuthoritativeAcrossTransitions (1.39s)\n"}
{"Time":"2026-09-11T15:25:26.357492516-07:00","Action":"pass","Package":"github.com/JDinSeattle/forge-runtime/tests/review","Test":"TestReviewHeartbeatRemainsAuthoritativeAcrossTransitions","Elapsed":1.39}
{"Time":"2026-09-11T15:25:26.357497706-07:00","Action":"run","Package":"github.com/JDinSeattle/forge-runtime/tests/review","Test":"TestReviewLeaseExpiryDuringEvidenceWaitFencesCommit"}
{"Time":"2026-09-11T15:25:26.357499421-07:00","Action":"output","Package":"github.com/JDinSeattle/forge-runtime/tests/review","Test":"TestReviewLeaseExpiryDuringEvidenceWaitFencesCommit","Output":"=== RUN   TestReviewLeaseExpiryDuringEvidenceWaitFencesCommit\n"}
{"Time":"2026-09-11T15:25:27.361007381-07:00","Action":"output","Package":"github.com/JDinSeattle/forge-runtime/internal/application","Output":"ok  \tgithub.com/JDinSeattle/forge-runtime/internal/application\t33.236s\n"}
{"Time":"2026-09-11T15:25:27.361044641-07:00","Action":"pass","Package":"github.com/JDinSeattle/forge-runtime/internal/application","Elapsed":33.236}
{"Time":"2026-09-11T15:25:27.640753881-07:00","Action":"output","Package":"github.com/JDinSeattle/forge-runtime/tests/review","Test":"TestReviewLeaseExpiryDuringEvidenceWaitFencesCommit","Output":"--- PASS: TestReviewLeaseExpiryDuringEvidenceWaitFencesCommit (1.28s)\n"}
{"Time":"2026-09-11T15:25:27.640782259-07:00","Action":"pass","Package":"github.com/JDinSeattle/forge-runtime/tests/review","Test":"TestReviewLeaseExpiryDuringEvidenceWaitFencesCommit","Elapsed":1.28}
{"Time":"2026-09-11T15:25:27.640786428-07:00","Action":"run","Package":"github.com/JDinSeattle/forge-runtime/tests/review","Test":"TestReviewDeferredModelRunCanBeReclaimed"}
{"Time":"2026-09-11T15:25:27.640787842-07:00","Action":"output","Package":"github.com/JDinSeattle/forge-runtime/tests/review","Test":"TestReviewDeferredModelRunCanBeReclaimed","Output":"=== RUN   TestReviewDeferredModelRunCanBeReclaimed\n"}
{"Time":"2026-09-11T15:25:27.924065679-07:00","Action":"output","Package":"github.com/JDinSeattle/forge-runtime/tests/review","Test":"TestReviewDeferredModelRunCanBeReclaimed","Output":"--- PASS: TestReviewDeferredModelRunCanBeReclaimed (0.28s)\n"}
{"Time":"2026-09-11T15:25:27.924093951-07:00","Action":"pass","Package":"github.com/JDinSeattle/forge-runtime/tests/review","Test":"TestReviewDeferredModelRunCanBeReclaimed","Elapsed":0.28}
{"Time":"2026-09-11T15:25:27.924099272-07:00","Action":"run","Package":"github.com/JDinSeattle/forge-runtime/tests/review","Test":"TestReviewAPIRoleGuardChecksResolvedSchemaAndInheritedOwnership"}
{"Time":"2026-09-11T15:25:27.92410073-07:00","Action":"output","Package":"github.com/JDinSeattle/forge-runtime/tests/review","Test":"TestReviewAPIRoleGuardChecksResolvedSchemaAndInheritedOwnership","Output":"=== RUN   TestReviewAPIRoleGuardChecksResolvedSchemaAndInheritedOwnership\n"}
{"Time":"2026-09-11T15:25:28.175587086-07:00","Action":"output","Package":"github.com/JDinSeattle/forge-runtime/tests/review","Test":"TestReviewAPIRoleGuardChecksResolvedSchemaAndInheritedOwnership","Output":"--- PASS: TestReviewAPIRoleGuardChecksResolvedSchemaAndInheritedOwnership (0.25s)\n"}
{"Time":"2026-09-11T15:25:28.175611071-07:00","Action":"pass","Package":"github.com/JDinSeattle/forge-runtime/tests/review","Test":"TestReviewAPIRoleGuardChecksResolvedSchemaAndInheritedOwnership","Elapsed":0.25}
{"Time":"2026-09-11T15:25:28.175615135-07:00","Action":"run","Package":"github.com/JDinSeattle/forge-runtime/tests/review","Test":"TestReviewHTMLCharactersPreserveToolArgumentHashAcrossPersistence"}
{"Time":"2026-09-11T15:25:28.175616576-07:00","Action":"output","Package":"github.com/JDinSeattle/forge-runtime/tests/review","Test":"TestReviewHTMLCharactersPreserveToolArgumentHashAcrossPersistence","Output":"=== RUN   TestReviewHTMLCharactersPreserveToolArgumentHashAcrossPersistence\n"}
{"Time":"2026-09-11T15:25:28.458384997-07:00","Action":"output","Package":"github.com/JDinSeattle/forge-runtime/tests/review","Test":"TestReviewHTMLCharactersPreserveToolArgumentHashAcrossPersistence","Output":"--- PASS: TestReviewHTMLCharactersPreserveToolArgumentHashAcrossPersistence (0.28s)\n"}
{"Time":"2026-09-11T15:25:28.458417427-07:00","Action":"pass","Package":"github.com/JDinSeattle/forge-runtime/tests/review","Test":"TestReviewHTMLCharactersPreserveToolArgumentHashAcrossPersistence","Elapsed":0.28}
{"Time":"2026-09-11T15:25:28.458421852-07:00","Action":"run","Package":"github.com/JDinSeattle/forge-runtime/tests/review","Test":"TestRecoveryPostgresAdditiveUpgrade"}
{"Time":"2026-09-11T15:25:28.458423349-07:00","Action":"output","Package":"github.com/JDinSeattle/forge-runtime/tests/review","Test":"TestRecoveryPostgresAdditiveUpgrade","Output":"=== RUN   TestRecoveryPostgresAdditiveUpgrade\n"}
{"Time":"2026-09-11T15:25:28.680417876-07:00","Action":"output","Package":"github.com/JDinSeattle/forge-runtime/tests/review","Test":"TestRecoveryPostgresAdditiveUpgrade","Output":"    upgrade_test.go:150: private PostgreSQL schema upgraded 6 -\u003e 11 twice; original run columns, unknown effect, artifact metadata and snapshot bytes unchanged; new priority defaults to zero and holds are NULL\n"}
{"Time":"2026-09-11T15:25:28.722135118-07:00","Action":"output","Package":"github.com/JDinSeattle/forge-runtime/tests/review","Test":"TestRecoveryPostgresAdditiveUpgrade","Output":"--- PASS: TestRecoveryPostgresAdditiveUpgrade (0.26s)\n"}
{"Time":"2026-09-11T15:25:28.722157962-07:00","Action":"pass","Package":"github.com/JDinSeattle/forge-runtime/tests/review","Test":"TestRecoveryPostgresAdditiveUpgrade","Elapsed":0.26}
{"Time":"2026-09-11T15:25:28.722162234-07:00","Action":"run","Package":"github.com/JDinSeattle/forge-runtime/tests/review","Test":"TestRecoverySQLiteV3AdditiveUpgrade"}
{"Time":"2026-09-11T15:25:28.722163808-07:00","Action":"output","Package":"github.com/JDinSeattle/forge-runtime/tests/review","Test":"TestRecoverySQLiteV3AdditiveUpgrade","Output":"=== RUN   TestRecoverySQLiteV3AdditiveUpgrade\n"}
{"Time":"2026-09-11T15:25:29.309508726-07:00","Action":"output","Package":"github.com/JDinSeattle/forge-runtime/tests/review","Test":"TestRecoverySQLiteV3AdditiveUpgrade","Output":"    upgrade_test.go:311: real SQLite 3 -\u003e 4 migration preserved two immutable operations/receipt; missing legacy dispatch evidence stays unknown; zero new backend launches\n"}
{"Time":"2026-09-11T15:25:29.321351193-07:00","Action":"output","Package":"github.com/JDinSeattle/forge-runtime/tests/review","Test":"TestRecoverySQLiteV3AdditiveUpgrade","Output":"--- PASS: TestRecoverySQLiteV3AdditiveUpgrade (0.60s)\n"}
{"Time":"2026-09-11T15:25:29.321370832-07:00","Action":"pass","Package":"github.com/JDinSeattle/forge-runtime/tests/review","Test":"TestRecoverySQLiteV3AdditiveUpgrade","Elapsed":0.6}
{"Time":"2026-09-11T15:25:29.321400386-07:00","Action":"output","Package":"github.com/JDinSeattle/forge-runtime/tests/review","Output":"PASS\n"}
{"Time":"2026-09-11T15:25:30.332562722-07:00","Action":"output","Package":"github.com/JDinSeattle/forge-runtime/tests/review","Output":"ok  \tgithub.com/JDinSeattle/forge-runtime/tests/review\t36.171s\n"}
{"Time":"2026-09-11T15:25:30.332594371-07:00","Action":"pass","Package":"github.com/JDinSeattle/forge-runtime/tests/review","Elapsed":36.171}
