{"Time":"2026-09-11T16:55:22.284096862-07:00","Action":"start","Package":"github.com/JDinSeattle/forge-runtime/internal/runner"}
{"Time":"2026-09-11T16:55:22.297190605-07:00","Action":"run","Package":"github.com/JDinSeattle/forge-runtime/internal/runner","Test":"TestCleanupGrantIsPurposeRestrictedAndLeaseBound"}
{"Time":"2026-09-11T16:55:22.297216703-07:00","Action":"output","Package":"github.com/JDinSeattle/forge-runtime/internal/runner","Test":"TestCleanupGrantIsPurposeRestrictedAndLeaseBound","Output":"=== RUN   TestCleanupGrantIsPurposeRestrictedAndLeaseBound\n"}
{"Time":"2026-09-11T16:55:22.298031297-07:00","Action":"output","Package":"github.com/JDinSeattle/forge-runtime/internal/runner","Test":"TestCleanupGrantIsPurposeRestrictedAndLeaseBound","Output":"--- PASS: TestCleanupGrantIsPurposeRestrictedAndLeaseBound (0.00s)\n"}
{"Time":"2026-09-11T16:55:22.29804157-07:00","Action":"pass","Package":"github.com/JDinSeattle/forge-runtime/internal/runner","Test":"TestCleanupGrantIsPurposeRestrictedAndLeaseBound","Elapsed":0}
{"Time":"2026-09-11T16:55:22.298051074-07:00","Action":"run","Package":"github.com/JDinSeattle/forge-runtime/internal/runner","Test":"TestConcurrentIdempotentPatchWritesExactlyOnce"}
{"Time":"2026-09-11T16:55:22.298053185-07:00","Action":"output","Package":"github.com/JDinSeattle/forge-runtime/internal/runner","Test":"TestConcurrentIdempotentPatchWritesExactlyOnce","Output":"=== RUN   TestConcurrentIdempotentPatchWritesExactlyOnce\n"}
{"Time":"2026-09-11T16:55:22.600772789-07:00","Action":"output","Package":"github.com/JDinSeattle/forge-runtime/internal/runner","Test":"TestConcurrentIdempotentPatchWritesExactlyOnce","Output":"--- PASS: TestConcurrentIdempotentPatchWritesExactlyOnce (0.30s)\n"}
{"Time":"2026-09-11T16:55:22.600794892-07:00","Action":"pass","Package":"github.com/JDinSeattle/forge-runtime/internal/runner","Test":"TestConcurrentIdempotentPatchWritesExactlyOnce","Elapsed":0.3}
{"Time":"2026-09-11T16:55:22.600800882-07:00","Action":"run","Package":"github.com/JDinSeattle/forge-runtime/internal/runner","Test":"TestAppliedPatchReceiptWindowRecoversWithoutReplay"}
{"Time":"2026-09-11T16:55:22.600802471-07:00","Action":"output","Package":"github.com/JDinSeattle/forge-runtime/internal/runner","Test":"TestAppliedPatchReceiptWindowRecoversWithoutReplay","Output":"=== RUN   TestAppliedPatchReceiptWindowRecoversWithoutReplay\n"}
{"Time":"2026-09-11T16:55:22.838611814-07:00","Action":"start","Package":"github.com/JDinSeattle/forge-runtime/internal/runnerclient"}
{"Time":"2026-09-11T16:55:22.83870556-07:00","Action":"start","Package":"github.com/JDinSeattle/forge-runtime/cmd/forge-runner"}
{"Time":"2026-09-11T16:55:22.849454201-07:00","Action":"run","Package":"github.com/JDinSeattle/forge-runtime/internal/runnerclient","Test":"TestRealDockerRunnerIsolationQuotaAndCancellation"}
{"Time":"2026-09-11T16:55:22.849484491-07:00","Action":"output","Package":"github.com/JDinSeattle/forge-runtime/internal/runnerclient","Test":"TestRealDockerRunnerIsolationQuotaAndCancellation","Output":"=== RUN   TestRealDockerRunnerIsolationQuotaAndCancellation\n"}
{"Time":"2026-09-11T16:55:22.849500225-07:00","Action":"output","Package":"github.com/JDinSeattle/forge-runtime/internal/runnerclient","Test":"TestRealDockerRunnerIsolationQuotaAndCancellation","Output":"    docker_integration_test.go:31: set FORGE_REAL_RUNNER_CONFIG to an operator-owned real runner configuration\n"}
{"Time":"2026-09-11T16:55:22.849507844-07:00","Action":"output","Package":"github.com/JDinSeattle/forge-runtime/internal/runnerclient","Test":"TestRealDockerRunnerIsolationQuotaAndCancellation","Output":"--- SKIP: TestRealDockerRunnerIsolationQuotaAndCancellation (0.00s)\n"}
{"Time":"2026-09-11T16:55:22.849509728-07:00","Action":"skip","Package":"github.com/JDinSeattle/forge-runtime/internal/runnerclient","Test":"TestRealDockerRunnerIsolationQuotaAndCancellation","Elapsed":0}
{"Time":"2026-09-11T16:55:22.849514592-07:00","Action":"run","Package":"github.com/JDinSeattle/forge-runtime/internal/runnerclient","Test":"TestRealRunnerExecutionEvidence"}
{"Time":"2026-09-11T16:55:22.849516752-07:00","Action":"output","Package":"github.com/JDinSeattle/forge-runtime/internal/runnerclient","Test":"TestRealRunnerExecutionEvidence","Output":"=== RUN   TestRealRunnerExecutionEvidence\n"}
{"Time":"2026-09-11T16:55:22.849525356-07:00","Action":"output","Package":"github.com/JDinSeattle/forge-runtime/internal/runnerclient","Test":"TestRealRunnerExecutionEvidence","Output":"    execution_benchmark_test.go:365: opt in with FORGE_RUN_EXECUTION_EVIDENCE=1 and an existing real mapped runner\n"}
{"Time":"2026-09-11T16:55:22.849527885-07:00","Action":"output","Package":"github.com/JDinSeattle/forge-runtime/internal/runnerclient","Test":"TestRealRunnerExecutionEvidence","Output":"--- SKIP: TestRealRunnerExecutionEvidence (0.00s)\n"}
{"Time":"2026-09-11T16:55:22.849531543-07:00","Action":"skip","Package":"github.com/JDinSeattle/forge-runtime/internal/runnerclient","Test":"TestRealRunnerExecutionEvidence","Elapsed":0}
{"Time":"2026-09-11T16:55:22.849533712-07:00","Action":"run","Package":"github.com/JDinSeattle/forge-runtime/internal/runnerclient","Test":"TestP06ArtifactOraclesRejectMismatchedProofs"}
{"Time":"2026-09-11T16:55:22.84953563-07:00","Action":"output","Package":"github.com/JDinSeattle/forge-runtime/internal/runnerclient","Test":"TestP06ArtifactOraclesRejectMismatchedProofs","Output":"=== RUN   TestP06ArtifactOraclesRejectMismatchedProofs\n"}
{"Time":"2026-09-11T16:55:22.849610772-07:00","Action":"run","Package":"github.com/JDinSeattle/forge-runtime/cmd/forge-runner","Test":"TestFaultPlanRejectsUnsafeScopeAndLocation"}
{"Time":"2026-09-11T16:55:22.849613124-07:00","Action":"output","Package":"github.com/JDinSeattle/forge-runtime/cmd/forge-runner","Test":"TestFaultPlanRejectsUnsafeScopeAndLocation","Output":"=== RUN   TestFaultPlanRejectsUnsafeScopeAndLocation\n"}
{"Time":"2026-09-11T16:55:22.849627653-07:00","Action":"run","Package":"github.com/JDinSeattle/forge-runtime/cmd/forge-runner","Test":"TestFaultPlanRejectsUnsafeScopeAndLocation/point"}
{"Time":"2026-09-11T16:55:22.849630045-07:00","Action":"output","Package":"github.com/JDinSeattle/forge-runtime/cmd/forge-runner","Test":"TestFaultPlanRejectsUnsafeScopeAndLocation/point","Output":"=== RUN   TestFaultPlanRejectsUnsafeScopeAndLocation/point\n"}
{"Time":"2026-09-11T16:55:22.850084288-07:00","Action":"output","Package":"github.com/JDinSeattle/forge-runtime/cmd/forge-runner","Test":"TestFaultPlanRejectsUnsafeScopeAndLocation/point","Output":"--- PASS: TestFaultPlanRejectsUnsafeScopeAndLocation/point (0.00s)\n"}
{"Time":"2026-09-11T16:55:22.850096639-07:00","Action":"pass","Package":"github.com/JDinSeattle/forge-runtime/cmd/forge-runner","Test":"TestFaultPlanRejectsUnsafeScopeAndLocation/point","Elapsed":0}
{"Time":"2026-09-11T16:55:22.850104953-07:00","Action":"run","Package":"github.com/JDinSeattle/forge-runtime/cmd/forge-runner","Test":"TestFaultPlanRejectsUnsafeScopeAndLocation/operation"}
{"Time":"2026-09-11T16:55:22.85010688-07:00","Action":"output","Package":"github.com/JDinSeattle/forge-runtime/cmd/forge-runner","Test":"TestFaultPlanRejectsUnsafeScopeAndLocation/operation","Output":"=== RUN   TestFaultPlanRejectsUnsafeScopeAndLocation/operation\n"}
{"Time":"2026-09-11T16:55:22.850350797-07:00","Action":"output","Package":"github.com/JDinSeattle/forge-runtime/cmd/forge-runner","Test":"TestFaultPlanRejectsUnsafeScopeAndLocation/operation","Output":"--- PASS: TestFaultPlanRejectsUnsafeScopeAndLocation/operation (0.00s)\n"}
{"Time":"2026-09-11T16:55:22.850354362-07:00","Action":"output","Package":"github.com/JDinSeattle/forge-runtime/internal/runnerclient","Test":"TestP06ArtifactOraclesRejectMismatchedProofs","Output":"--- PASS: TestP06ArtifactOraclesRejectMismatchedProofs (0.00s)\n"}
{"Time":"2026-09-11T16:55:22.850357602-07:00","Action":"pass","Package":"github.com/JDinSeattle/forge-runtime/cmd/forge-runner","Test":"TestFaultPlanRejectsUnsafeScopeAndLocation/operation","Elapsed":0}
{"Time":"2026-09-11T16:55:22.850360267-07:00","Action":"pass","Package":"github.com/JDinSeattle/forge-runtime/internal/runnerclient","Test":"TestP06ArtifactOraclesRejectMismatchedProofs","Elapsed":0}
{"Time":"2026-09-11T16:55:22.850367464-07:00","Action":"run","Package":"github.com/JDinSeattle/forge-runtime/cmd/forge-runner","Test":"TestFaultPlanRejectsUnsafeScopeAndLocation/epoch"}
{"Time":"2026-09-11T16:55:22.850369264-07:00","Action":"output","Package":"github.com/JDinSeattle/forge-runtime/cmd/forge-runner","Test":"TestFaultPlanRejectsUnsafeScopeAndLocation/epoch","Output":"=== RUN   TestFaultPlanRejectsUnsafeScopeAndLocation/epoch\n"}
{"Time":"2026-09-11T16:55:22.850371802-07:00","Action":"run","Package":"github.com/JDinSeattle/forge-runtime/internal/runnerclient","Test":"TestP06IntentOracleRejectsCrossSampleAndAlteredIntent"}
{"Time":"2026-09-11T16:55:22.850373409-07:00","Action":"output","Package":"github.com/JDinSeattle/forge-runtime/internal/runnerclient","Test":"TestP06IntentOracleRejectsCrossSampleAndAlteredIntent","Output":"=== RUN   TestP06IntentOracleRejectsCrossSampleAndAlteredIntent\n"}
{"Time":"2026-09-11T16:55:22.850407469-07:00","Action":"run","Package":"github.com/JDinSeattle/forge-runtime/internal/runnerclient","Test":"TestP06IntentOracleRejectsCrossSampleAndAlteredIntent/other_self_consistent_sample"}
{"Time":"2026-09-11T16:55:22.850411169-07:00","Action":"output","Package":"github.com/JDinSeattle/forge-runtime/internal/runnerclient","Test":"TestP06IntentOracleRejectsCrossSampleAndAlteredIntent/other_self_consistent_sample","Output":"=== RUN   TestP06IntentOracleRejectsCrossSampleAndAlteredIntent/other_self_consistent_sample\n"}
{"Time":"2026-09-11T16:55:22.85044172-07:00","Action":"output","Package":"github.com/JDinSeattle/forge-runtime/internal/runnerclient","Test":"TestP06IntentOracleRejectsCrossSampleAndAlteredIntent/other_self_consistent_sample","Output":"--- PASS: TestP06IntentOracleRejectsCrossSampleAndAlteredIntent/other_self_consistent_sample (0.00s)\n"}
{"Time":"2026-09-11T16:55:22.850444277-07:00","Action":"pass","Package":"github.com/JDinSeattle/forge-runtime/internal/runnerclient","Test":"TestP06IntentOracleRejectsCrossSampleAndAlteredIntent/other_self_consistent_sample","Elapsed":0}
{"Time":"2026-09-11T16:55:22.850450555-07:00","Action":"run","Package":"github.com/JDinSeattle/forge-runtime/internal/runnerclient","Test":"TestP06IntentOracleRejectsCrossSampleAndAlteredIntent/operation"}
{"Time":"2026-09-11T16:55:22.850452324-07:00","Action":"output","Package":"github.com/JDinSeattle/forge-runtime/internal/runnerclient","Test":"TestP06IntentOracleRejectsCrossSampleAndAlteredIntent/operation","Output":"=== RUN   TestP06IntentOracleRejectsCrossSampleAndAlteredIntent/operation\n"}
{"Time":"2026-09-11T16:55:22.850472992-07:00","Action":"output","Package":"github.com/JDinSeattle/forge-runtime/internal/runnerclient","Test":"TestP06IntentOracleRejectsCrossSampleAndAlteredIntent/operation","Output":"--- PASS: TestP06IntentOracleRejectsCrossSampleAndAlteredIntent/operation (0.00s)\n"}
{"Time":"2026-09-11T16:55:22.8504767-07:00","Action":"pass","Package":"github.com/JDinSeattle/forge-runtime/internal/runnerclient","Test":"TestP06IntentOracleRejectsCrossSampleAndAlteredIntent/operation","Elapsed":0}
{"Time":"2026-09-11T16:55:22.850485516-07:00","Action":"run","Package":"github.com/JDinSeattle/forge-runtime/internal/runnerclient","Test":"TestP06IntentOracleRejectsCrossSampleAndAlteredIntent/kind"}
{"Time":"2026-09-11T16:55:22.850488386-07:00","Action":"output","Package":"github.com/JDinSeattle/forge-runtime/internal/runnerclient","Test":"TestP06IntentOracleRejectsCrossSampleAndAlteredIntent/kind","Output":"=== RUN   TestP06IntentOracleRejectsCrossSampleAndAlteredIntent/kind\n"}
{"Time":"2026-09-11T16:55:22.8505046-07:00","Action":"output","Package":"github.com/JDinSeattle/forge-runtime/internal/runnerclient","Test":"TestP06IntentOracleRejectsCrossSampleAndAlteredIntent/kind","Output":"--- PASS: TestP06IntentOracleRejectsCrossSampleAndAlteredIntent/kind (0.00s)\n"}
{"Time":"2026-09-11T16:55:22.850510134-07:00","Action":"pass","Package":"github.com/JDinSeattle/forge-runtime/internal/runnerclient","Test":"TestP06IntentOracleRejectsCrossSampleAndAlteredIntent/kind","Elapsed":0}
{"Time":"2026-09-11T16:55:22.850518268-07:00","Action":"run","Package":"github.com/JDinSeattle/forge-runtime/internal/runnerclient","Test":"TestP06IntentOracleRejectsCrossSampleAndAlteredIntent/deadline"}
{"Time":"2026-09-11T16:55:22.850519698-07:00","Action":"output","Package":"github.com/JDinSeattle/forge-runtime/internal/runnerclient","Test":"TestP06IntentOracleRejectsCrossSampleAndAlteredIntent/deadline","Output":"=== RUN   TestP06IntentOracleRejectsCrossSampleAndAlteredIntent/deadline\n"}
{"Time":"2026-09-11T16:55:22.850536491-07:00","Action":"output","Package":"github.com/JDinSeattle/forge-runtime/internal/runnerclient","Test":"TestP06IntentOracleRejectsCrossSampleAndAlteredIntent/deadline","Output":"--- PASS: TestP06IntentOracleRejectsCrossSampleAndAlteredIntent/deadline (0.00s)\n"}
{"Time":"2026-09-11T16:55:22.850542094-07:00","Action":"pass","Package":"github.com/JDinSeattle/forge-runtime/internal/runnerclient","Test":"TestP06IntentOracleRejectsCrossSampleAndAlteredIntent/deadline","Elapsed":0}
{"Time":"2026-09-11T16:55:22.85054763-07:00","Action":"run","Package":"github.com/JDinSeattle/forge-runtime/internal/runnerclient","Test":"TestP06IntentOracleRejectsCrossSampleAndAlteredIntent/receipt_tenant"}
{"Time":"2026-09-11T16:55:22.850549009-07:00","Action":"output","Package":"github.com/JDinSeattle/forge-runtime/internal/runnerclient","Test":"TestP06IntentOracleRejectsCrossSampleAndAlteredIntent/receipt_tenant","Output":"=== RUN   TestP06IntentOracleRejectsCrossSampleAndAlteredIntent/receipt_tenant\n"}
{"Time":"2026-09-11T16:55:22.850568238-07:00","Action":"output","Package":"github.com/JDinSeattle/forge-runtime/internal/runnerclient","Test":"TestP06IntentOracleRejectsCrossSampleAndAlteredIntent/receipt_tenant","Output":"--- PASS: TestP06IntentOracleRejectsCrossSampleAndAlteredIntent/receipt_tenant (0.00s)\n"}
{"Time":"2026-09-11T16:55:22.850572375-07:00","Action":"pass","Package":"github.com/JDinSeattle/forge-runtime/internal/runnerclient","Test":"TestP06IntentOracleRejectsCrossSampleAndAlteredIntent/receipt_tenant","Elapsed":0}
{"Time":"2026-09-11T16:55:22.850577792-07:00","Action":"run","Package":"github.com/JDinSeattle/forge-runtime/internal/runnerclient","Test":"TestP06IntentOracleRejectsCrossSampleAndAlteredIntent/receipt_run"}
{"Time":"2026-09-11T16:55:22.85057904-07:00","Action":"output","Package":"github.com/JDinSeattle/forge-runtime/internal/runnerclient","Test":"TestP06IntentOracleRejectsCrossSampleAndAlteredIntent/receipt_run","Output":"=== RUN   TestP06IntentOracleRejectsCrossSampleAndAlteredIntent/receipt_run\n"}
{"Time":"2026-09-11T16:55:22.850597195-07:00","Action":"output","Package":"github.com/JDinSeattle/forge-runtime/internal/runnerclient","Test":"TestP06IntentOracleRejectsCrossSampleAndAlteredIntent/receipt_run","Output":"--- PASS: TestP06IntentOracleRejectsCrossSampleAndAlteredIntent/receipt_run (0.00s)\n"}
{"Time":"2026-09-11T16:55:22.85060407-07:00","Action":"pass","Package":"github.com/JDinSeattle/forge-runtime/internal/runnerclient","Test":"TestP06IntentOracleRejectsCrossSampleAndAlteredIntent/receipt_run","Elapsed":0}
{"Time":"2026-09-11T16:55:22.850607361-07:00","Action":"run","Package":"github.com/JDinSeattle/forge-runtime/internal/runnerclient","Test":"TestP06IntentOracleRejectsCrossSampleAndAlteredIntent/tenant"}
{"Time":"2026-09-11T16:55:22.850609248-07:00","Action":"output","Package":"github.com/JDinSeattle/forge-runtime/internal/runnerclient","Test":"TestP06IntentOracleRejectsCrossSampleAndAlteredIntent/tenant","Output":"=== RUN   TestP06IntentOracleRejectsCrossSampleAndAlteredIntent/tenant\n"}
{"Time":"2026-09-11T16:55:22.850628085-07:00","Action":"output","Package":"github.com/JDinSeattle/forge-runtime/internal/runnerclient","Test":"TestP06IntentOracleRejectsCrossSampleAndAlteredIntent/tenant","Output":"--- PASS: TestP06IntentOracleRejectsCrossSampleAndAlteredIntent/tenant (0.00s)\n"}
{"Time":"2026-09-11T16:55:22.850632097-07:00","Action":"pass","Package":"github.com/JDinSeattle/forge-runtime/internal/runnerclient","Test":"TestP06IntentOracleRejectsCrossSampleAndAlteredIntent/tenant","Elapsed":0}
{"Time":"2026-09-11T16:55:22.850638323-07:00","Action":"run","Package":"github.com/JDinSeattle/forge-runtime/internal/runnerclient","Test":"TestP06IntentOracleRejectsCrossSampleAndAlteredIntent/run"}
{"Time":"2026-09-11T16:55:22.850640173-07:00","Action":"output","Package":"github.com/JDinSeattle/forge-runtime/internal/runnerclient","Test":"TestP06IntentOracleRejectsCrossSampleAndAlteredIntent/run","Output":"=== RUN   TestP06IntentOracleRejectsCrossSampleAndAlteredIntent/run\n"}
{"Time":"2026-09-11T16:55:22.850656736-07:00","Action":"output","Package":"github.com/JDinSeattle/forge-runtime/internal/runnerclient","Test":"TestP06IntentOracleRejectsCrossSampleAndAlteredIntent/run","Output":"--- PASS: TestP06IntentOracleRejectsCrossSampleAndAlteredIntent/run (0.00s)\n"}
{"Time":"2026-09-11T16:55:22.850662447-07:00","Action":"pass","Package":"github.com/JDinSeattle/forge-runtime/internal/runnerclient","Test":"TestP06IntentOracleRejectsCrossSampleAndAlteredIntent/run","Elapsed":0}
{"Time":"2026-09-11T16:55:22.85066877-07:00","Action":"run","Package":"github.com/JDinSeattle/forge-runtime/internal/runnerclient","Test":"TestP06IntentOracleRejectsCrossSampleAndAlteredIntent/workspace"}
{"Time":"2026-09-11T16:55:22.850670963-07:00","Action":"output","Package":"github.com/JDinSeattle/forge-runtime/internal/runnerclient","Test":"TestP06IntentOracleRejectsCrossSampleAndAlteredIntent/workspace","Output":"=== RUN   TestP06IntentOracleRejectsCrossSampleAndAlteredIntent/workspace\n"}
{"Time":"2026-09-11T16:55:22.850684114-07:00","Action":"output","Package":"github.com/JDinSeattle/forge-runtime/cmd/forge-runner","Test":"TestFaultPlanRejectsUnsafeScopeAndLocation/epoch","Output":"--- PASS: TestFaultPlanRejectsUnsafeScopeAndLocation/epoch (0.00s)\n"}
{"Time":"2026-09-11T16:55:22.850687392-07:00","Action":"output","Package":"github.com/JDinSeattle/forge-runtime/internal/runnerclient","Test":"TestP06IntentOracleRejectsCrossSampleAndAlteredIntent/workspace","Output":"--- PASS: TestP06IntentOracleRejectsCrossSampleAndAlteredIntent/workspace (0.00s)\n"}
{"Time":"2026-09-11T16:55:22.850690778-07:00","Action":"pass","Package":"github.com/JDinSeattle/forge-runtime/cmd/forge-runner","Test":"TestFaultPlanRejectsUnsafeScopeAndLocation/epoch","Elapsed":0}
{"Time":"2026-09-11T16:55:22.850693457-07:00","Action":"pass","Package":"github.com/JDinSeattle/forge-runtime/internal/runnerclient","Test":"TestP06IntentOracleRejectsCrossSampleAndAlteredIntent/workspace","Elapsed":0}
{"Time":"2026-09-11T16:55:22.850700864-07:00","Action":"run","Package":"github.com/JDinSeattle/forge-runtime/cmd/forge-runner","Test":"TestFaultPlanRejectsUnsafeScopeAndLocation/expired"}
{"Time":"2026-09-11T16:55:22.850702707-07:00","Action":"output","Package":"github.com/JDinSeattle/forge-runtime/cmd/forge-runner","Test":"TestFaultPlanRejectsUnsafeScopeAndLocation/expired","Output":"=== RUN   TestFaultPlanRejectsUnsafeScopeAndLocation/expired\n"}
{"Time":"2026-09-11T16:55:22.850708735-07:00","Action":"run","Package":"github.com/JDinSeattle/forge-runtime/internal/runnerclient","Test":"TestP06IntentOracleRejectsCrossSampleAndAlteredIntent/epoch"}
{"Time":"2026-09-11T16:55:22.850710601-07:00","Action":"output","Package":"github.com/JDinSeattle/forge-runtime/internal/runnerclient","Test":"TestP06IntentOracleRejectsCrossSampleAndAlteredIntent/epoch","Output":"=== RUN   TestP06IntentOracleRejectsCrossSampleAndAlteredIntent/epoch\n"}
{"Time":"2026-09-11T16:55:22.850726278-07:00","Action":"output","Package":"github.com/JDinSeattle/forge-runtime/internal/runnerclient","Test":"TestP06IntentOracleRejectsCrossSampleAndAlteredIntent/epoch","Output":"--- PASS: TestP06IntentOracleRejectsCrossSampleAndAlteredIntent/epoch (0.00s)\n"}
{"Time":"2026-09-11T16:55:22.850732425-07:00","Action":"pass","Package":"github.com/JDinSeattle/forge-runtime/internal/runnerclient","Test":"TestP06IntentOracleRejectsCrossSampleAndAlteredIntent/epoch","Elapsed":0}
{"Time":"2026-09-11T16:55:22.850738876-07:00","Action":"run","Package":"github.com/JDinSeattle/forge-runtime/internal/runnerclient","Test":"TestP06IntentOracleRejectsCrossSampleAndAlteredIntent/revision"}
{"Time":"2026-09-11T16:55:22.850741803-07:00","Action":"output","Package":"github.com/JDinSeattle/forge-runtime/internal/runnerclient","Test":"TestP06IntentOracleRejectsCrossSampleAndAlteredIntent/revision","Output":"=== RUN   TestP06IntentOracleRejectsCrossSampleAndAlteredIntent/revision\n"}
{"Time":"2026-09-11T16:55:22.850758986-07:00","Action":"output","Package":"github.com/JDinSeattle/forge-runtime/internal/runnerclient","Test":"TestP06IntentOracleRejectsCrossSampleAndAlteredIntent/revision","Output":"--- PASS: TestP06IntentOracleRejectsCrossSampleAndAlteredIntent/revision (0.00s)\n"}
{"Time":"2026-09-11T16:55:22.850762804-07:00","Action":"pass","Package":"github.com/JDinSeattle/forge-runtime/internal/runnerclient","Test":"TestP06IntentOracleRejectsCrossSampleAndAlteredIntent/revision","Elapsed":0}
{"Time":"2026-09-11T16:55:22.850768532-07:00","Action":"run","Package":"github.com/JDinSeattle/forge-runtime/internal/runnerclient","Test":"TestP06IntentOracleRejectsCrossSampleAndAlteredIntent/policy"}
{"Time":"2026-09-11T16:55:22.850770175-07:00","Action":"output","Package":"github.com/JDinSeattle/forge-runtime/internal/runnerclient","Test":"TestP06IntentOracleRejectsCrossSampleAndAlteredIntent/policy","Output":"=== RUN   TestP06IntentOracleRejectsCrossSampleAndAlteredIntent/policy\n"}
{"Time":"2026-09-11T16:55:22.85078595-07:00","Action":"output","Package":"github.com/JDinSeattle/forge-runtime/internal/runnerclient","Test":"TestP06IntentOracleRejectsCrossSampleAndAlteredIntent/policy","Output":"--- PASS: TestP06IntentOracleRejectsCrossSampleAndAlteredIntent/policy (0.00s)\n"}
{"Time":"2026-09-11T16:55:22.850790038-07:00","Action":"pass","Package":"github.com/JDinSeattle/forge-runtime/internal/runnerclient","Test":"TestP06IntentOracleRejectsCrossSampleAndAlteredIntent/policy","Elapsed":0}
{"Time":"2026-09-11T16:55:22.850800135-07:00","Action":"run","Package":"github.com/JDinSeattle/forge-runtime/internal/runnerclient","Test":"TestP06IntentOracleRejectsCrossSampleAndAlteredIntent/nonterminal"}
{"Time":"2026-09-11T16:55:22.850802005-07:00","Action":"output","Package":"github.com/JDinSeattle/forge-runtime/internal/runnerclient","Test":"TestP06IntentOracleRejectsCrossSampleAndAlteredIntent/nonterminal","Output":"=== RUN   TestP06IntentOracleRejectsCrossSampleAndAlteredIntent/nonterminal\n"}
{"Time":"2026-09-11T16:55:22.850822638-07:00","Action":"output","Package":"github.com/JDinSeattle/forge-runtime/internal/runnerclient","Test":"TestP06IntentOracleRejectsCrossSampleAndAlteredIntent/nonterminal","Output":"--- PASS: TestP06IntentOracleRejectsCrossSampleAndAlteredIntent/nonterminal (0.00s)\n"}
{"Time":"2026-09-11T16:55:22.850826389-07:00","Action":"pass","Package":"github.com/JDinSeattle/forge-runtime/internal/runnerclient","Test":"TestP06IntentOracleRejectsCrossSampleAndAlteredIntent/nonterminal","Elapsed":0}
{"Time":"2026-09-11T16:55:22.850835992-07:00","Action":"run","Package":"github.com/JDinSeattle/forge-runtime/internal/runnerclient","Test":"TestP06IntentOracleRejectsCrossSampleAndAlteredIntent/args"}
{"Time":"2026-09-11T16:55:22.850837881-07:00","Action":"output","Package":"github.com/JDinSeattle/forge-runtime/internal/runnerclient","Test":"TestP06IntentOracleRejectsCrossSampleAndAlteredIntent/args","Output":"=== RUN   TestP06IntentOracleRejectsCrossSampleAndAlteredIntent/args\n"}
{"Time":"2026-09-11T16:55:22.850859169-07:00","Action":"output","Package":"github.com/JDinSeattle/forge-runtime/internal/runnerclient","Test":"TestP06IntentOracleRejectsCrossSampleAndAlteredIntent/args","Output":"--- PASS: TestP06IntentOracleRejectsCrossSampleAndAlteredIntent/args (0.00s)\n"}
{"Time":"2026-09-11T16:55:22.850863054-07:00","Action":"pass","Package":"github.com/JDinSeattle/forge-runtime/internal/runnerclient","Test":"TestP06IntentOracleRejectsCrossSampleAndAlteredIntent/args","Elapsed":0}
{"Time":"2026-09-11T16:55:22.850872818-07:00","Action":"run","Package":"github.com/JDinSeattle/forge-runtime/internal/runnerclient","Test":"TestP06IntentOracleRejectsCrossSampleAndAlteredIntent/args_hash"}
{"Time":"2026-09-11T16:55:22.850875582-07:00","Action":"output","Package":"github.com/JDinSeattle/forge-runtime/internal/runnerclient","Test":"TestP06IntentOracleRejectsCrossSampleAndAlteredIntent/args_hash","Output":"=== RUN   TestP06IntentOracleRejectsCrossSampleAndAlteredIntent/args_hash\n"}
{"Time":"2026-09-11T16:55:22.85089164-07:00","Action":"output","Package":"github.com/JDinSeattle/forge-runtime/internal/runnerclient","Test":"TestP06IntentOracleRejectsCrossSampleAndAlteredIntent/args_hash","Output":"--- PASS: TestP06IntentOracleRejectsCrossSampleAndAlteredIntent/args_hash (0.00s)\n"}
{"Time":"2026-09-11T16:55:22.850894557-07:00","Action":"pass","Package":"github.com/JDinSeattle/forge-runtime/internal/runnerclient","Test":"TestP06IntentOracleRejectsCrossSampleAndAlteredIntent/args_hash","Elapsed":0}
{"Time":"2026-09-11T16:55:22.850905127-07:00","Action":"output","Package":"github.com/JDinSeattle/forge-runtime/internal/runnerclient","Test":"TestP06IntentOracleRejectsCrossSampleAndAlteredIntent","Output":"--- PASS: TestP06IntentOracleRejectsCrossSampleAndAlteredIntent (0.00s)\n"}
{"Time":"2026-09-11T16:55:22.85091105-07:00","Action":"pass","Package":"github.com/JDinSeattle/forge-runtime/internal/runnerclient","Test":"TestP06IntentOracleRejectsCrossSampleAndAlteredIntent","Elapsed":0}
{"Time":"2026-09-11T16:55:22.850917808-07:00","Action":"run","Package":"github.com/JDinSeattle/forge-runtime/internal/runnerclient","Test":"TestP06NetworkOracleRejectsUsableExternalConnectivity"}
{"Time":"2026-09-11T16:55:22.850919683-07:00","Action":"output","Package":"github.com/JDinSeattle/forge-runtime/internal/runnerclient","Test":"TestP06NetworkOracleRejectsUsableExternalConnectivity","Output":"=== RUN   TestP06NetworkOracleRejectsUsableExternalConnectivity\n"}
{"Time":"2026-09-11T16:55:22.85095217-07:00","Action":"output","Package":"github.com/JDinSeattle/forge-runtime/cmd/forge-runner","Test":"TestFaultPlanRejectsUnsafeScopeAndLocation/expired","Output":"--- PASS: TestFaultPlanRejectsUnsafeScopeAndLocation/expired (0.00s)\n"}
{"Time":"2026-09-11T16:55:22.850955293-07:00","Action":"run","Package":"github.com/JDinSeattle/forge-runtime/internal/runnerclient","Test":"TestP06NetworkOracleRejectsUsableExternalConnectivity/ipv4_nonloopback_destination"}
{"Time":"2026-09-11T16:55:22.8509566-07:00","Action":"output","Package":"github.com/JDinSeattle/forge-runtime/internal/runnerclient","Test":"TestP06NetworkOracleRejectsUsableExternalConnectivity/ipv4_nonloopback_destination","Output":"=== RUN   TestP06NetworkOracleRejectsUsableExternalConnectivity/ipv4_nonloopback_destination\n"}
{"Time":"2026-09-11T16:55:22.850959944-07:00","Action":"pass","Package":"github.com/JDinSeattle/forge-runtime/cmd/forge-runner","Test":"TestFaultPlanRejectsUnsafeScopeAndLocation/expired","Elapsed":0}
{"Time":"2026-09-11T16:55:22.850968458-07:00","Action":"run","Package":"github.com/JDinSeattle/forge-runtime/cmd/forge-runner","Test":"TestFaultPlanRejectsUnsafeScopeAndLocation/long_expiry"}
{"Time":"2026-09-11T16:55:22.850970292-07:00","Action":"output","Package":"github.com/JDinSeattle/forge-runtime/cmd/forge-runner","Test":"TestFaultPlanRejectsUnsafeScopeAndLocation/long_expiry","Output":"=== RUN   TestFaultPlanRejectsUnsafeScopeAndLocation/long_expiry\n"}
{"Time":"2026-09-11T16:55:22.851201823-07:00","Action":"output","Package":"github.com/JDinSeattle/forge-runtime/internal/runnerclient","Test":"TestP06NetworkOracleRejectsUsableExternalConnectivity/ipv4_nonloopback_destination","Output":"--- PASS: TestP06NetworkOracleRejectsUsableExternalConnectivity/ipv4_nonloopback_destination (0.00s)\n"}
{"Time":"2026-09-11T16:55:22.851208821-07:00","Action":"pass","Package":"github.com/JDinSeattle/forge-runtime/internal/runnerclient","Test":"TestP06NetworkOracleRejectsUsableExternalConnectivity/ipv4_nonloopback_destination","Elapsed":0}
{"Time":"2026-09-11T16:55:22.851214661-07:00","Action":"output","Package":"github.com/JDinSeattle/forge-runtime/cmd/forge-runner","Test":"TestFaultPlanRejectsUnsafeScopeAndLocation/long_expiry","Output":"--- PASS: TestFaultPlanRejectsUnsafeScopeAndLocation/long_expiry (0.00s)\n"}
{"Time":"2026-09-11T16:55:22.851218849-07:00","Action":"run","Package":"github.com/JDinSeattle/forge-runtime/internal/runnerclient","Test":"TestP06NetworkOracleRejectsUsableExternalConnectivity/ipv6_nonloopback_destination"}
{"Time":"2026-09-11T16:55:22.851220158-07:00","Action":"output","Package":"github.com/JDinSeattle/forge-runtime/internal/runnerclient","Test":"TestP06NetworkOracleRejectsUsableExternalConnectivity/ipv6_nonloopback_destination","Output":"=== RUN   TestP06NetworkOracleRejectsUsableExternalConnectivity/ipv6_nonloopback_destination\n"}
{"Time":"2026-09-11T16:55:22.851222463-07:00","Action":"pass","Package":"github.com/JDinSeattle/forge-runtime/cmd/forge-runner","Test":"TestFaultPlanRejectsUnsafeScopeAndLocation/long_expiry","Elapsed":0}
{"Time":"2026-09-11T16:55:22.851237557-07:00","Action":"run","Package":"github.com/JDinSeattle/forge-runtime/cmd/forge-runner","Test":"TestFaultPlanRejectsUnsafeScopeAndLocation/long_delay"}
{"Time":"2026-09-11T16:55:22.85123938-07:00","Action":"output","Package":"github.com/JDinSeattle/forge-runtime/cmd/forge-runner","Test":"TestFaultPlanRejectsUnsafeScopeAndLocation/long_delay","Output":"=== RUN   TestFaultPlanRejectsUnsafeScopeAndLocation/long_delay\n"}
{"Time":"2026-09-11T16:55:22.851330037-07:00","Action":"output","Package":"github.com/JDinSeattle/forge-runtime/internal/runnerclient","Test":"TestP06NetworkOracleRejectsUsableExternalConnectivity/ipv6_nonloopback_destination","Output":"--- PASS: TestP06NetworkOracleRejectsUsableExternalConnectivity/ipv6_nonloopback_destination (0.00s)\n"}
{"Time":"2026-09-11T16:55:22.851335598-07:00","Action":"pass","Package":"github.com/JDinSeattle/forge-runtime/internal/runnerclient","Test":"TestP06NetworkOracleRejectsUsableExternalConnectivity/ipv6_nonloopback_destination","Elapsed":0}
{"Time":"2026-09-11T16:55:22.85134869-07:00","Action":"run","Package":"github.com/JDinSeattle/forge-runtime/internal/runnerclient","Test":"TestP06NetworkOracleRejectsUsableExternalConnectivity/unreported_interface"}
{"Time":"2026-09-11T16:55:22.851350537-07:00","Action":"output","Package":"github.com/JDinSeattle/forge-runtime/internal/runnerclient","Test":"TestP06NetworkOracleRejectsUsableExternalConnectivity/unreported_interface","Output":"=== RUN   TestP06NetworkOracleRejectsUsableExternalConnectivity/unreported_interface\n"}
{"Time":"2026-09-11T16:55:22.851454994-07:00","Action":"output","Package":"github.com/JDinSeattle/forge-runtime/internal/runnerclient","Test":"TestP06NetworkOracleRejectsUsableExternalConnectivity/unreported_interface","Output":"--- PASS: TestP06NetworkOracleRejectsUsableExternalConnectivity/unreported_interface (0.00s)\n"}
{"Time":"2026-09-11T16:55:22.85146226-07:00","Action":"pass","Package":"github.com/JDinSeattle/forge-runtime/internal/runnerclient","Test":"TestP06NetworkOracleRejectsUsableExternalConnectivity/unreported_interface","Elapsed":0}
{"Time":"2026-09-11T16:55:22.851469506-07:00","Action":"run","Package":"github.com/JDinSeattle/forge-runtime/internal/runnerclient","Test":"TestP06NetworkOracleRejectsUsableExternalConnectivity/no_loopback"}
{"Time":"2026-09-11T16:55:22.851471444-07:00","Action":"output","Package":"github.com/JDinSeattle/forge-runtime/internal/runnerclient","Test":"TestP06NetworkOracleRejectsUsableExternalConnectivity/no_loopback","Output":"=== RUN   TestP06NetworkOracleRejectsUsableExternalConnectivity/no_loopback\n"}
{"Time":"2026-09-11T16:55:22.851479493-07:00","Action":"output","Package":"github.com/JDinSeattle/forge-runtime/cmd/forge-runner","Test":"TestFaultPlanRejectsUnsafeScopeAndLocation/long_delay","Output":"--- PASS: TestFaultPlanRejectsUnsafeScopeAndLocation/long_delay (0.00s)\n"}
{"Time":"2026-09-11T16:55:22.851488671-07:00","Action":"pass","Package":"github.com/JDinSeattle/forge-runtime/cmd/forge-runner","Test":"TestFaultPlanRejectsUnsafeScopeAndLocation/long_delay","Elapsed":0}
{"Time":"2026-09-11T16:55:22.851497011-07:00","Action":"run","Package":"github.com/JDinSeattle/forge-runtime/cmd/forge-runner","Test":"TestFaultPlanRejectsUnsafeScopeAndLocation/public"}
{"Time":"2026-09-11T16:55:22.851500494-07:00","Action":"output","Package":"github.com/JDinSeattle/forge-runtime/cmd/forge-runner","Test":"TestFaultPlanRejectsUnsafeScopeAndLocation/public","Output":"=== RUN   TestFaultPlanRejectsUnsafeScopeAndLocation/public\n"}
{"Time":"2026-09-11T16:55:22.851574009-07:00","Action":"output","Package":"github.com/JDinSeattle/forge-runtime/internal/runnerclient","Test":"TestP06NetworkOracleRejectsUsableExternalConnectivity/no_loopback","Output":"--- PASS: TestP06NetworkOracleRejectsUsableExternalConnectivity/no_loopback (0.00s)\n"}
{"Time":"2026-09-11T16:55:22.85158158-07:00","Action":"pass","Package":"github.com/JDinSeattle/forge-runtime/internal/runnerclient","Test":"TestP06NetworkOracleRejectsUsableExternalConnectivity/no_loopback","Elapsed":0}
{"Time":"2026-09-11T16:55:22.851591221-07:00","Action":"run","Package":"github.com/JDinSeattle/forge-runtime/internal/runnerclient","Test":"TestP06NetworkOracleRejectsUsableExternalConnectivity/external_ipv4_address"}
{"Time":"2026-09-11T16:55:22.851592979-07:00","Action":"output","Package":"github.com/JDinSeattle/forge-runtime/internal/runnerclient","Test":"TestP06NetworkOracleRejectsUsableExternalConnectivity/external_ipv4_address","Output":"=== RUN   TestP06NetworkOracleRejectsUsableExternalConnectivity/external_ipv4_address\n"}
{"Time":"2026-09-11T16:55:22.851687969-07:00","Action":"output","Package":"github.com/JDinSeattle/forge-runtime/internal/runnerclient","Test":"TestP06NetworkOracleRejectsUsableExternalConnectivity/external_ipv4_address","Output":"--- PASS: TestP06NetworkOracleRejectsUsableExternalConnectivity/external_ipv4_address (0.00s)\n"}
{"Time":"2026-09-11T16:55:22.85169778-07:00","Action":"output","Package":"github.com/JDinSeattle/forge-runtime/cmd/forge-runner","Test":"TestFaultPlanRejectsUnsafeScopeAndLocation/public","Output":"--- PASS: TestFaultPlanRejectsUnsafeScopeAndLocation/public (0.00s)\n"}
{"Time":"2026-09-11T16:55:22.851700552-07:00","Action":"pass","Package":"github.com/JDinSeattle/forge-runtime/internal/runnerclient","Test":"TestP06NetworkOracleRejectsUsableExternalConnectivity/external_ipv4_address","Elapsed":0}
{"Time":"2026-09-11T16:55:22.851702968-07:00","Action":"pass","Package":"github.com/JDinSeattle/forge-runtime/cmd/forge-runner","Test":"TestFaultPlanRejectsUnsafeScopeAndLocation/public","Elapsed":0}
{"Time":"2026-09-11T16:55:22.851716533-07:00","Action":"run","Package":"github.com/JDinSeattle/forge-runtime/cmd/forge-runner","Test":"TestFaultPlanRejectsUnsafeScopeAndLocation/symlink"}
{"Time":"2026-09-11T16:55:22.851729195-07:00","Action":"output","Package":"github.com/JDinSeattle/forge-runtime/cmd/forge-runner","Test":"TestFaultPlanRejectsUnsafeScopeAndLocation/symlink","Output":"=== RUN   TestFaultPlanRejectsUnsafeScopeAndLocation/symlink\n"}
{"Time":"2026-09-11T16:55:22.85171174-07:00","Action":"run","Package":"github.com/JDinSeattle/forge-runtime/internal/runnerclient","Test":"TestP06NetworkOracleRejectsUsableExternalConnectivity/nonloopback_alias"}
{"Time":"2026-09-11T16:55:22.851734019-07:00","Action":"output","Package":"github.com/JDinSeattle/forge-runtime/internal/runnerclient","Test":"TestP06NetworkOracleRejectsUsableExternalConnectivity/nonloopback_alias","Output":"=== RUN   TestP06NetworkOracleRejectsUsableExternalConnectivity/nonloopback_alias\n"}
{"Time":"2026-09-11T16:55:22.851827089-07:00","Action":"output","Package":"github.com/JDinSeattle/forge-runtime/internal/runnerclient","Test":"TestP06NetworkOracleRejectsUsableExternalConnectivity/nonloopback_alias","Output":"--- PASS: TestP06NetworkOracleRejectsUsableExternalConnectivity/nonloopback_alias (0.00s)\n"}
{"Time":"2026-09-11T16:55:22.851843265-07:00","Action":"pass","Package":"github.com/JDinSeattle/forge-runtime/internal/runnerclient","Test":"TestP06NetworkOracleRejectsUsableExternalConnectivity/nonloopback_alias","Elapsed":0}
{"Time":"2026-09-11T16:55:22.851847659-07:00","Action":"run","Package":"github.com/JDinSeattle/forge-runtime/internal/runnerclient","Test":"TestP06NetworkOracleRejectsUsableExternalConnectivity/ipv4_external_route"}
{"Time":"2026-09-11T16:55:22.851852644-07:00","Action":"output","Package":"github.com/JDinSeattle/forge-runtime/internal/runnerclient","Test":"TestP06NetworkOracleRejectsUsableExternalConnectivity/ipv4_external_route","Output":"=== RUN   TestP06NetworkOracleRejectsUsableExternalConnectivity/ipv4_external_route\n"}
{"Time":"2026-09-11T16:55:22.851926373-07:00","Action":"output","Package":"github.com/JDinSeattle/forge-runtime/internal/runnerclient","Test":"TestP06NetworkOracleRejectsUsableExternalConnectivity/ipv4_external_route","Output":"--- PASS: TestP06NetworkOracleRejectsUsableExternalConnectivity/ipv4_external_route (0.00s)\n"}
{"Time":"2026-09-11T16:55:22.851933788-07:00","Action":"pass","Package":"github.com/JDinSeattle/forge-runtime/internal/runnerclient","Test":"TestP06NetworkOracleRejectsUsableExternalConnectivity/ipv4_external_route","Elapsed":0}
{"Time":"2026-09-11T16:55:22.851941991-07:00","Action":"run","Package":"github.com/JDinSeattle/forge-runtime/internal/runnerclient","Test":"TestP06NetworkOracleRejectsUsableExternalConnectivity/ipv4_default_via_loopback"}
{"Time":"2026-09-11T16:55:22.85194415-07:00","Action":"output","Package":"github.com/JDinSeattle/forge-runtime/internal/runnerclient","Test":"TestP06NetworkOracleRejectsUsableExternalConnectivity/ipv4_default_via_loopback","Output":"=== RUN   TestP06NetworkOracleRejectsUsableExternalConnectivity/ipv4_default_via_loopback\n"}
{"Time":"2026-09-11T16:55:22.851954057-07:00","Action":"output","Package":"github.com/JDinSeattle/forge-runtime/cmd/forge-runner","Test":"TestFaultPlanRejectsUnsafeScopeAndLocation/symlink","Output":"--- PASS: TestFaultPlanRejectsUnsafeScopeAndLocation/symlink (0.00s)\n"}
{"Time":"2026-09-11T16:55:22.851958594-07:00","Action":"pass","Package":"github.com/JDinSeattle/forge-runtime/cmd/forge-runner","Test":"TestFaultPlanRejectsUnsafeScopeAndLocation/symlink","Elapsed":0}
{"Time":"2026-09-11T16:55:22.85197446-07:00","Action":"run","Package":"github.com/JDinSeattle/forge-runtime/cmd/forge-runner","Test":"TestFaultPlanRejectsUnsafeScopeAndLocation/outside"}
{"Time":"2026-09-11T16:55:22.851977239-07:00","Action":"output","Package":"github.com/JDinSeattle/forge-runtime/cmd/forge-runner","Test":"TestFaultPlanRejectsUnsafeScopeAndLocation/outside","Output":"=== RUN   TestFaultPlanRejectsUnsafeScopeAndLocation/outside\n"}
{"Time":"2026-09-11T16:55:22.852052234-07:00","Action":"output","Package":"github.com/JDinSeattle/forge-runtime/internal/runnerclient","Test":"TestP06NetworkOracleRejectsUsableExternalConnectivity/ipv4_default_via_loopback","Output":"--- PASS: TestP06NetworkOracleRejectsUsableExternalConnectivity/ipv4_default_via_loopback (0.00s)\n"}
{"Time":"2026-09-11T16:55:22.852059114-07:00","Action":"pass","Package":"github.com/JDinSeattle/forge-runtime/internal/runnerclient","Test":"TestP06NetworkOracleRejectsUsableExternalConnectivity/ipv4_default_via_loopback","Elapsed":0}
{"Time":"2026-09-11T16:55:22.85206539-07:00","Action":"run","Package":"github.com/JDinSeattle/forge-runtime/internal/runnerclient","Test":"TestP06NetworkOracleRejectsUsableExternalConnectivity/ipv4_gateway"}
{"Time":"2026-09-11T16:55:22.852067366-07:00","Action":"output","Package":"github.com/JDinSeattle/forge-runtime/internal/runnerclient","Test":"TestP06NetworkOracleRejectsUsableExternalConnectivity/ipv4_gateway","Output":"=== RUN   TestP06NetworkOracleRejectsUsableExternalConnectivity/ipv4_gateway\n"}
{"Time":"2026-09-11T16:55:22.852137474-07:00","Action":"output","Package":"github.com/JDinSeattle/forge-runtime/cmd/forge-runner","Test":"TestFaultPlanRejectsUnsafeScopeAndLocation/outside","Output":"--- PASS: TestFaultPlanRejectsUnsafeScopeAndLocation/outside (0.00s)\n"}
{"Time":"2026-09-11T16:55:22.852143831-07:00","Action":"pass","Package":"github.com/JDinSeattle/forge-runtime/cmd/forge-runner","Test":"TestFaultPlanRejectsUnsafeScopeAndLocation/outside","Elapsed":0}
{"Time":"2026-09-11T16:55:22.8521602-07:00","Action":"output","Package":"github.com/JDinSeattle/forge-runtime/cmd/forge-runner","Test":"TestFaultPlanRejectsUnsafeScopeAndLocation","Output":"--- PASS: TestFaultPlanRejectsUnsafeScopeAndLocation (0.00s)\n"}
{"Time":"2026-09-11T16:55:22.852164758-07:00","Action":"output","Package":"github.com/JDinSeattle/forge-runtime/internal/runnerclient","Test":"TestP06NetworkOracleRejectsUsableExternalConnectivity/ipv4_gateway","Output":"--- PASS: TestP06NetworkOracleRejectsUsableExternalConnectivity/ipv4_gateway (0.00s)\n"}
{"Time":"2026-09-11T16:55:22.852167385-07:00","Action":"pass","Package":"github.com/JDinSeattle/forge-runtime/cmd/forge-runner","Test":"TestFaultPlanRejectsUnsafeScopeAndLocation","Elapsed":0}
{"Time":"2026-09-11T16:55:22.852171987-07:00","Action":"pass","Package":"github.com/JDinSeattle/forge-runtime/internal/runnerclient","Test":"TestP06NetworkOracleRejectsUsableExternalConnectivity/ipv4_gateway","Elapsed":0}
{"Time":"2026-09-11T16:55:22.852180696-07:00","Action":"run","Package":"github.com/JDinSeattle/forge-runtime/internal/runnerclient","Test":"TestP06NetworkOracleRejectsUsableExternalConnectivity/ipv6_external_route"}
{"Time":"2026-09-11T16:55:22.852183375-07:00","Action":"output","Package":"github.com/JDinSeattle/forge-runtime/internal/runnerclient","Test":"TestP06NetworkOracleRejectsUsableExternalConnectivity/ipv6_external_route","Output":"=== RUN   TestP06NetworkOracleRejectsUsableExternalConnectivity/ipv6_external_route\n"}
{"Time":"2026-09-11T16:55:22.852183978-07:00","Action":"run","Package":"github.com/JDinSeattle/forge-runtime/cmd/forge-runner","Test":"TestFaultPlanExactScopeOneShotAcrossReload"}
{"Time":"2026-09-11T16:55:22.85218555-07:00","Action":"output","Package":"github.com/JDinSeattle/forge-runtime/cmd/forge-runner","Test":"TestFaultPlanExactScopeOneShotAcrossReload","Output":"=== RUN   TestFaultPlanExactScopeOneShotAcrossReload\n"}
{"Time":"2026-09-11T16:55:22.852281609-07:00","Action":"output","Package":"github.com/JDinSeattle/forge-runtime/internal/runnerclient","Test":"TestP06NetworkOracleRejectsUsableExternalConnectivity/ipv6_external_route","Output":"--- PASS: TestP06NetworkOracleRejectsUsableExternalConnectivity/ipv6_external_route (0.00s)\n"}
{"Time":"2026-09-11T16:55:22.852293292-07:00","Action":"pass","Package":"github.com/JDinSeattle/forge-runtime/internal/runnerclient","Test":"TestP06NetworkOracleRejectsUsableExternalConnectivity/ipv6_external_route","Elapsed":0}
{"Time":"2026-09-11T16:55:22.852298685-07:00","Action":"run","Package":"github.com/JDinSeattle/forge-runtime/internal/runnerclient","Test":"TestP06NetworkOracleRejectsUsableExternalConnectivity/ipv6_default_via_loopback"}
{"Time":"2026-09-11T16:55:22.852302348-07:00","Action":"output","Package":"github.com/JDinSeattle/forge-runtime/internal/runnerclient","Test":"TestP06NetworkOracleRejectsUsableExternalConnectivity/ipv6_default_via_loopback","Output":"=== RUN   TestP06NetworkOracleRejectsUsableExternalConnectivity/ipv6_default_via_loopback\n"}
{"Time":"2026-09-11T16:55:22.852382536-07:00","Action":"output","Package":"github.com/JDinSeattle/forge-runtime/internal/runnerclient","Test":"TestP06NetworkOracleRejectsUsableExternalConnectivity/ipv6_default_via_loopback","Output":"--- PASS: TestP06NetworkOracleRejectsUsableExternalConnectivity/ipv6_default_via_loopback (0.00s)\n"}
{"Time":"2026-09-11T16:55:22.852387002-07:00","Action":"pass","Package":"github.com/JDinSeattle/forge-runtime/internal/runnerclient","Test":"TestP06NetworkOracleRejectsUsableExternalConnectivity/ipv6_default_via_loopback","Elapsed":0}
{"Time":"2026-09-11T16:55:22.852399314-07:00","Action":"run","Package":"github.com/JDinSeattle/forge-runtime/internal/runnerclient","Test":"TestP06NetworkOracleRejectsUsableExternalConnectivity/duplicate_interface"}
{"Time":"2026-09-11T16:55:22.852401394-07:00","Action":"output","Package":"github.com/JDinSeattle/forge-runtime/internal/runnerclient","Test":"TestP06NetworkOracleRejectsUsableExternalConnectivity/duplicate_interface","Output":"=== RUN   TestP06NetworkOracleRejectsUsableExternalConnectivity/duplicate_interface\n"}
{"Time":"2026-09-11T16:55:22.852501173-07:00","Action":"output","Package":"github.com/JDinSeattle/forge-runtime/internal/runnerclient","Test":"TestP06NetworkOracleRejectsUsableExternalConnectivity/duplicate_interface","Output":"--- PASS: TestP06NetworkOracleRejectsUsableExternalConnectivity/duplicate_interface (0.00s)\n"}
{"Time":"2026-09-11T16:55:22.8525069-07:00","Action":"pass","Package":"github.com/JDinSeattle/forge-runtime/internal/runnerclient","Test":"TestP06NetworkOracleRejectsUsableExternalConnectivity/duplicate_interface","Elapsed":0}
{"Time":"2026-09-11T16:55:22.852514155-07:00","Action":"run","Package":"github.com/JDinSeattle/forge-runtime/internal/runnerclient","Test":"TestP06NetworkOracleRejectsUsableExternalConnectivity/external_interface_up"}
{"Time":"2026-09-11T16:55:22.852516108-07:00","Action":"output","Package":"github.com/JDinSeattle/forge-runtime/internal/runnerclient","Test":"TestP06NetworkOracleRejectsUsableExternalConnectivity/external_interface_up","Output":"=== RUN   TestP06NetworkOracleRejectsUsableExternalConnectivity/external_interface_up\n"}
{"Time":"2026-09-11T16:55:22.85260289-07:00","Action":"output","Package":"github.com/JDinSeattle/forge-runtime/internal/runnerclient","Test":"TestP06NetworkOracleRejectsUsableExternalConnectivity/external_interface_up","Output":"--- PASS: TestP06NetworkOracleRejectsUsableExternalConnectivity/external_interface_up (0.00s)\n"}
{"Time":"2026-09-11T16:55:22.852609276-07:00","Action":"pass","Package":"github.com/JDinSeattle/forge-runtime/internal/runnerclient","Test":"TestP06NetworkOracleRejectsUsableExternalConnectivity/external_interface_up","Elapsed":0}
{"Time":"2026-09-11T16:55:22.85261935-07:00","Action":"run","Package":"github.com/JDinSeattle/forge-runtime/internal/runnerclient","Test":"TestP06NetworkOracleRejectsUsableExternalConnectivity/external_operstate_up"}
{"Time":"2026-09-11T16:55:22.852621395-07:00","Action":"output","Package":"github.com/JDinSeattle/forge-runtime/internal/runnerclient","Test":"TestP06NetworkOracleRejectsUsableExternalConnectivity/external_operstate_up","Output":"=== RUN   TestP06NetworkOracleRejectsUsableExternalConnectivity/external_operstate_up\n"}
{"Time":"2026-09-11T16:55:22.852713741-07:00","Action":"output","Package":"github.com/JDinSeattle/forge-runtime/internal/runnerclient","Test":"TestP06NetworkOracleRejectsUsableExternalConnectivity/external_operstate_up","Output":"--- PASS: TestP06NetworkOracleRejectsUsableExternalConnectivity/external_operstate_up (0.00s)\n"}
{"Time":"2026-09-11T16:55:22.852720628-07:00","Action":"pass","Package":"github.com/JDinSeattle/forge-runtime/internal/runnerclient","Test":"TestP06NetworkOracleRejectsUsableExternalConnectivity/external_operstate_up","Elapsed":0}
{"Time":"2026-09-11T16:55:22.852731323-07:00","Action":"output","Package":"github.com/JDinSeattle/forge-runtime/internal/runnerclient","Test":"TestP06NetworkOracleRejectsUsableExternalConnectivity","Output":"--- PASS: TestP06NetworkOracleRejectsUsableExternalConnectivity (0.00s)\n"}
{"Time":"2026-09-11T16:55:22.852738292-07:00","Action":"pass","Package":"github.com/JDinSeattle/forge-runtime/internal/runnerclient","Test":"TestP06NetworkOracleRejectsUsableExternalConnectivity","Elapsed":0}
{"Time":"2026-09-11T16:55:22.852745848-07:00","Action":"run","Package":"github.com/JDinSeattle/forge-runtime/internal/runnerclient","Test":"TestP06WorkspaceProofRejectsWrongOriginalBinding"}
{"Time":"2026-09-11T16:55:22.852748098-07:00","Action":"output","Package":"github.com/JDinSeattle/forge-runtime/internal/runnerclient","Test":"TestP06WorkspaceProofRejectsWrongOriginalBinding","Output":"=== RUN   TestP06WorkspaceProofRejectsWrongOriginalBinding\n"}
{"Time":"2026-09-11T16:55:22.852768753-07:00","Action":"output","Package":"github.com/JDinSeattle/forge-runtime/internal/runnerclient","Test":"TestP06WorkspaceProofRejectsWrongOriginalBinding","Output":"--- PASS: TestP06WorkspaceProofRejectsWrongOriginalBinding (0.00s)\n"}
{"Time":"2026-09-11T16:55:22.852774683-07:00","Action":"pass","Package":"github.com/JDinSeattle/forge-runtime/internal/runnerclient","Test":"TestP06WorkspaceProofRejectsWrongOriginalBinding","Elapsed":0}
{"Time":"2026-09-11T16:55:22.852784986-07:00","Action":"run","Package":"github.com/JDinSeattle/forge-runtime/internal/runnerclient","Test":"TestRealRunnerCrashMatrix"}
{"Time":"2026-09-11T16:55:22.852787402-07:00","Action":"output","Package":"github.com/JDinSeattle/forge-runtime/internal/runnerclient","Test":"TestRealRunnerCrashMatrix","Output":"=== RUN   TestRealRunnerCrashMatrix\n"}
{"Time":"2026-09-11T16:55:22.852817257-07:00","Action":"output","Package":"github.com/JDinSeattle/forge-runtime/internal/runnerclient","Test":"TestRealRunnerCrashMatrix","Output":"    fault_integration_test.go:94: requires quiesced real runner config, binary and evidence directory; see scripts/faults/README.md\n"}
{"Time":"2026-09-11T16:55:22.852827754-07:00","Action":"output","Package":"github.com/JDinSeattle/forge-runtime/internal/runnerclient","Test":"TestRealRunnerCrashMatrix","Output":"--- SKIP: TestRealRunnerCrashMatrix (0.00s)\n"}
{"Time":"2026-09-11T16:55:22.852833698-07:00","Action":"skip","Package":"github.com/JDinSeattle/forge-runtime/internal/runnerclient","Test":"TestRealRunnerCrashMatrix","Elapsed":0}
{"Time":"2026-09-11T16:55:22.852839438-07:00","Action":"run","Package":"github.com/JDinSeattle/forge-runtime/internal/runnerclient","Test":"TestUDSContractAndPermissions"}
{"Time":"2026-09-11T16:55:22.852841403-07:00","Action":"output","Package":"github.com/JDinSeattle/forge-runtime/internal/runnerclient","Test":"TestUDSContractAndPermissions","Output":"=== RUN   TestUDSContractAndPermissions\n"}
{"Time":"2026-09-11T16:55:22.870543446-07:00","Action":"output","Package":"github.com/JDinSeattle/forge-runtime/cmd/forge-runner","Test":"TestFaultPlanExactScopeOneShotAcrossReload","Output":"--- PASS: TestFaultPlanExactScopeOneShotAcrossReload (0.02s)\n"}
{"Time":"2026-09-11T16:55:22.870575421-07:00","Action":"pass","Package":"github.com/JDinSeattle/forge-runtime/cmd/forge-runner","Test":"TestFaultPlanExactScopeOneShotAcrossReload","Elapsed":0.02}
{"Time":"2026-09-11T16:55:22.870582254-07:00","Action":"output","Package":"github.com/JDinSeattle/forge-runtime/cmd/forge-runner","Output":"PASS\n"}
{"Time":"2026-09-11T16:55:22.876616922-07:00","Action":"output","Package":"github.com/JDinSeattle/forge-runtime/internal/runner","Test":"TestAppliedPatchReceiptWindowRecoversWithoutReplay","Output":"--- PASS: TestAppliedPatchReceiptWindowRecoversWithoutReplay (0.28s)\n"}
{"Time":"2026-09-11T16:55:22.87665814-07:00","Action":"pass","Package":"github.com/JDinSeattle/forge-runtime/internal/runner","Test":"TestAppliedPatchReceiptWindowRecoversWithoutReplay","Elapsed":0.28}
{"Time":"2026-09-11T16:55:22.876662414-07:00","Action":"run","Package":"github.com/JDinSeattle/forge-runtime/internal/runner","Test":"TestPartialMultiFilePatchRemainsUnknownAndBlocksAdoption"}
{"Time":"2026-09-11T16:55:22.876667109-07:00","Action":"output","Package":"github.com/JDinSeattle/forge-runtime/internal/runner","Test":"TestPartialMultiFilePatchRemainsUnknownAndBlocksAdoption","Output":"=== RUN   TestPartialMultiFilePatchRemainsUnknownAndBlocksAdoption\n"}
{"Time":"2026-09-11T16:55:22.89010127-07:00","Action":"output","Package":"github.com/JDinSeattle/forge-runtime/internal/runnerclient","Test":"TestUDSContractAndPermissions","Output":"    transport_test.go:87: listen unix /tmp/forge-rpc-558631091/runner.sock: setsockopt: operation not permitted\n"}
{"Time":"2026-09-11T16:55:22.890713196-07:00","Action":"output","Package":"github.com/JDinSeattle/forge-runtime/internal/runnerclient","Test":"TestUDSContractAndPermissions","Output":"--- FAIL: TestUDSContractAndPermissions (0.04s)\n"}
{"Time":"2026-09-11T16:55:22.890725381-07:00","Action":"fail","Package":"github.com/JDinSeattle/forge-runtime/internal/runnerclient","Test":"TestUDSContractAndPermissions","Elapsed":0.04}
{"Time":"2026-09-11T16:55:22.890738605-07:00","Action":"run","Package":"github.com/JDinSeattle/forge-runtime/internal/runnerclient","Test":"TestStartTimeoutInspectsSameIDWithoutResubmission"}
{"Time":"2026-09-11T16:55:22.890740834-07:00","Action":"output","Package":"github.com/JDinSeattle/forge-runtime/internal/runnerclient","Test":"TestStartTimeoutInspectsSameIDWithoutResubmission","Output":"=== RUN   TestStartTimeoutInspectsSameIDWithoutResubmission\n"}
{"Time":"2026-09-11T16:55:22.890762874-07:00","Action":"run","Package":"github.com/JDinSeattle/forge-runtime/internal/runnerclient","Test":"TestStartTimeoutInspectsSameIDWithoutResubmission/accepted"}
{"Time":"2026-09-11T16:55:22.890765195-07:00","Action":"output","Package":"github.com/JDinSeattle/forge-runtime/internal/runnerclient","Test":"TestStartTimeoutInspectsSameIDWithoutResubmission/accepted","Output":"=== RUN   TestStartTimeoutInspectsSameIDWithoutResubmission/accepted\n"}
{"Time":"2026-09-11T16:55:22.890825051-07:00","Action":"output","Package":"github.com/JDinSeattle/forge-runtime/internal/runnerclient","Test":"TestStartTimeoutInspectsSameIDWithoutResubmission/accepted","Output":"    transport_test.go:178: listen unix /tmp/forge-rpc-1422422332/runner.sock: setsockopt: operation not permitted\n"}
{"Time":"2026-09-11T16:55:22.890844074-07:00","Action":"output","Package":"github.com/JDinSeattle/forge-runtime/internal/runnerclient","Test":"TestStartTimeoutInspectsSameIDWithoutResubmission/accepted","Output":"--- FAIL: TestStartTimeoutInspectsSameIDWithoutResubmission/accepted (0.00s)\n"}
{"Time":"2026-09-11T16:55:22.890851695-07:00","Action":"fail","Package":"github.com/JDinSeattle/forge-runtime/internal/runnerclient","Test":"TestStartTimeoutInspectsSameIDWithoutResubmission/accepted","Elapsed":0}
{"Time":"2026-09-11T16:55:22.890858822-07:00","Action":"run","Package":"github.com/JDinSeattle/forge-runtime/internal/runnerclient","Test":"TestStartTimeoutInspectsSameIDWithoutResubmission/unknown"}
{"Time":"2026-09-11T16:55:22.890861613-07:00","Action":"output","Package":"github.com/JDinSeattle/forge-runtime/internal/runnerclient","Test":"TestStartTimeoutInspectsSameIDWithoutResubmission/unknown","Output":"=== RUN   TestStartTimeoutInspectsSameIDWithoutResubmission/unknown\n"}
{"Time":"2026-09-11T16:55:22.890901286-07:00","Action":"output","Package":"github.com/JDinSeattle/forge-runtime/internal/runnerclient","Test":"TestStartTimeoutInspectsSameIDWithoutResubmission/unknown","Output":"    transport_test.go:178: listen unix /tmp/forge-rpc-1909643376/runner.sock: setsockopt: operation not permitted\n"}
{"Time":"2026-09-11T16:55:22.890917103-07:00","Action":"output","Package":"github.com/JDinSeattle/forge-runtime/internal/runnerclient","Test":"TestStartTimeoutInspectsSameIDWithoutResubmission/unknown","Output":"--- FAIL: TestStartTimeoutInspectsSameIDWithoutResubmission/unknown (0.00s)\n"}
{"Time":"2026-09-11T16:55:22.890921337-07:00","Action":"fail","Package":"github.com/JDinSeattle/forge-runtime/internal/runnerclient","Test":"TestStartTimeoutInspectsSameIDWithoutResubmission/unknown","Elapsed":0}
{"Time":"2026-09-11T16:55:22.890939187-07:00","Action":"output","Package":"github.com/JDinSeattle/forge-runtime/internal/runnerclient","Test":"TestStartTimeoutInspectsSameIDWithoutResubmission","Output":"--- FAIL: TestStartTimeoutInspectsSameIDWithoutResubmission (0.00s)\n"}
{"Time":"2026-09-11T16:55:22.890941897-07:00","Action":"fail","Package":"github.com/JDinSeattle/forge-runtime/internal/runnerclient","Test":"TestStartTimeoutInspectsSameIDWithoutResubmission","Elapsed":0}
{"Time":"2026-09-11T16:55:22.890949574-07:00","Action":"run","Package":"github.com/JDinSeattle/forge-runtime/internal/runnerclient","Test":"TestRemoteRequiresVerifiedMutualIdentity"}
{"Time":"2026-09-11T16:55:22.8909515-07:00","Action":"output","Package":"github.com/JDinSeattle/forge-runtime/internal/runnerclient","Test":"TestRemoteRequiresVerifiedMutualIdentity","Output":"=== RUN   TestRemoteRequiresVerifiedMutualIdentity\n"}
{"Time":"2026-09-11T16:55:22.926591202-07:00","Action":"output","Package":"github.com/JDinSeattle/forge-runtime/internal/runnerclient","Test":"TestRemoteRequiresVerifiedMutualIdentity","Output":"    transport_test.go:214: listen tcp 127.0.0.1:0: socket: operation not permitted\n"}
{"Time":"2026-09-11T16:55:22.927190974-07:00","Action":"output","Package":"github.com/JDinSeattle/forge-runtime/internal/runnerclient","Test":"TestRemoteRequiresVerifiedMutualIdentity","Output":"--- FAIL: TestRemoteRequiresVerifiedMutualIdentity (0.04s)\n"}
{"Time":"2026-09-11T16:55:22.927201964-07:00","Action":"fail","Package":"github.com/JDinSeattle/forge-runtime/internal/runnerclient","Test":"TestRemoteRequiresVerifiedMutualIdentity","Elapsed":0.04}
{"Time":"2026-09-11T16:55:22.927212637-07:00","Action":"run","Package":"github.com/JDinSeattle/forge-runtime/internal/runnerclient","Test":"TestOversizedResultUsesDurableReceiptReference"}
{"Time":"2026-09-11T16:55:22.927216966-07:00","Action":"output","Package":"github.com/JDinSeattle/forge-runtime/internal/runnerclient","Test":"TestOversizedResultUsesDurableReceiptReference","Output":"=== RUN   TestOversizedResultUsesDurableReceiptReference\n"}
{"Time":"2026-09-11T16:55:22.931354269-07:00","Action":"output","Package":"github.com/JDinSeattle/forge-runtime/internal/runnerclient","Test":"TestOversizedResultUsesDurableReceiptReference","Output":"--- PASS: TestOversizedResultUsesDurableReceiptReference (0.00s)\n"}
{"Time":"2026-09-11T16:55:22.931373002-07:00","Action":"pass","Package":"github.com/JDinSeattle/forge-runtime/internal/runnerclient","Test":"TestOversizedResultUsesDurableReceiptReference","Elapsed":0}
{"Time":"2026-09-11T16:55:22.931376012-07:00","Action":"output","Package":"github.com/JDinSeattle/forge-runtime/internal/runnerclient","Output":"FAIL\n"}
{"Time":"2026-09-11T16:55:22.931788522-07:00","Action":"output","Package":"github.com/JDinSeattle/forge-runtime/internal/runnerclient","Output":"FAIL\tgithub.com/JDinSeattle/forge-runtime/internal/runnerclient\t0.093s\n"}
{"Time":"2026-09-11T16:55:22.931801871-07:00","Action":"fail","Package":"github.com/JDinSeattle/forge-runtime/internal/runnerclient","Elapsed":0.093}
{"Time":"2026-09-11T16:55:23.209556772-07:00","Action":"output","Package":"github.com/JDinSeattle/forge-runtime/internal/runner","Test":"TestPartialMultiFilePatchRemainsUnknownAndBlocksAdoption","Output":"--- PASS: TestPartialMultiFilePatchRemainsUnknownAndBlocksAdoption (0.33s)\n"}
{"Time":"2026-09-11T16:55:23.209596929-07:00","Action":"pass","Package":"github.com/JDinSeattle/forge-runtime/internal/runner","Test":"TestPartialMultiFilePatchRemainsUnknownAndBlocksAdoption","Elapsed":0.33}
{"Time":"2026-09-11T16:55:23.209615801-07:00","Action":"run","Package":"github.com/JDinSeattle/forge-runtime/internal/runner","Test":"TestUnknownStartDoesNotCreateAnotherJob"}
{"Time":"2026-09-11T16:55:23.209619584-07:00","Action":"output","Package":"github.com/JDinSeattle/forge-runtime/internal/runner","Test":"TestUnknownStartDoesNotCreateAnotherJob","Output":"=== RUN   TestUnknownStartDoesNotCreateAnotherJob\n"}
{"Time":"2026-09-11T16:55:23.474054359-07:00","Action":"output","Package":"github.com/JDinSeattle/forge-runtime/internal/runner","Test":"TestUnknownStartDoesNotCreateAnotherJob","Output":"--- PASS: TestUnknownStartDoesNotCreateAnotherJob (0.26s)\n"}
{"Time":"2026-09-11T16:55:23.474087425-07:00","Action":"pass","Package":"github.com/JDinSeattle/forge-runtime/internal/runner","Test":"TestUnknownStartDoesNotCreateAnotherJob","Elapsed":0.26}
{"Time":"2026-09-11T16:55:23.474094381-07:00","Action":"run","Package":"github.com/JDinSeattle/forge-runtime/internal/runner","Test":"TestScopeAndPathBoundaries"}
{"Time":"2026-09-11T16:55:23.474097478-07:00","Action":"output","Package":"github.com/JDinSeattle/forge-runtime/internal/runner","Test":"TestScopeAndPathBoundaries","Output":"=== RUN   TestScopeAndPathBoundaries\n"}
{"Time":"2026-09-11T16:55:23.68170081-07:00","Action":"output","Package":"github.com/JDinSeattle/forge-runtime/internal/runner","Test":"TestScopeAndPathBoundaries","Output":"--- PASS: TestScopeAndPathBoundaries (0.21s)\n"}
{"Time":"2026-09-11T16:55:23.681724625-07:00","Action":"pass","Package":"github.com/JDinSeattle/forge-runtime/internal/runner","Test":"TestScopeAndPathBoundaries","Elapsed":0.21}
{"Time":"2026-09-11T16:55:23.681728843-07:00","Action":"run","Package":"github.com/JDinSeattle/forge-runtime/internal/runner","Test":"TestGrantExpiryPermissionAndLeaseMargin"}
{"Time":"2026-09-11T16:55:23.681734002-07:00","Action":"output","Package":"github.com/JDinSeattle/forge-runtime/internal/runner","Test":"TestGrantExpiryPermissionAndLeaseMargin","Output":"=== RUN   TestGrantExpiryPermissionAndLeaseMargin\n"}
{"Time":"2026-09-11T16:55:23.681899351-07:00","Action":"output","Package":"github.com/JDinSeattle/forge-runtime/internal/runner","Test":"TestGrantExpiryPermissionAndLeaseMargin","Output":"--- PASS: TestGrantExpiryPermissionAndLeaseMargin (0.00s)\n"}
{"Time":"2026-09-11T16:55:23.681919546-07:00","Action":"pass","Package":"github.com/JDinSeattle/forge-runtime/internal/runner","Test":"TestGrantExpiryPermissionAndLeaseMargin","Elapsed":0}
{"Time":"2026-09-11T16:55:23.681934994-07:00","Action":"run","Package":"github.com/JDinSeattle/forge-runtime/internal/runner","Test":"TestFencedAdoptionCancelsOldJobBeforeNewWrites"}
{"Time":"2026-09-11T16:55:23.681936957-07:00","Action":"output","Package":"github.com/JDinSeattle/forge-runtime/internal/runner","Test":"TestFencedAdoptionCancelsOldJobBeforeNewWrites","Output":"=== RUN   TestFencedAdoptionCancelsOldJobBeforeNewWrites\n"}
{"Time":"2026-09-11T16:55:23.872722928-07:00","Action":"output","Package":"github.com/JDinSeattle/forge-runtime/cmd/forge-runner","Output":"ok  \tgithub.com/JDinSeattle/forge-runtime/cmd/forge-runner\t1.034s\n"}
{"Time":"2026-09-11T16:55:23.872748439-07:00","Action":"pass","Package":"github.com/JDinSeattle/forge-runtime/cmd/forge-runner","Elapsed":1.034}
{"Time":"2026-09-11T16:55:24.040794477-07:00","Action":"output","Package":"github.com/JDinSeattle/forge-runtime/internal/runner","Test":"TestFencedAdoptionCancelsOldJobBeforeNewWrites","Output":"--- PASS: TestFencedAdoptionCancelsOldJobBeforeNewWrites (0.36s)\n"}
{"Time":"2026-09-11T16:55:24.040828399-07:00","Action":"pass","Package":"github.com/JDinSeattle/forge-runtime/internal/runner","Test":"TestFencedAdoptionCancelsOldJobBeforeNewWrites","Elapsed":0.36}
{"Time":"2026-09-11T16:55:24.040835045-07:00","Action":"run","Package":"github.com/JDinSeattle/forge-runtime/internal/runner","Test":"TestStableDaemonJobRecoveredAcrossJournalReopen"}
{"Time":"2026-09-11T16:55:24.040838527-07:00","Action":"output","Package":"github.com/JDinSeattle/forge-runtime/internal/runner","Test":"TestStableDaemonJobRecoveredAcrossJournalReopen","Output":"=== RUN   TestStableDaemonJobRecoveredAcrossJournalReopen\n"}
{"Time":"2026-09-11T16:55:24.312991519-07:00","Action":"output","Package":"github.com/JDinSeattle/forge-runtime/internal/runner","Test":"TestStableDaemonJobRecoveredAcrossJournalReopen","Output":"--- PASS: TestStableDaemonJobRecoveredAcrossJournalReopen (0.27s)\n"}
{"Time":"2026-09-11T16:55:24.313021002-07:00","Action":"pass","Package":"github.com/JDinSeattle/forge-runtime/internal/runner","Test":"TestStableDaemonJobRecoveredAcrossJournalReopen","Elapsed":0.27}
{"Time":"2026-09-11T16:55:24.313028816-07:00","Action":"run","Package":"github.com/JDinSeattle/forge-runtime/internal/runner","Test":"TestSnapshotReleasePreserveReceiptAndCloseAdmission"}
{"Time":"2026-09-11T16:55:24.313032251-07:00","Action":"output","Package":"github.com/JDinSeattle/forge-runtime/internal/runner","Test":"TestSnapshotReleasePreserveReceiptAndCloseAdmission","Output":"=== RUN   TestSnapshotReleasePreserveReceiptAndCloseAdmission\n"}
{"Time":"2026-09-11T16:55:24.6912046-07:00","Action":"output","Package":"github.com/JDinSeattle/forge-runtime/internal/runner","Test":"TestSnapshotReleasePreserveReceiptAndCloseAdmission","Output":"--- PASS: TestSnapshotReleasePreserveReceiptAndCloseAdmission (0.38s)\n"}
{"Time":"2026-09-11T16:55:24.691234576-07:00","Action":"pass","Package":"github.com/JDinSeattle/forge-runtime/internal/runner","Test":"TestSnapshotReleasePreserveReceiptAndCloseAdmission","Elapsed":0.38}
{"Time":"2026-09-11T16:55:24.691241891-07:00","Action":"run","Package":"github.com/JDinSeattle/forge-runtime/internal/runner","Test":"TestWorkspaceLockExcludesOtherProcesses"}
{"Time":"2026-09-11T16:55:24.691245049-07:00","Action":"output","Package":"github.com/JDinSeattle/forge-runtime/internal/runner","Test":"TestWorkspaceLockExcludesOtherProcesses","Output":"=== RUN   TestWorkspaceLockExcludesOtherProcesses\n"}
{"Time":"2026-09-11T16:55:25.761088875-07:00","Action":"output","Package":"github.com/JDinSeattle/forge-runtime/internal/runner","Test":"TestWorkspaceLockExcludesOtherProcesses","Output":"--- PASS: TestWorkspaceLockExcludesOtherProcesses (1.07s)\n"}
{"Time":"2026-09-11T16:55:25.761123899-07:00","Action":"pass","Package":"github.com/JDinSeattle/forge-runtime/internal/runner","Test":"TestWorkspaceLockExcludesOtherProcesses","Elapsed":1.07}
{"Time":"2026-09-11T16:55:25.761136239-07:00","Action":"run","Package":"github.com/JDinSeattle/forge-runtime/internal/runner","Test":"TestGrantRecheckedAfterWaitingForWorkspaceLock"}
{"Time":"2026-09-11T16:55:25.761140145-07:00","Action":"output","Package":"github.com/JDinSeattle/forge-runtime/internal/runner","Test":"TestGrantRecheckedAfterWaitingForWorkspaceLock","Output":"=== RUN   TestGrantRecheckedAfterWaitingForWorkspaceLock\n"}
{"Time":"2026-09-11T16:55:26.1190392-07:00","Action":"output","Package":"github.com/JDinSeattle/forge-runtime/internal/runner","Test":"TestGrantRecheckedAfterWaitingForWorkspaceLock","Output":"--- PASS: TestGrantRecheckedAfterWaitingForWorkspaceLock (0.36s)\n"}
{"Time":"2026-09-11T16:55:26.119068878-07:00","Action":"pass","Package":"github.com/JDinSeattle/forge-runtime/internal/runner","Test":"TestGrantRecheckedAfterWaitingForWorkspaceLock","Elapsed":0.36}
{"Time":"2026-09-11T16:55:26.119079687-07:00","Action":"run","Package":"github.com/JDinSeattle/forge-runtime/internal/runner","Test":"TestExecutableModeSurvivesImportAndAppearsInDiff"}
{"Time":"2026-09-11T16:55:26.119084038-07:00","Action":"output","Package":"github.com/JDinSeattle/forge-runtime/internal/runner","Test":"TestExecutableModeSurvivesImportAndAppearsInDiff","Output":"=== RUN   TestExecutableModeSurvivesImportAndAppearsInDiff\n"}
{"Time":"2026-09-11T16:55:26.488976154-07:00","Action":"output","Package":"github.com/JDinSeattle/forge-runtime/internal/runner","Test":"TestExecutableModeSurvivesImportAndAppearsInDiff","Output":"--- PASS: TestExecutableModeSurvivesImportAndAppearsInDiff (0.37s)\n"}
{"Time":"2026-09-11T16:55:26.48900384-07:00","Action":"pass","Package":"github.com/JDinSeattle/forge-runtime/internal/runner","Test":"TestExecutableModeSurvivesImportAndAppearsInDiff","Elapsed":0.37}
{"Time":"2026-09-11T16:55:26.489012275-07:00","Action":"run","Package":"github.com/JDinSeattle/forge-runtime/internal/runner","Test":"TestInterruptedInitializationResumesOnlyPinnedSource"}
{"Time":"2026-09-11T16:55:26.4890155-07:00","Action":"output","Package":"github.com/JDinSeattle/forge-runtime/internal/runner","Test":"TestInterruptedInitializationResumesOnlyPinnedSource","Output":"=== RUN   TestInterruptedInitializationResumesOnlyPinnedSource\n"}
{"Time":"2026-09-11T16:55:26.489019342-07:00","Action":"run","Package":"github.com/JDinSeattle/forge-runtime/internal/runner","Test":"TestInterruptedInitializationResumesOnlyPinnedSource/after_volume_lease"}
{"Time":"2026-09-11T16:55:26.489022136-07:00","Action":"output","Package":"github.com/JDinSeattle/forge-runtime/internal/runner","Test":"TestInterruptedInitializationResumesOnlyPinnedSource/after_volume_lease","Output":"=== RUN   TestInterruptedInitializationResumesOnlyPinnedSource/after_volume_lease\n"}
{"Time":"2026-09-11T16:55:26.974484309-07:00","Action":"output","Package":"github.com/JDinSeattle/forge-runtime/internal/runner","Test":"TestInterruptedInitializationResumesOnlyPinnedSource/after_volume_lease","Output":"--- PASS: TestInterruptedInitializationResumesOnlyPinnedSource/after_volume_lease (0.49s)\n"}
{"Time":"2026-09-11T16:55:26.974553983-07:00","Action":"pass","Package":"github.com/JDinSeattle/forge-runtime/internal/runner","Test":"TestInterruptedInitializationResumesOnlyPinnedSource/after_volume_lease","Elapsed":0.49}
{"Time":"2026-09-11T16:55:26.974582117-07:00","Action":"run","Package":"github.com/JDinSeattle/forge-runtime/internal/runner","Test":"TestInterruptedInitializationResumesOnlyPinnedSource/after_import_file"}
{"Time":"2026-09-11T16:55:26.974595799-07:00","Action":"output","Package":"github.com/JDinSeattle/forge-runtime/internal/runner","Test":"TestInterruptedInitializationResumesOnlyPinnedSource/after_import_file","Output":"=== RUN   TestInterruptedInitializationResumesOnlyPinnedSource/after_import_file\n"}
{"Time":"2026-09-11T16:55:27.407263445-07:00","Action":"output","Package":"github.com/JDinSeattle/forge-runtime/internal/runner","Test":"TestInterruptedInitializationResumesOnlyPinnedSource/after_import_file","Output":"--- PASS: TestInterruptedInitializationResumesOnlyPinnedSource/after_import_file (0.43s)\n"}
{"Time":"2026-09-11T16:55:27.40728815-07:00","Action":"pass","Package":"github.com/JDinSeattle/forge-runtime/internal/runner","Test":"TestInterruptedInitializationResumesOnlyPinnedSource/after_import_file","Elapsed":0.43}
{"Time":"2026-09-11T16:55:27.407327598-07:00","Action":"run","Package":"github.com/JDinSeattle/forge-runtime/internal/runner","Test":"TestInterruptedInitializationResumesOnlyPinnedSource/after_import_before_workspace"}
{"Time":"2026-09-11T16:55:27.407343546-07:00","Action":"output","Package":"github.com/JDinSeattle/forge-runtime/internal/runner","Test":"TestInterruptedInitializationResumesOnlyPinnedSource/after_import_before_workspace","Output":"=== RUN   TestInterruptedInitializationResumesOnlyPinnedSource/after_import_before_workspace\n"}
{"Time":"2026-09-11T16:55:27.897685246-07:00","Action":"output","Package":"github.com/JDinSeattle/forge-runtime/internal/runner","Test":"TestInterruptedInitializationResumesOnlyPinnedSource/after_import_before_workspace","Output":"--- PASS: TestInterruptedInitializationResumesOnlyPinnedSource/after_import_before_workspace (0.49s)\n"}
{"Time":"2026-09-11T16:55:27.897715887-07:00","Action":"pass","Package":"github.com/JDinSeattle/forge-runtime/internal/runner","Test":"TestInterruptedInitializationResumesOnlyPinnedSource/after_import_before_workspace","Elapsed":0.49}
{"Time":"2026-09-11T16:55:27.89772451-07:00","Action":"output","Package":"github.com/JDinSeattle/forge-runtime/internal/runner","Test":"TestInterruptedInitializationResumesOnlyPinnedSource","Output":"--- PASS: TestInterruptedInitializationResumesOnlyPinnedSource (1.41s)\n"}
{"Time":"2026-09-11T16:55:27.897733423-07:00","Action":"pass","Package":"github.com/JDinSeattle/forge-runtime/internal/runner","Test":"TestInterruptedInitializationResumesOnlyPinnedSource","Elapsed":1.41}
{"Time":"2026-09-11T16:55:27.897755044-07:00","Action":"run","Package":"github.com/JDinSeattle/forge-runtime/internal/runner","Test":"TestInterruptedInitializationNeverOverwritesOrRebinds"}
{"Time":"2026-09-11T16:55:27.897758018-07:00","Action":"output","Package":"github.com/JDinSeattle/forge-runtime/internal/runner","Test":"TestInterruptedInitializationNeverOverwritesOrRebinds","Output":"=== RUN   TestInterruptedInitializationNeverOverwritesOrRebinds\n"}
{"Time":"2026-09-11T16:55:27.897783344-07:00","Action":"run","Package":"github.com/JDinSeattle/forge-runtime/internal/runner","Test":"TestInterruptedInitializationNeverOverwritesOrRebinds/source_changed"}
{"Time":"2026-09-11T16:55:27.897787103-07:00","Action":"output","Package":"github.com/JDinSeattle/forge-runtime/internal/runner","Test":"TestInterruptedInitializationNeverOverwritesOrRebinds/source_changed","Output":"=== RUN   TestInterruptedInitializationNeverOverwritesOrRebinds/source_changed\n"}
{"Time":"2026-09-11T16:55:28.284828774-07:00","Action":"output","Package":"github.com/JDinSeattle/forge-runtime/internal/runner","Test":"TestInterruptedInitializationNeverOverwritesOrRebinds/source_changed","Output":"--- PASS: TestInterruptedInitializationNeverOverwritesOrRebinds/source_changed (0.39s)\n"}
{"Time":"2026-09-11T16:55:28.28485042-07:00","Action":"pass","Package":"github.com/JDinSeattle/forge-runtime/internal/runner","Test":"TestInterruptedInitializationNeverOverwritesOrRebinds/source_changed","Elapsed":0.39}
{"Time":"2026-09-11T16:55:28.284854881-07:00","Action":"run","Package":"github.com/JDinSeattle/forge-runtime/internal/runner","Test":"TestInterruptedInitializationNeverOverwritesOrRebinds/partial_changed"}
{"Time":"2026-09-11T16:55:28.284860287-07:00","Action":"output","Package":"github.com/JDinSeattle/forge-runtime/internal/runner","Test":"TestInterruptedInitializationNeverOverwritesOrRebinds/partial_changed","Output":"=== RUN   TestInterruptedInitializationNeverOverwritesOrRebinds/partial_changed\n"}
{"Time":"2026-09-11T16:55:28.663228846-07:00","Action":"output","Package":"github.com/JDinSeattle/forge-runtime/internal/runner","Test":"TestInterruptedInitializationNeverOverwritesOrRebinds/partial_changed","Output":"--- PASS: TestInterruptedInitializationNeverOverwritesOrRebinds/partial_changed (0.38s)\n"}
{"Time":"2026-09-11T16:55:28.663248427-07:00","Action":"pass","Package":"github.com/JDinSeattle/forge-runtime/internal/runner","Test":"TestInterruptedInitializationNeverOverwritesOrRebinds/partial_changed","Elapsed":0.38}
{"Time":"2026-09-11T16:55:28.663252784-07:00","Action":"run","Package":"github.com/JDinSeattle/forge-runtime/internal/runner","Test":"TestInterruptedInitializationNeverOverwritesOrRebinds/unexpected_cache"}
{"Time":"2026-09-11T16:55:28.663254396-07:00","Action":"output","Package":"github.com/JDinSeattle/forge-runtime/internal/runner","Test":"TestInterruptedInitializationNeverOverwritesOrRebinds/unexpected_cache","Output":"=== RUN   TestInterruptedInitializationNeverOverwritesOrRebinds/unexpected_cache\n"}
{"Time":"2026-09-11T16:55:29.057198181-07:00","Action":"output","Package":"github.com/JDinSeattle/forge-runtime/internal/runner","Test":"TestInterruptedInitializationNeverOverwritesOrRebinds/unexpected_cache","Output":"--- PASS: TestInterruptedInitializationNeverOverwritesOrRebinds/unexpected_cache (0.39s)\n"}
{"Time":"2026-09-11T16:55:29.057228668-07:00","Action":"pass","Package":"github.com/JDinSeattle/forge-runtime/internal/runner","Test":"TestInterruptedInitializationNeverOverwritesOrRebinds/unexpected_cache","Elapsed":0.39}
{"Time":"2026-09-11T16:55:29.057236317-07:00","Action":"run","Package":"github.com/JDinSeattle/forge-runtime/internal/runner","Test":"TestInterruptedInitializationNeverOverwritesOrRebinds/legacy_unbound"}
{"Time":"2026-09-11T16:55:29.057239894-07:00","Action":"output","Package":"github.com/JDinSeattle/forge-runtime/internal/runner","Test":"TestInterruptedInitializationNeverOverwritesOrRebinds/legacy_unbound","Output":"=== RUN   TestInterruptedInitializationNeverOverwritesOrRebinds/legacy_unbound\n"}
{"Time":"2026-09-11T16:55:29.470255964-07:00","Action":"output","Package":"github.com/JDinSeattle/forge-runtime/internal/runner","Test":"TestInterruptedInitializationNeverOverwritesOrRebinds/legacy_unbound","Output":"--- PASS: TestInterruptedInitializationNeverOverwritesOrRebinds/legacy_unbound (0.41s)\n"}
{"Time":"2026-09-11T16:55:29.470289317-07:00","Action":"pass","Package":"github.com/JDinSeattle/forge-runtime/internal/runner","Test":"TestInterruptedInitializationNeverOverwritesOrRebinds/legacy_unbound","Elapsed":0.41}
{"Time":"2026-09-11T16:55:29.470334842-07:00","Action":"output","Package":"github.com/JDinSeattle/forge-runtime/internal/runner","Test":"TestInterruptedInitializationNeverOverwritesOrRebinds","Output":"--- PASS: TestInterruptedInitializationNeverOverwritesOrRebinds (1.57s)\n"}
{"Time":"2026-09-11T16:55:29.470358796-07:00","Action":"pass","Package":"github.com/JDinSeattle/forge-runtime/internal/runner","Test":"TestInterruptedInitializationNeverOverwritesOrRebinds","Elapsed":1.57}
{"Time":"2026-09-11T16:55:29.470366442-07:00","Action":"run","Package":"github.com/JDinSeattle/forge-runtime/internal/runner","Test":"TestUndispatchedOperationCancellationHasDurableProof"}
{"Time":"2026-09-11T16:55:29.470374787-07:00","Action":"output","Package":"github.com/JDinSeattle/forge-runtime/internal/runner","Test":"TestUndispatchedOperationCancellationHasDurableProof","Output":"=== RUN   TestUndispatchedOperationCancellationHasDurableProof\n"}
{"Time":"2026-09-11T16:55:29.844282128-07:00","Action":"output","Package":"github.com/JDinSeattle/forge-runtime/internal/runner","Test":"TestUndispatchedOperationCancellationHasDurableProof","Output":"--- PASS: TestUndispatchedOperationCancellationHasDurableProof (0.37s)\n"}
{"Time":"2026-09-11T16:55:29.844313242-07:00","Action":"pass","Package":"github.com/JDinSeattle/forge-runtime/internal/runner","Test":"TestUndispatchedOperationCancellationHasDurableProof","Elapsed":0.37}
{"Time":"2026-09-11T16:55:29.84432253-07:00","Action":"run","Package":"github.com/JDinSeattle/forge-runtime/internal/runner","Test":"TestAllReturnedArtifactKindsAreDurablyPinned"}
{"Time":"2026-09-11T16:55:29.844325519-07:00","Action":"output","Package":"github.com/JDinSeattle/forge-runtime/internal/runner","Test":"TestAllReturnedArtifactKindsAreDurablyPinned","Output":"=== RUN   TestAllReturnedArtifactKindsAreDurablyPinned\n"}
{"Time":"2026-09-11T16:55:30.266919937-07:00","Action":"output","Package":"github.com/JDinSeattle/forge-runtime/internal/runner","Test":"TestAllReturnedArtifactKindsAreDurablyPinned","Output":"--- PASS: TestAllReturnedArtifactKindsAreDurablyPinned (0.42s)\n"}
{"Time":"2026-09-11T16:55:30.266943177-07:00","Action":"pass","Package":"github.com/JDinSeattle/forge-runtime/internal/runner","Test":"TestAllReturnedArtifactKindsAreDurablyPinned","Elapsed":0.42}
{"Time":"2026-09-11T16:55:30.266947463-07:00","Action":"run","Package":"github.com/JDinSeattle/forge-runtime/internal/runner","Test":"TestArtifactPinIdentityAllowsKindButRejectsCorruption"}
{"Time":"2026-09-11T16:55:30.266949064-07:00","Action":"output","Package":"github.com/JDinSeattle/forge-runtime/internal/runner","Test":"TestArtifactPinIdentityAllowsKindButRejectsCorruption","Output":"=== RUN   TestArtifactPinIdentityAllowsKindButRejectsCorruption\n"}
{"Time":"2026-09-11T16:55:30.606248665-07:00","Action":"output","Package":"github.com/JDinSeattle/forge-runtime/internal/runner","Test":"TestArtifactPinIdentityAllowsKindButRejectsCorruption","Output":"--- PASS: TestArtifactPinIdentityAllowsKindButRejectsCorruption (0.34s)\n"}
{"Time":"2026-09-11T16:55:30.606277897-07:00","Action":"pass","Package":"github.com/JDinSeattle/forge-runtime/internal/runner","Test":"TestArtifactPinIdentityAllowsKindButRejectsCorruption","Elapsed":0.34}
{"Time":"2026-09-11T16:55:30.606282568-07:00","Action":"run","Package":"github.com/JDinSeattle/forge-runtime/internal/runner","Test":"TestStartIntentPreventsNeverStartedAssumption"}
{"Time":"2026-09-11T16:55:30.606284183-07:00","Action":"output","Package":"github.com/JDinSeattle/forge-runtime/internal/runner","Test":"TestStartIntentPreventsNeverStartedAssumption","Output":"=== RUN   TestStartIntentPreventsNeverStartedAssumption\n"}
{"Time":"2026-09-11T16:55:30.94328348-07:00","Action":"output","Package":"github.com/JDinSeattle/forge-runtime/internal/runner","Test":"TestStartIntentPreventsNeverStartedAssumption","Output":"--- PASS: TestStartIntentPreventsNeverStartedAssumption (0.34s)\n"}
{"Time":"2026-09-11T16:55:30.943304561-07:00","Action":"pass","Package":"github.com/JDinSeattle/forge-runtime/internal/runner","Test":"TestStartIntentPreventsNeverStartedAssumption","Elapsed":0.34}
{"Time":"2026-09-11T16:55:30.943310156-07:00","Action":"run","Package":"github.com/JDinSeattle/forge-runtime/internal/runner","Test":"TestCreatedUndispatchedCancellationReachesLockedProof"}
{"Time":"2026-09-11T16:55:30.943311987-07:00","Action":"output","Package":"github.com/JDinSeattle/forge-runtime/internal/runner","Test":"TestCreatedUndispatchedCancellationReachesLockedProof","Output":"=== RUN   TestCreatedUndispatchedCancellationReachesLockedProof\n"}
{"Time":"2026-09-11T16:55:30.94331408-07:00","Action":"run","Package":"github.com/JDinSeattle/forge-runtime/internal/runner","Test":"TestCreatedUndispatchedCancellationReachesLockedProof/cancel"}
{"Time":"2026-09-11T16:55:30.943315634-07:00","Action":"output","Package":"github.com/JDinSeattle/forge-runtime/internal/runner","Test":"TestCreatedUndispatchedCancellationReachesLockedProof/cancel","Output":"=== RUN   TestCreatedUndispatchedCancellationReachesLockedProof/cancel\n"}
{"Time":"2026-09-11T16:55:31.299144298-07:00","Action":"output","Package":"github.com/JDinSeattle/forge-runtime/internal/runner","Test":"TestCreatedUndispatchedCancellationReachesLockedProof/cancel","Output":"--- PASS: TestCreatedUndispatchedCancellationReachesLockedProof/cancel (0.36s)\n"}
{"Time":"2026-09-11T16:55:31.299178341-07:00","Action":"pass","Package":"github.com/JDinSeattle/forge-runtime/internal/runner","Test":"TestCreatedUndispatchedCancellationReachesLockedProof/cancel","Elapsed":0.36}
{"Time":"2026-09-11T16:55:31.299186139-07:00","Action":"run","Package":"github.com/JDinSeattle/forge-runtime/internal/runner","Test":"TestCreatedUndispatchedCancellationReachesLockedProof/stop"}
{"Time":"2026-09-11T16:55:31.299189507-07:00","Action":"output","Package":"github.com/JDinSeattle/forge-runtime/internal/runner","Test":"TestCreatedUndispatchedCancellationReachesLockedProof/stop","Output":"=== RUN   TestCreatedUndispatchedCancellationReachesLockedProof/stop\n"}
{"Time":"2026-09-11T16:55:31.703331627-07:00","Action":"output","Package":"github.com/JDinSeattle/forge-runtime/internal/runner","Test":"TestCreatedUndispatchedCancellationReachesLockedProof/stop","Output":"--- PASS: TestCreatedUndispatchedCancellationReachesLockedProof/stop (0.40s)\n"}
{"Time":"2026-09-11T16:55:31.703364281-07:00","Action":"pass","Package":"github.com/JDinSeattle/forge-runtime/internal/runner","Test":"TestCreatedUndispatchedCancellationReachesLockedProof/stop","Elapsed":0.4}
{"Time":"2026-09-11T16:55:31.703372216-07:00","Action":"run","Package":"github.com/JDinSeattle/forge-runtime/internal/runner","Test":"TestCreatedUndispatchedCancellationReachesLockedProof/adopt"}
{"Time":"2026-09-11T16:55:31.703375842-07:00","Action":"output","Package":"github.com/JDinSeattle/forge-runtime/internal/runner","Test":"TestCreatedUndispatchedCancellationReachesLockedProof/adopt","Output":"=== RUN   TestCreatedUndispatchedCancellationReachesLockedProof/adopt\n"}
{"Time":"2026-09-11T16:55:32.096320327-07:00","Action":"output","Package":"github.com/JDinSeattle/forge-runtime/internal/runner","Test":"TestCreatedUndispatchedCancellationReachesLockedProof/adopt","Output":"--- PASS: TestCreatedUndispatchedCancellationReachesLockedProof/adopt (0.39s)\n"}
{"Time":"2026-09-11T16:55:32.096351376-07:00","Action":"pass","Package":"github.com/JDinSeattle/forge-runtime/internal/runner","Test":"TestCreatedUndispatchedCancellationReachesLockedProof/adopt","Elapsed":0.39}
{"Time":"2026-09-11T16:55:32.096360085-07:00","Action":"output","Package":"github.com/JDinSeattle/forge-runtime/internal/runner","Test":"TestCreatedUndispatchedCancellationReachesLockedProof","Output":"--- PASS: TestCreatedUndispatchedCancellationReachesLockedProof (1.15s)\n"}
{"Time":"2026-09-11T16:55:32.096365687-07:00","Action":"pass","Package":"github.com/JDinSeattle/forge-runtime/internal/runner","Test":"TestCreatedUndispatchedCancellationReachesLockedProof","Elapsed":1.15}
{"Time":"2026-09-11T16:55:32.096439578-07:00","Action":"run","Package":"github.com/JDinSeattle/forge-runtime/internal/runner","Test":"TestJournalIdentityStableAcrossReopenAndDistinctAcrossFiles"}
{"Time":"2026-09-11T16:55:32.096492971-07:00","Action":"output","Package":"github.com/JDinSeattle/forge-runtime/internal/runner","Test":"TestJournalIdentityStableAcrossReopenAndDistinctAcrossFiles","Output":"=== RUN   TestJournalIdentityStableAcrossReopenAndDistinctAcrossFiles\n"}
{"Time":"2026-09-11T16:55:32.33446996-07:00","Action":"output","Package":"github.com/JDinSeattle/forge-runtime/internal/runner","Test":"TestJournalIdentityStableAcrossReopenAndDistinctAcrossFiles","Output":"--- PASS: TestJournalIdentityStableAcrossReopenAndDistinctAcrossFiles (0.24s)\n"}
{"Time":"2026-09-11T16:55:32.334541585-07:00","Action":"pass","Package":"github.com/JDinSeattle/forge-runtime/internal/runner","Test":"TestJournalIdentityStableAcrossReopenAndDistinctAcrossFiles","Elapsed":0.24}
{"Time":"2026-09-11T16:55:32.334548954-07:00","Action":"run","Package":"github.com/JDinSeattle/forge-runtime/internal/runner","Test":"TestExistingV4NeverInventsMissingOrMalformedIdentity"}
{"Time":"2026-09-11T16:55:32.33455074-07:00","Action":"output","Package":"github.com/JDinSeattle/forge-runtime/internal/runner","Test":"TestExistingV4NeverInventsMissingOrMalformedIdentity","Output":"=== RUN   TestExistingV4NeverInventsMissingOrMalformedIdentity\n"}
{"Time":"2026-09-11T16:55:32.334557827-07:00","Action":"run","Package":"github.com/JDinSeattle/forge-runtime/internal/runner","Test":"TestExistingV4NeverInventsMissingOrMalformedIdentity/table"}
{"Time":"2026-09-11T16:55:32.334559405-07:00","Action":"output","Package":"github.com/JDinSeattle/forge-runtime/internal/runner","Test":"TestExistingV4NeverInventsMissingOrMalformedIdentity/table","Output":"=== RUN   TestExistingV4NeverInventsMissingOrMalformedIdentity/table\n"}
{"Time":"2026-09-11T16:55:32.455177741-07:00","Action":"output","Package":"github.com/JDinSeattle/forge-runtime/internal/runner","Test":"TestExistingV4NeverInventsMissingOrMalformedIdentity/table","Output":"--- PASS: TestExistingV4NeverInventsMissingOrMalformedIdentity/table (0.12s)\n"}
{"Time":"2026-09-11T16:55:32.455201235-07:00","Action":"pass","Package":"github.com/JDinSeattle/forge-runtime/internal/runner","Test":"TestExistingV4NeverInventsMissingOrMalformedIdentity/table","Elapsed":0.12}
{"Time":"2026-09-11T16:55:32.455214892-07:00","Action":"run","Package":"github.com/JDinSeattle/forge-runtime/internal/runner","Test":"TestExistingV4NeverInventsMissingOrMalformedIdentity/row"}
{"Time":"2026-09-11T16:55:32.455217104-07:00","Action":"output","Package":"github.com/JDinSeattle/forge-runtime/internal/runner","Test":"TestExistingV4NeverInventsMissingOrMalformedIdentity/row","Output":"=== RUN   TestExistingV4NeverInventsMissingOrMalformedIdentity/row\n"}
{"Time":"2026-09-11T16:55:32.576457279-07:00","Action":"output","Package":"github.com/JDinSeattle/forge-runtime/internal/runner","Test":"TestExistingV4NeverInventsMissingOrMalformedIdentity/row","Output":"--- PASS: TestExistingV4NeverInventsMissingOrMalformedIdentity/row (0.12s)\n"}
{"Time":"2026-09-11T16:55:32.576512372-07:00","Action":"pass","Package":"github.com/JDinSeattle/forge-runtime/internal/runner","Test":"TestExistingV4NeverInventsMissingOrMalformedIdentity/row","Elapsed":0.12}
{"Time":"2026-09-11T16:55:32.57651825-07:00","Action":"run","Package":"github.com/JDinSeattle/forge-runtime/internal/runner","Test":"TestExistingV4NeverInventsMissingOrMalformedIdentity/malformed"}
{"Time":"2026-09-11T16:55:32.576519566-07:00","Action":"output","Package":"github.com/JDinSeattle/forge-runtime/internal/runner","Test":"TestExistingV4NeverInventsMissingOrMalformedIdentity/malformed","Output":"=== RUN   TestExistingV4NeverInventsMissingOrMalformedIdentity/malformed\n"}
{"Time":"2026-09-11T16:55:32.69225251-07:00","Action":"output","Package":"github.com/JDinSeattle/forge-runtime/internal/runner","Test":"TestExistingV4NeverInventsMissingOrMalformedIdentity/malformed","Output":"--- PASS: TestExistingV4NeverInventsMissingOrMalformedIdentity/malformed (0.12s)\n"}
{"Time":"2026-09-11T16:55:32.692275595-07:00","Action":"pass","Package":"github.com/JDinSeattle/forge-runtime/internal/runner","Test":"TestExistingV4NeverInventsMissingOrMalformedIdentity/malformed","Elapsed":0.12}
{"Time":"2026-09-11T16:55:32.692283247-07:00","Action":"output","Package":"github.com/JDinSeattle/forge-runtime/internal/runner","Test":"TestExistingV4NeverInventsMissingOrMalformedIdentity","Output":"--- PASS: TestExistingV4NeverInventsMissingOrMalformedIdentity (0.36s)\n"}
{"Time":"2026-09-11T16:55:32.69229381-07:00","Action":"pass","Package":"github.com/JDinSeattle/forge-runtime/internal/runner","Test":"TestExistingV4NeverInventsMissingOrMalformedIdentity","Elapsed":0.36}
{"Time":"2026-09-11T16:55:32.692305585-07:00","Action":"run","Package":"github.com/JDinSeattle/forge-runtime/internal/runner","Test":"TestV3MigrationCreatesIdentityWithoutChangingLegacyDispatchEvidence"}
{"Time":"2026-09-11T16:55:32.692307105-07:00","Action":"output","Package":"github.com/JDinSeattle/forge-runtime/internal/runner","Test":"TestV3MigrationCreatesIdentityWithoutChangingLegacyDispatchEvidence","Output":"=== RUN   TestV3MigrationCreatesIdentityWithoutChangingLegacyDispatchEvidence\n"}
{"Time":"2026-09-11T16:55:32.962819218-07:00","Action":"output","Package":"github.com/JDinSeattle/forge-runtime/internal/runner","Test":"TestV3MigrationCreatesIdentityWithoutChangingLegacyDispatchEvidence","Output":"--- PASS: TestV3MigrationCreatesIdentityWithoutChangingLegacyDispatchEvidence (0.27s)\n"}
{"Time":"2026-09-11T16:55:32.962846516-07:00","Action":"pass","Package":"github.com/JDinSeattle/forge-runtime/internal/runner","Test":"TestV3MigrationCreatesIdentityWithoutChangingLegacyDispatchEvidence","Elapsed":0.27}
{"Time":"2026-09-11T16:55:32.96285198-07:00","Action":"run","Package":"github.com/JDinSeattle/forge-runtime/internal/runner","Test":"TestShutdownFencesQueuedAdmissionAndPreservesJobForSuccessor"}
{"Time":"2026-09-11T16:55:32.962868803-07:00","Action":"output","Package":"github.com/JDinSeattle/forge-runtime/internal/runner","Test":"TestShutdownFencesQueuedAdmissionAndPreservesJobForSuccessor","Output":"=== RUN   TestShutdownFencesQueuedAdmissionAndPreservesJobForSuccessor\n"}
{"Time":"2026-09-11T16:55:33.392064382-07:00","Action":"output","Package":"github.com/JDinSeattle/forge-runtime/internal/runner","Test":"TestShutdownFencesQueuedAdmissionAndPreservesJobForSuccessor","Output":"--- PASS: TestShutdownFencesQueuedAdmissionAndPreservesJobForSuccessor (0.43s)\n"}
{"Time":"2026-09-11T16:55:33.39209211-07:00","Action":"pass","Package":"github.com/JDinSeattle/forge-runtime/internal/runner","Test":"TestShutdownFencesQueuedAdmissionAndPreservesJobForSuccessor","Elapsed":0.43}
{"Time":"2026-09-11T16:55:33.392098592-07:00","Action":"run","Package":"github.com/JDinSeattle/forge-runtime/internal/runner","Test":"TestStoppedWorkspaceCannotReopenAfterRestart"}
{"Time":"2026-09-11T16:55:33.392100909-07:00","Action":"output","Package":"github.com/JDinSeattle/forge-runtime/internal/runner","Test":"TestStoppedWorkspaceCannotReopenAfterRestart","Output":"=== RUN   TestStoppedWorkspaceCannotReopenAfterRestart\n"}
{"Time":"2026-09-11T16:55:33.709051544-07:00","Action":"output","Package":"github.com/JDinSeattle/forge-runtime/internal/runner","Test":"TestStoppedWorkspaceCannotReopenAfterRestart","Output":"--- PASS: TestStoppedWorkspaceCannotReopenAfterRestart (0.32s)\n"}
{"Time":"2026-09-11T16:55:33.709097313-07:00","Action":"pass","Package":"github.com/JDinSeattle/forge-runtime/internal/runner","Test":"TestStoppedWorkspaceCannotReopenAfterRestart","Elapsed":0.32}
{"Time":"2026-09-11T16:55:33.709101485-07:00","Action":"run","Package":"github.com/JDinSeattle/forge-runtime/internal/runner","Test":"TestNoncanonicalArgsNeverReserveOperation"}
{"Time":"2026-09-11T16:55:33.709103432-07:00","Action":"output","Package":"github.com/JDinSeattle/forge-runtime/internal/runner","Test":"TestNoncanonicalArgsNeverReserveOperation","Output":"=== RUN   TestNoncanonicalArgsNeverReserveOperation\n"}
{"Time":"2026-09-11T16:55:33.985932442-07:00","Action":"output","Package":"github.com/JDinSeattle/forge-runtime/internal/runner","Test":"TestNoncanonicalArgsNeverReserveOperation","Output":"--- PASS: TestNoncanonicalArgsNeverReserveOperation (0.28s)\n"}
{"Time":"2026-09-11T16:55:33.985958812-07:00","Action":"pass","Package":"github.com/JDinSeattle/forge-runtime/internal/runner","Test":"TestNoncanonicalArgsNeverReserveOperation","Elapsed":0.28}
{"Time":"2026-09-11T16:55:33.985968234-07:00","Action":"run","Package":"github.com/JDinSeattle/forge-runtime/internal/runner","Test":"TestPublicReceiptContainsNoGrant"}
{"Time":"2026-09-11T16:55:33.985971643-07:00","Action":"output","Package":"github.com/JDinSeattle/forge-runtime/internal/runner","Test":"TestPublicReceiptContainsNoGrant","Output":"=== RUN   TestPublicReceiptContainsNoGrant\n"}
{"Time":"2026-09-11T16:55:34.314733811-07:00","Action":"output","Package":"github.com/JDinSeattle/forge-runtime/internal/runner","Test":"TestPublicReceiptContainsNoGrant","Output":"--- PASS: TestPublicReceiptContainsNoGrant (0.33s)\n"}
{"Time":"2026-09-11T16:55:34.314765695-07:00","Action":"pass","Package":"github.com/JDinSeattle/forge-runtime/internal/runner","Test":"TestPublicReceiptContainsNoGrant","Elapsed":0.33}
{"Time":"2026-09-11T16:55:34.314785485-07:00","Action":"run","Package":"github.com/JDinSeattle/forge-runtime/internal/runner","Test":"TestCleanVerificationExcludesGeneratedFiles"}
{"Time":"2026-09-11T16:55:34.314794162-07:00","Action":"output","Package":"github.com/JDinSeattle/forge-runtime/internal/runner","Test":"TestCleanVerificationExcludesGeneratedFiles","Output":"=== RUN   TestCleanVerificationExcludesGeneratedFiles\n"}
{"Time":"2026-09-11T16:55:34.740469987-07:00","Action":"output","Package":"github.com/JDinSeattle/forge-runtime/internal/runner","Test":"TestCleanVerificationExcludesGeneratedFiles","Output":"--- PASS: TestCleanVerificationExcludesGeneratedFiles (0.43s)\n"}
{"Time":"2026-09-11T16:55:34.740510583-07:00","Action":"pass","Package":"github.com/JDinSeattle/forge-runtime/internal/runner","Test":"TestCleanVerificationExcludesGeneratedFiles","Elapsed":0.43}
{"Time":"2026-09-11T16:55:34.740521234-07:00","Action":"run","Package":"github.com/JDinSeattle/forge-runtime/internal/runner","Test":"TestPoolLeaseSurvivesCrashAndReusesOnlyAfterRelease"}
{"Time":"2026-09-11T16:55:34.740526748-07:00","Action":"output","Package":"github.com/JDinSeattle/forge-runtime/internal/runner","Test":"TestPoolLeaseSurvivesCrashAndReusesOnlyAfterRelease","Output":"=== RUN   TestPoolLeaseSurvivesCrashAndReusesOnlyAfterRelease\n"}
{"Time":"2026-09-11T16:55:35.256792157-07:00","Action":"output","Package":"github.com/JDinSeattle/forge-runtime/internal/runner","Test":"TestPoolLeaseSurvivesCrashAndReusesOnlyAfterRelease","Output":"--- PASS: TestPoolLeaseSurvivesCrashAndReusesOnlyAfterRelease (0.52s)\n"}
{"Time":"2026-09-11T16:55:35.256820411-07:00","Action":"pass","Package":"github.com/JDinSeattle/forge-runtime/internal/runner","Test":"TestPoolLeaseSurvivesCrashAndReusesOnlyAfterRelease","Elapsed":0.52}
{"Time":"2026-09-11T16:55:35.256829629-07:00","Action":"run","Package":"github.com/JDinSeattle/forge-runtime/internal/runner","Test":"TestPoolUnknownOperationRetainsCapacity"}
{"Time":"2026-09-11T16:55:35.256833043-07:00","Action":"output","Package":"github.com/JDinSeattle/forge-runtime/internal/runner","Test":"TestPoolUnknownOperationRetainsCapacity","Output":"=== RUN   TestPoolUnknownOperationRetainsCapacity\n"}
{"Time":"2026-09-11T16:55:35.683546158-07:00","Action":"output","Package":"github.com/JDinSeattle/forge-runtime/internal/runner","Test":"TestPoolUnknownOperationRetainsCapacity","Output":"--- PASS: TestPoolUnknownOperationRetainsCapacity (0.43s)\n"}
{"Time":"2026-09-11T16:55:35.683565681-07:00","Action":"pass","Package":"github.com/JDinSeattle/forge-runtime/internal/runner","Test":"TestPoolUnknownOperationRetainsCapacity","Elapsed":0.43}
{"Time":"2026-09-11T16:55:35.683572889-07:00","Action":"run","Package":"github.com/JDinSeattle/forge-runtime/internal/runner","Test":"TestOldReleaseAfterSlotReusePreservesNewWorkspace"}
{"Time":"2026-09-11T16:55:35.683574228-07:00","Action":"output","Package":"github.com/JDinSeattle/forge-runtime/internal/runner","Test":"TestOldReleaseAfterSlotReusePreservesNewWorkspace","Output":"=== RUN   TestOldReleaseAfterSlotReusePreservesNewWorkspace\n"}
{"Time":"2026-09-11T16:55:36.28132726-07:00","Action":"output","Package":"github.com/JDinSeattle/forge-runtime/internal/runner","Test":"TestOldReleaseAfterSlotReusePreservesNewWorkspace","Output":"--- PASS: TestOldReleaseAfterSlotReusePreservesNewWorkspace (0.60s)\n"}
{"Time":"2026-09-11T16:55:36.281353336-07:00","Action":"pass","Package":"github.com/JDinSeattle/forge-runtime/internal/runner","Test":"TestOldReleaseAfterSlotReusePreservesNewWorkspace","Elapsed":0.6}
{"Time":"2026-09-11T16:55:36.281358996-07:00","Action":"run","Package":"github.com/JDinSeattle/forge-runtime/internal/runner","Test":"FuzzToolPathsStayRelative"}
{"Time":"2026-09-11T16:55:36.281361374-07:00","Action":"output","Package":"github.com/JDinSeattle/forge-runtime/internal/runner","Test":"FuzzToolPathsStayRelative","Output":"=== RUN   FuzzToolPathsStayRelative\n"}
{"Time":"2026-09-11T16:55:36.281458558-07:00","Action":"run","Package":"github.com/JDinSeattle/forge-runtime/internal/runner","Test":"FuzzToolPathsStayRelative/seed#0"}
{"Time":"2026-09-11T16:55:36.281461619-07:00","Action":"output","Package":"github.com/JDinSeattle/forge-runtime/internal/runner","Test":"FuzzToolPathsStayRelative/seed#0","Output":"=== RUN   FuzzToolPathsStayRelative/seed#0\n"}
{"Time":"2026-09-11T16:55:36.281514631-07:00","Action":"output","Package":"github.com/JDinSeattle/forge-runtime/internal/runner","Test":"FuzzToolPathsStayRelative/seed#0","Output":"--- PASS: FuzzToolPathsStayRelative/seed#0 (0.00s)\n"}
{"Time":"2026-09-11T16:55:36.281526379-07:00","Action":"pass","Package":"github.com/JDinSeattle/forge-runtime/internal/runner","Test":"FuzzToolPathsStayRelative/seed#0","Elapsed":0}
{"Time":"2026-09-11T16:55:36.281542011-07:00","Action":"run","Package":"github.com/JDinSeattle/forge-runtime/internal/runner","Test":"FuzzToolPathsStayRelative/seed#1"}
{"Time":"2026-09-11T16:55:36.281545211-07:00","Action":"output","Package":"github.com/JDinSeattle/forge-runtime/internal/runner","Test":"FuzzToolPathsStayRelative/seed#1","Output":"=== RUN   FuzzToolPathsStayRelative/seed#1\n"}
{"Time":"2026-09-11T16:55:36.281565506-07:00","Action":"output","Package":"github.com/JDinSeattle/forge-runtime/internal/runner","Test":"FuzzToolPathsStayRelative/seed#1","Output":"--- PASS: FuzzToolPathsStayRelative/seed#1 (0.00s)\n"}
{"Time":"2026-09-11T16:55:36.281574475-07:00","Action":"pass","Package":"github.com/JDinSeattle/forge-runtime/internal/runner","Test":"FuzzToolPathsStayRelative/seed#1","Elapsed":0}
{"Time":"2026-09-11T16:55:36.281586164-07:00","Action":"run","Package":"github.com/JDinSeattle/forge-runtime/internal/runner","Test":"FuzzToolPathsStayRelative/seed#2"}
{"Time":"2026-09-11T16:55:36.281588685-07:00","Action":"output","Package":"github.com/JDinSeattle/forge-runtime/internal/runner","Test":"FuzzToolPathsStayRelative/seed#2","Output":"=== RUN   FuzzToolPathsStayRelative/seed#2\n"}
{"Time":"2026-09-11T16:55:36.281612251-07:00","Action":"output","Package":"github.com/JDinSeattle/forge-runtime/internal/runner","Test":"FuzzToolPathsStayRelative/seed#2","Output":"--- PASS: FuzzToolPathsStayRelative/seed#2 (0.00s)\n"}
{"Time":"2026-09-11T16:55:36.281618056-07:00","Action":"pass","Package":"github.com/JDinSeattle/forge-runtime/internal/runner","Test":"FuzzToolPathsStayRelative/seed#2","Elapsed":0}
{"Time":"2026-09-11T16:55:36.281630308-07:00","Action":"run","Package":"github.com/JDinSeattle/forge-runtime/internal/runner","Test":"FuzzToolPathsStayRelative/seed#3"}
{"Time":"2026-09-11T16:55:36.281632676-07:00","Action":"output","Package":"github.com/JDinSeattle/forge-runtime/internal/runner","Test":"FuzzToolPathsStayRelative/seed#3","Output":"=== RUN   FuzzToolPathsStayRelative/seed#3\n"}
{"Time":"2026-09-11T16:55:36.281653523-07:00","Action":"output","Package":"github.com/JDinSeattle/forge-runtime/internal/runner","Test":"FuzzToolPathsStayRelative/seed#3","Output":"--- PASS: FuzzToolPathsStayRelative/seed#3 (0.00s)\n"}
{"Time":"2026-09-11T16:55:36.281661804-07:00","Action":"pass","Package":"github.com/JDinSeattle/forge-runtime/internal/runner","Test":"FuzzToolPathsStayRelative/seed#3","Elapsed":0}
{"Time":"2026-09-11T16:55:36.281673027-07:00","Action":"run","Package":"github.com/JDinSeattle/forge-runtime/internal/runner","Test":"FuzzToolPathsStayRelative/seed#4"}
{"Time":"2026-09-11T16:55:36.281675667-07:00","Action":"output","Package":"github.com/JDinSeattle/forge-runtime/internal/runner","Test":"FuzzToolPathsStayRelative/seed#4","Output":"=== RUN   FuzzToolPathsStayRelative/seed#4\n"}
{"Time":"2026-09-11T16:55:36.281697096-07:00","Action":"output","Package":"github.com/JDinSeattle/forge-runtime/internal/runner","Test":"FuzzToolPathsStayRelative/seed#4","Output":"--- PASS: FuzzToolPathsStayRelative/seed#4 (0.00s)\n"}
{"Time":"2026-09-11T16:55:36.281707523-07:00","Action":"pass","Package":"github.com/JDinSeattle/forge-runtime/internal/runner","Test":"FuzzToolPathsStayRelative/seed#4","Elapsed":0}
{"Time":"2026-09-11T16:55:36.281715463-07:00","Action":"run","Package":"github.com/JDinSeattle/forge-runtime/internal/runner","Test":"FuzzToolPathsStayRelative/seed#5"}
{"Time":"2026-09-11T16:55:36.281717235-07:00","Action":"output","Package":"github.com/JDinSeattle/forge-runtime/internal/runner","Test":"FuzzToolPathsStayRelative/seed#5","Output":"=== RUN   FuzzToolPathsStayRelative/seed#5\n"}
{"Time":"2026-09-11T16:55:36.281742956-07:00","Action":"output","Package":"github.com/JDinSeattle/forge-runtime/internal/runner","Test":"FuzzToolPathsStayRelative/seed#5","Output":"--- PASS: FuzzToolPathsStayRelative/seed#5 (0.00s)\n"}
{"Time":"2026-09-11T16:55:36.281750463-07:00","Action":"pass","Package":"github.com/JDinSeattle/forge-runtime/internal/runner","Test":"FuzzToolPathsStayRelative/seed#5","Elapsed":0}
{"Time":"2026-09-11T16:55:36.281761817-07:00","Action":"run","Package":"github.com/JDinSeattle/forge-runtime/internal/runner","Test":"FuzzToolPathsStayRelative/seed#6"}
{"Time":"2026-09-11T16:55:36.281764363-07:00","Action":"output","Package":"github.com/JDinSeattle/forge-runtime/internal/runner","Test":"FuzzToolPathsStayRelative/seed#6","Output":"=== RUN   FuzzToolPathsStayRelative/seed#6\n"}
{"Time":"2026-09-11T16:55:36.281783442-07:00","Action":"output","Package":"github.com/JDinSeattle/forge-runtime/internal/runner","Test":"FuzzToolPathsStayRelative/seed#6","Output":"--- PASS: FuzzToolPathsStayRelative/seed#6 (0.00s)\n"}
{"Time":"2026-09-11T16:55:36.281786818-07:00","Action":"pass","Package":"github.com/JDinSeattle/forge-runtime/internal/runner","Test":"FuzzToolPathsStayRelative/seed#6","Elapsed":0}
{"Time":"2026-09-11T16:55:36.281804302-07:00","Action":"output","Package":"github.com/JDinSeattle/forge-runtime/internal/runner","Test":"FuzzToolPathsStayRelative","Output":"--- PASS: FuzzToolPathsStayRelative (0.00s)\n"}
{"Time":"2026-09-11T16:55:36.281810182-07:00","Action":"pass","Package":"github.com/JDinSeattle/forge-runtime/internal/runner","Test":"FuzzToolPathsStayRelative","Elapsed":0}
{"Time":"2026-09-11T16:55:36.281818275-07:00","Action":"output","Package":"github.com/JDinSeattle/forge-runtime/internal/runner","Output":"PASS\n"}
{"Time":"2026-09-11T16:55:37.285299498-07:00","Action":"output","Package":"github.com/JDinSeattle/forge-runtime/internal/runner","Output":"ok  \tgithub.com/JDinSeattle/forge-runtime/internal/runner\t15.001s\n"}
{"Time":"2026-09-11T16:55:37.285323582-07:00","Action":"pass","Package":"github.com/JDinSeattle/forge-runtime/internal/runner","Elapsed":15.001}
