{"Time":"2026-09-11T15:21:20.200457406-07:00","Action":"start","Package":"github.com/JDinSeattle/forge-runtime/benchmarks"}
{"Time":"2026-09-11T15:21:20.200551732-07:00","Action":"start","Package":"github.com/JDinSeattle/forge-runtime/cmd/forge"}
{"Time":"2026-09-11T15:21:20.200593744-07:00","Action":"start","Package":"github.com/JDinSeattle/forge-runtime/cmd/forge-admin"}
{"Time":"2026-09-11T15:21:20.200608841-07:00","Action":"output","Package":"github.com/JDinSeattle/forge-runtime/cmd/forge-admin","Output":"?   \tgithub.com/JDinSeattle/forge-runtime/cmd/forge-admin\t[no test files]\n"}
{"Time":"2026-09-11T15:21:20.200626705-07:00","Action":"skip","Package":"github.com/JDinSeattle/forge-runtime/cmd/forge-admin","Elapsed":0}
{"Time":"2026-09-11T15:21:20.200633657-07:00","Action":"start","Package":"github.com/JDinSeattle/forge-runtime/cmd/forge-api"}
{"Time":"2026-09-11T15:21:20.200647006-07:00","Action":"output","Package":"github.com/JDinSeattle/forge-runtime/cmd/forge-api","Output":"?   \tgithub.com/JDinSeattle/forge-runtime/cmd/forge-api\t[no test files]\n"}
{"Time":"2026-09-11T15:21:20.200651955-07:00","Action":"skip","Package":"github.com/JDinSeattle/forge-runtime/cmd/forge-api","Elapsed":0}
{"Time":"2026-09-11T15:21:20.200659821-07:00","Action":"start","Package":"github.com/JDinSeattle/forge-runtime/cmd/forge-runner"}
{"Time":"2026-09-11T15:21:20.200779807-07:00","Action":"start","Package":"github.com/JDinSeattle/forge-runtime/cmd/forge-worker"}
{"Time":"2026-09-11T15:21:20.200804749-07:00","Action":"output","Package":"github.com/JDinSeattle/forge-runtime/cmd/forge-worker","Output":"?   \tgithub.com/JDinSeattle/forge-runtime/cmd/forge-worker\t[no test files]\n"}
{"Time":"2026-09-11T15:21:20.200813364-07:00","Action":"skip","Package":"github.com/JDinSeattle/forge-runtime/cmd/forge-worker","Elapsed":0}
{"Time":"2026-09-11T15:21:20.200821351-07:00","Action":"start","Package":"github.com/JDinSeattle/forge-runtime/db"}
{"Time":"2026-09-11T15:21:20.200834425-07:00","Action":"output","Package":"github.com/JDinSeattle/forge-runtime/db","Output":"?   \tgithub.com/JDinSeattle/forge-runtime/db\t[no test files]\n"}
{"Time":"2026-09-11T15:21:20.200840552-07:00","Action":"skip","Package":"github.com/JDinSeattle/forge-runtime/db","Elapsed":0}
{"Time":"2026-09-11T15:21:20.200846964-07:00","Action":"start","Package":"github.com/JDinSeattle/forge-runtime/internal/application"}
{"Time":"2026-09-11T15:21:20.200919748-07:00","Action":"start","Package":"github.com/JDinSeattle/forge-runtime/internal/artifact"}
{"Time":"2026-09-11T15:21:20.209735544-07:00","Action":"run","Package":"github.com/JDinSeattle/forge-runtime/cmd/forge","Test":"TestSubmitUncertaintyRetainsKeyWithoutAutomaticReplay"}
{"Time":"2026-09-11T15:21:20.209808329-07:00","Action":"output","Package":"github.com/JDinSeattle/forge-runtime/cmd/forge","Test":"TestSubmitUncertaintyRetainsKeyWithoutAutomaticReplay","Output":"=== RUN   TestSubmitUncertaintyRetainsKeyWithoutAutomaticReplay\n"}
{"Time":"2026-09-11T15:21:20.210472239-07:00","Action":"run","Package":"github.com/JDinSeattle/forge-runtime/internal/artifact","Test":"TestPutDeadlineUnblocksClosableInputAndReleasesPublication"}
{"Time":"2026-09-11T15:21:20.210486598-07:00","Action":"output","Package":"github.com/JDinSeattle/forge-runtime/internal/artifact","Test":"TestPutDeadlineUnblocksClosableInputAndReleasesPublication","Output":"=== RUN   TestPutDeadlineUnblocksClosableInputAndReleasesPublication\n"}
{"Time":"2026-09-11T15:21:20.213372703-07:00","Action":"run","Package":"github.com/JDinSeattle/forge-runtime/cmd/forge-runner","Test":"TestFaultPlanRejectsUnsafeScopeAndLocation"}
{"Time":"2026-09-11T15:21:20.213410171-07:00","Action":"output","Package":"github.com/JDinSeattle/forge-runtime/cmd/forge-runner","Test":"TestFaultPlanRejectsUnsafeScopeAndLocation","Output":"=== RUN   TestFaultPlanRejectsUnsafeScopeAndLocation\n"}
{"Time":"2026-09-11T15:21:20.213434247-07:00","Action":"run","Package":"github.com/JDinSeattle/forge-runtime/cmd/forge-runner","Test":"TestFaultPlanRejectsUnsafeScopeAndLocation/point"}
{"Time":"2026-09-11T15:21:20.213439007-07:00","Action":"output","Package":"github.com/JDinSeattle/forge-runtime/cmd/forge-runner","Test":"TestFaultPlanRejectsUnsafeScopeAndLocation/point","Output":"=== RUN   TestFaultPlanRejectsUnsafeScopeAndLocation/point\n"}
{"Time":"2026-09-11T15:21:20.214206881-07:00","Action":"output","Package":"github.com/JDinSeattle/forge-runtime/cmd/forge-runner","Test":"TestFaultPlanRejectsUnsafeScopeAndLocation/point","Output":"--- PASS: TestFaultPlanRejectsUnsafeScopeAndLocation/point (0.00s)\n"}
{"Time":"2026-09-11T15:21:20.214221447-07:00","Action":"pass","Package":"github.com/JDinSeattle/forge-runtime/cmd/forge-runner","Test":"TestFaultPlanRejectsUnsafeScopeAndLocation/point","Elapsed":0}
{"Time":"2026-09-11T15:21:20.214238438-07:00","Action":"run","Package":"github.com/JDinSeattle/forge-runtime/cmd/forge-runner","Test":"TestFaultPlanRejectsUnsafeScopeAndLocation/operation"}
{"Time":"2026-09-11T15:21:20.21424364-07:00","Action":"output","Package":"github.com/JDinSeattle/forge-runtime/cmd/forge-runner","Test":"TestFaultPlanRejectsUnsafeScopeAndLocation/operation","Output":"=== RUN   TestFaultPlanRejectsUnsafeScopeAndLocation/operation\n"}
{"Time":"2026-09-11T15:21:20.214656797-07:00","Action":"output","Package":"github.com/JDinSeattle/forge-runtime/cmd/forge-runner","Test":"TestFaultPlanRejectsUnsafeScopeAndLocation/operation","Output":"--- PASS: TestFaultPlanRejectsUnsafeScopeAndLocation/operation (0.00s)\n"}
{"Time":"2026-09-11T15:21:20.214674407-07:00","Action":"pass","Package":"github.com/JDinSeattle/forge-runtime/cmd/forge-runner","Test":"TestFaultPlanRejectsUnsafeScopeAndLocation/operation","Elapsed":0}
{"Time":"2026-09-11T15:21:20.214688217-07:00","Action":"run","Package":"github.com/JDinSeattle/forge-runtime/cmd/forge-runner","Test":"TestFaultPlanRejectsUnsafeScopeAndLocation/epoch"}
{"Time":"2026-09-11T15:21:20.214693112-07:00","Action":"output","Package":"github.com/JDinSeattle/forge-runtime/cmd/forge-runner","Test":"TestFaultPlanRejectsUnsafeScopeAndLocation/epoch","Output":"=== RUN   TestFaultPlanRejectsUnsafeScopeAndLocation/epoch\n"}
{"Time":"2026-09-11T15:21:20.215117283-07:00","Action":"output","Package":"github.com/JDinSeattle/forge-runtime/cmd/forge-runner","Test":"TestFaultPlanRejectsUnsafeScopeAndLocation/epoch","Output":"--- PASS: TestFaultPlanRejectsUnsafeScopeAndLocation/epoch (0.00s)\n"}
{"Time":"2026-09-11T15:21:20.215128245-07:00","Action":"pass","Package":"github.com/JDinSeattle/forge-runtime/cmd/forge-runner","Test":"TestFaultPlanRejectsUnsafeScopeAndLocation/epoch","Elapsed":0}
{"Time":"2026-09-11T15:21:20.215144959-07:00","Action":"run","Package":"github.com/JDinSeattle/forge-runtime/cmd/forge-runner","Test":"TestFaultPlanRejectsUnsafeScopeAndLocation/expired"}
{"Time":"2026-09-11T15:21:20.215150731-07:00","Action":"output","Package":"github.com/JDinSeattle/forge-runtime/cmd/forge-runner","Test":"TestFaultPlanRejectsUnsafeScopeAndLocation/expired","Output":"=== RUN   TestFaultPlanRejectsUnsafeScopeAndLocation/expired\n"}
{"Time":"2026-09-11T15:21:20.215572176-07:00","Action":"output","Package":"github.com/JDinSeattle/forge-runtime/cmd/forge-runner","Test":"TestFaultPlanRejectsUnsafeScopeAndLocation/expired","Output":"--- PASS: TestFaultPlanRejectsUnsafeScopeAndLocation/expired (0.00s)\n"}
{"Time":"2026-09-11T15:21:20.215583363-07:00","Action":"pass","Package":"github.com/JDinSeattle/forge-runtime/cmd/forge-runner","Test":"TestFaultPlanRejectsUnsafeScopeAndLocation/expired","Elapsed":0}
{"Time":"2026-09-11T15:21:20.215604123-07:00","Action":"run","Package":"github.com/JDinSeattle/forge-runtime/cmd/forge-runner","Test":"TestFaultPlanRejectsUnsafeScopeAndLocation/long_expiry"}
{"Time":"2026-09-11T15:21:20.215609043-07:00","Action":"output","Package":"github.com/JDinSeattle/forge-runtime/cmd/forge-runner","Test":"TestFaultPlanRejectsUnsafeScopeAndLocation/long_expiry","Output":"=== RUN   TestFaultPlanRejectsUnsafeScopeAndLocation/long_expiry\n"}
{"Time":"2026-09-11T15:21:20.216053229-07:00","Action":"output","Package":"github.com/JDinSeattle/forge-runtime/cmd/forge-runner","Test":"TestFaultPlanRejectsUnsafeScopeAndLocation/long_expiry","Output":"--- PASS: TestFaultPlanRejectsUnsafeScopeAndLocation/long_expiry (0.00s)\n"}
{"Time":"2026-09-11T15:21:20.216071611-07:00","Action":"pass","Package":"github.com/JDinSeattle/forge-runtime/cmd/forge-runner","Test":"TestFaultPlanRejectsUnsafeScopeAndLocation/long_expiry","Elapsed":0}
{"Time":"2026-09-11T15:21:20.216086472-07:00","Action":"run","Package":"github.com/JDinSeattle/forge-runtime/cmd/forge-runner","Test":"TestFaultPlanRejectsUnsafeScopeAndLocation/long_delay"}
{"Time":"2026-09-11T15:21:20.216088711-07:00","Action":"output","Package":"github.com/JDinSeattle/forge-runtime/cmd/forge-runner","Test":"TestFaultPlanRejectsUnsafeScopeAndLocation/long_delay","Output":"=== RUN   TestFaultPlanRejectsUnsafeScopeAndLocation/long_delay\n"}
{"Time":"2026-09-11T15:21:20.216396498-07:00","Action":"output","Package":"github.com/JDinSeattle/forge-runtime/cmd/forge-runner","Test":"TestFaultPlanRejectsUnsafeScopeAndLocation/long_delay","Output":"--- PASS: TestFaultPlanRejectsUnsafeScopeAndLocation/long_delay (0.00s)\n"}
{"Time":"2026-09-11T15:21:20.21640786-07:00","Action":"pass","Package":"github.com/JDinSeattle/forge-runtime/cmd/forge-runner","Test":"TestFaultPlanRejectsUnsafeScopeAndLocation/long_delay","Elapsed":0}
{"Time":"2026-09-11T15:21:20.216417905-07:00","Action":"run","Package":"github.com/JDinSeattle/forge-runtime/cmd/forge-runner","Test":"TestFaultPlanRejectsUnsafeScopeAndLocation/public"}
{"Time":"2026-09-11T15:21:20.216419879-07:00","Action":"output","Package":"github.com/JDinSeattle/forge-runtime/cmd/forge-runner","Test":"TestFaultPlanRejectsUnsafeScopeAndLocation/public","Output":"=== RUN   TestFaultPlanRejectsUnsafeScopeAndLocation/public\n"}
{"Time":"2026-09-11T15:21:20.216641852-07:00","Action":"output","Package":"github.com/JDinSeattle/forge-runtime/cmd/forge-runner","Test":"TestFaultPlanRejectsUnsafeScopeAndLocation/public","Output":"--- PASS: TestFaultPlanRejectsUnsafeScopeAndLocation/public (0.00s)\n"}
{"Time":"2026-09-11T15:21:20.21665021-07:00","Action":"pass","Package":"github.com/JDinSeattle/forge-runtime/cmd/forge-runner","Test":"TestFaultPlanRejectsUnsafeScopeAndLocation/public","Elapsed":0}
{"Time":"2026-09-11T15:21:20.216658495-07:00","Action":"run","Package":"github.com/JDinSeattle/forge-runtime/cmd/forge-runner","Test":"TestFaultPlanRejectsUnsafeScopeAndLocation/symlink"}
{"Time":"2026-09-11T15:21:20.21666033-07:00","Action":"output","Package":"github.com/JDinSeattle/forge-runtime/cmd/forge-runner","Test":"TestFaultPlanRejectsUnsafeScopeAndLocation/symlink","Output":"=== RUN   TestFaultPlanRejectsUnsafeScopeAndLocation/symlink\n"}
{"Time":"2026-09-11T15:21:20.216885175-07:00","Action":"output","Package":"github.com/JDinSeattle/forge-runtime/cmd/forge-runner","Test":"TestFaultPlanRejectsUnsafeScopeAndLocation/symlink","Output":"--- PASS: TestFaultPlanRejectsUnsafeScopeAndLocation/symlink (0.00s)\n"}
{"Time":"2026-09-11T15:21:20.21689209-07:00","Action":"pass","Package":"github.com/JDinSeattle/forge-runtime/cmd/forge-runner","Test":"TestFaultPlanRejectsUnsafeScopeAndLocation/symlink","Elapsed":0}
{"Time":"2026-09-11T15:21:20.216900883-07:00","Action":"run","Package":"github.com/JDinSeattle/forge-runtime/cmd/forge-runner","Test":"TestFaultPlanRejectsUnsafeScopeAndLocation/outside"}
{"Time":"2026-09-11T15:21:20.216911149-07:00","Action":"output","Package":"github.com/JDinSeattle/forge-runtime/cmd/forge-runner","Test":"TestFaultPlanRejectsUnsafeScopeAndLocation/outside","Output":"=== RUN   TestFaultPlanRejectsUnsafeScopeAndLocation/outside\n"}
{"Time":"2026-09-11T15:21:20.217106981-07:00","Action":"output","Package":"github.com/JDinSeattle/forge-runtime/cmd/forge-runner","Test":"TestFaultPlanRejectsUnsafeScopeAndLocation/outside","Output":"--- PASS: TestFaultPlanRejectsUnsafeScopeAndLocation/outside (0.00s)\n"}
{"Time":"2026-09-11T15:21:20.21711374-07:00","Action":"pass","Package":"github.com/JDinSeattle/forge-runtime/cmd/forge-runner","Test":"TestFaultPlanRejectsUnsafeScopeAndLocation/outside","Elapsed":0}
{"Time":"2026-09-11T15:21:20.21713474-07:00","Action":"output","Package":"github.com/JDinSeattle/forge-runtime/cmd/forge-runner","Test":"TestFaultPlanRejectsUnsafeScopeAndLocation","Output":"--- PASS: TestFaultPlanRejectsUnsafeScopeAndLocation (0.00s)\n"}
{"Time":"2026-09-11T15:21:20.217140325-07:00","Action":"pass","Package":"github.com/JDinSeattle/forge-runtime/cmd/forge-runner","Test":"TestFaultPlanRejectsUnsafeScopeAndLocation","Elapsed":0}
{"Time":"2026-09-11T15:21:20.217162463-07:00","Action":"run","Package":"github.com/JDinSeattle/forge-runtime/cmd/forge-runner","Test":"TestFaultPlanExactScopeOneShotAcrossReload"}
{"Time":"2026-09-11T15:21:20.217164828-07:00","Action":"output","Package":"github.com/JDinSeattle/forge-runtime/cmd/forge-runner","Test":"TestFaultPlanExactScopeOneShotAcrossReload","Output":"=== RUN   TestFaultPlanExactScopeOneShotAcrossReload\n"}
{"Time":"2026-09-11T15:21:20.224740955-07:00","Action":"run","Package":"github.com/JDinSeattle/forge-runtime/internal/application","Test":"TestPrepareCapacityRequeuesAtomically"}
{"Time":"2026-09-11T15:21:20.224764086-07:00","Action":"output","Package":"github.com/JDinSeattle/forge-runtime/internal/application","Test":"TestPrepareCapacityRequeuesAtomically","Output":"=== RUN   TestPrepareCapacityRequeuesAtomically\n"}
{"Time":"2026-09-11T15:21:20.232452486-07:00","Action":"run","Package":"github.com/JDinSeattle/forge-runtime/benchmarks","Test":"TestSubmissionResponseLossEvidence"}
{"Time":"2026-09-11T15:21:20.232485372-07:00","Action":"output","Package":"github.com/JDinSeattle/forge-runtime/benchmarks","Test":"TestSubmissionResponseLossEvidence","Output":"=== RUN   TestSubmissionResponseLossEvidence\n"}
{"Time":"2026-09-11T15:21:20.232513429-07:00","Action":"output","Package":"github.com/JDinSeattle/forge-runtime/benchmarks","Test":"TestSubmissionResponseLossEvidence","Output":"    api_fault_test.go:199: set FORGE_RUN_API_FAULT=1 and FORGE_TEST_DATABASE_URL\n"}
{"Time":"2026-09-11T15:21:20.232544703-07:00","Action":"output","Package":"github.com/JDinSeattle/forge-runtime/benchmarks","Test":"TestSubmissionResponseLossEvidence","Output":"--- SKIP: TestSubmissionResponseLossEvidence (0.00s)\n"}
{"Time":"2026-09-11T15:21:20.232555273-07:00","Action":"skip","Package":"github.com/JDinSeattle/forge-runtime/benchmarks","Test":"TestSubmissionResponseLossEvidence","Elapsed":0}
{"Time":"2026-09-11T15:21:20.232570271-07:00","Action":"run","Package":"github.com/JDinSeattle/forge-runtime/benchmarks","Test":"TestSubmissionDropFixtureRequiresDurabilityAndIsScoped"}
{"Time":"2026-09-11T15:21:20.232575272-07:00","Action":"output","Package":"github.com/JDinSeattle/forge-runtime/benchmarks","Test":"TestSubmissionDropFixtureRequiresDurabilityAndIsScoped","Output":"=== RUN   TestSubmissionDropFixtureRequiresDurabilityAndIsScoped\n"}
{"Time":"2026-09-11T15:21:20.232766485-07:00","Action":"output","Package":"github.com/JDinSeattle/forge-runtime/benchmarks","Test":"TestSubmissionDropFixtureRequiresDurabilityAndIsScoped","Output":"--- PASS: TestSubmissionDropFixtureRequiresDurabilityAndIsScoped (0.00s)\n"}
{"Time":"2026-09-11T15:21:20.232774625-07:00","Action":"pass","Package":"github.com/JDinSeattle/forge-runtime/benchmarks","Test":"TestSubmissionDropFixtureRequiresDurabilityAndIsScoped","Elapsed":0}
{"Time":"2026-09-11T15:21:20.232783796-07:00","Action":"run","Package":"github.com/JDinSeattle/forge-runtime/benchmarks","Test":"TestSubmissionDropFixtureNeverLosesResponseWithoutCommitProof"}
{"Time":"2026-09-11T15:21:20.232788655-07:00","Action":"output","Package":"github.com/JDinSeattle/forge-runtime/benchmarks","Test":"TestSubmissionDropFixtureNeverLosesResponseWithoutCommitProof","Output":"=== RUN   TestSubmissionDropFixtureNeverLosesResponseWithoutCommitProof\n"}
{"Time":"2026-09-11T15:21:20.232885057-07:00","Action":"output","Package":"github.com/JDinSeattle/forge-runtime/benchmarks","Test":"TestSubmissionDropFixtureNeverLosesResponseWithoutCommitProof","Output":"--- PASS: TestSubmissionDropFixtureNeverLosesResponseWithoutCommitProof (0.00s)\n"}
{"Time":"2026-09-11T15:21:20.232892561-07:00","Action":"pass","Package":"github.com/JDinSeattle/forge-runtime/benchmarks","Test":"TestSubmissionDropFixtureNeverLosesResponseWithoutCommitProof","Elapsed":0}
{"Time":"2026-09-11T15:21:20.232918779-07:00","Action":"run","Package":"github.com/JDinSeattle/forge-runtime/benchmarks","Test":"TestSSEConnectionChurnEvidence"}
{"Time":"2026-09-11T15:21:20.232924221-07:00","Action":"output","Package":"github.com/JDinSeattle/forge-runtime/benchmarks","Test":"TestSSEConnectionChurnEvidence","Output":"=== RUN   TestSSEConnectionChurnEvidence\n"}
{"Time":"2026-09-11T15:21:20.232960855-07:00","Action":"output","Package":"github.com/JDinSeattle/forge-runtime/benchmarks","Test":"TestSSEConnectionChurnEvidence","Output":"    churn_test.go:52: set FORGE_RUN_BENCHMARK=1 and FORGE_TEST_DATABASE_URL\n"}
{"Time":"2026-09-11T15:21:20.232980499-07:00","Action":"output","Package":"github.com/JDinSeattle/forge-runtime/benchmarks","Test":"TestSSEConnectionChurnEvidence","Output":"--- SKIP: TestSSEConnectionChurnEvidence (0.00s)\n"}
{"Time":"2026-09-11T15:21:20.232993485-07:00","Action":"skip","Package":"github.com/JDinSeattle/forge-runtime/benchmarks","Test":"TestSSEConnectionChurnEvidence","Elapsed":0}
{"Time":"2026-09-11T15:21:20.233007311-07:00","Action":"run","Package":"github.com/JDinSeattle/forge-runtime/benchmarks","Test":"TestHTTPMetadataEvidence"}
{"Time":"2026-09-11T15:21:20.233013772-07:00","Action":"output","Package":"github.com/JDinSeattle/forge-runtime/benchmarks","Test":"TestHTTPMetadataEvidence","Output":"=== RUN   TestHTTPMetadataEvidence\n"}
{"Time":"2026-09-11T15:21:20.233047505-07:00","Action":"output","Package":"github.com/JDinSeattle/forge-runtime/benchmarks","Test":"TestHTTPMetadataEvidence","Output":"    http_test.go:31: opt-in fixed HTTP workload\n"}
{"Time":"2026-09-11T15:21:20.233073088-07:00","Action":"output","Package":"github.com/JDinSeattle/forge-runtime/benchmarks","Test":"TestHTTPMetadataEvidence","Output":"--- SKIP: TestHTTPMetadataEvidence (0.00s)\n"}
{"Time":"2026-09-11T15:21:20.233085491-07:00","Action":"skip","Package":"github.com/JDinSeattle/forge-runtime/benchmarks","Test":"TestHTTPMetadataEvidence","Elapsed":0}
{"Time":"2026-09-11T15:21:20.233093822-07:00","Action":"run","Package":"github.com/JDinSeattle/forge-runtime/benchmarks","Test":"TestK6MetadataEvidence"}
{"Time":"2026-09-11T15:21:20.233097797-07:00","Action":"output","Package":"github.com/JDinSeattle/forge-runtime/benchmarks","Test":"TestK6MetadataEvidence","Output":"=== RUN   TestK6MetadataEvidence\n"}
{"Time":"2026-09-11T15:21:20.23314102-07:00","Action":"output","Package":"github.com/JDinSeattle/forge-runtime/benchmarks","Test":"TestK6MetadataEvidence","Output":"    k6_test.go:22: opt-in actual k6 loopback workload\n"}
{"Time":"2026-09-11T15:21:20.233153684-07:00","Action":"output","Package":"github.com/JDinSeattle/forge-runtime/benchmarks","Test":"TestK6MetadataEvidence","Output":"--- SKIP: TestK6MetadataEvidence (0.00s)\n"}
{"Time":"2026-09-11T15:21:20.23316457-07:00","Action":"skip","Package":"github.com/JDinSeattle/forge-runtime/benchmarks","Test":"TestK6MetadataEvidence","Elapsed":0}
{"Time":"2026-09-11T15:21:20.233173928-07:00","Action":"run","Package":"github.com/JDinSeattle/forge-runtime/benchmarks","Test":"TestNativeStreamInterruptedLedgerEvidence"}
{"Time":"2026-09-11T15:21:20.233178116-07:00","Action":"output","Package":"github.com/JDinSeattle/forge-runtime/benchmarks","Test":"TestNativeStreamInterruptedLedgerEvidence","Output":"=== RUN   TestNativeStreamInterruptedLedgerEvidence\n"}
{"Time":"2026-09-11T15:21:20.233215147-07:00","Action":"output","Package":"github.com/JDinSeattle/forge-runtime/benchmarks","Test":"TestNativeStreamInterruptedLedgerEvidence","Output":"    model_stream_fault_test.go:293: set FORGE_RUN_MODEL_STREAM_FAULT=1 and FORGE_TEST_DATABASE_URL for local native HTTP/private PG acceptance\n"}
{"Time":"2026-09-11T15:21:20.233231874-07:00","Action":"output","Package":"github.com/JDinSeattle/forge-runtime/benchmarks","Test":"TestNativeStreamInterruptedLedgerEvidence","Output":"--- SKIP: TestNativeStreamInterruptedLedgerEvidence (0.00s)\n"}
{"Time":"2026-09-11T15:21:20.233243953-07:00","Action":"skip","Package":"github.com/JDinSeattle/forge-runtime/benchmarks","Test":"TestNativeStreamInterruptedLedgerEvidence","Elapsed":0}
{"Time":"2026-09-11T15:21:20.233253575-07:00","Action":"run","Package":"github.com/JDinSeattle/forge-runtime/benchmarks","Test":"TestInterruptedLedgerOracleRejectsReleasedExpense"}
{"Time":"2026-09-11T15:21:20.233257352-07:00","Action":"output","Package":"github.com/JDinSeattle/forge-runtime/benchmarks","Test":"TestInterruptedLedgerOracleRejectsReleasedExpense","Output":"=== RUN   TestInterruptedLedgerOracleRejectsReleasedExpense\n"}
{"Time":"2026-09-11T15:21:20.233477214-07:00","Action":"output","Package":"github.com/JDinSeattle/forge-runtime/benchmarks","Test":"TestInterruptedLedgerOracleRejectsReleasedExpense","Output":"--- PASS: TestInterruptedLedgerOracleRejectsReleasedExpense (0.00s)\n"}
{"Time":"2026-09-11T15:21:20.233484627-07:00","Action":"pass","Package":"github.com/JDinSeattle/forge-runtime/benchmarks","Test":"TestInterruptedLedgerOracleRejectsReleasedExpense","Elapsed":0}
{"Time":"2026-09-11T15:21:20.233497244-07:00","Action":"run","Package":"github.com/JDinSeattle/forge-runtime/benchmarks","Test":"TestSchedulerCompetitionEvidence"}
{"Time":"2026-09-11T15:21:20.23350187-07:00","Action":"output","Package":"github.com/JDinSeattle/forge-runtime/benchmarks","Test":"TestSchedulerCompetitionEvidence","Output":"=== RUN   TestSchedulerCompetitionEvidence\n"}
{"Time":"2026-09-11T15:21:20.233530811-07:00","Action":"output","Package":"github.com/JDinSeattle/forge-runtime/benchmarks","Test":"TestSchedulerCompetitionEvidence","Output":"    scheduler_test.go:66: set FORGE_RUN_BENCHMARK=1 and FORGE_TEST_DATABASE_URL for scoped benchmark\n"}
{"Time":"2026-09-11T15:21:20.233552666-07:00","Action":"output","Package":"github.com/JDinSeattle/forge-runtime/benchmarks","Test":"TestSchedulerCompetitionEvidence","Output":"--- SKIP: TestSchedulerCompetitionEvidence (0.00s)\n"}
{"Time":"2026-09-11T15:21:20.233564564-07:00","Action":"skip","Package":"github.com/JDinSeattle/forge-runtime/benchmarks","Test":"TestSchedulerCompetitionEvidence","Elapsed":0}
{"Time":"2026-09-11T15:21:20.233572825-07:00","Action":"run","Package":"github.com/JDinSeattle/forge-runtime/benchmarks","Test":"TestSSEP02IsolationEvidence"}
{"Time":"2026-09-11T15:21:20.233576895-07:00","Action":"output","Package":"github.com/JDinSeattle/forge-runtime/benchmarks","Test":"TestSSEP02IsolationEvidence","Output":"=== RUN   TestSSEP02IsolationEvidence\n"}
{"Time":"2026-09-11T15:21:20.233614851-07:00","Action":"output","Package":"github.com/JDinSeattle/forge-runtime/benchmarks","Test":"TestSSEP02IsolationEvidence","Output":"    sse_p02_test.go:247: set FORGE_RUN_P02_SSE=1 and FORGE_TEST_DATABASE_URL\n"}
{"Time":"2026-09-11T15:21:20.233634461-07:00","Action":"output","Package":"github.com/JDinSeattle/forge-runtime/benchmarks","Test":"TestSSEP02IsolationEvidence","Output":"--- SKIP: TestSSEP02IsolationEvidence (0.00s)\n"}
{"Time":"2026-09-11T15:21:20.233646091-07:00","Action":"skip","Package":"github.com/JDinSeattle/forge-runtime/benchmarks","Test":"TestSSEP02IsolationEvidence","Elapsed":0}
{"Time":"2026-09-11T15:21:20.23365403-07:00","Action":"run","Package":"github.com/JDinSeattle/forge-runtime/benchmarks","Test":"TestSSESustainedChurnEvidence"}
{"Time":"2026-09-11T15:21:20.233657986-07:00","Action":"output","Package":"github.com/JDinSeattle/forge-runtime/benchmarks","Test":"TestSSESustainedChurnEvidence","Output":"=== RUN   TestSSESustainedChurnEvidence\n"}
{"Time":"2026-09-11T15:21:20.233706074-07:00","Action":"output","Package":"github.com/JDinSeattle/forge-runtime/benchmarks","Test":"TestSSESustainedChurnEvidence","Output":"    sse_plateau_test.go:36: set FORGE_RUN_SUSTAINED_SSE=1 and FORGE_TEST_DATABASE_URL\n"}
{"Time":"2026-09-11T15:21:20.233724093-07:00","Action":"output","Package":"github.com/JDinSeattle/forge-runtime/benchmarks","Test":"TestSSESustainedChurnEvidence","Output":"--- SKIP: TestSSESustainedChurnEvidence (0.00s)\n"}
{"Time":"2026-09-11T15:21:20.23373806-07:00","Action":"skip","Package":"github.com/JDinSeattle/forge-runtime/benchmarks","Test":"TestSSESustainedChurnEvidence","Elapsed":0}
{"Time":"2026-09-11T15:21:20.233747315-07:00","Action":"run","Package":"github.com/JDinSeattle/forge-runtime/benchmarks","Test":"TestSSESteadyStateEvidence"}
{"Time":"2026-09-11T15:21:20.233750997-07:00","Action":"output","Package":"github.com/JDinSeattle/forge-runtime/benchmarks","Test":"TestSSESteadyStateEvidence","Output":"=== RUN   TestSSESteadyStateEvidence\n"}
{"Time":"2026-09-11T15:21:20.233790455-07:00","Action":"output","Package":"github.com/JDinSeattle/forge-runtime/benchmarks","Test":"TestSSESteadyStateEvidence","Output":"    sse_plateau_test.go:36: set FORGE_RUN_SUSTAINED_SSE=1 and FORGE_TEST_DATABASE_URL\n"}
{"Time":"2026-09-11T15:21:20.233808067-07:00","Action":"output","Package":"github.com/JDinSeattle/forge-runtime/benchmarks","Test":"TestSSESteadyStateEvidence","Output":"--- SKIP: TestSSESteadyStateEvidence (0.00s)\n"}
{"Time":"2026-09-11T15:21:20.23382186-07:00","Action":"skip","Package":"github.com/JDinSeattle/forge-runtime/benchmarks","Test":"TestSSESteadyStateEvidence","Elapsed":0}
{"Time":"2026-09-11T15:21:20.233828008-07:00","Action":"run","Package":"github.com/JDinSeattle/forge-runtime/benchmarks","Test":"TestSSESteadyStateOracle"}
{"Time":"2026-09-11T15:21:20.233830708-07:00","Action":"output","Package":"github.com/JDinSeattle/forge-runtime/benchmarks","Test":"TestSSESteadyStateOracle","Output":"=== RUN   TestSSESteadyStateOracle\n"}
{"Time":"2026-09-11T15:21:20.233991418-07:00","Action":"output","Package":"github.com/JDinSeattle/forge-runtime/benchmarks","Test":"TestSSESteadyStateOracle","Output":"--- PASS: TestSSESteadyStateOracle (0.00s)\n"}
{"Time":"2026-09-11T15:21:20.233998472-07:00","Action":"pass","Package":"github.com/JDinSeattle/forge-runtime/benchmarks","Test":"TestSSESteadyStateOracle","Elapsed":0}
{"Time":"2026-09-11T15:21:20.23401029-07:00","Action":"run","Package":"github.com/JDinSeattle/forge-runtime/benchmarks","Test":"TestSSEBackpressureEvidence"}
{"Time":"2026-09-11T15:21:20.234014732-07:00","Action":"output","Package":"github.com/JDinSeattle/forge-runtime/benchmarks","Test":"TestSSEBackpressureEvidence","Output":"=== RUN   TestSSEBackpressureEvidence\n"}
{"Time":"2026-09-11T15:21:20.234049768-07:00","Action":"output","Package":"github.com/JDinSeattle/forge-runtime/benchmarks","Test":"TestSSEBackpressureEvidence","Output":"    sse_sustained_test.go:428: set FORGE_RUN_SUSTAINED_SSE=1 and FORGE_TEST_DATABASE_URL\n"}
{"Time":"2026-09-11T15:21:20.234069102-07:00","Action":"output","Package":"github.com/JDinSeattle/forge-runtime/benchmarks","Test":"TestSSEBackpressureEvidence","Output":"--- SKIP: TestSSEBackpressureEvidence (0.00s)\n"}
{"Time":"2026-09-11T15:21:20.234082255-07:00","Action":"skip","Package":"github.com/JDinSeattle/forge-runtime/benchmarks","Test":"TestSSEBackpressureEvidence","Elapsed":0}
{"Time":"2026-09-11T15:21:20.234087863-07:00","Action":"run","Package":"github.com/JDinSeattle/forge-runtime/benchmarks","Test":"TestSSEPlateauOracle"}
{"Time":"2026-09-11T15:21:20.234091418-07:00","Action":"output","Package":"github.com/JDinSeattle/forge-runtime/benchmarks","Test":"TestSSEPlateauOracle","Output":"=== RUN   TestSSEPlateauOracle\n"}
{"Time":"2026-09-11T15:21:20.234129147-07:00","Action":"output","Package":"github.com/JDinSeattle/forge-runtime/benchmarks","Test":"TestSSEPlateauOracle","Output":"--- PASS: TestSSEPlateauOracle (0.00s)\n"}
{"Time":"2026-09-11T15:21:20.234142094-07:00","Action":"pass","Package":"github.com/JDinSeattle/forge-runtime/benchmarks","Test":"TestSSEPlateauOracle","Elapsed":0}
{"Time":"2026-09-11T15:21:20.234148809-07:00","Action":"run","Package":"github.com/JDinSeattle/forge-runtime/benchmarks","Test":"TestSSEFanoutEvidence"}
{"Time":"2026-09-11T15:21:20.234152321-07:00","Action":"output","Package":"github.com/JDinSeattle/forge-runtime/benchmarks","Test":"TestSSEFanoutEvidence","Output":"=== RUN   TestSSEFanoutEvidence\n"}
{"Time":"2026-09-11T15:21:20.234185796-07:00","Action":"output","Package":"github.com/JDinSeattle/forge-runtime/benchmarks","Test":"TestSSEFanoutEvidence","Output":"    sse_test.go:148: set FORGE_RUN_BENCHMARK=1 and FORGE_TEST_DATABASE_URL\n"}
{"Time":"2026-09-11T15:21:20.23420911-07:00","Action":"output","Package":"github.com/JDinSeattle/forge-runtime/benchmarks","Test":"TestSSEFanoutEvidence","Output":"--- SKIP: TestSSEFanoutEvidence (0.00s)\n"}
{"Time":"2026-09-11T15:21:20.234219483-07:00","Action":"skip","Package":"github.com/JDinSeattle/forge-runtime/benchmarks","Test":"TestSSEFanoutEvidence","Elapsed":0}
{"Time":"2026-09-11T15:21:20.234230732-07:00","Action":"run","Package":"github.com/JDinSeattle/forge-runtime/benchmarks","Test":"TestTerminalSimulationEvidence"}
{"Time":"2026-09-11T15:21:20.234234982-07:00","Action":"output","Package":"github.com/JDinSeattle/forge-runtime/benchmarks","Test":"TestTerminalSimulationEvidence","Output":"=== RUN   TestTerminalSimulationEvidence\n"}
{"Time":"2026-09-11T15:21:20.234267512-07:00","Action":"output","Package":"github.com/JDinSeattle/forge-runtime/benchmarks","Test":"TestTerminalSimulationEvidence","Output":"    terminal_test.go:86: set FORGE_RUN_TERMINAL_BENCHMARK=1 and the dedicated loopback database\n"}
{"Time":"2026-09-11T15:21:20.234285197-07:00","Action":"output","Package":"github.com/JDinSeattle/forge-runtime/benchmarks","Test":"TestTerminalSimulationEvidence","Output":"--- SKIP: TestTerminalSimulationEvidence (0.00s)\n"}
{"Time":"2026-09-11T15:21:20.234297507-07:00","Action":"skip","Package":"github.com/JDinSeattle/forge-runtime/benchmarks","Test":"TestTerminalSimulationEvidence","Elapsed":0}
{"Time":"2026-09-11T15:21:20.234314846-07:00","Action":"output","Package":"github.com/JDinSeattle/forge-runtime/benchmarks","Output":"PASS\n"}
{"Time":"2026-09-11T15:21:20.239402401-07:00","Action":"output","Package":"github.com/JDinSeattle/forge-runtime/cmd/forge-runner","Test":"TestFaultPlanExactScopeOneShotAcrossReload","Output":"--- PASS: TestFaultPlanExactScopeOneShotAcrossReload (0.02s)\n"}
{"Time":"2026-09-11T15:21:20.239434984-07:00","Action":"pass","Package":"github.com/JDinSeattle/forge-runtime/cmd/forge-runner","Test":"TestFaultPlanExactScopeOneShotAcrossReload","Elapsed":0.02}
{"Time":"2026-09-11T15:21:20.239442421-07:00","Action":"output","Package":"github.com/JDinSeattle/forge-runtime/cmd/forge-runner","Output":"PASS\n"}
{"Time":"2026-09-11T15:21:20.300398909-07:00","Action":"output","Package":"github.com/JDinSeattle/forge-runtime/cmd/forge","Test":"TestSubmitUncertaintyRetainsKeyWithoutAutomaticReplay","Output":"--- PASS: TestSubmitUncertaintyRetainsKeyWithoutAutomaticReplay (0.09s)\n"}
{"Time":"2026-09-11T15:21:20.300432793-07:00","Action":"pass","Package":"github.com/JDinSeattle/forge-runtime/cmd/forge","Test":"TestSubmitUncertaintyRetainsKeyWithoutAutomaticReplay","Elapsed":0.09}
{"Time":"2026-09-11T15:21:20.300440399-07:00","Action":"run","Package":"github.com/JDinSeattle/forge-runtime/cmd/forge","Test":"TestExplicitIdempotencyKeyBindsBody"}
{"Time":"2026-09-11T15:21:20.300443944-07:00","Action":"output","Package":"github.com/JDinSeattle/forge-runtime/cmd/forge","Test":"TestExplicitIdempotencyKeyBindsBody","Output":"=== RUN   TestExplicitIdempotencyKeyBindsBody\n"}
{"Time":"2026-09-11T15:21:20.324528301-07:00","Action":"output","Package":"github.com/JDinSeattle/forge-runtime/internal/artifact","Test":"TestPutDeadlineUnblocksClosableInputAndReleasesPublication","Output":"--- PASS: TestPutDeadlineUnblocksClosableInputAndReleasesPublication (0.11s)\n"}
{"Time":"2026-09-11T15:21:20.324565686-07:00","Action":"pass","Package":"github.com/JDinSeattle/forge-runtime/internal/artifact","Test":"TestPutDeadlineUnblocksClosableInputAndReleasesPublication","Elapsed":0.11}
{"Time":"2026-09-11T15:21:20.324574941-07:00","Action":"run","Package":"github.com/JDinSeattle/forge-runtime/internal/artifact","Test":"TestArtifactReaderCancellationClosesOnceAndUnblocksRead"}
{"Time":"2026-09-11T15:21:20.324578391-07:00","Action":"output","Package":"github.com/JDinSeattle/forge-runtime/internal/artifact","Test":"TestArtifactReaderCancellationClosesOnceAndUnblocksRead","Output":"=== RUN   TestArtifactReaderCancellationClosesOnceAndUnblocksRead\n"}
{"Time":"2026-09-11T15:21:20.355098978-07:00","Action":"output","Package":"github.com/JDinSeattle/forge-runtime/internal/artifact","Test":"TestArtifactReaderCancellationClosesOnceAndUnblocksRead","Output":"--- PASS: TestArtifactReaderCancellationClosesOnceAndUnblocksRead (0.03s)\n"}
{"Time":"2026-09-11T15:21:20.355137995-07:00","Action":"pass","Package":"github.com/JDinSeattle/forge-runtime/internal/artifact","Test":"TestArtifactReaderCancellationClosesOnceAndUnblocksRead","Elapsed":0.03}
{"Time":"2026-09-11T15:21:20.355145809-07:00","Action":"run","Package":"github.com/JDinSeattle/forge-runtime/internal/artifact","Test":"TestLocalOpenBudgetLivesUntilReaderClose"}
{"Time":"2026-09-11T15:21:20.355149045-07:00","Action":"output","Package":"github.com/JDinSeattle/forge-runtime/internal/artifact","Test":"TestLocalOpenBudgetLivesUntilReaderClose","Output":"=== RUN   TestLocalOpenBudgetLivesUntilReaderClose\n"}
{"Time":"2026-09-11T15:21:20.355692121-07:00","Action":"output","Package":"github.com/JDinSeattle/forge-runtime/cmd/forge","Test":"TestExplicitIdempotencyKeyBindsBody","Output":"--- PASS: TestExplicitIdempotencyKeyBindsBody (0.06s)\n"}
{"Time":"2026-09-11T15:21:20.35571234-07:00","Action":"pass","Package":"github.com/JDinSeattle/forge-runtime/cmd/forge","Test":"TestExplicitIdempotencyKeyBindsBody","Elapsed":0.06}
{"Time":"2026-09-11T15:21:20.355723411-07:00","Action":"run","Package":"github.com/JDinSeattle/forge-runtime/cmd/forge","Test":"TestWatchReconnectDeduplicatesAndStopsAtFinished"}
{"Time":"2026-09-11T15:21:20.355728299-07:00","Action":"output","Package":"github.com/JDinSeattle/forge-runtime/cmd/forge","Test":"TestWatchReconnectDeduplicatesAndStopsAtFinished","Output":"=== RUN   TestWatchReconnectDeduplicatesAndStopsAtFinished\n"}
{"Time":"2026-09-11T15:21:20.35744537-07:00","Action":"output","Package":"github.com/JDinSeattle/forge-runtime/cmd/forge","Test":"TestWatchReconnectDeduplicatesAndStopsAtFinished","Output":"--- PASS: TestWatchReconnectDeduplicatesAndStopsAtFinished (0.00s)\n"}
{"Time":"2026-09-11T15:21:20.357464964-07:00","Action":"pass","Package":"github.com/JDinSeattle/forge-runtime/cmd/forge","Test":"TestWatchReconnectDeduplicatesAndStopsAtFinished","Elapsed":0}
{"Time":"2026-09-11T15:21:20.357471658-07:00","Action":"run","Package":"github.com/JDinSeattle/forge-runtime/cmd/forge","Test":"TestWatchExpiredCursorFetchesSnapshot"}
{"Time":"2026-09-11T15:21:20.357474878-07:00","Action":"output","Package":"github.com/JDinSeattle/forge-runtime/cmd/forge","Test":"TestWatchExpiredCursorFetchesSnapshot","Output":"=== RUN   TestWatchExpiredCursorFetchesSnapshot\n"}
{"Time":"2026-09-11T15:21:20.359772456-07:00","Action":"output","Package":"github.com/JDinSeattle/forge-runtime/cmd/forge","Test":"TestWatchExpiredCursorFetchesSnapshot","Output":"--- PASS: TestWatchExpiredCursorFetchesSnapshot (0.00s)\n"}
{"Time":"2026-09-11T15:21:20.359799335-07:00","Action":"pass","Package":"github.com/JDinSeattle/forge-runtime/cmd/forge","Test":"TestWatchExpiredCursorFetchesSnapshot","Elapsed":0}
{"Time":"2026-09-11T15:21:20.359804859-07:00","Action":"run","Package":"github.com/JDinSeattle/forge-runtime/cmd/forge","Test":"TestSSEBoundsAndPartialFrame"}
{"Time":"2026-09-11T15:21:20.359808218-07:00","Action":"output","Package":"github.com/JDinSeattle/forge-runtime/cmd/forge","Test":"TestSSEBoundsAndPartialFrame","Output":"=== RUN   TestSSEBoundsAndPartialFrame\n"}
{"Time":"2026-09-11T15:21:20.363775436-07:00","Action":"run","Package":"github.com/JDinSeattle/forge-runtime/cmd/forge","Test":"TestSSEBoundsAndPartialFrame/partial"}
{"Time":"2026-09-11T15:21:20.363808267-07:00","Action":"output","Package":"github.com/JDinSeattle/forge-runtime/cmd/forge","Test":"TestSSEBoundsAndPartialFrame/partial","Output":"=== RUN   TestSSEBoundsAndPartialFrame/partial\n"}
{"Time":"2026-09-11T15:21:20.363838577-07:00","Action":"output","Package":"github.com/JDinSeattle/forge-runtime/cmd/forge","Test":"TestSSEBoundsAndPartialFrame/partial","Output":"--- PASS: TestSSEBoundsAndPartialFrame/partial (0.00s)\n"}
{"Time":"2026-09-11T15:21:20.363856044-07:00","Action":"pass","Package":"github.com/JDinSeattle/forge-runtime/cmd/forge","Test":"TestSSEBoundsAndPartialFrame/partial","Elapsed":0}
{"Time":"2026-09-11T15:21:20.363867468-07:00","Action":"run","Package":"github.com/JDinSeattle/forge-runtime/cmd/forge","Test":"TestSSEBoundsAndPartialFrame/oversize"}
{"Time":"2026-09-11T15:21:20.363872305-07:00","Action":"output","Package":"github.com/JDinSeattle/forge-runtime/cmd/forge","Test":"TestSSEBoundsAndPartialFrame/oversize","Output":"=== RUN   TestSSEBoundsAndPartialFrame/oversize\n"}
{"Time":"2026-09-11T15:21:20.369034673-07:00","Action":"output","Package":"github.com/JDinSeattle/forge-runtime/cmd/forge","Test":"TestSSEBoundsAndPartialFrame/oversize","Output":"--- PASS: TestSSEBoundsAndPartialFrame/oversize (0.01s)\n"}
{"Time":"2026-09-11T15:21:20.369066378-07:00","Action":"pass","Package":"github.com/JDinSeattle/forge-runtime/cmd/forge","Test":"TestSSEBoundsAndPartialFrame/oversize","Elapsed":0.01}
{"Time":"2026-09-11T15:21:20.369073683-07:00","Action":"run","Package":"github.com/JDinSeattle/forge-runtime/cmd/forge","Test":"TestSSEBoundsAndPartialFrame/identity"}
{"Time":"2026-09-11T15:21:20.369078075-07:00","Action":"output","Package":"github.com/JDinSeattle/forge-runtime/cmd/forge","Test":"TestSSEBoundsAndPartialFrame/identity","Output":"=== RUN   TestSSEBoundsAndPartialFrame/identity\n"}
{"Time":"2026-09-11T15:21:20.369198023-07:00","Action":"output","Package":"github.com/JDinSeattle/forge-runtime/cmd/forge","Test":"TestSSEBoundsAndPartialFrame/identity","Output":"--- PASS: TestSSEBoundsAndPartialFrame/identity (0.00s)\n"}
{"Time":"2026-09-11T15:21:20.369204693-07:00","Action":"pass","Package":"github.com/JDinSeattle/forge-runtime/cmd/forge","Test":"TestSSEBoundsAndPartialFrame/identity","Elapsed":0}
{"Time":"2026-09-11T15:21:20.369238113-07:00","Action":"run","Package":"github.com/JDinSeattle/forge-runtime/cmd/forge","Test":"TestSSEBoundsAndPartialFrame/gap"}
{"Time":"2026-09-11T15:21:20.369263448-07:00","Action":"output","Package":"github.com/JDinSeattle/forge-runtime/cmd/forge","Test":"TestSSEBoundsAndPartialFrame/gap","Output":"=== RUN   TestSSEBoundsAndPartialFrame/gap\n"}
{"Time":"2026-09-11T15:21:20.369345387-07:00","Action":"output","Package":"github.com/JDinSeattle/forge-runtime/cmd/forge","Test":"TestSSEBoundsAndPartialFrame/gap","Output":"--- PASS: TestSSEBoundsAndPartialFrame/gap (0.00s)\n"}
{"Time":"2026-09-11T15:21:20.369353356-07:00","Action":"pass","Package":"github.com/JDinSeattle/forge-runtime/cmd/forge","Test":"TestSSEBoundsAndPartialFrame/gap","Elapsed":0}
{"Time":"2026-09-11T15:21:20.369403421-07:00","Action":"run","Package":"github.com/JDinSeattle/forge-runtime/cmd/forge","Test":"TestSSEBoundsAndPartialFrame/heartbeat"}
{"Time":"2026-09-11T15:21:20.369419238-07:00","Action":"output","Package":"github.com/JDinSeattle/forge-runtime/cmd/forge","Test":"TestSSEBoundsAndPartialFrame/heartbeat","Output":"=== RUN   TestSSEBoundsAndPartialFrame/heartbeat\n"}
{"Time":"2026-09-11T15:21:20.369510941-07:00","Action":"output","Package":"github.com/JDinSeattle/forge-runtime/cmd/forge","Test":"TestSSEBoundsAndPartialFrame/heartbeat","Output":"--- PASS: TestSSEBoundsAndPartialFrame/heartbeat (0.00s)\n"}
{"Time":"2026-09-11T15:21:20.369528945-07:00","Action":"pass","Package":"github.com/JDinSeattle/forge-runtime/cmd/forge","Test":"TestSSEBoundsAndPartialFrame/heartbeat","Elapsed":0}
{"Time":"2026-09-11T15:21:20.369544714-07:00","Action":"output","Package":"github.com/JDinSeattle/forge-runtime/cmd/forge","Test":"TestSSEBoundsAndPartialFrame","Output":"--- PASS: TestSSEBoundsAndPartialFrame (0.01s)\n"}
{"Time":"2026-09-11T15:21:20.36954843-07:00","Action":"pass","Package":"github.com/JDinSeattle/forge-runtime/cmd/forge","Test":"TestSSEBoundsAndPartialFrame","Elapsed":0.01}
{"Time":"2026-09-11T15:21:20.369560166-07:00","Action":"run","Package":"github.com/JDinSeattle/forge-runtime/cmd/forge","Test":"TestCredentialRedirectIsRefused"}
{"Time":"2026-09-11T15:21:20.369562546-07:00","Action":"output","Package":"github.com/JDinSeattle/forge-runtime/cmd/forge","Test":"TestCredentialRedirectIsRefused","Output":"=== RUN   TestCredentialRedirectIsRefused\n"}
{"Time":"2026-09-11T15:21:20.370909951-07:00","Action":"output","Package":"github.com/JDinSeattle/forge-runtime/cmd/forge","Test":"TestCredentialRedirectIsRefused","Output":"--- PASS: TestCredentialRedirectIsRefused (0.00s)\n"}
{"Time":"2026-09-11T15:21:20.370931447-07:00","Action":"pass","Package":"github.com/JDinSeattle/forge-runtime/cmd/forge","Test":"TestCredentialRedirectIsRefused","Elapsed":0}
{"Time":"2026-09-11T15:21:20.370937258-07:00","Action":"run","Package":"github.com/JDinSeattle/forge-runtime/cmd/forge","Test":"TestDownloadRejectsCorruptionAndPreservesDestination"}
{"Time":"2026-09-11T15:21:20.370940857-07:00","Action":"output","Package":"github.com/JDinSeattle/forge-runtime/cmd/forge","Test":"TestDownloadRejectsCorruptionAndPreservesDestination","Output":"=== RUN   TestDownloadRejectsCorruptionAndPreservesDestination\n"}
{"Time":"2026-09-11T15:21:20.396989191-07:00","Action":"output","Package":"github.com/JDinSeattle/forge-runtime/cmd/forge","Test":"TestDownloadRejectsCorruptionAndPreservesDestination","Output":"--- PASS: TestDownloadRejectsCorruptionAndPreservesDestination (0.03s)\n"}
{"Time":"2026-09-11T15:21:20.397032982-07:00","Action":"pass","Package":"github.com/JDinSeattle/forge-runtime/cmd/forge","Test":"TestDownloadRejectsCorruptionAndPreservesDestination","Elapsed":0.03}
{"Time":"2026-09-11T15:21:20.397041787-07:00","Action":"run","Package":"github.com/JDinSeattle/forge-runtime/cmd/forge","Test":"TestApprovalUsesSavedBindingInsteadOfFetchingNewPermission"}
{"Time":"2026-09-11T15:21:20.397045373-07:00","Action":"output","Package":"github.com/JDinSeattle/forge-runtime/cmd/forge","Test":"TestApprovalUsesSavedBindingInsteadOfFetchingNewPermission","Output":"=== RUN   TestApprovalUsesSavedBindingInsteadOfFetchingNewPermission\n"}
{"Time":"2026-09-11T15:21:20.399268964-07:00","Action":"output","Package":"github.com/JDinSeattle/forge-runtime/cmd/forge","Test":"TestApprovalUsesSavedBindingInsteadOfFetchingNewPermission","Output":"--- PASS: TestApprovalUsesSavedBindingInsteadOfFetchingNewPermission (0.00s)\n"}
{"Time":"2026-09-11T15:21:20.399290088-07:00","Action":"pass","Package":"github.com/JDinSeattle/forge-runtime/cmd/forge","Test":"TestApprovalUsesSavedBindingInsteadOfFetchingNewPermission","Elapsed":0}
{"Time":"2026-09-11T15:21:20.399297015-07:00","Action":"run","Package":"github.com/JDinSeattle/forge-runtime/cmd/forge","Test":"TestSnapshotPreservesLargeNumbersInToolArguments"}
{"Time":"2026-09-11T15:21:20.399301836-07:00","Action":"output","Package":"github.com/JDinSeattle/forge-runtime/cmd/forge","Test":"TestSnapshotPreservesLargeNumbersInToolArguments","Output":"=== RUN   TestSnapshotPreservesLargeNumbersInToolArguments\n"}
{"Time":"2026-09-11T15:21:20.399516193-07:00","Action":"output","Package":"github.com/JDinSeattle/forge-runtime/cmd/forge","Test":"TestSnapshotPreservesLargeNumbersInToolArguments","Output":"--- PASS: TestSnapshotPreservesLargeNumbersInToolArguments (0.00s)\n"}
{"Time":"2026-09-11T15:21:20.399524318-07:00","Action":"pass","Package":"github.com/JDinSeattle/forge-runtime/cmd/forge","Test":"TestSnapshotPreservesLargeNumbersInToolArguments","Elapsed":0}
{"Time":"2026-09-11T15:21:20.39954592-07:00","Action":"run","Package":"github.com/JDinSeattle/forge-runtime/cmd/forge","Test":"TestSubmitParentBindingIsIncludedInIdempotencyReceipt"}
{"Time":"2026-09-11T15:21:20.399551275-07:00","Action":"output","Package":"github.com/JDinSeattle/forge-runtime/cmd/forge","Test":"TestSubmitParentBindingIsIncludedInIdempotencyReceipt","Output":"=== RUN   TestSubmitParentBindingIsIncludedInIdempotencyReceipt\n"}
{"Time":"2026-09-11T15:21:20.519304782-07:00","Action":"output","Package":"github.com/JDinSeattle/forge-runtime/cmd/forge","Test":"TestSubmitParentBindingIsIncludedInIdempotencyReceipt","Output":"--- PASS: TestSubmitParentBindingIsIncludedInIdempotencyReceipt (0.12s)\n"}
{"Time":"2026-09-11T15:21:20.51933967-07:00","Action":"pass","Package":"github.com/JDinSeattle/forge-runtime/cmd/forge","Test":"TestSubmitParentBindingIsIncludedInIdempotencyReceipt","Elapsed":0.12}
{"Time":"2026-09-11T15:21:20.519356217-07:00","Action":"run","Package":"github.com/JDinSeattle/forge-runtime/cmd/forge","Test":"FuzzEventCursorOnlyAcknowledgesPrintedContiguousFrames"}
{"Time":"2026-09-11T15:21:20.51936049-07:00","Action":"output","Package":"github.com/JDinSeattle/forge-runtime/cmd/forge","Test":"FuzzEventCursorOnlyAcknowledgesPrintedContiguousFrames","Output":"=== RUN   FuzzEventCursorOnlyAcknowledgesPrintedContiguousFrames\n"}
{"Time":"2026-09-11T15:21:20.51945725-07:00","Action":"run","Package":"github.com/JDinSeattle/forge-runtime/cmd/forge","Test":"FuzzEventCursorOnlyAcknowledgesPrintedContiguousFrames/seed#0"}
{"Time":"2026-09-11T15:21:20.519463325-07:00","Action":"output","Package":"github.com/JDinSeattle/forge-runtime/cmd/forge","Test":"FuzzEventCursorOnlyAcknowledgesPrintedContiguousFrames/seed#0","Output":"=== RUN   FuzzEventCursorOnlyAcknowledgesPrintedContiguousFrames/seed#0\n"}
{"Time":"2026-09-11T15:21:20.519673998-07:00","Action":"output","Package":"github.com/JDinSeattle/forge-runtime/cmd/forge","Test":"FuzzEventCursorOnlyAcknowledgesPrintedContiguousFrames/seed#0","Output":"--- PASS: FuzzEventCursorOnlyAcknowledgesPrintedContiguousFrames/seed#0 (0.00s)\n"}
{"Time":"2026-09-11T15:21:20.519689365-07:00","Action":"pass","Package":"github.com/JDinSeattle/forge-runtime/cmd/forge","Test":"FuzzEventCursorOnlyAcknowledgesPrintedContiguousFrames/seed#0","Elapsed":0}
{"Time":"2026-09-11T15:21:20.519709614-07:00","Action":"run","Package":"github.com/JDinSeattle/forge-runtime/cmd/forge","Test":"FuzzEventCursorOnlyAcknowledgesPrintedContiguousFrames/seed#1"}
{"Time":"2026-09-11T15:21:20.519714475-07:00","Action":"output","Package":"github.com/JDinSeattle/forge-runtime/cmd/forge","Test":"FuzzEventCursorOnlyAcknowledgesPrintedContiguousFrames/seed#1","Output":"=== RUN   FuzzEventCursorOnlyAcknowledgesPrintedContiguousFrames/seed#1\n"}
{"Time":"2026-09-11T15:21:20.519885211-07:00","Action":"output","Package":"github.com/JDinSeattle/forge-runtime/cmd/forge","Test":"FuzzEventCursorOnlyAcknowledgesPrintedContiguousFrames/seed#1","Output":"--- PASS: FuzzEventCursorOnlyAcknowledgesPrintedContiguousFrames/seed#1 (0.00s)\n"}
{"Time":"2026-09-11T15:21:20.519893299-07:00","Action":"pass","Package":"github.com/JDinSeattle/forge-runtime/cmd/forge","Test":"FuzzEventCursorOnlyAcknowledgesPrintedContiguousFrames/seed#1","Elapsed":0}
{"Time":"2026-09-11T15:21:20.519915231-07:00","Action":"run","Package":"github.com/JDinSeattle/forge-runtime/cmd/forge","Test":"FuzzEventCursorOnlyAcknowledgesPrintedContiguousFrames/seed#2"}
{"Time":"2026-09-11T15:21:20.519921562-07:00","Action":"output","Package":"github.com/JDinSeattle/forge-runtime/cmd/forge","Test":"FuzzEventCursorOnlyAcknowledgesPrintedContiguousFrames/seed#2","Output":"=== RUN   FuzzEventCursorOnlyAcknowledgesPrintedContiguousFrames/seed#2\n"}
{"Time":"2026-09-11T15:21:20.519956803-07:00","Action":"output","Package":"github.com/JDinSeattle/forge-runtime/cmd/forge","Test":"FuzzEventCursorOnlyAcknowledgesPrintedContiguousFrames/seed#2","Output":"--- PASS: FuzzEventCursorOnlyAcknowledgesPrintedContiguousFrames/seed#2 (0.00s)\n"}
{"Time":"2026-09-11T15:21:20.519967143-07:00","Action":"pass","Package":"github.com/JDinSeattle/forge-runtime/cmd/forge","Test":"FuzzEventCursorOnlyAcknowledgesPrintedContiguousFrames/seed#2","Elapsed":0}
{"Time":"2026-09-11T15:21:20.519991101-07:00","Action":"run","Package":"github.com/JDinSeattle/forge-runtime/cmd/forge","Test":"FuzzEventCursorOnlyAcknowledgesPrintedContiguousFrames/seed#3"}
{"Time":"2026-09-11T15:21:20.519995801-07:00","Action":"output","Package":"github.com/JDinSeattle/forge-runtime/cmd/forge","Test":"FuzzEventCursorOnlyAcknowledgesPrintedContiguousFrames/seed#3","Output":"=== RUN   FuzzEventCursorOnlyAcknowledgesPrintedContiguousFrames/seed#3\n"}
{"Time":"2026-09-11T15:21:20.520038214-07:00","Action":"output","Package":"github.com/JDinSeattle/forge-runtime/cmd/forge","Test":"FuzzEventCursorOnlyAcknowledgesPrintedContiguousFrames/seed#3","Output":"--- PASS: FuzzEventCursorOnlyAcknowledgesPrintedContiguousFrames/seed#3 (0.00s)\n"}
{"Time":"2026-09-11T15:21:20.520055053-07:00","Action":"pass","Package":"github.com/JDinSeattle/forge-runtime/cmd/forge","Test":"FuzzEventCursorOnlyAcknowledgesPrintedContiguousFrames/seed#3","Elapsed":0}
{"Time":"2026-09-11T15:21:20.52006544-07:00","Action":"run","Package":"github.com/JDinSeattle/forge-runtime/cmd/forge","Test":"FuzzEventCursorOnlyAcknowledgesPrintedContiguousFrames/seed#4"}
{"Time":"2026-09-11T15:21:20.520070177-07:00","Action":"output","Package":"github.com/JDinSeattle/forge-runtime/cmd/forge","Test":"FuzzEventCursorOnlyAcknowledgesPrintedContiguousFrames/seed#4","Output":"=== RUN   FuzzEventCursorOnlyAcknowledgesPrintedContiguousFrames/seed#4\n"}
{"Time":"2026-09-11T15:21:20.520112382-07:00","Action":"output","Package":"github.com/JDinSeattle/forge-runtime/cmd/forge","Test":"FuzzEventCursorOnlyAcknowledgesPrintedContiguousFrames/seed#4","Output":"--- PASS: FuzzEventCursorOnlyAcknowledgesPrintedContiguousFrames/seed#4 (0.00s)\n"}
{"Time":"2026-09-11T15:21:20.520118667-07:00","Action":"pass","Package":"github.com/JDinSeattle/forge-runtime/cmd/forge","Test":"FuzzEventCursorOnlyAcknowledgesPrintedContiguousFrames/seed#4","Elapsed":0}
{"Time":"2026-09-11T15:21:20.520140132-07:00","Action":"run","Package":"github.com/JDinSeattle/forge-runtime/cmd/forge","Test":"FuzzEventCursorOnlyAcknowledgesPrintedContiguousFrames/seed#5"}
{"Time":"2026-09-11T15:21:20.520144954-07:00","Action":"output","Package":"github.com/JDinSeattle/forge-runtime/cmd/forge","Test":"FuzzEventCursorOnlyAcknowledgesPrintedContiguousFrames/seed#5","Output":"=== RUN   FuzzEventCursorOnlyAcknowledgesPrintedContiguousFrames/seed#5\n"}
{"Time":"2026-09-11T15:21:20.520184799-07:00","Action":"output","Package":"github.com/JDinSeattle/forge-runtime/cmd/forge","Test":"FuzzEventCursorOnlyAcknowledgesPrintedContiguousFrames/seed#5","Output":"--- PASS: FuzzEventCursorOnlyAcknowledgesPrintedContiguousFrames/seed#5 (0.00s)\n"}
{"Time":"2026-09-11T15:21:20.520190656-07:00","Action":"pass","Package":"github.com/JDinSeattle/forge-runtime/cmd/forge","Test":"FuzzEventCursorOnlyAcknowledgesPrintedContiguousFrames/seed#5","Elapsed":0}
{"Time":"2026-09-11T15:21:20.520213706-07:00","Action":"run","Package":"github.com/JDinSeattle/forge-runtime/cmd/forge","Test":"FuzzEventCursorOnlyAcknowledgesPrintedContiguousFrames/seed#6"}
{"Time":"2026-09-11T15:21:20.520219-07:00","Action":"output","Package":"github.com/JDinSeattle/forge-runtime/cmd/forge","Test":"FuzzEventCursorOnlyAcknowledgesPrintedContiguousFrames/seed#6","Output":"=== RUN   FuzzEventCursorOnlyAcknowledgesPrintedContiguousFrames/seed#6\n"}
{"Time":"2026-09-11T15:21:20.520287538-07:00","Action":"output","Package":"github.com/JDinSeattle/forge-runtime/cmd/forge","Test":"FuzzEventCursorOnlyAcknowledgesPrintedContiguousFrames/seed#6","Output":"--- PASS: FuzzEventCursorOnlyAcknowledgesPrintedContiguousFrames/seed#6 (0.00s)\n"}
{"Time":"2026-09-11T15:21:20.520301414-07:00","Action":"pass","Package":"github.com/JDinSeattle/forge-runtime/cmd/forge","Test":"FuzzEventCursorOnlyAcknowledgesPrintedContiguousFrames/seed#6","Elapsed":0}
{"Time":"2026-09-11T15:21:20.520318384-07:00","Action":"run","Package":"github.com/JDinSeattle/forge-runtime/cmd/forge","Test":"FuzzEventCursorOnlyAcknowledgesPrintedContiguousFrames/seed#7"}
{"Time":"2026-09-11T15:21:20.520322708-07:00","Action":"output","Package":"github.com/JDinSeattle/forge-runtime/cmd/forge","Test":"FuzzEventCursorOnlyAcknowledgesPrintedContiguousFrames/seed#7","Output":"=== RUN   FuzzEventCursorOnlyAcknowledgesPrintedContiguousFrames/seed#7\n"}
{"Time":"2026-09-11T15:21:20.520361661-07:00","Action":"output","Package":"github.com/JDinSeattle/forge-runtime/cmd/forge","Test":"FuzzEventCursorOnlyAcknowledgesPrintedContiguousFrames/seed#7","Output":"--- PASS: FuzzEventCursorOnlyAcknowledgesPrintedContiguousFrames/seed#7 (0.00s)\n"}
{"Time":"2026-09-11T15:21:20.520370592-07:00","Action":"pass","Package":"github.com/JDinSeattle/forge-runtime/cmd/forge","Test":"FuzzEventCursorOnlyAcknowledgesPrintedContiguousFrames/seed#7","Elapsed":0}
{"Time":"2026-09-11T15:21:20.520396287-07:00","Action":"output","Package":"github.com/JDinSeattle/forge-runtime/cmd/forge","Test":"FuzzEventCursorOnlyAcknowledgesPrintedContiguousFrames","Output":"--- PASS: FuzzEventCursorOnlyAcknowledgesPrintedContiguousFrames (0.00s)\n"}
{"Time":"2026-09-11T15:21:20.520410159-07:00","Action":"pass","Package":"github.com/JDinSeattle/forge-runtime/cmd/forge","Test":"FuzzEventCursorOnlyAcknowledgesPrintedContiguousFrames","Elapsed":0}
{"Time":"2026-09-11T15:21:20.520415798-07:00","Action":"output","Package":"github.com/JDinSeattle/forge-runtime/cmd/forge","Output":"PASS\n"}
{"Time":"2026-09-11T15:21:20.535047038-07:00","Action":"output","Package":"github.com/JDinSeattle/forge-runtime/internal/artifact","Test":"TestLocalOpenBudgetLivesUntilReaderClose","Output":"--- PASS: TestLocalOpenBudgetLivesUntilReaderClose (0.18s)\n"}
{"Time":"2026-09-11T15:21:20.535082296-07:00","Action":"pass","Package":"github.com/JDinSeattle/forge-runtime/internal/artifact","Test":"TestLocalOpenBudgetLivesUntilReaderClose","Elapsed":0.18}
{"Time":"2026-09-11T15:21:20.535090615-07:00","Action":"run","Package":"github.com/JDinSeattle/forge-runtime/internal/artifact","Test":"TestJournalRegistrationIsAtomicAndRefusesOmittedAuthorities"}
{"Time":"2026-09-11T15:21:20.535093911-07:00","Action":"output","Package":"github.com/JDinSeattle/forge-runtime/internal/artifact","Test":"TestJournalRegistrationIsAtomicAndRefusesOmittedAuthorities","Output":"=== RUN   TestJournalRegistrationIsAtomicAndRefusesOmittedAuthorities\n"}
{"Time":"2026-09-11T15:21:20.627592291-07:00","Action":"output","Package":"github.com/JDinSeattle/forge-runtime/internal/artifact","Test":"TestJournalRegistrationIsAtomicAndRefusesOmittedAuthorities","Output":"--- PASS: TestJournalRegistrationIsAtomicAndRefusesOmittedAuthorities (0.09s)\n"}
{"Time":"2026-09-11T15:21:20.627627328-07:00","Action":"pass","Package":"github.com/JDinSeattle/forge-runtime/internal/artifact","Test":"TestJournalRegistrationIsAtomicAndRefusesOmittedAuthorities","Elapsed":0.09}
{"Time":"2026-09-11T15:21:20.627641584-07:00","Action":"run","Package":"github.com/JDinSeattle/forge-runtime/internal/artifact","Test":"TestImmutableConcurrentPutOwnershipAndCorruption"}
{"Time":"2026-09-11T15:21:20.627649068-07:00","Action":"output","Package":"github.com/JDinSeattle/forge-runtime/internal/artifact","Test":"TestImmutableConcurrentPutOwnershipAndCorruption","Output":"=== RUN   TestImmutableConcurrentPutOwnershipAndCorruption\n"}
{"Time":"2026-09-11T15:21:20.691368264-07:00","Action":"output","Package":"github.com/JDinSeattle/forge-runtime/internal/artifact","Test":"TestImmutableConcurrentPutOwnershipAndCorruption","Output":"--- PASS: TestImmutableConcurrentPutOwnershipAndCorruption (0.06s)\n"}
{"Time":"2026-09-11T15:21:20.691405495-07:00","Action":"pass","Package":"github.com/JDinSeattle/forge-runtime/internal/artifact","Test":"TestImmutableConcurrentPutOwnershipAndCorruption","Elapsed":0.06}
{"Time":"2026-09-11T15:21:20.691413407-07:00","Action":"run","Package":"github.com/JDinSeattle/forge-runtime/internal/artifact","Test":"TestArtifactByteLimitAndContextDoNotPublishObjects"}
{"Time":"2026-09-11T15:21:20.691416572-07:00","Action":"output","Package":"github.com/JDinSeattle/forge-runtime/internal/artifact","Test":"TestArtifactByteLimitAndContextDoNotPublishObjects","Output":"=== RUN   TestArtifactByteLimitAndContextDoNotPublishObjects\n"}
{"Time":"2026-09-11T15:21:20.698256971-07:00","Action":"output","Package":"github.com/JDinSeattle/forge-runtime/internal/artifact","Test":"TestArtifactByteLimitAndContextDoNotPublishObjects","Output":"--- PASS: TestArtifactByteLimitAndContextDoNotPublishObjects (0.01s)\n"}
{"Time":"2026-09-11T15:21:20.698277194-07:00","Action":"pass","Package":"github.com/JDinSeattle/forge-runtime/internal/artifact","Test":"TestArtifactByteLimitAndContextDoNotPublishObjects","Elapsed":0.01}
{"Time":"2026-09-11T15:21:20.698284376-07:00","Action":"run","Package":"github.com/JDinSeattle/forge-runtime/internal/artifact","Test":"TestCollectionExcludesOldDeduplicatingPublisherAndPreservesCommittedReference"}
{"Time":"2026-09-11T15:21:20.698293976-07:00","Action":"output","Package":"github.com/JDinSeattle/forge-runtime/internal/artifact","Test":"TestCollectionExcludesOldDeduplicatingPublisherAndPreservesCommittedReference","Output":"=== RUN   TestCollectionExcludesOldDeduplicatingPublisherAndPreservesCommittedReference\n"}
{"Time":"2026-09-11T15:21:20.809308402-07:00","Action":"output","Package":"github.com/JDinSeattle/forge-runtime/internal/application","Test":"TestPrepareCapacityRequeuesAtomically","Output":"    capacity_integration_test.go:125: capacity_requeue snapshot={\"kind\":\"capacity_rejected\",\"expected_version\":2,\"owner\":\"capacity-worker\",\"epoch\":1,\"at\":\"2026-09-11T15:21:20.797513-07:00\",\"not_before\":\"2026-09-11T15:21:21.797513-07:00\"} allocation_state=released runner=runner workspace=run_HWJXPPGFWMQPNCEPIPSXYYM5Q2\n"}
{"Time":"2026-09-11T15:21:20.828773447-07:00","Action":"output","Package":"github.com/JDinSeattle/forge-runtime/internal/artifact","Test":"TestCollectionExcludesOldDeduplicatingPublisherAndPreservesCommittedReference","Output":"--- PASS: TestCollectionExcludesOldDeduplicatingPublisherAndPreservesCommittedReference (0.13s)\n"}
{"Time":"2026-09-11T15:21:20.828804849-07:00","Action":"pass","Package":"github.com/JDinSeattle/forge-runtime/internal/artifact","Test":"TestCollectionExcludesOldDeduplicatingPublisherAndPreservesCommittedReference","Elapsed":0.13}
{"Time":"2026-09-11T15:21:20.828810096-07:00","Action":"run","Package":"github.com/JDinSeattle/forge-runtime/internal/artifact","Test":"TestCollectionFailsClosedAndCollectsOnlyAgedRecognizedNames"}
{"Time":"2026-09-11T15:21:20.828811771-07:00","Action":"output","Package":"github.com/JDinSeattle/forge-runtime/internal/artifact","Test":"TestCollectionFailsClosedAndCollectsOnlyAgedRecognizedNames","Output":"=== RUN   TestCollectionFailsClosedAndCollectsOnlyAgedRecognizedNames\n"}
{"Time":"2026-09-11T15:21:20.931505824-07:00","Action":"output","Package":"github.com/JDinSeattle/forge-runtime/internal/artifact","Test":"TestCollectionFailsClosedAndCollectsOnlyAgedRecognizedNames","Output":"--- PASS: TestCollectionFailsClosedAndCollectsOnlyAgedRecognizedNames (0.10s)\n"}
{"Time":"2026-09-11T15:21:20.931531554-07:00","Action":"pass","Package":"github.com/JDinSeattle/forge-runtime/internal/artifact","Test":"TestCollectionFailsClosedAndCollectsOnlyAgedRecognizedNames","Elapsed":0.1}
{"Time":"2026-09-11T15:21:20.931540625-07:00","Action":"run","Package":"github.com/JDinSeattle/forge-runtime/internal/artifact","Test":"TestPublicationLockSurvivesAcrossProcessesAndReleasesOnDeath"}
{"Time":"2026-09-11T15:21:20.931542476-07:00","Action":"output","Package":"github.com/JDinSeattle/forge-runtime/internal/artifact","Test":"TestPublicationLockSurvivesAcrossProcessesAndReleasesOnDeath","Output":"=== RUN   TestPublicationLockSurvivesAcrossProcessesAndReleasesOnDeath\n"}
{"Time":"2026-09-11T15:21:20.949570833-07:00","Action":"start","Package":"github.com/JDinSeattle/forge-runtime/internal/configuration"}
{"Time":"2026-09-11T15:21:20.949654153-07:00","Action":"start","Package":"github.com/JDinSeattle/forge-runtime/internal/dependency"}
{"Time":"2026-09-11T15:21:20.949737251-07:00","Action":"start","Package":"github.com/JDinSeattle/forge-runtime/internal/domain"}
{"Time":"2026-09-11T15:21:20.949835567-07:00","Action":"start","Package":"github.com/JDinSeattle/forge-runtime/internal/eventstream"}
{"Time":"2026-09-11T15:21:20.949923937-07:00","Action":"start","Package":"github.com/JDinSeattle/forge-runtime/internal/httpapi"}
{"Time":"2026-09-11T15:21:20.95001091-07:00","Action":"start","Package":"github.com/JDinSeattle/forge-runtime/internal/httpcontract"}
{"Time":"2026-09-11T15:21:20.950028259-07:00","Action":"output","Package":"github.com/JDinSeattle/forge-runtime/internal/httpcontract","Output":"?   \tgithub.com/JDinSeattle/forge-runtime/internal/httpcontract\t[no test files]\n"}
{"Time":"2026-09-11T15:21:20.950038763-07:00","Action":"skip","Package":"github.com/JDinSeattle/forge-runtime/internal/httpcontract","Elapsed":0}
{"Time":"2026-09-11T15:21:20.950056212-07:00","Action":"start","Package":"github.com/JDinSeattle/forge-runtime/internal/localsetup"}
{"Time":"2026-09-11T15:21:20.950158147-07:00","Action":"start","Package":"github.com/JDinSeattle/forge-runtime/internal/persistence"}
{"Time":"2026-09-11T15:21:20.95021625-07:00","Action":"start","Package":"github.com/JDinSeattle/forge-runtime/internal/persistence/sqlgen"}
{"Time":"2026-09-11T15:21:20.950253214-07:00","Action":"output","Package":"github.com/JDinSeattle/forge-runtime/internal/persistence/sqlgen","Output":"?   \tgithub.com/JDinSeattle/forge-runtime/internal/persistence/sqlgen\t[no test files]\n"}
{"Time":"2026-09-11T15:21:20.950261313-07:00","Action":"skip","Package":"github.com/JDinSeattle/forge-runtime/internal/persistence/sqlgen","Elapsed":0}
{"Time":"2026-09-11T15:21:20.950269577-07:00","Action":"start","Package":"github.com/JDinSeattle/forge-runtime/internal/provider"}
{"Time":"2026-09-11T15:21:20.950370744-07:00","Action":"start","Package":"github.com/JDinSeattle/forge-runtime/internal/quota"}
{"Time":"2026-09-11T15:21:20.950409303-07:00","Action":"start","Package":"github.com/JDinSeattle/forge-runtime/internal/retention"}
{"Time":"2026-09-11T15:21:20.950498226-07:00","Action":"start","Package":"github.com/JDinSeattle/forge-runtime/internal/runner"}
{"Time":"2026-09-11T15:21:20.950600845-07:00","Action":"start","Package":"github.com/JDinSeattle/forge-runtime/internal/runnerclient"}
{"Time":"2026-09-11T15:21:20.950683989-07:00","Action":"start","Package":"github.com/JDinSeattle/forge-runtime/internal/runtime"}
{"Time":"2026-09-11T15:21:20.950798978-07:00","Action":"start","Package":"github.com/JDinSeattle/forge-runtime/internal/sandbox"}
{"Time":"2026-09-11T15:21:20.950842364-07:00","Action":"start","Package":"github.com/JDinSeattle/forge-runtime/internal/telemetry"}
{"Time":"2026-09-11T15:21:20.950931753-07:00","Action":"start","Package":"github.com/JDinSeattle/forge-runtime/internal/testdb"}
{"Time":"2026-09-11T15:21:20.950960641-07:00","Action":"output","Package":"github.com/JDinSeattle/forge-runtime/internal/testdb","Output":"?   \tgithub.com/JDinSeattle/forge-runtime/internal/testdb\t[no test files]\n"}
{"Time":"2026-09-11T15:21:20.950966726-07:00","Action":"skip","Package":"github.com/JDinSeattle/forge-runtime/internal/testdb","Elapsed":0}
{"Time":"2026-09-11T15:21:20.950973396-07:00","Action":"start","Package":"github.com/JDinSeattle/forge-runtime/internal/testutil"}
{"Time":"2026-09-11T15:21:20.950978261-07:00","Action":"output","Package":"github.com/JDinSeattle/forge-runtime/internal/testutil","Output":"?   \tgithub.com/JDinSeattle/forge-runtime/internal/testutil\t[no test files]\n"}
{"Time":"2026-09-11T15:21:20.950981664-07:00","Action":"skip","Package":"github.com/JDinSeattle/forge-runtime/internal/testutil","Elapsed":0}
{"Time":"2026-09-11T15:21:20.950986064-07:00","Action":"start","Package":"github.com/JDinSeattle/forge-runtime/proto/runner/v1"}
{"Time":"2026-09-11T15:21:20.950989701-07:00","Action":"output","Package":"github.com/JDinSeattle/forge-runtime/proto/runner/v1","Output":"?   \tgithub.com/JDinSeattle/forge-runtime/proto/runner/v1\t[no test files]\n"}
{"Time":"2026-09-11T15:21:20.950992814-07:00","Action":"skip","Package":"github.com/JDinSeattle/forge-runtime/proto/runner/v1","Elapsed":0}
{"Time":"2026-09-11T15:21:20.950996657-07:00","Action":"start","Package":"github.com/JDinSeattle/forge-runtime/scripts/evaluation"}
{"Time":"2026-09-11T15:21:20.951000877-07:00","Action":"output","Package":"github.com/JDinSeattle/forge-runtime/scripts/evaluation","Output":"?   \tgithub.com/JDinSeattle/forge-runtime/scripts/evaluation\t[no test files]\n"}
{"Time":"2026-09-11T15:21:20.951004083-07:00","Action":"skip","Package":"github.com/JDinSeattle/forge-runtime/scripts/evaluation","Elapsed":0}
{"Time":"2026-09-11T15:21:20.95100828-07:00","Action":"start","Package":"github.com/JDinSeattle/forge-runtime/scripts/faults/application"}
{"Time":"2026-09-11T15:21:20.951081842-07:00","Action":"start","Package":"github.com/JDinSeattle/forge-runtime/tests/client"}
{"Time":"2026-09-11T15:21:20.951170659-07:00","Action":"start","Package":"github.com/JDinSeattle/forge-runtime/tests/review"}
{"Time":"2026-09-11T15:21:20.957944776-07:00","Action":"run","Package":"github.com/JDinSeattle/forge-runtime/internal/domain","Test":"TestCanonicalJSONPreservesArgumentHashInputs"}
{"Time":"2026-09-11T15:21:20.958040272-07:00","Action":"output","Package":"github.com/JDinSeattle/forge-runtime/internal/domain","Test":"TestCanonicalJSONPreservesArgumentHashInputs","Output":"=== RUN   TestCanonicalJSONPreservesArgumentHashInputs\n"}
{"Time":"2026-09-11T15:21:20.958573793-07:00","Action":"output","Package":"github.com/JDinSeattle/forge-runtime/internal/domain","Test":"TestCanonicalJSONPreservesArgumentHashInputs","Output":"--- PASS: TestCanonicalJSONPreservesArgumentHashInputs (0.00s)\n"}
{"Time":"2026-09-11T15:21:20.958628204-07:00","Action":"pass","Package":"github.com/JDinSeattle/forge-runtime/internal/domain","Test":"TestCanonicalJSONPreservesArgumentHashInputs","Elapsed":0}
{"Time":"2026-09-11T15:21:20.95866632-07:00","Action":"run","Package":"github.com/JDinSeattle/forge-runtime/internal/domain","Test":"TestDuplicateArgumentsCannotBeAdmitted"}
{"Time":"2026-09-11T15:21:20.958671179-07:00","Action":"output","Package":"github.com/JDinSeattle/forge-runtime/internal/domain","Test":"TestDuplicateArgumentsCannotBeAdmitted","Output":"=== RUN   TestDuplicateArgumentsCannotBeAdmitted\n"}
{"Time":"2026-09-11T15:21:20.958731345-07:00","Action":"output","Package":"github.com/JDinSeattle/forge-runtime/internal/domain","Test":"TestDuplicateArgumentsCannotBeAdmitted","Output":"--- PASS: TestDuplicateArgumentsCannotBeAdmitted (0.00s)\n"}
{"Time":"2026-09-11T15:21:20.958763109-07:00","Action":"pass","Package":"github.com/JDinSeattle/forge-runtime/internal/domain","Test":"TestDuplicateArgumentsCannotBeAdmitted","Elapsed":0}
{"Time":"2026-09-11T15:21:20.958777998-07:00","Action":"run","Package":"github.com/JDinSeattle/forge-runtime/internal/domain","Test":"TestMoneyDoesNotUnderReserveOrOverflow"}
{"Time":"2026-09-11T15:21:20.958781528-07:00","Action":"output","Package":"github.com/JDinSeattle/forge-runtime/internal/domain","Test":"TestMoneyDoesNotUnderReserveOrOverflow","Output":"=== RUN   TestMoneyDoesNotUnderReserveOrOverflow\n"}
{"Time":"2026-09-11T15:21:20.958883427-07:00","Action":"output","Package":"github.com/JDinSeattle/forge-runtime/internal/domain","Test":"TestMoneyDoesNotUnderReserveOrOverflow","Output":"--- PASS: TestMoneyDoesNotUnderReserveOrOverflow (0.00s)\n"}
{"Time":"2026-09-11T15:21:20.958894162-07:00","Action":"pass","Package":"github.com/JDinSeattle/forge-runtime/internal/domain","Test":"TestMoneyDoesNotUnderReserveOrOverflow","Elapsed":0}
{"Time":"2026-09-11T15:21:20.958909936-07:00","Action":"run","Package":"github.com/JDinSeattle/forge-runtime/internal/domain","Test":"TestLeaseExpiryBoundary"}
{"Time":"2026-09-11T15:21:20.95891329-07:00","Action":"output","Package":"github.com/JDinSeattle/forge-runtime/internal/domain","Test":"TestLeaseExpiryBoundary","Output":"=== RUN   TestLeaseExpiryBoundary\n"}
{"Time":"2026-09-11T15:21:20.959188282-07:00","Action":"output","Package":"github.com/JDinSeattle/forge-runtime/internal/domain","Test":"TestLeaseExpiryBoundary","Output":"--- PASS: TestLeaseExpiryBoundary (0.00s)\n"}
{"Time":"2026-09-11T15:21:20.959200215-07:00","Action":"pass","Package":"github.com/JDinSeattle/forge-runtime/internal/domain","Test":"TestLeaseExpiryBoundary","Elapsed":0}
{"Time":"2026-09-11T15:21:20.959203525-07:00","Action":"run","Package":"github.com/JDinSeattle/forge-runtime/internal/domain","Test":"TestIDCannotBecomeFilesystemPath"}
{"Time":"2026-09-11T15:21:20.959206088-07:00","Action":"output","Package":"github.com/JDinSeattle/forge-runtime/internal/domain","Test":"TestIDCannotBecomeFilesystemPath","Output":"=== RUN   TestIDCannotBecomeFilesystemPath\n"}
{"Time":"2026-09-11T15:21:20.959258201-07:00","Action":"output","Package":"github.com/JDinSeattle/forge-runtime/internal/domain","Test":"TestIDCannotBecomeFilesystemPath","Output":"--- PASS: TestIDCannotBecomeFilesystemPath (0.00s)\n"}
{"Time":"2026-09-11T15:21:20.959286623-07:00","Action":"pass","Package":"github.com/JDinSeattle/forge-runtime/internal/domain","Test":"TestIDCannotBecomeFilesystemPath","Elapsed":0}
{"Time":"2026-09-11T15:21:20.959545498-07:00","Action":"run","Package":"github.com/JDinSeattle/forge-runtime/internal/domain","Test":"FuzzCostMatchesExactCeiling"}
{"Time":"2026-09-11T15:21:20.959564949-07:00","Action":"output","Package":"github.com/JDinSeattle/forge-runtime/internal/domain","Test":"FuzzCostMatchesExactCeiling","Output":"=== RUN   FuzzCostMatchesExactCeiling\n"}
{"Time":"2026-09-11T15:21:20.960112417-07:00","Action":"run","Package":"github.com/JDinSeattle/forge-runtime/internal/domain","Test":"FuzzCostMatchesExactCeiling/seed#0"}
{"Time":"2026-09-11T15:21:20.96012571-07:00","Action":"output","Package":"github.com/JDinSeattle/forge-runtime/internal/domain","Test":"FuzzCostMatchesExactCeiling/seed#0","Output":"=== RUN   FuzzCostMatchesExactCeiling/seed#0\n"}
{"Time":"2026-09-11T15:21:20.960264104-07:00","Action":"output","Package":"github.com/JDinSeattle/forge-runtime/internal/domain","Test":"FuzzCostMatchesExactCeiling/seed#0","Output":"--- PASS: FuzzCostMatchesExactCeiling/seed#0 (0.00s)\n"}
{"Time":"2026-09-11T15:21:20.960281652-07:00","Action":"pass","Package":"github.com/JDinSeattle/forge-runtime/internal/domain","Test":"FuzzCostMatchesExactCeiling/seed#0","Elapsed":0}
{"Time":"2026-09-11T15:21:20.960298439-07:00","Action":"run","Package":"github.com/JDinSeattle/forge-runtime/internal/domain","Test":"FuzzCostMatchesExactCeiling/seed#1"}
{"Time":"2026-09-11T15:21:20.960305168-07:00","Action":"output","Package":"github.com/JDinSeattle/forge-runtime/internal/domain","Test":"FuzzCostMatchesExactCeiling/seed#1","Output":"=== RUN   FuzzCostMatchesExactCeiling/seed#1\n"}
{"Time":"2026-09-11T15:21:20.960381323-07:00","Action":"output","Package":"github.com/JDinSeattle/forge-runtime/internal/domain","Test":"FuzzCostMatchesExactCeiling/seed#1","Output":"--- PASS: FuzzCostMatchesExactCeiling/seed#1 (0.00s)\n"}
{"Time":"2026-09-11T15:21:20.960410051-07:00","Action":"pass","Package":"github.com/JDinSeattle/forge-runtime/internal/domain","Test":"FuzzCostMatchesExactCeiling/seed#1","Elapsed":0}
{"Time":"2026-09-11T15:21:20.960415047-07:00","Action":"run","Package":"github.com/JDinSeattle/forge-runtime/internal/domain","Test":"FuzzCostMatchesExactCeiling/seed#2"}
{"Time":"2026-09-11T15:21:20.960419186-07:00","Action":"output","Package":"github.com/JDinSeattle/forge-runtime/internal/domain","Test":"FuzzCostMatchesExactCeiling/seed#2","Output":"=== RUN   FuzzCostMatchesExactCeiling/seed#2\n"}
{"Time":"2026-09-11T15:21:20.960499765-07:00","Action":"output","Package":"github.com/JDinSeattle/forge-runtime/internal/domain","Test":"FuzzCostMatchesExactCeiling/seed#2","Output":"--- PASS: FuzzCostMatchesExactCeiling/seed#2 (0.00s)\n"}
{"Time":"2026-09-11T15:21:20.960534359-07:00","Action":"pass","Package":"github.com/JDinSeattle/forge-runtime/internal/domain","Test":"FuzzCostMatchesExactCeiling/seed#2","Elapsed":0}
{"Time":"2026-09-11T15:21:20.960537914-07:00","Action":"run","Package":"github.com/JDinSeattle/forge-runtime/internal/domain","Test":"FuzzCostMatchesExactCeiling/seed#3"}
{"Time":"2026-09-11T15:21:20.960539797-07:00","Action":"output","Package":"github.com/JDinSeattle/forge-runtime/internal/domain","Test":"FuzzCostMatchesExactCeiling/seed#3","Output":"=== RUN   FuzzCostMatchesExactCeiling/seed#3\n"}
{"Time":"2026-09-11T15:21:20.960595028-07:00","Action":"output","Package":"github.com/JDinSeattle/forge-runtime/internal/domain","Test":"FuzzCostMatchesExactCeiling/seed#3","Output":"--- PASS: FuzzCostMatchesExactCeiling/seed#3 (0.00s)\n"}
{"Time":"2026-09-11T15:21:20.960605959-07:00","Action":"pass","Package":"github.com/JDinSeattle/forge-runtime/internal/domain","Test":"FuzzCostMatchesExactCeiling/seed#3","Elapsed":0}
{"Time":"2026-09-11T15:21:20.96064771-07:00","Action":"run","Package":"github.com/JDinSeattle/forge-runtime/internal/runtime","Test":"TestCapacityRejectionRequeuesOnlyUninitializedWork"}
{"Time":"2026-09-11T15:21:20.960668386-07:00","Action":"output","Package":"github.com/JDinSeattle/forge-runtime/internal/runtime","Test":"TestCapacityRejectionRequeuesOnlyUninitializedWork","Output":"=== RUN   TestCapacityRejectionRequeuesOnlyUninitializedWork\n"}
{"Time":"2026-09-11T15:21:20.960702203-07:00","Action":"output","Package":"github.com/JDinSeattle/forge-runtime/internal/domain","Test":"FuzzCostMatchesExactCeiling","Output":"--- PASS: FuzzCostMatchesExactCeiling (0.00s)\n"}
{"Time":"2026-09-11T15:21:20.960707353-07:00","Action":"pass","Package":"github.com/JDinSeattle/forge-runtime/internal/domain","Test":"FuzzCostMatchesExactCeiling","Elapsed":0}
{"Time":"2026-09-11T15:21:20.960715995-07:00","Action":"output","Package":"github.com/JDinSeattle/forge-runtime/internal/domain","Output":"PASS\n"}
{"Time":"2026-09-11T15:21:20.96188526-07:00","Action":"output","Package":"github.com/JDinSeattle/forge-runtime/internal/runtime","Test":"TestCapacityRejectionRequeuesOnlyUninitializedWork","Output":"--- PASS: TestCapacityRejectionRequeuesOnlyUninitializedWork (0.00s)\n"}
{"Time":"2026-09-11T15:21:20.961947377-07:00","Action":"pass","Package":"github.com/JDinSeattle/forge-runtime/internal/runtime","Test":"TestCapacityRejectionRequeuesOnlyUninitializedWork","Elapsed":0}
{"Time":"2026-09-11T15:21:20.961964782-07:00","Action":"run","Package":"github.com/JDinSeattle/forge-runtime/internal/runtime","Test":"TestPartialModelNeverDispatchesTools"}
{"Time":"2026-09-11T15:21:20.961968361-07:00","Action":"output","Package":"github.com/JDinSeattle/forge-runtime/internal/runtime","Test":"TestPartialModelNeverDispatchesTools","Output":"=== RUN   TestPartialModelNeverDispatchesTools\n"}
{"Time":"2026-09-11T15:21:20.96231512-07:00","Action":"output","Package":"github.com/JDinSeattle/forge-runtime/internal/runtime","Test":"TestPartialModelNeverDispatchesTools","Output":"--- PASS: TestPartialModelNeverDispatchesTools (0.00s)\n"}
{"Time":"2026-09-11T15:21:20.962327618-07:00","Action":"pass","Package":"github.com/JDinSeattle/forge-runtime/internal/runtime","Test":"TestPartialModelNeverDispatchesTools","Elapsed":0}
{"Time":"2026-09-11T15:21:20.962348714-07:00","Action":"run","Package":"github.com/JDinSeattle/forge-runtime/internal/runtime","Test":"TestOnlyCurrentUnexpiredLeaseMayAdvance"}
{"Time":"2026-09-11T15:21:20.962352166-07:00","Action":"output","Package":"github.com/JDinSeattle/forge-runtime/internal/runtime","Test":"TestOnlyCurrentUnexpiredLeaseMayAdvance","Output":"=== RUN   TestOnlyCurrentUnexpiredLeaseMayAdvance\n"}
{"Time":"2026-09-11T15:21:20.962812804-07:00","Action":"output","Package":"github.com/JDinSeattle/forge-runtime/internal/runtime","Test":"TestOnlyCurrentUnexpiredLeaseMayAdvance","Output":"--- PASS: TestOnlyCurrentUnexpiredLeaseMayAdvance (0.00s)\n"}
{"Time":"2026-09-11T15:21:20.962839947-07:00","Action":"pass","Package":"github.com/JDinSeattle/forge-runtime/internal/runtime","Test":"TestOnlyCurrentUnexpiredLeaseMayAdvance","Elapsed":0}
{"Time":"2026-09-11T15:21:20.962847071-07:00","Action":"run","Package":"github.com/JDinSeattle/forge-runtime/internal/runtime","Test":"TestToolArgumentIntegrityAndBatchUniqueness"}
{"Time":"2026-09-11T15:21:20.962850029-07:00","Action":"output","Package":"github.com/JDinSeattle/forge-runtime/internal/runtime","Test":"TestToolArgumentIntegrityAndBatchUniqueness","Output":"=== RUN   TestToolArgumentIntegrityAndBatchUniqueness\n"}
{"Time":"2026-09-11T15:21:20.962939706-07:00","Action":"run","Package":"github.com/JDinSeattle/forge-runtime/internal/runtime","Test":"TestToolArgumentIntegrityAndBatchUniqueness/duplicate_operation"}
{"Time":"2026-09-11T15:21:20.962945468-07:00","Action":"output","Package":"github.com/JDinSeattle/forge-runtime/internal/runtime","Test":"TestToolArgumentIntegrityAndBatchUniqueness/duplicate_operation","Output":"=== RUN   TestToolArgumentIntegrityAndBatchUniqueness/duplicate_operation\n"}
{"Time":"2026-09-11T15:21:20.963456095-07:00","Action":"output","Package":"github.com/JDinSeattle/forge-runtime/internal/runtime","Test":"TestToolArgumentIntegrityAndBatchUniqueness/duplicate_operation","Output":"--- PASS: TestToolArgumentIntegrityAndBatchUniqueness/duplicate_operation (0.00s)\n"}
{"Time":"2026-09-11T15:21:20.96350402-07:00","Action":"pass","Package":"github.com/JDinSeattle/forge-runtime/internal/runtime","Test":"TestToolArgumentIntegrityAndBatchUniqueness/duplicate_operation","Elapsed":0}
{"Time":"2026-09-11T15:21:20.963526253-07:00","Action":"run","Package":"github.com/JDinSeattle/forge-runtime/internal/runtime","Test":"TestToolArgumentIntegrityAndBatchUniqueness/hash_tampering"}
{"Time":"2026-09-11T15:21:20.963532697-07:00","Action":"output","Package":"github.com/JDinSeattle/forge-runtime/internal/runtime","Test":"TestToolArgumentIntegrityAndBatchUniqueness/hash_tampering","Output":"=== RUN   TestToolArgumentIntegrityAndBatchUniqueness/hash_tampering\n"}
{"Time":"2026-09-11T15:21:20.963566226-07:00","Action":"run","Package":"github.com/JDinSeattle/forge-runtime/internal/dependency","Test":"TestDependencyBudgetsDoNotCancelParent"}
{"Time":"2026-09-11T15:21:20.96357316-07:00","Action":"output","Package":"github.com/JDinSeattle/forge-runtime/internal/dependency","Test":"TestDependencyBudgetsDoNotCancelParent","Output":"=== RUN   TestDependencyBudgetsDoNotCancelParent\n"}
{"Time":"2026-09-11T15:21:20.963675512-07:00","Action":"output","Package":"github.com/JDinSeattle/forge-runtime/internal/dependency","Test":"TestDependencyBudgetsDoNotCancelParent","Output":"--- PASS: TestDependencyBudgetsDoNotCancelParent (0.00s)\n"}
{"Time":"2026-09-11T15:21:20.965141083-07:00","Action":"run","Package":"github.com/JDinSeattle/forge-runtime/internal/quota","Test":"TestRetryBudgetAndRetryAfter"}
{"Time":"2026-09-11T15:21:20.965163333-07:00","Action":"pass","Package":"github.com/JDinSeattle/forge-runtime/internal/dependency","Test":"TestDependencyBudgetsDoNotCancelParent","Elapsed":0}
{"Time":"2026-09-11T15:21:20.965176936-07:00","Action":"run","Package":"github.com/JDinSeattle/forge-runtime/internal/dependency","Test":"TestTransactionOperationPreservesDeadlineCause"}
{"Time":"2026-09-11T15:21:20.965179183-07:00","Action":"output","Package":"github.com/JDinSeattle/forge-runtime/internal/dependency","Test":"TestTransactionOperationPreservesDeadlineCause","Output":"=== RUN   TestTransactionOperationPreservesDeadlineCause\n"}
{"Time":"2026-09-11T15:21:20.965166972-07:00","Action":"output","Package":"github.com/JDinSeattle/forge-runtime/internal/runtime","Test":"TestToolArgumentIntegrityAndBatchUniqueness/hash_tampering","Output":"--- PASS: TestToolArgumentIntegrityAndBatchUniqueness/hash_tampering (0.00s)\n"}
{"Time":"2026-09-11T15:21:20.965170039-07:00","Action":"output","Package":"github.com/JDinSeattle/forge-runtime/internal/quota","Test":"TestRetryBudgetAndRetryAfter","Output":"=== RUN   TestRetryBudgetAndRetryAfter\n"}
{"Time":"2026-09-11T15:21:20.965191393-07:00","Action":"pass","Package":"github.com/JDinSeattle/forge-runtime/internal/runtime","Test":"TestToolArgumentIntegrityAndBatchUniqueness/hash_tampering","Elapsed":0}
{"Time":"2026-09-11T15:21:20.96519567-07:00","Action":"output","Package":"github.com/JDinSeattle/forge-runtime/internal/quota","Test":"TestRetryBudgetAndRetryAfter","Output":"--- PASS: TestRetryBudgetAndRetryAfter (0.00s)\n"}
{"Time":"2026-09-11T15:21:20.9651979-07:00","Action":"output","Package":"github.com/JDinSeattle/forge-runtime/internal/runtime","Test":"TestToolArgumentIntegrityAndBatchUniqueness","Output":"--- PASS: TestToolArgumentIntegrityAndBatchUniqueness (0.00s)\n"}
{"Time":"2026-09-11T15:21:20.96520135-07:00","Action":"pass","Package":"github.com/JDinSeattle/forge-runtime/internal/quota","Test":"TestRetryBudgetAndRetryAfter","Elapsed":0}
{"Time":"2026-09-11T15:21:20.965202747-07:00","Action":"pass","Package":"github.com/JDinSeattle/forge-runtime/internal/runtime","Test":"TestToolArgumentIntegrityAndBatchUniqueness","Elapsed":0}
{"Time":"2026-09-11T15:21:20.965205245-07:00","Action":"run","Package":"github.com/JDinSeattle/forge-runtime/internal/quota","Test":"TestReservationHashBindsPriceAndDeadline"}
{"Time":"2026-09-11T15:21:20.965206927-07:00","Action":"run","Package":"github.com/JDinSeattle/forge-runtime/internal/runtime","Test":"TestSequentialBatchUsesReceiptRevisionAndStopsOnFailure"}
{"Time":"2026-09-11T15:21:20.9652214-07:00","Action":"output","Package":"github.com/JDinSeattle/forge-runtime/internal/runtime","Test":"TestSequentialBatchUsesReceiptRevisionAndStopsOnFailure","Output":"=== RUN   TestSequentialBatchUsesReceiptRevisionAndStopsOnFailure\n"}
{"Time":"2026-09-11T15:21:20.965140953-07:00","Action":"run","Package":"github.com/JDinSeattle/forge-runtime/internal/sandbox","Test":"TestDockerFailsClosedWithoutActualRootlessCgroupCapabilities"}
{"Time":"2026-09-11T15:21:20.965236911-07:00","Action":"output","Package":"github.com/JDinSeattle/forge-runtime/internal/sandbox","Test":"TestDockerFailsClosedWithoutActualRootlessCgroupCapabilities","Output":"=== RUN   TestDockerFailsClosedWithoutActualRootlessCgroupCapabilities\n"}
{"Time":"2026-09-11T15:21:20.965256628-07:00","Action":"output","Package":"github.com/JDinSeattle/forge-runtime/internal/sandbox","Test":"TestDockerFailsClosedWithoutActualRootlessCgroupCapabilities","Output":"--- PASS: TestDockerFailsClosedWithoutActualRootlessCgroupCapabilities (0.00s)\n"}
{"Time":"2026-09-11T15:21:20.965259326-07:00","Action":"pass","Package":"github.com/JDinSeattle/forge-runtime/internal/sandbox","Test":"TestDockerFailsClosedWithoutActualRootlessCgroupCapabilities","Elapsed":0}
{"Time":"2026-09-11T15:21:20.965262182-07:00","Action":"run","Package":"github.com/JDinSeattle/forge-runtime/internal/sandbox","Test":"TestBoundedLogWriterDrainsWithoutGrowing"}
{"Time":"2026-09-11T15:21:20.9652641-07:00","Action":"output","Package":"github.com/JDinSeattle/forge-runtime/internal/sandbox","Test":"TestBoundedLogWriterDrainsWithoutGrowing","Output":"=== RUN   TestBoundedLogWriterDrainsWithoutGrowing\n"}
{"Time":"2026-09-11T15:21:20.965207464-07:00","Action":"output","Package":"github.com/JDinSeattle/forge-runtime/internal/quota","Test":"TestReservationHashBindsPriceAndDeadline","Output":"=== RUN   TestReservationHashBindsPriceAndDeadline\n"}
{"Time":"2026-09-11T15:21:20.965269455-07:00","Action":"output","Package":"github.com/JDinSeattle/forge-runtime/internal/quota","Test":"TestReservationHashBindsPriceAndDeadline","Output":"--- PASS: TestReservationHashBindsPriceAndDeadline (0.00s)\n"}
{"Time":"2026-09-11T15:21:20.965270896-07:00","Action":"pass","Package":"github.com/JDinSeattle/forge-runtime/internal/quota","Test":"TestReservationHashBindsPriceAndDeadline","Elapsed":0}
{"Time":"2026-09-11T15:21:20.96527234-07:00","Action":"run","Package":"github.com/JDinSeattle/forge-runtime/internal/quota","Test":"TestSharedBudgetsAcrossTenantsAndIndependentPools"}
{"Time":"2026-09-11T15:21:20.965273537-07:00","Action":"output","Package":"github.com/JDinSeattle/forge-runtime/internal/quota","Test":"TestSharedBudgetsAcrossTenantsAndIndependentPools","Output":"=== RUN   TestSharedBudgetsAcrossTenantsAndIndependentPools\n"}
{"Time":"2026-09-11T15:21:20.965140763-07:00","Action":"run","Package":"github.com/JDinSeattle/forge-runtime/internal/runner","Test":"TestCleanupGrantIsPurposeRestrictedAndLeaseBound"}
{"Time":"2026-09-11T15:21:20.965277095-07:00","Action":"output","Package":"github.com/JDinSeattle/forge-runtime/internal/runner","Test":"TestCleanupGrantIsPurposeRestrictedAndLeaseBound","Output":"=== RUN   TestCleanupGrantIsPurposeRestrictedAndLeaseBound\n"}
{"Time":"2026-09-11T15:21:20.965225534-07:00","Action":"output","Package":"github.com/JDinSeattle/forge-runtime/internal/runtime","Test":"TestSequentialBatchUsesReceiptRevisionAndStopsOnFailure","Output":"--- PASS: TestSequentialBatchUsesReceiptRevisionAndStopsOnFailure (0.00s)\n"}
{"Time":"2026-09-11T15:21:20.965284383-07:00","Action":"pass","Package":"github.com/JDinSeattle/forge-runtime/internal/runtime","Test":"TestSequentialBatchUsesReceiptRevisionAndStopsOnFailure","Elapsed":0}
{"Time":"2026-09-11T15:21:20.9652861-07:00","Action":"run","Package":"github.com/JDinSeattle/forge-runtime/internal/runtime","Test":"TestUnknownEffectRecoveryNeverReplaysOperation"}
{"Time":"2026-09-11T15:21:20.965287439-07:00","Action":"output","Package":"github.com/JDinSeattle/forge-runtime/internal/runtime","Test":"TestUnknownEffectRecoveryNeverReplaysOperation","Output":"=== RUN   TestUnknownEffectRecoveryNeverReplaysOperation\n"}
{"Time":"2026-09-11T15:21:20.965297644-07:00","Action":"output","Package":"github.com/JDinSeattle/forge-runtime/internal/runtime","Test":"TestUnknownEffectRecoveryNeverReplaysOperation","Output":"--- PASS: TestUnknownEffectRecoveryNeverReplaysOperation (0.00s)\n"}
{"Time":"2026-09-11T15:21:20.965299121-07:00","Action":"pass","Package":"github.com/JDinSeattle/forge-runtime/internal/runtime","Test":"TestUnknownEffectRecoveryNeverReplaysOperation","Elapsed":0}
{"Time":"2026-09-11T15:21:20.965300447-07:00","Action":"run","Package":"github.com/JDinSeattle/forge-runtime/internal/runtime","Test":"TestAdoptionRequiresOldWriterStopEvidence"}
{"Time":"2026-09-11T15:21:20.965301691-07:00","Action":"output","Package":"github.com/JDinSeattle/forge-runtime/internal/runtime","Test":"TestAdoptionRequiresOldWriterStopEvidence","Output":"=== RUN   TestAdoptionRequiresOldWriterStopEvidence\n"}
{"Time":"2026-09-11T15:21:20.965858105-07:00","Action":"run","Package":"github.com/JDinSeattle/forge-runtime/internal/persistence","Test":"TestSnapshotHeaderUsesExactVersionWithoutInterpretingFutureFields"}
{"Time":"2026-09-11T15:21:20.965869432-07:00","Action":"output","Package":"github.com/JDinSeattle/forge-runtime/internal/persistence","Test":"TestSnapshotHeaderUsesExactVersionWithoutInterpretingFutureFields","Output":"=== RUN   TestSnapshotHeaderUsesExactVersionWithoutInterpretingFutureFields\n"}
{"Time":"2026-09-11T15:21:20.965941502-07:00","Action":"output","Package":"github.com/JDinSeattle/forge-runtime/internal/runtime","Test":"TestAdoptionRequiresOldWriterStopEvidence","Output":"--- PASS: TestAdoptionRequiresOldWriterStopEvidence (0.00s)\n"}
{"Time":"2026-09-11T15:21:20.966288253-07:00","Action":"output","Package":"github.com/JDinSeattle/forge-runtime/internal/persistence","Test":"TestSnapshotHeaderUsesExactVersionWithoutInterpretingFutureFields","Output":"--- PASS: TestSnapshotHeaderUsesExactVersionWithoutInterpretingFutureFields (0.00s)\n"}
{"Time":"2026-09-11T15:21:20.966298604-07:00","Action":"output","Package":"github.com/JDinSeattle/forge-runtime/internal/runner","Test":"TestCleanupGrantIsPurposeRestrictedAndLeaseBound","Output":"--- PASS: TestCleanupGrantIsPurposeRestrictedAndLeaseBound (0.00s)\n"}
{"Time":"2026-09-11T15:21:20.966307936-07:00","Action":"pass","Package":"github.com/JDinSeattle/forge-runtime/internal/persistence","Test":"TestSnapshotHeaderUsesExactVersionWithoutInterpretingFutureFields","Elapsed":0}
{"Time":"2026-09-11T15:21:20.966316063-07:00","Action":"pass","Package":"github.com/JDinSeattle/forge-runtime/internal/runner","Test":"TestCleanupGrantIsPurposeRestrictedAndLeaseBound","Elapsed":0}
{"Time":"2026-09-11T15:21:20.966317878-07:00","Action":"run","Package":"github.com/JDinSeattle/forge-runtime/internal/persistence","Test":"TestSnapshotHeaderSQLUnicodeFoldRemainsComplete"}
{"Time":"2026-09-11T15:21:20.966321132-07:00","Action":"output","Package":"github.com/JDinSeattle/forge-runtime/internal/persistence","Test":"TestSnapshotHeaderSQLUnicodeFoldRemainsComplete","Output":"=== RUN   TestSnapshotHeaderSQLUnicodeFoldRemainsComplete\n"}
{"Time":"2026-09-11T15:21:20.966304212-07:00","Action":"pass","Package":"github.com/JDinSeattle/forge-runtime/internal/runtime","Test":"TestAdoptionRequiresOldWriterStopEvidence","Elapsed":0}
{"Time":"2026-09-11T15:21:20.966328638-07:00","Action":"run","Package":"github.com/JDinSeattle/forge-runtime/internal/runtime","Test":"TestCancellationRequiresSettledReceiptAndNeverLosesToCompletion"}
{"Time":"2026-09-11T15:21:20.966331503-07:00","Action":"output","Package":"github.com/JDinSeattle/forge-runtime/internal/runtime","Test":"TestCancellationRequiresSettledReceiptAndNeverLosesToCompletion","Output":"=== RUN   TestCancellationRequiresSettledReceiptAndNeverLosesToCompletion\n"}
{"Time":"2026-09-11T15:21:20.966336234-07:00","Action":"run","Package":"github.com/JDinSeattle/forge-runtime/internal/runner","Test":"TestConcurrentIdempotentPatchWritesExactlyOnce"}
{"Time":"2026-09-11T15:21:20.966348237-07:00","Action":"output","Package":"github.com/JDinSeattle/forge-runtime/internal/runner","Test":"TestConcurrentIdempotentPatchWritesExactlyOnce","Output":"=== RUN   TestConcurrentIdempotentPatchWritesExactlyOnce\n"}
{"Time":"2026-09-11T15:21:20.966724138-07:00","Action":"output","Package":"github.com/JDinSeattle/forge-runtime/internal/sandbox","Test":"TestBoundedLogWriterDrainsWithoutGrowing","Output":"--- PASS: TestBoundedLogWriterDrainsWithoutGrowing (0.00s)\n"}
{"Time":"2026-09-11T15:21:20.967277353-07:00","Action":"pass","Package":"github.com/JDinSeattle/forge-runtime/internal/sandbox","Test":"TestBoundedLogWriterDrainsWithoutGrowing","Elapsed":0}
{"Time":"2026-09-11T15:21:20.967296583-07:00","Action":"run","Package":"github.com/JDinSeattle/forge-runtime/internal/sandbox","Test":"TestDockerTmpfsExecutionIsExplicitAndKeepsFixedBounds"}
{"Time":"2026-09-11T15:21:20.967301668-07:00","Action":"output","Package":"github.com/JDinSeattle/forge-runtime/internal/sandbox","Test":"TestDockerTmpfsExecutionIsExplicitAndKeepsFixedBounds","Output":"=== RUN   TestDockerTmpfsExecutionIsExplicitAndKeepsFixedBounds\n"}
{"Time":"2026-09-11T15:21:20.967305839-07:00","Action":"run","Package":"github.com/JDinSeattle/forge-runtime/internal/sandbox","Test":"TestDockerTmpfsExecutionIsExplicitAndKeepsFixedBounds/false"}
{"Time":"2026-09-11T15:21:20.967308729-07:00","Action":"output","Package":"github.com/JDinSeattle/forge-runtime/internal/sandbox","Test":"TestDockerTmpfsExecutionIsExplicitAndKeepsFixedBounds/false","Output":"=== RUN   TestDockerTmpfsExecutionIsExplicitAndKeepsFixedBounds/false\n"}
{"Time":"2026-09-11T15:21:20.967501776-07:00","Action":"output","Package":"github.com/JDinSeattle/forge-runtime/internal/runtime","Test":"TestCancellationRequiresSettledReceiptAndNeverLosesToCompletion","Output":"--- PASS: TestCancellationRequiresSettledReceiptAndNeverLosesToCompletion (0.00s)\n"}
{"Time":"2026-09-11T15:21:20.967525314-07:00","Action":"pass","Package":"github.com/JDinSeattle/forge-runtime/internal/runtime","Test":"TestCancellationRequiresSettledReceiptAndNeverLosesToCompletion","Elapsed":0}
{"Time":"2026-09-11T15:21:20.967531749-07:00","Action":"run","Package":"github.com/JDinSeattle/forge-runtime/internal/runtime","Test":"TestCancelBeforeClaimStillRequiresExplicitAcknowledgment"}
{"Time":"2026-09-11T15:21:20.967535176-07:00","Action":"output","Package":"github.com/JDinSeattle/forge-runtime/internal/runtime","Test":"TestCancelBeforeClaimStillRequiresExplicitAcknowledgment","Output":"=== RUN   TestCancelBeforeClaimStillRequiresExplicitAcknowledgment\n"}
{"Time":"2026-09-11T15:21:20.967603298-07:00","Action":"output","Package":"github.com/JDinSeattle/forge-runtime/internal/runtime","Test":"TestCancelBeforeClaimStillRequiresExplicitAcknowledgment","Output":"--- PASS: TestCancelBeforeClaimStillRequiresExplicitAcknowledgment (0.00s)\n"}
{"Time":"2026-09-11T15:21:20.967616611-07:00","Action":"pass","Package":"github.com/JDinSeattle/forge-runtime/internal/runtime","Test":"TestCancelBeforeClaimStillRequiresExplicitAcknowledgment","Elapsed":0}
{"Time":"2026-09-11T15:21:20.967621062-07:00","Action":"run","Package":"github.com/JDinSeattle/forge-runtime/internal/runtime","Test":"TestApprovalBoundToAllOperationInputs"}
{"Time":"2026-09-11T15:21:20.967626821-07:00","Action":"output","Package":"github.com/JDinSeattle/forge-runtime/internal/runtime","Test":"TestApprovalBoundToAllOperationInputs","Output":"=== RUN   TestApprovalBoundToAllOperationInputs\n"}
{"Time":"2026-09-11T15:21:20.967677224-07:00","Action":"run","Package":"github.com/JDinSeattle/forge-runtime/internal/runnerclient","Test":"TestRealDockerRunnerIsolationQuotaAndCancellation"}
{"Time":"2026-09-11T15:21:20.967693864-07:00","Action":"output","Package":"github.com/JDinSeattle/forge-runtime/internal/runnerclient","Test":"TestRealDockerRunnerIsolationQuotaAndCancellation","Output":"=== RUN   TestRealDockerRunnerIsolationQuotaAndCancellation\n"}
{"Time":"2026-09-11T15:21:20.967762297-07:00","Action":"run","Package":"github.com/JDinSeattle/forge-runtime/internal/runtime","Test":"TestApprovalBoundToAllOperationInputs/operation"}
{"Time":"2026-09-11T15:21:20.967775316-07:00","Action":"output","Package":"github.com/JDinSeattle/forge-runtime/internal/runtime","Test":"TestApprovalBoundToAllOperationInputs/operation","Output":"=== RUN   TestApprovalBoundToAllOperationInputs/operation\n"}
{"Time":"2026-09-11T15:21:20.967787019-07:00","Action":"output","Package":"github.com/JDinSeattle/forge-runtime/internal/runnerclient","Test":"TestRealDockerRunnerIsolationQuotaAndCancellation","Output":"    docker_integration_test.go:31: set FORGE_REAL_RUNNER_CONFIG to an operator-owned real runner configuration\n"}
{"Time":"2026-09-11T15:21:20.967796803-07:00","Action":"output","Package":"github.com/JDinSeattle/forge-runtime/internal/runnerclient","Test":"TestRealDockerRunnerIsolationQuotaAndCancellation","Output":"--- SKIP: TestRealDockerRunnerIsolationQuotaAndCancellation (0.00s)\n"}
{"Time":"2026-09-11T15:21:20.967822991-07:00","Action":"skip","Package":"github.com/JDinSeattle/forge-runtime/internal/runnerclient","Test":"TestRealDockerRunnerIsolationQuotaAndCancellation","Elapsed":0}
{"Time":"2026-09-11T15:21:20.967836089-07:00","Action":"run","Package":"github.com/JDinSeattle/forge-runtime/internal/runnerclient","Test":"TestRealRunnerExecutionEvidence"}
{"Time":"2026-09-11T15:21:20.967838547-07:00","Action":"output","Package":"github.com/JDinSeattle/forge-runtime/internal/runnerclient","Test":"TestRealRunnerExecutionEvidence","Output":"=== RUN   TestRealRunnerExecutionEvidence\n"}
{"Time":"2026-09-11T15:21:20.967880832-07:00","Action":"output","Package":"github.com/JDinSeattle/forge-runtime/internal/runnerclient","Test":"TestRealRunnerExecutionEvidence","Output":"    execution_benchmark_test.go:365: opt in with FORGE_RUN_EXECUTION_EVIDENCE=1 and an existing real mapped runner\n"}
{"Time":"2026-09-11T15:21:20.967899387-07:00","Action":"output","Package":"github.com/JDinSeattle/forge-runtime/internal/runnerclient","Test":"TestRealRunnerExecutionEvidence","Output":"--- SKIP: TestRealRunnerExecutionEvidence (0.00s)\n"}
{"Time":"2026-09-11T15:21:20.96793602-07:00","Action":"skip","Package":"github.com/JDinSeattle/forge-runtime/internal/runnerclient","Test":"TestRealRunnerExecutionEvidence","Elapsed":0}
{"Time":"2026-09-11T15:21:20.967942289-07:00","Action":"run","Package":"github.com/JDinSeattle/forge-runtime/internal/runnerclient","Test":"TestP06ArtifactOraclesRejectMismatchedProofs"}
{"Time":"2026-09-11T15:21:20.967945317-07:00","Action":"output","Package":"github.com/JDinSeattle/forge-runtime/internal/runnerclient","Test":"TestP06ArtifactOraclesRejectMismatchedProofs","Output":"=== RUN   TestP06ArtifactOraclesRejectMismatchedProofs\n"}
{"Time":"2026-09-11T15:21:20.968098009-07:00","Action":"run","Package":"github.com/JDinSeattle/forge-runtime/internal/telemetry","Test":"TestHTTPMiddlewarePreservesFlushErrorAfterRequestCancellation"}
{"Time":"2026-09-11T15:21:20.96810595-07:00","Action":"output","Package":"github.com/JDinSeattle/forge-runtime/internal/telemetry","Test":"TestHTTPMiddlewarePreservesFlushErrorAfterRequestCancellation","Output":"=== RUN   TestHTTPMiddlewarePreservesFlushErrorAfterRequestCancellation\n"}
{"Time":"2026-09-11T15:21:20.968123012-07:00","Action":"output","Package":"github.com/JDinSeattle/forge-runtime/internal/runtime","Test":"TestApprovalBoundToAllOperationInputs/operation","Output":"--- PASS: TestApprovalBoundToAllOperationInputs/operation (0.00s)\n"}
{"Time":"2026-09-11T15:21:20.968142671-07:00","Action":"pass","Package":"github.com/JDinSeattle/forge-runtime/internal/runtime","Test":"TestApprovalBoundToAllOperationInputs/operation","Elapsed":0}
{"Time":"2026-09-11T15:21:20.968161774-07:00","Action":"run","Package":"github.com/JDinSeattle/forge-runtime/internal/runtime","Test":"TestApprovalBoundToAllOperationInputs/arguments"}
{"Time":"2026-09-11T15:21:20.968166826-07:00","Action":"output","Package":"github.com/JDinSeattle/forge-runtime/internal/runtime","Test":"TestApprovalBoundToAllOperationInputs/arguments","Output":"=== RUN   TestApprovalBoundToAllOperationInputs/arguments\n"}
{"Time":"2026-09-11T15:21:20.968441952-07:00","Action":"output","Package":"github.com/JDinSeattle/forge-runtime/internal/runtime","Test":"TestApprovalBoundToAllOperationInputs/arguments","Output":"--- PASS: TestApprovalBoundToAllOperationInputs/arguments (0.00s)\n"}
{"Time":"2026-09-11T15:21:20.96846012-07:00","Action":"pass","Package":"github.com/JDinSeattle/forge-runtime/internal/runtime","Test":"TestApprovalBoundToAllOperationInputs/arguments","Elapsed":0}
{"Time":"2026-09-11T15:21:20.968485161-07:00","Action":"run","Package":"github.com/JDinSeattle/forge-runtime/internal/runtime","Test":"TestApprovalBoundToAllOperationInputs/revision"}
{"Time":"2026-09-11T15:21:20.968490298-07:00","Action":"output","Package":"github.com/JDinSeattle/forge-runtime/internal/runtime","Test":"TestApprovalBoundToAllOperationInputs/revision","Output":"=== RUN   TestApprovalBoundToAllOperationInputs/revision\n"}
{"Time":"2026-09-11T15:21:20.968743895-07:00","Action":"output","Package":"github.com/JDinSeattle/forge-runtime/internal/runtime","Test":"TestApprovalBoundToAllOperationInputs/revision","Output":"--- PASS: TestApprovalBoundToAllOperationInputs/revision (0.00s)\n"}
{"Time":"2026-09-11T15:21:20.968756863-07:00","Action":"pass","Package":"github.com/JDinSeattle/forge-runtime/internal/runtime","Test":"TestApprovalBoundToAllOperationInputs/revision","Elapsed":0}
{"Time":"2026-09-11T15:21:20.968762202-07:00","Action":"run","Package":"github.com/JDinSeattle/forge-runtime/internal/runtime","Test":"TestApprovalBoundToAllOperationInputs/policy"}
{"Time":"2026-09-11T15:21:20.968766883-07:00","Action":"output","Package":"github.com/JDinSeattle/forge-runtime/internal/runtime","Test":"TestApprovalBoundToAllOperationInputs/policy","Output":"=== RUN   TestApprovalBoundToAllOperationInputs/policy\n"}
{"Time":"2026-09-11T15:21:20.969562862-07:00","Action":"run","Package":"github.com/JDinSeattle/forge-runtime/internal/httpapi","Test":"TestDependencyErrorsSeparateAvailabilityFromPermanentFailures"}
{"Time":"2026-09-11T15:21:20.969577732-07:00","Action":"output","Package":"github.com/JDinSeattle/forge-runtime/internal/runtime","Test":"TestApprovalBoundToAllOperationInputs/policy","Output":"--- PASS: TestApprovalBoundToAllOperationInputs/policy (0.00s)\n"}
{"Time":"2026-09-11T15:21:20.969583107-07:00","Action":"pass","Package":"github.com/JDinSeattle/forge-runtime/internal/runtime","Test":"TestApprovalBoundToAllOperationInputs/policy","Elapsed":0}
{"Time":"2026-09-11T15:21:20.9695865-07:00","Action":"run","Package":"github.com/JDinSeattle/forge-runtime/internal/runtime","Test":"TestApprovalBoundToAllOperationInputs/version"}
{"Time":"2026-09-11T15:21:20.969588382-07:00","Action":"output","Package":"github.com/JDinSeattle/forge-runtime/internal/runtime","Test":"TestApprovalBoundToAllOperationInputs/version","Output":"=== RUN   TestApprovalBoundToAllOperationInputs/version\n"}
{"Time":"2026-09-11T15:21:20.969591525-07:00","Action":"output","Package":"github.com/JDinSeattle/forge-runtime/internal/runtime","Test":"TestApprovalBoundToAllOperationInputs/version","Output":"--- PASS: TestApprovalBoundToAllOperationInputs/version (0.00s)\n"}
{"Time":"2026-09-11T15:21:20.969559537-07:00","Action":"output","Package":"github.com/JDinSeattle/forge-runtime/internal/runnerclient","Test":"TestP06ArtifactOraclesRejectMismatchedProofs","Output":"--- PASS: TestP06ArtifactOraclesRejectMismatchedProofs (0.00s)\n"}
{"Time":"2026-09-11T15:21:20.969593893-07:00","Action":"pass","Package":"github.com/JDinSeattle/forge-runtime/internal/runtime","Test":"TestApprovalBoundToAllOperationInputs/version","Elapsed":0}
{"Time":"2026-09-11T15:21:20.969595478-07:00","Action":"pass","Package":"github.com/JDinSeattle/forge-runtime/internal/runnerclient","Test":"TestP06ArtifactOraclesRejectMismatchedProofs","Elapsed":0}
{"Time":"2026-09-11T15:21:20.969579977-07:00","Action":"output","Package":"github.com/JDinSeattle/forge-runtime/internal/httpapi","Test":"TestDependencyErrorsSeparateAvailabilityFromPermanentFailures","Output":"=== RUN   TestDependencyErrorsSeparateAvailabilityFromPermanentFailures\n"}
{"Time":"2026-09-11T15:21:20.969609416-07:00","Action":"run","Package":"github.com/JDinSeattle/forge-runtime/internal/httpapi","Test":"TestDependencyErrorsSeparateAvailabilityFromPermanentFailures/connection"}
{"Time":"2026-09-11T15:21:20.96961358-07:00","Action":"output","Package":"github.com/JDinSeattle/forge-runtime/internal/httpapi","Test":"TestDependencyErrorsSeparateAvailabilityFromPermanentFailures/connection","Output":"=== RUN   TestDependencyErrorsSeparateAvailabilityFromPermanentFailures/connection\n"}
{"Time":"2026-09-11T15:21:20.969596029-07:00","Action":"run","Package":"github.com/JDinSeattle/forge-runtime/internal/runtime","Test":"TestApprovalBoundToAllOperationInputs/already_granted"}
{"Time":"2026-09-11T15:21:20.96961801-07:00","Action":"output","Package":"github.com/JDinSeattle/forge-runtime/internal/runtime","Test":"TestApprovalBoundToAllOperationInputs/already_granted","Output":"=== RUN   TestApprovalBoundToAllOperationInputs/already_granted\n"}
{"Time":"2026-09-11T15:21:20.969621271-07:00","Action":"output","Package":"github.com/JDinSeattle/forge-runtime/internal/runtime","Test":"TestApprovalBoundToAllOperationInputs/already_granted","Output":"--- PASS: TestApprovalBoundToAllOperationInputs/already_granted (0.00s)\n"}
{"Time":"2026-09-11T15:21:20.969628496-07:00","Action":"pass","Package":"github.com/JDinSeattle/forge-runtime/internal/runtime","Test":"TestApprovalBoundToAllOperationInputs/already_granted","Elapsed":0}
{"Time":"2026-09-11T15:21:20.969598334-07:00","Action":"run","Package":"github.com/JDinSeattle/forge-runtime/internal/runnerclient","Test":"TestP06IntentOracleRejectsCrossSampleAndAlteredIntent"}
{"Time":"2026-09-11T15:21:20.969632057-07:00","Action":"output","Package":"github.com/JDinSeattle/forge-runtime/internal/runnerclient","Test":"TestP06IntentOracleRejectsCrossSampleAndAlteredIntent","Output":"=== RUN   TestP06IntentOracleRejectsCrossSampleAndAlteredIntent\n"}
{"Time":"2026-09-11T15:21:20.969634453-07:00","Action":"run","Package":"github.com/JDinSeattle/forge-runtime/internal/runnerclient","Test":"TestP06IntentOracleRejectsCrossSampleAndAlteredIntent/tenant"}
{"Time":"2026-09-11T15:21:20.969636207-07:00","Action":"output","Package":"github.com/JDinSeattle/forge-runtime/internal/runnerclient","Test":"TestP06IntentOracleRejectsCrossSampleAndAlteredIntent/tenant","Output":"=== RUN   TestP06IntentOracleRejectsCrossSampleAndAlteredIntent/tenant\n"}
{"Time":"2026-09-11T15:21:20.969640857-07:00","Action":"output","Package":"github.com/JDinSeattle/forge-runtime/internal/runnerclient","Test":"TestP06IntentOracleRejectsCrossSampleAndAlteredIntent/tenant","Output":"--- PASS: TestP06IntentOracleRejectsCrossSampleAndAlteredIntent/tenant (0.00s)\n"}
{"Time":"2026-09-11T15:21:20.969643323-07:00","Action":"pass","Package":"github.com/JDinSeattle/forge-runtime/internal/runnerclient","Test":"TestP06IntentOracleRejectsCrossSampleAndAlteredIntent/tenant","Elapsed":0}
{"Time":"2026-09-11T15:21:20.969645218-07:00","Action":"run","Package":"github.com/JDinSeattle/forge-runtime/internal/runnerclient","Test":"TestP06IntentOracleRejectsCrossSampleAndAlteredIntent/workspace"}
{"Time":"2026-09-11T15:21:20.969647517-07:00","Action":"output","Package":"github.com/JDinSeattle/forge-runtime/internal/runnerclient","Test":"TestP06IntentOracleRejectsCrossSampleAndAlteredIntent/workspace","Output":"=== RUN   TestP06IntentOracleRejectsCrossSampleAndAlteredIntent/workspace\n"}
{"Time":"2026-09-11T15:21:20.969650035-07:00","Action":"output","Package":"github.com/JDinSeattle/forge-runtime/internal/runnerclient","Test":"TestP06IntentOracleRejectsCrossSampleAndAlteredIntent/workspace","Output":"--- PASS: TestP06IntentOracleRejectsCrossSampleAndAlteredIntent/workspace (0.00s)\n"}
{"Time":"2026-09-11T15:21:20.969653055-07:00","Action":"pass","Package":"github.com/JDinSeattle/forge-runtime/internal/runnerclient","Test":"TestP06IntentOracleRejectsCrossSampleAndAlteredIntent/workspace","Elapsed":0}
{"Time":"2026-09-11T15:21:20.970910745-07:00","Action":"output","Package":"github.com/JDinSeattle/forge-runtime/internal/runtime","Test":"TestApprovalBoundToAllOperationInputs","Output":"--- PASS: TestApprovalBoundToAllOperationInputs (0.00s)\n"}
{"Time":"2026-09-11T15:21:20.970935909-07:00","Action":"pass","Package":"github.com/JDinSeattle/forge-runtime/internal/runtime","Test":"TestApprovalBoundToAllOperationInputs","Elapsed":0}
{"Time":"2026-09-11T15:21:20.970942016-07:00","Action":"run","Package":"github.com/JDinSeattle/forge-runtime/internal/runtime","Test":"TestVerificationDistinguishesTargetProofFromRegressionOnly"}
{"Time":"2026-09-11T15:21:20.970944222-07:00","Action":"output","Package":"github.com/JDinSeattle/forge-runtime/internal/runtime","Test":"TestVerificationDistinguishesTargetProofFromRegressionOnly","Output":"=== RUN   TestVerificationDistinguishesTargetProofFromRegressionOnly\n"}
{"Time":"2026-09-11T15:21:20.970952543-07:00","Action":"run","Package":"github.com/JDinSeattle/forge-runtime/internal/runtime","Test":"TestVerificationDistinguishesTargetProofFromRegressionOnly/target_and_regression"}
{"Time":"2026-09-11T15:21:20.970954901-07:00","Action":"output","Package":"github.com/JDinSeattle/forge-runtime/internal/runtime","Test":"TestVerificationDistinguishesTargetProofFromRegressionOnly/target_and_regression","Output":"=== RUN   TestVerificationDistinguishesTargetProofFromRegressionOnly/target_and_regression\n"}
{"Time":"2026-09-11T15:21:20.970957999-07:00","Action":"output","Package":"github.com/JDinSeattle/forge-runtime/internal/runtime","Test":"TestVerificationDistinguishesTargetProofFromRegressionOnly/target_and_regression","Output":"--- PASS: TestVerificationDistinguishesTargetProofFromRegressionOnly/target_and_regression (0.00s)\n"}
{"Time":"2026-09-11T15:21:20.970960408-07:00","Action":"pass","Package":"github.com/JDinSeattle/forge-runtime/internal/runtime","Test":"TestVerificationDistinguishesTargetProofFromRegressionOnly/target_and_regression","Elapsed":0}
{"Time":"2026-09-11T15:21:20.970954986-07:00","Action":"output","Package":"github.com/JDinSeattle/forge-runtime/internal/httpapi","Test":"TestDependencyErrorsSeparateAvailabilityFromPermanentFailures/connection","Output":"--- PASS: TestDependencyErrorsSeparateAvailabilityFromPermanentFailures/connection (0.00s)\n"}
{"Time":"2026-09-11T15:21:20.970973062-07:00","Action":"run","Package":"github.com/JDinSeattle/forge-runtime/internal/runnerclient","Test":"TestP06IntentOracleRejectsCrossSampleAndAlteredIntent/run"}
{"Time":"2026-09-11T15:21:20.970972544-07:00","Action":"pass","Package":"github.com/JDinSeattle/forge-runtime/internal/httpapi","Test":"TestDependencyErrorsSeparateAvailabilityFromPermanentFailures/connection","Elapsed":0}
{"Time":"2026-09-11T15:21:20.97097613-07:00","Action":"output","Package":"github.com/JDinSeattle/forge-runtime/internal/runnerclient","Test":"TestP06IntentOracleRejectsCrossSampleAndAlteredIntent/run","Output":"=== RUN   TestP06IntentOracleRejectsCrossSampleAndAlteredIntent/run\n"}
{"Time":"2026-09-11T15:21:20.970978666-07:00","Action":"run","Package":"github.com/JDinSeattle/forge-runtime/internal/httpapi","Test":"TestDependencyErrorsSeparateAvailabilityFromPermanentFailures/lost_response"}
{"Time":"2026-09-11T15:21:20.970979766-07:00","Action":"output","Package":"github.com/JDinSeattle/forge-runtime/internal/runnerclient","Test":"TestP06IntentOracleRejectsCrossSampleAndAlteredIntent/run","Output":"--- PASS: TestP06IntentOracleRejectsCrossSampleAndAlteredIntent/run (0.00s)\n"}
{"Time":"2026-09-11T15:21:20.970981718-07:00","Action":"output","Package":"github.com/JDinSeattle/forge-runtime/internal/httpapi","Test":"TestDependencyErrorsSeparateAvailabilityFromPermanentFailures/lost_response","Output":"=== RUN   TestDependencyErrorsSeparateAvailabilityFromPermanentFailures/lost_response\n"}
{"Time":"2026-09-11T15:21:20.970983505-07:00","Action":"pass","Package":"github.com/JDinSeattle/forge-runtime/internal/runnerclient","Test":"TestP06IntentOracleRejectsCrossSampleAndAlteredIntent/run","Elapsed":0}
{"Time":"2026-09-11T15:21:20.970985934-07:00","Action":"output","Package":"github.com/JDinSeattle/forge-runtime/internal/httpapi","Test":"TestDependencyErrorsSeparateAvailabilityFromPermanentFailures/lost_response","Output":"--- PASS: TestDependencyErrorsSeparateAvailabilityFromPermanentFailures/lost_response (0.00s)\n"}
{"Time":"2026-09-11T15:21:20.97098681-07:00","Action":"run","Package":"github.com/JDinSeattle/forge-runtime/internal/runnerclient","Test":"TestP06IntentOracleRejectsCrossSampleAndAlteredIntent/epoch"}
{"Time":"2026-09-11T15:21:20.971000084-07:00","Action":"pass","Package":"github.com/JDinSeattle/forge-runtime/internal/httpapi","Test":"TestDependencyErrorsSeparateAvailabilityFromPermanentFailures/lost_response","Elapsed":0}
{"Time":"2026-09-11T15:21:20.97100166-07:00","Action":"output","Package":"github.com/JDinSeattle/forge-runtime/internal/runnerclient","Test":"TestP06IntentOracleRejectsCrossSampleAndAlteredIntent/epoch","Output":"=== RUN   TestP06IntentOracleRejectsCrossSampleAndAlteredIntent/epoch\n"}
{"Time":"2026-09-11T15:21:20.97100541-07:00","Action":"run","Package":"github.com/JDinSeattle/forge-runtime/internal/httpapi","Test":"TestDependencyErrorsSeparateAvailabilityFromPermanentFailures/restart"}
{"Time":"2026-09-11T15:21:20.971006163-07:00","Action":"output","Package":"github.com/JDinSeattle/forge-runtime/internal/runnerclient","Test":"TestP06IntentOracleRejectsCrossSampleAndAlteredIntent/epoch","Output":"--- PASS: TestP06IntentOracleRejectsCrossSampleAndAlteredIntent/epoch (0.00s)\n"}
{"Time":"2026-09-11T15:21:20.971008566-07:00","Action":"output","Package":"github.com/JDinSeattle/forge-runtime/internal/httpapi","Test":"TestDependencyErrorsSeparateAvailabilityFromPermanentFailures/restart","Output":"=== RUN   TestDependencyErrorsSeparateAvailabilityFromPermanentFailures/restart\n"}
{"Time":"2026-09-11T15:21:20.971009453-07:00","Action":"pass","Package":"github.com/JDinSeattle/forge-runtime/internal/runnerclient","Test":"TestP06IntentOracleRejectsCrossSampleAndAlteredIntent/epoch","Elapsed":0}
{"Time":"2026-09-11T15:21:20.971012695-07:00","Action":"run","Package":"github.com/JDinSeattle/forge-runtime/internal/runnerclient","Test":"TestP06IntentOracleRejectsCrossSampleAndAlteredIntent/operation"}
{"Time":"2026-09-11T15:21:20.970962881-07:00","Action":"run","Package":"github.com/JDinSeattle/forge-runtime/internal/runtime","Test":"TestVerificationDistinguishesTargetProofFromRegressionOnly/regression_only"}
{"Time":"2026-09-11T15:21:20.971015166-07:00","Action":"output","Package":"github.com/JDinSeattle/forge-runtime/internal/runnerclient","Test":"TestP06IntentOracleRejectsCrossSampleAndAlteredIntent/operation","Output":"=== RUN   TestP06IntentOracleRejectsCrossSampleAndAlteredIntent/operation\n"}
{"Time":"2026-09-11T15:21:20.971017184-07:00","Action":"output","Package":"github.com/JDinSeattle/forge-runtime/internal/runtime","Test":"TestVerificationDistinguishesTargetProofFromRegressionOnly/regression_only","Output":"=== RUN   TestVerificationDistinguishesTargetProofFromRegressionOnly/regression_only\n"}
{"Time":"2026-09-11T15:21:20.971012089-07:00","Action":"output","Package":"github.com/JDinSeattle/forge-runtime/internal/httpapi","Test":"TestDependencyErrorsSeparateAvailabilityFromPermanentFailures/restart","Output":"--- PASS: TestDependencyErrorsSeparateAvailabilityFromPermanentFailures/restart (0.00s)\n"}
{"Time":"2026-09-11T15:21:20.971021894-07:00","Action":"pass","Package":"github.com/JDinSeattle/forge-runtime/internal/httpapi","Test":"TestDependencyErrorsSeparateAvailabilityFromPermanentFailures/restart","Elapsed":0}
{"Time":"2026-09-11T15:21:20.971024167-07:00","Action":"run","Package":"github.com/JDinSeattle/forge-runtime/internal/httpapi","Test":"TestDependencyErrorsSeparateAvailabilityFromPermanentFailures/timeout"}
{"Time":"2026-09-11T15:21:20.971026643-07:00","Action":"output","Package":"github.com/JDinSeattle/forge-runtime/internal/httpapi","Test":"TestDependencyErrorsSeparateAvailabilityFromPermanentFailures/timeout","Output":"=== RUN   TestDependencyErrorsSeparateAvailabilityFromPermanentFailures/timeout\n"}
{"Time":"2026-09-11T15:21:20.971040849-07:00","Action":"output","Package":"github.com/JDinSeattle/forge-runtime/internal/httpapi","Test":"TestDependencyErrorsSeparateAvailabilityFromPermanentFailures/timeout","Output":"--- PASS: TestDependencyErrorsSeparateAvailabilityFromPermanentFailures/timeout (0.00s)\n"}
{"Time":"2026-09-11T15:21:20.971044155-07:00","Action":"pass","Package":"github.com/JDinSeattle/forge-runtime/internal/httpapi","Test":"TestDependencyErrorsSeparateAvailabilityFromPermanentFailures/timeout","Elapsed":0}
{"Time":"2026-09-11T15:21:20.971046031-07:00","Action":"run","Package":"github.com/JDinSeattle/forge-runtime/internal/httpapi","Test":"TestDependencyErrorsSeparateAvailabilityFromPermanentFailures/sql_bug"}
{"Time":"2026-09-11T15:21:20.971047955-07:00","Action":"output","Package":"github.com/JDinSeattle/forge-runtime/internal/httpapi","Test":"TestDependencyErrorsSeparateAvailabilityFromPermanentFailures/sql_bug","Output":"=== RUN   TestDependencyErrorsSeparateAvailabilityFromPermanentFailures/sql_bug\n"}
{"Time":"2026-09-11T15:21:20.971050539-07:00","Action":"output","Package":"github.com/JDinSeattle/forge-runtime/internal/httpapi","Test":"TestDependencyErrorsSeparateAvailabilityFromPermanentFailures/sql_bug","Output":"--- PASS: TestDependencyErrorsSeparateAvailabilityFromPermanentFailures/sql_bug (0.00s)\n"}
{"Time":"2026-09-11T15:21:20.97105317-07:00","Action":"pass","Package":"github.com/JDinSeattle/forge-runtime/internal/httpapi","Test":"TestDependencyErrorsSeparateAvailabilityFromPermanentFailures/sql_bug","Elapsed":0}
{"Time":"2026-09-11T15:21:20.971055121-07:00","Action":"run","Package":"github.com/JDinSeattle/forge-runtime/internal/httpapi","Test":"TestDependencyErrorsSeparateAvailabilityFromPermanentFailures/database_authentication"}
{"Time":"2026-09-11T15:21:20.971057221-07:00","Action":"output","Package":"github.com/JDinSeattle/forge-runtime/internal/httpapi","Test":"TestDependencyErrorsSeparateAvailabilityFromPermanentFailures/database_authentication","Output":"=== RUN   TestDependencyErrorsSeparateAvailabilityFromPermanentFailures/database_authentication\n"}
{"Time":"2026-09-11T15:21:20.971060504-07:00","Action":"output","Package":"github.com/JDinSeattle/forge-runtime/internal/httpapi","Test":"TestDependencyErrorsSeparateAvailabilityFromPermanentFailures/database_authentication","Output":"--- PASS: TestDependencyErrorsSeparateAvailabilityFromPermanentFailures/database_authentication (0.00s)\n"}
{"Time":"2026-09-11T15:21:20.971062811-07:00","Action":"pass","Package":"github.com/JDinSeattle/forge-runtime/internal/httpapi","Test":"TestDependencyErrorsSeparateAvailabilityFromPermanentFailures/database_authentication","Elapsed":0}
{"Time":"2026-09-11T15:21:20.971065007-07:00","Action":"output","Package":"github.com/JDinSeattle/forge-runtime/internal/httpapi","Test":"TestDependencyErrorsSeparateAvailabilityFromPermanentFailures","Output":"--- PASS: TestDependencyErrorsSeparateAvailabilityFromPermanentFailures (0.00s)\n"}
{"Time":"2026-09-11T15:21:20.971067059-07:00","Action":"pass","Package":"github.com/JDinSeattle/forge-runtime/internal/httpapi","Test":"TestDependencyErrorsSeparateAvailabilityFromPermanentFailures","Elapsed":0}
{"Time":"2026-09-11T15:21:20.971069257-07:00","Action":"run","Package":"github.com/JDinSeattle/forge-runtime/internal/httpapi","Test":"TestReadinessClassifiesActualDatabaseTransportLoss"}
{"Time":"2026-09-11T15:21:20.971071154-07:00","Action":"output","Package":"github.com/JDinSeattle/forge-runtime/internal/httpapi","Test":"TestReadinessClassifiesActualDatabaseTransportLoss","Output":"=== RUN   TestReadinessClassifiesActualDatabaseTransportLoss\n"}
{"Time":"2026-09-11T15:21:20.97101845-07:00","Action":"output","Package":"github.com/JDinSeattle/forge-runtime/internal/runnerclient","Test":"TestP06IntentOracleRejectsCrossSampleAndAlteredIntent/operation","Output":"--- PASS: TestP06IntentOracleRejectsCrossSampleAndAlteredIntent/operation (0.00s)\n"}
{"Time":"2026-09-11T15:21:20.971077754-07:00","Action":"pass","Package":"github.com/JDinSeattle/forge-runtime/internal/runnerclient","Test":"TestP06IntentOracleRejectsCrossSampleAndAlteredIntent/operation","Elapsed":0}
{"Time":"2026-09-11T15:21:20.971081391-07:00","Action":"run","Package":"github.com/JDinSeattle/forge-runtime/internal/runnerclient","Test":"TestP06IntentOracleRejectsCrossSampleAndAlteredIntent/revision"}
{"Time":"2026-09-11T15:21:20.971083319-07:00","Action":"output","Package":"github.com/JDinSeattle/forge-runtime/internal/runnerclient","Test":"TestP06IntentOracleRejectsCrossSampleAndAlteredIntent/revision","Output":"=== RUN   TestP06IntentOracleRejectsCrossSampleAndAlteredIntent/revision\n"}
{"Time":"2026-09-11T15:21:20.971085984-07:00","Action":"output","Package":"github.com/JDinSeattle/forge-runtime/internal/runnerclient","Test":"TestP06IntentOracleRejectsCrossSampleAndAlteredIntent/revision","Output":"--- PASS: TestP06IntentOracleRejectsCrossSampleAndAlteredIntent/revision (0.00s)\n"}
{"Time":"2026-09-11T15:21:20.971088258-07:00","Action":"pass","Package":"github.com/JDinSeattle/forge-runtime/internal/runnerclient","Test":"TestP06IntentOracleRejectsCrossSampleAndAlteredIntent/revision","Elapsed":0}
{"Time":"2026-09-11T15:21:20.971099763-07:00","Action":"run","Package":"github.com/JDinSeattle/forge-runtime/internal/runnerclient","Test":"TestP06IntentOracleRejectsCrossSampleAndAlteredIntent/kind"}
{"Time":"2026-09-11T15:21:20.971101892-07:00","Action":"output","Package":"github.com/JDinSeattle/forge-runtime/internal/runnerclient","Test":"TestP06IntentOracleRejectsCrossSampleAndAlteredIntent/kind","Output":"=== RUN   TestP06IntentOracleRejectsCrossSampleAndAlteredIntent/kind\n"}
{"Time":"2026-09-11T15:21:20.971104644-07:00","Action":"output","Package":"github.com/JDinSeattle/forge-runtime/internal/runnerclient","Test":"TestP06IntentOracleRejectsCrossSampleAndAlteredIntent/kind","Output":"--- PASS: TestP06IntentOracleRejectsCrossSampleAndAlteredIntent/kind (0.00s)\n"}
{"Time":"2026-09-11T15:21:20.97110693-07:00","Action":"pass","Package":"github.com/JDinSeattle/forge-runtime/internal/runnerclient","Test":"TestP06IntentOracleRejectsCrossSampleAndAlteredIntent/kind","Elapsed":0}
{"Time":"2026-09-11T15:21:20.971109106-07:00","Action":"run","Package":"github.com/JDinSeattle/forge-runtime/internal/runnerclient","Test":"TestP06IntentOracleRejectsCrossSampleAndAlteredIntent/receipt_run"}
{"Time":"2026-09-11T15:21:20.971111175-07:00","Action":"output","Package":"github.com/JDinSeattle/forge-runtime/internal/runnerclient","Test":"TestP06IntentOracleRejectsCrossSampleAndAlteredIntent/receipt_run","Output":"=== RUN   TestP06IntentOracleRejectsCrossSampleAndAlteredIntent/receipt_run\n"}
{"Time":"2026-09-11T15:21:20.97111589-07:00","Action":"output","Package":"github.com/JDinSeattle/forge-runtime/internal/runnerclient","Test":"TestP06IntentOracleRejectsCrossSampleAndAlteredIntent/receipt_run","Output":"--- PASS: TestP06IntentOracleRejectsCrossSampleAndAlteredIntent/receipt_run (0.00s)\n"}
{"Time":"2026-09-11T15:21:20.971117988-07:00","Action":"pass","Package":"github.com/JDinSeattle/forge-runtime/internal/runnerclient","Test":"TestP06IntentOracleRejectsCrossSampleAndAlteredIntent/receipt_run","Elapsed":0}
{"Time":"2026-09-11T15:21:20.971120206-07:00","Action":"run","Package":"github.com/JDinSeattle/forge-runtime/internal/runnerclient","Test":"TestP06IntentOracleRejectsCrossSampleAndAlteredIntent/nonterminal"}
{"Time":"2026-09-11T15:21:20.971121979-07:00","Action":"output","Package":"github.com/JDinSeattle/forge-runtime/internal/runnerclient","Test":"TestP06IntentOracleRejectsCrossSampleAndAlteredIntent/nonterminal","Output":"=== RUN   TestP06IntentOracleRejectsCrossSampleAndAlteredIntent/nonterminal\n"}
{"Time":"2026-09-11T15:21:20.971124494-07:00","Action":"output","Package":"github.com/JDinSeattle/forge-runtime/internal/runnerclient","Test":"TestP06IntentOracleRejectsCrossSampleAndAlteredIntent/nonterminal","Output":"--- PASS: TestP06IntentOracleRejectsCrossSampleAndAlteredIntent/nonterminal (0.00s)\n"}
{"Time":"2026-09-11T15:21:20.971126658-07:00","Action":"pass","Package":"github.com/JDinSeattle/forge-runtime/internal/runnerclient","Test":"TestP06IntentOracleRejectsCrossSampleAndAlteredIntent/nonterminal","Elapsed":0}
{"Time":"2026-09-11T15:21:20.971130109-07:00","Action":"run","Package":"github.com/JDinSeattle/forge-runtime/internal/runnerclient","Test":"TestP06IntentOracleRejectsCrossSampleAndAlteredIntent/receipt_tenant"}
{"Time":"2026-09-11T15:21:20.971132357-07:00","Action":"output","Package":"github.com/JDinSeattle/forge-runtime/internal/runnerclient","Test":"TestP06IntentOracleRejectsCrossSampleAndAlteredIntent/receipt_tenant","Output":"=== RUN   TestP06IntentOracleRejectsCrossSampleAndAlteredIntent/receipt_tenant\n"}
{"Time":"2026-09-11T15:21:20.971134728-07:00","Action":"output","Package":"github.com/JDinSeattle/forge-runtime/internal/runnerclient","Test":"TestP06IntentOracleRejectsCrossSampleAndAlteredIntent/receipt_tenant","Output":"--- PASS: TestP06IntentOracleRejectsCrossSampleAndAlteredIntent/receipt_tenant (0.00s)\n"}
{"Time":"2026-09-11T15:21:20.971136905-07:00","Action":"pass","Package":"github.com/JDinSeattle/forge-runtime/internal/runnerclient","Test":"TestP06IntentOracleRejectsCrossSampleAndAlteredIntent/receipt_tenant","Elapsed":0}
{"Time":"2026-09-11T15:21:20.971139146-07:00","Action":"run","Package":"github.com/JDinSeattle/forge-runtime/internal/runnerclient","Test":"TestP06IntentOracleRejectsCrossSampleAndAlteredIntent/other_self_consistent_sample"}
{"Time":"2026-09-11T15:21:20.971141451-07:00","Action":"output","Package":"github.com/JDinSeattle/forge-runtime/internal/runnerclient","Test":"TestP06IntentOracleRejectsCrossSampleAndAlteredIntent/other_self_consistent_sample","Output":"=== RUN   TestP06IntentOracleRejectsCrossSampleAndAlteredIntent/other_self_consistent_sample\n"}
{"Time":"2026-09-11T15:21:20.971144097-07:00","Action":"output","Package":"github.com/JDinSeattle/forge-runtime/internal/runnerclient","Test":"TestP06IntentOracleRejectsCrossSampleAndAlteredIntent/other_self_consistent_sample","Output":"--- PASS: TestP06IntentOracleRejectsCrossSampleAndAlteredIntent/other_self_consistent_sample (0.00s)\n"}
{"Time":"2026-09-11T15:21:20.971146362-07:00","Action":"pass","Package":"github.com/JDinSeattle/forge-runtime/internal/runnerclient","Test":"TestP06IntentOracleRejectsCrossSampleAndAlteredIntent/other_self_consistent_sample","Elapsed":0}
{"Time":"2026-09-11T15:21:20.971148687-07:00","Action":"run","Package":"github.com/JDinSeattle/forge-runtime/internal/runnerclient","Test":"TestP06IntentOracleRejectsCrossSampleAndAlteredIntent/args"}
{"Time":"2026-09-11T15:21:20.971150552-07:00","Action":"output","Package":"github.com/JDinSeattle/forge-runtime/internal/runnerclient","Test":"TestP06IntentOracleRejectsCrossSampleAndAlteredIntent/args","Output":"=== RUN   TestP06IntentOracleRejectsCrossSampleAndAlteredIntent/args\n"}
{"Time":"2026-09-11T15:21:20.971153071-07:00","Action":"output","Package":"github.com/JDinSeattle/forge-runtime/internal/runnerclient","Test":"TestP06IntentOracleRejectsCrossSampleAndAlteredIntent/args","Output":"--- PASS: TestP06IntentOracleRejectsCrossSampleAndAlteredIntent/args (0.00s)\n"}
{"Time":"2026-09-11T15:21:20.971155401-07:00","Action":"pass","Package":"github.com/JDinSeattle/forge-runtime/internal/runnerclient","Test":"TestP06IntentOracleRejectsCrossSampleAndAlteredIntent/args","Elapsed":0}
{"Time":"2026-09-11T15:21:20.971157504-07:00","Action":"run","Package":"github.com/JDinSeattle/forge-runtime/internal/runnerclient","Test":"TestP06IntentOracleRejectsCrossSampleAndAlteredIntent/args_hash"}
{"Time":"2026-09-11T15:21:20.971159655-07:00","Action":"output","Package":"github.com/JDinSeattle/forge-runtime/internal/runnerclient","Test":"TestP06IntentOracleRejectsCrossSampleAndAlteredIntent/args_hash","Output":"=== RUN   TestP06IntentOracleRejectsCrossSampleAndAlteredIntent/args_hash\n"}
{"Time":"2026-09-11T15:21:20.971162024-07:00","Action":"output","Package":"github.com/JDinSeattle/forge-runtime/internal/runnerclient","Test":"TestP06IntentOracleRejectsCrossSampleAndAlteredIntent/args_hash","Output":"--- PASS: TestP06IntentOracleRejectsCrossSampleAndAlteredIntent/args_hash (0.00s)\n"}
{"Time":"2026-09-11T15:21:20.971165352-07:00","Action":"pass","Package":"github.com/JDinSeattle/forge-runtime/internal/runnerclient","Test":"TestP06IntentOracleRejectsCrossSampleAndAlteredIntent/args_hash","Elapsed":0}
{"Time":"2026-09-11T15:21:20.971167527-07:00","Action":"run","Package":"github.com/JDinSeattle/forge-runtime/internal/runnerclient","Test":"TestP06IntentOracleRejectsCrossSampleAndAlteredIntent/policy"}
{"Time":"2026-09-11T15:21:20.971169293-07:00","Action":"output","Package":"github.com/JDinSeattle/forge-runtime/internal/runnerclient","Test":"TestP06IntentOracleRejectsCrossSampleAndAlteredIntent/policy","Output":"=== RUN   TestP06IntentOracleRejectsCrossSampleAndAlteredIntent/policy\n"}
{"Time":"2026-09-11T15:21:20.971171784-07:00","Action":"output","Package":"github.com/JDinSeattle/forge-runtime/internal/runnerclient","Test":"TestP06IntentOracleRejectsCrossSampleAndAlteredIntent/policy","Output":"--- PASS: TestP06IntentOracleRejectsCrossSampleAndAlteredIntent/policy (0.00s)\n"}
{"Time":"2026-09-11T15:21:20.971173975-07:00","Action":"pass","Package":"github.com/JDinSeattle/forge-runtime/internal/runnerclient","Test":"TestP06IntentOracleRejectsCrossSampleAndAlteredIntent/policy","Elapsed":0}
{"Time":"2026-09-11T15:21:20.971176051-07:00","Action":"run","Package":"github.com/JDinSeattle/forge-runtime/internal/runnerclient","Test":"TestP06IntentOracleRejectsCrossSampleAndAlteredIntent/deadline"}
{"Time":"2026-09-11T15:21:20.971178061-07:00","Action":"output","Package":"github.com/JDinSeattle/forge-runtime/internal/runnerclient","Test":"TestP06IntentOracleRejectsCrossSampleAndAlteredIntent/deadline","Output":"=== RUN   TestP06IntentOracleRejectsCrossSampleAndAlteredIntent/deadline\n"}
{"Time":"2026-09-11T15:21:20.971180455-07:00","Action":"output","Package":"github.com/JDinSeattle/forge-runtime/internal/runnerclient","Test":"TestP06IntentOracleRejectsCrossSampleAndAlteredIntent/deadline","Output":"--- PASS: TestP06IntentOracleRejectsCrossSampleAndAlteredIntent/deadline (0.00s)\n"}
{"Time":"2026-09-11T15:21:20.97118269-07:00","Action":"pass","Package":"github.com/JDinSeattle/forge-runtime/internal/runnerclient","Test":"TestP06IntentOracleRejectsCrossSampleAndAlteredIntent/deadline","Elapsed":0}
{"Time":"2026-09-11T15:21:20.971185191-07:00","Action":"output","Package":"github.com/JDinSeattle/forge-runtime/internal/runnerclient","Test":"TestP06IntentOracleRejectsCrossSampleAndAlteredIntent","Output":"--- PASS: TestP06IntentOracleRejectsCrossSampleAndAlteredIntent (0.00s)\n"}
{"Time":"2026-09-11T15:21:20.971187593-07:00","Action":"pass","Package":"github.com/JDinSeattle/forge-runtime/internal/runnerclient","Test":"TestP06IntentOracleRejectsCrossSampleAndAlteredIntent","Elapsed":0}
{"Time":"2026-09-11T15:21:20.971190414-07:00","Action":"run","Package":"github.com/JDinSeattle/forge-runtime/internal/runnerclient","Test":"TestP06NetworkOracleRejectsUsableExternalConnectivity"}
{"Time":"2026-09-11T15:21:20.971192461-07:00","Action":"output","Package":"github.com/JDinSeattle/forge-runtime/internal/runnerclient","Test":"TestP06NetworkOracleRejectsUsableExternalConnectivity","Output":"=== RUN   TestP06NetworkOracleRejectsUsableExternalConnectivity\n"}
{"Time":"2026-09-11T15:21:20.971194628-07:00","Action":"run","Package":"github.com/JDinSeattle/forge-runtime/internal/runnerclient","Test":"TestP06NetworkOracleRejectsUsableExternalConnectivity/ipv6_default_via_loopback"}
{"Time":"2026-09-11T15:21:20.971196132-07:00","Action":"output","Package":"github.com/JDinSeattle/forge-runtime/internal/runnerclient","Test":"TestP06NetworkOracleRejectsUsableExternalConnectivity/ipv6_default_via_loopback","Output":"=== RUN   TestP06NetworkOracleRejectsUsableExternalConnectivity/ipv6_default_via_loopback\n"}
{"Time":"2026-09-11T15:21:20.97102374-07:00","Action":"output","Package":"github.com/JDinSeattle/forge-runtime/internal/runtime","Test":"TestVerificationDistinguishesTargetProofFromRegressionOnly/regression_only","Output":"--- PASS: TestVerificationDistinguishesTargetProofFromRegressionOnly/regression_only (0.00s)\n"}
{"Time":"2026-09-11T15:21:20.971201689-07:00","Action":"pass","Package":"github.com/JDinSeattle/forge-runtime/internal/runtime","Test":"TestVerificationDistinguishesTargetProofFromRegressionOnly/regression_only","Elapsed":0}
{"Time":"2026-09-11T15:21:20.971204949-07:00","Action":"run","Package":"github.com/JDinSeattle/forge-runtime/internal/runtime","Test":"TestVerificationDistinguishesTargetProofFromRegressionOnly/target_without_baseline"}
{"Time":"2026-09-11T15:21:20.971207-07:00","Action":"output","Package":"github.com/JDinSeattle/forge-runtime/internal/runtime","Test":"TestVerificationDistinguishesTargetProofFromRegressionOnly/target_without_baseline","Output":"=== RUN   TestVerificationDistinguishesTargetProofFromRegressionOnly/target_without_baseline\n"}
{"Time":"2026-09-11T15:21:20.971209452-07:00","Action":"output","Package":"github.com/JDinSeattle/forge-runtime/internal/runtime","Test":"TestVerificationDistinguishesTargetProofFromRegressionOnly/target_without_baseline","Output":"--- PASS: TestVerificationDistinguishesTargetProofFromRegressionOnly/target_without_baseline (0.00s)\n"}
{"Time":"2026-09-11T15:21:20.971211751-07:00","Action":"pass","Package":"github.com/JDinSeattle/forge-runtime/internal/runtime","Test":"TestVerificationDistinguishesTargetProofFromRegressionOnly/target_without_baseline","Elapsed":0}
{"Time":"2026-09-11T15:21:20.971213823-07:00","Action":"run","Package":"github.com/JDinSeattle/forge-runtime/internal/runtime","Test":"TestVerificationDistinguishesTargetProofFromRegressionOnly/target_still_broken"}
{"Time":"2026-09-11T15:21:20.97121582-07:00","Action":"output","Package":"github.com/JDinSeattle/forge-runtime/internal/runtime","Test":"TestVerificationDistinguishesTargetProofFromRegressionOnly/target_still_broken","Output":"=== RUN   TestVerificationDistinguishesTargetProofFromRegressionOnly/target_still_broken\n"}
{"Time":"2026-09-11T15:21:20.971218369-07:00","Action":"output","Package":"github.com/JDinSeattle/forge-runtime/internal/runtime","Test":"TestVerificationDistinguishesTargetProofFromRegressionOnly/target_still_broken","Output":"--- PASS: TestVerificationDistinguishesTargetProofFromRegressionOnly/target_still_broken (0.00s)\n"}
{"Time":"2026-09-11T15:21:20.971220458-07:00","Action":"pass","Package":"github.com/JDinSeattle/forge-runtime/internal/runtime","Test":"TestVerificationDistinguishesTargetProofFromRegressionOnly/target_still_broken","Elapsed":0}
{"Time":"2026-09-11T15:21:20.971222521-07:00","Action":"run","Package":"github.com/JDinSeattle/forge-runtime/internal/runtime","Test":"TestVerificationDistinguishesTargetProofFromRegressionOnly/regression_broken"}
{"Time":"2026-09-11T15:21:20.971225593-07:00","Action":"output","Package":"github.com/JDinSeattle/forge-runtime/internal/runtime","Test":"TestVerificationDistinguishesTargetProofFromRegressionOnly/regression_broken","Output":"=== RUN   TestVerificationDistinguishesTargetProofFromRegressionOnly/regression_broken\n"}
{"Time":"2026-09-11T15:21:20.971228087-07:00","Action":"output","Package":"github.com/JDinSeattle/forge-runtime/internal/runtime","Test":"TestVerificationDistinguishesTargetProofFromRegressionOnly/regression_broken","Output":"--- PASS: TestVerificationDistinguishesTargetProofFromRegressionOnly/regression_broken (0.00s)\n"}
{"Time":"2026-09-11T15:21:20.971230253-07:00","Action":"pass","Package":"github.com/JDinSeattle/forge-runtime/internal/runtime","Test":"TestVerificationDistinguishesTargetProofFromRegressionOnly/regression_broken","Elapsed":0}
{"Time":"2026-09-11T15:21:20.971232198-07:00","Action":"output","Package":"github.com/JDinSeattle/forge-runtime/internal/runtime","Test":"TestVerificationDistinguishesTargetProofFromRegressionOnly","Output":"--- PASS: TestVerificationDistinguishesTargetProofFromRegressionOnly (0.00s)\n"}
{"Time":"2026-09-11T15:21:20.971234192-07:00","Action":"pass","Package":"github.com/JDinSeattle/forge-runtime/internal/runtime","Test":"TestVerificationDistinguishesTargetProofFromRegressionOnly","Elapsed":0}
{"Time":"2026-09-11T15:21:20.97123603-07:00","Action":"run","Package":"github.com/JDinSeattle/forge-runtime/internal/runtime","Test":"TestModelCannotForgeVerificationOrUseOldRevision"}
{"Time":"2026-09-11T15:21:20.971242361-07:00","Action":"output","Package":"github.com/JDinSeattle/forge-runtime/internal/runtime","Test":"TestModelCannotForgeVerificationOrUseOldRevision","Output":"=== RUN   TestModelCannotForgeVerificationOrUseOldRevision\n"}
{"Time":"2026-09-11T15:21:20.971244732-07:00","Action":"output","Package":"github.com/JDinSeattle/forge-runtime/internal/runtime","Test":"TestModelCannotForgeVerificationOrUseOldRevision","Output":"--- PASS: TestModelCannotForgeVerificationOrUseOldRevision (0.00s)\n"}
{"Time":"2026-09-11T15:21:20.971246445-07:00","Action":"pass","Package":"github.com/JDinSeattle/forge-runtime/internal/runtime","Test":"TestModelCannotForgeVerificationOrUseOldRevision","Elapsed":0}
{"Time":"2026-09-11T15:21:20.971250038-07:00","Action":"run","Package":"github.com/JDinSeattle/forge-runtime/internal/runtime","Test":"TestBudgetStopsBeforeNewWorkAndWaitsForAcknowledgement"}
{"Time":"2026-09-11T15:21:20.971251832-07:00","Action":"output","Package":"github.com/JDinSeattle/forge-runtime/internal/runtime","Test":"TestBudgetStopsBeforeNewWorkAndWaitsForAcknowledgement","Output":"=== RUN   TestBudgetStopsBeforeNewWorkAndWaitsForAcknowledgement\n"}
{"Time":"2026-09-11T15:21:20.971254025-07:00","Action":"output","Package":"github.com/JDinSeattle/forge-runtime/internal/runtime","Test":"TestBudgetStopsBeforeNewWorkAndWaitsForAcknowledgement","Output":"--- PASS: TestBudgetStopsBeforeNewWorkAndWaitsForAcknowledgement (0.00s)\n"}
{"Time":"2026-09-11T15:21:20.971256056-07:00","Action":"pass","Package":"github.com/JDinSeattle/forge-runtime/internal/runtime","Test":"TestBudgetStopsBeforeNewWorkAndWaitsForAcknowledgement","Elapsed":0}
{"Time":"2026-09-11T15:21:20.971261486-07:00","Action":"run","Package":"github.com/JDinSeattle/forge-runtime/internal/runtime","Test":"TestReducerOutputsDoNotAliasPersistedInputOrEvent"}
{"Time":"2026-09-11T15:21:20.971263615-07:00","Action":"output","Package":"github.com/JDinSeattle/forge-runtime/internal/runtime","Test":"TestReducerOutputsDoNotAliasPersistedInputOrEvent","Output":"=== RUN   TestReducerOutputsDoNotAliasPersistedInputOrEvent\n"}
{"Time":"2026-09-11T15:21:20.971770868-07:00","Action":"run","Package":"github.com/JDinSeattle/forge-runtime/internal/eventstream","Test":"TestResetDetachesHubBeforeNotification"}
{"Time":"2026-09-11T15:21:20.971789542-07:00","Action":"output","Package":"github.com/JDinSeattle/forge-runtime/internal/eventstream","Test":"TestResetDetachesHubBeforeNotification","Output":"=== RUN   TestResetDetachesHubBeforeNotification\n"}
{"Time":"2026-09-11T15:21:20.971814179-07:00","Action":"run","Package":"github.com/JDinSeattle/forge-runtime/internal/eventstream","Test":"TestResetDetachesHubBeforeNotification/history-gap"}
{"Time":"2026-09-11T15:21:20.971817233-07:00","Action":"output","Package":"github.com/JDinSeattle/forge-runtime/internal/eventstream","Test":"TestResetDetachesHubBeforeNotification/history-gap","Output":"=== RUN   TestResetDetachesHubBeforeNotification/history-gap\n"}
{"Time":"2026-09-11T15:21:20.971827695-07:00","Action":"output","Package":"github.com/JDinSeattle/forge-runtime/internal/runtime","Test":"TestReducerOutputsDoNotAliasPersistedInputOrEvent","Output":"--- PASS: TestReducerOutputsDoNotAliasPersistedInputOrEvent (0.00s)\n"}
{"Time":"2026-09-11T15:21:20.971831425-07:00","Action":"pass","Package":"github.com/JDinSeattle/forge-runtime/internal/runtime","Test":"TestReducerOutputsDoNotAliasPersistedInputOrEvent","Elapsed":0}
{"Time":"2026-09-11T15:21:20.971835301-07:00","Action":"run","Package":"github.com/JDinSeattle/forge-runtime/internal/runtime","Test":"TestMalformedSnapshotsFailClosedBeforeCommands"}
{"Time":"2026-09-11T15:21:20.971837942-07:00","Action":"output","Package":"github.com/JDinSeattle/forge-runtime/internal/runtime","Test":"TestMalformedSnapshotsFailClosedBeforeCommands","Output":"=== RUN   TestMalformedSnapshotsFailClosedBeforeCommands\n"}
{"Time":"2026-09-11T15:21:20.971841809-07:00","Action":"run","Package":"github.com/JDinSeattle/forge-runtime/internal/runtime","Test":"TestMalformedSnapshotsFailClosedBeforeCommands/nonterminal_stop_target"}
{"Time":"2026-09-11T15:21:20.97185243-07:00","Action":"output","Package":"github.com/JDinSeattle/forge-runtime/internal/runtime","Test":"TestMalformedSnapshotsFailClosedBeforeCommands/nonterminal_stop_target","Output":"=== RUN   TestMalformedSnapshotsFailClosedBeforeCommands/nonterminal_stop_target\n"}
{"Time":"2026-09-11T15:21:20.971857147-07:00","Action":"output","Package":"github.com/JDinSeattle/forge-runtime/internal/runtime","Test":"TestMalformedSnapshotsFailClosedBeforeCommands/nonterminal_stop_target","Output":"--- PASS: TestMalformedSnapshotsFailClosedBeforeCommands/nonterminal_stop_target (0.00s)\n"}
{"Time":"2026-09-11T15:21:20.971860256-07:00","Action":"pass","Package":"github.com/JDinSeattle/forge-runtime/internal/runtime","Test":"TestMalformedSnapshotsFailClosedBeforeCommands/nonterminal_stop_target","Elapsed":0}
{"Time":"2026-09-11T15:21:20.971863303-07:00","Action":"run","Package":"github.com/JDinSeattle/forge-runtime/internal/runtime","Test":"TestMalformedSnapshotsFailClosedBeforeCommands/nonterminal_stopped_stage"}
{"Time":"2026-09-11T15:21:20.971865776-07:00","Action":"output","Package":"github.com/JDinSeattle/forge-runtime/internal/runtime","Test":"TestMalformedSnapshotsFailClosedBeforeCommands/nonterminal_stopped_stage","Output":"=== RUN   TestMalformedSnapshotsFailClosedBeforeCommands/nonterminal_stopped_stage\n"}
{"Time":"2026-09-11T15:21:20.971879786-07:00","Action":"output","Package":"github.com/JDinSeattle/forge-runtime/internal/runtime","Test":"TestMalformedSnapshotsFailClosedBeforeCommands/nonterminal_stopped_stage","Output":"--- PASS: TestMalformedSnapshotsFailClosedBeforeCommands/nonterminal_stopped_stage (0.00s)\n"}
{"Time":"2026-09-11T15:21:20.971883572-07:00","Action":"pass","Package":"github.com/JDinSeattle/forge-runtime/internal/runtime","Test":"TestMalformedSnapshotsFailClosedBeforeCommands/nonterminal_stopped_stage","Elapsed":0}
{"Time":"2026-09-11T15:21:20.971886445-07:00","Action":"run","Package":"github.com/JDinSeattle/forge-runtime/internal/runtime","Test":"TestMalformedSnapshotsFailClosedBeforeCommands/running_without_authority"}
{"Time":"2026-09-11T15:21:20.971888879-07:00","Action":"output","Package":"github.com/JDinSeattle/forge-runtime/internal/runtime","Test":"TestMalformedSnapshotsFailClosedBeforeCommands/running_without_authority","Output":"=== RUN   TestMalformedSnapshotsFailClosedBeforeCommands/running_without_authority\n"}
{"Time":"2026-09-11T15:21:20.97189571-07:00","Action":"output","Package":"github.com/JDinSeattle/forge-runtime/internal/runnerclient","Test":"TestP06NetworkOracleRejectsUsableExternalConnectivity/ipv6_default_via_loopback","Output":"--- PASS: TestP06NetworkOracleRejectsUsableExternalConnectivity/ipv6_default_via_loopback (0.00s)\n"}
{"Time":"2026-09-11T15:21:20.971910543-07:00","Action":"pass","Package":"github.com/JDinSeattle/forge-runtime/internal/runnerclient","Test":"TestP06NetworkOracleRejectsUsableExternalConnectivity/ipv6_default_via_loopback","Elapsed":0}
{"Time":"2026-09-11T15:21:20.971914291-07:00","Action":"run","Package":"github.com/JDinSeattle/forge-runtime/internal/runnerclient","Test":"TestP06NetworkOracleRejectsUsableExternalConnectivity/unreported_interface"}
{"Time":"2026-09-11T15:21:20.971916824-07:00","Action":"output","Package":"github.com/JDinSeattle/forge-runtime/internal/runnerclient","Test":"TestP06NetworkOracleRejectsUsableExternalConnectivity/unreported_interface","Output":"=== RUN   TestP06NetworkOracleRejectsUsableExternalConnectivity/unreported_interface\n"}
{"Time":"2026-09-11T15:21:20.971920438-07:00","Action":"output","Package":"github.com/JDinSeattle/forge-runtime/internal/runnerclient","Test":"TestP06NetworkOracleRejectsUsableExternalConnectivity/unreported_interface","Output":"--- PASS: TestP06NetworkOracleRejectsUsableExternalConnectivity/unreported_interface (0.00s)\n"}
{"Time":"2026-09-11T15:21:20.971923307-07:00","Action":"pass","Package":"github.com/JDinSeattle/forge-runtime/internal/runnerclient","Test":"TestP06NetworkOracleRejectsUsableExternalConnectivity/unreported_interface","Elapsed":0}
{"Time":"2026-09-11T15:21:20.971928706-07:00","Action":"run","Package":"github.com/JDinSeattle/forge-runtime/internal/runnerclient","Test":"TestP06NetworkOracleRejectsUsableExternalConnectivity/duplicate_interface"}
{"Time":"2026-09-11T15:21:20.971931333-07:00","Action":"output","Package":"github.com/JDinSeattle/forge-runtime/internal/runnerclient","Test":"TestP06NetworkOracleRejectsUsableExternalConnectivity/duplicate_interface","Output":"=== RUN   TestP06NetworkOracleRejectsUsableExternalConnectivity/duplicate_interface\n"}
{"Time":"2026-09-11T15:21:20.97193448-07:00","Action":"output","Package":"github.com/JDinSeattle/forge-runtime/internal/runnerclient","Test":"TestP06NetworkOracleRejectsUsableExternalConnectivity/duplicate_interface","Output":"--- PASS: TestP06NetworkOracleRejectsUsableExternalConnectivity/duplicate_interface (0.00s)\n"}
{"Time":"2026-09-11T15:21:20.971937343-07:00","Action":"pass","Package":"github.com/JDinSeattle/forge-runtime/internal/runnerclient","Test":"TestP06NetworkOracleRejectsUsableExternalConnectivity/duplicate_interface","Elapsed":0}
{"Time":"2026-09-11T15:21:20.971939938-07:00","Action":"run","Package":"github.com/JDinSeattle/forge-runtime/internal/runnerclient","Test":"TestP06NetworkOracleRejectsUsableExternalConnectivity/ipv4_external_route"}
{"Time":"2026-09-11T15:21:20.971943572-07:00","Action":"output","Package":"github.com/JDinSeattle/forge-runtime/internal/runnerclient","Test":"TestP06NetworkOracleRejectsUsableExternalConnectivity/ipv4_external_route","Output":"=== RUN   TestP06NetworkOracleRejectsUsableExternalConnectivity/ipv4_external_route\n"}
{"Time":"2026-09-11T15:21:20.971960281-07:00","Action":"run","Package":"github.com/JDinSeattle/forge-runtime/internal/retention","Test":"TestJournalReferenceReaderProtectsOldReceiptsAndNewPinsFailsClosed"}
{"Time":"2026-09-11T15:21:20.971964073-07:00","Action":"output","Package":"github.com/JDinSeattle/forge-runtime/internal/retention","Test":"TestJournalReferenceReaderProtectsOldReceiptsAndNewPinsFailsClosed","Output":"=== RUN   TestJournalReferenceReaderProtectsOldReceiptsAndNewPinsFailsClosed\n"}
{"Time":"2026-09-11T15:21:20.971983723-07:00","Action":"output","Package":"github.com/JDinSeattle/forge-runtime/internal/runtime","Test":"TestMalformedSnapshotsFailClosedBeforeCommands/running_without_authority","Output":"--- PASS: TestMalformedSnapshotsFailClosedBeforeCommands/running_without_authority (0.00s)\n"}
{"Time":"2026-09-11T15:21:20.973439777-07:00","Action":"output","Package":"github.com/JDinSeattle/forge-runtime/internal/telemetry","Test":"TestHTTPMiddlewarePreservesFlushErrorAfterRequestCancellation","Output":"--- PASS: TestHTTPMiddlewarePreservesFlushErrorAfterRequestCancellation (0.00s)\n"}
{"Time":"2026-09-11T15:21:20.973462924-07:00","Action":"output","Package":"github.com/JDinSeattle/forge-runtime/internal/runnerclient","Test":"TestP06NetworkOracleRejectsUsableExternalConnectivity/ipv4_external_route","Output":"--- PASS: TestP06NetworkOracleRejectsUsableExternalConnectivity/ipv4_external_route (0.00s)\n"}
{"Time":"2026-09-11T15:21:20.973468446-07:00","Action":"pass","Package":"github.com/JDinSeattle/forge-runtime/internal/telemetry","Test":"TestHTTPMiddlewarePreservesFlushErrorAfterRequestCancellation","Elapsed":0}
{"Time":"2026-09-11T15:21:20.973473996-07:00","Action":"pass","Package":"github.com/JDinSeattle/forge-runtime/internal/runnerclient","Test":"TestP06NetworkOracleRejectsUsableExternalConnectivity/ipv4_external_route","Elapsed":0}
{"Time":"2026-09-11T15:21:20.973477234-07:00","Action":"run","Package":"github.com/JDinSeattle/forge-runtime/internal/telemetry","Test":"TestHTTPMiddlewarePlainResponseWriterDoesNotInventFlushing"}
{"Time":"2026-09-11T15:21:20.973477617-07:00","Action":"run","Package":"github.com/JDinSeattle/forge-runtime/internal/runnerclient","Test":"TestP06NetworkOracleRejectsUsableExternalConnectivity/ipv4_nonloopback_destination"}
{"Time":"2026-09-11T15:21:20.973480317-07:00","Action":"output","Package":"github.com/JDinSeattle/forge-runtime/internal/telemetry","Test":"TestHTTPMiddlewarePlainResponseWriterDoesNotInventFlushing","Output":"=== RUN   TestHTTPMiddlewarePlainResponseWriterDoesNotInventFlushing\n"}
{"Time":"2026-09-11T15:21:20.973490189-07:00","Action":"pass","Package":"github.com/JDinSeattle/forge-runtime/internal/runtime","Test":"TestMalformedSnapshotsFailClosedBeforeCommands/running_without_authority","Elapsed":0}
{"Time":"2026-09-11T15:21:20.973492819-07:00","Action":"run","Package":"github.com/JDinSeattle/forge-runtime/internal/runtime","Test":"TestMalformedSnapshotsFailClosedBeforeCommands/reconciliation_at_executable_stage"}
{"Time":"2026-09-11T15:21:20.973482966-07:00","Action":"output","Package":"github.com/JDinSeattle/forge-runtime/internal/runnerclient","Test":"TestP06NetworkOracleRejectsUsableExternalConnectivity/ipv4_nonloopback_destination","Output":"=== RUN   TestP06NetworkOracleRejectsUsableExternalConnectivity/ipv4_nonloopback_destination\n"}
{"Time":"2026-09-11T15:21:20.973494466-07:00","Action":"output","Package":"github.com/JDinSeattle/forge-runtime/internal/runtime","Test":"TestMalformedSnapshotsFailClosedBeforeCommands/reconciliation_at_executable_stage","Output":"=== RUN   TestMalformedSnapshotsFailClosedBeforeCommands/reconciliation_at_executable_stage\n"}
{"Time":"2026-09-11T15:21:20.973498984-07:00","Action":"output","Package":"github.com/JDinSeattle/forge-runtime/internal/runtime","Test":"TestMalformedSnapshotsFailClosedBeforeCommands/reconciliation_at_executable_stage","Output":"--- PASS: TestMalformedSnapshotsFailClosedBeforeCommands/reconciliation_at_executable_stage (0.00s)\n"}
{"Time":"2026-09-11T15:21:20.973498296-07:00","Action":"output","Package":"github.com/JDinSeattle/forge-runtime/internal/runnerclient","Test":"TestP06NetworkOracleRejectsUsableExternalConnectivity/ipv4_nonloopback_destination","Output":"--- PASS: TestP06NetworkOracleRejectsUsableExternalConnectivity/ipv4_nonloopback_destination (0.00s)\n"}
{"Time":"2026-09-11T15:21:20.973500961-07:00","Action":"pass","Package":"github.com/JDinSeattle/forge-runtime/internal/runtime","Test":"TestMalformedSnapshotsFailClosedBeforeCommands/reconciliation_at_executable_stage","Elapsed":0}
{"Time":"2026-09-11T15:21:20.973503019-07:00","Action":"run","Package":"github.com/JDinSeattle/forge-runtime/internal/runtime","Test":"TestMalformedSnapshotsFailClosedBeforeCommands/approval_without_effect"}
{"Time":"2026-09-11T15:21:20.97343974-07:00","Action":"output","Package":"github.com/JDinSeattle/forge-runtime/internal/sandbox","Test":"TestDockerTmpfsExecutionIsExplicitAndKeepsFixedBounds/false","Output":"--- PASS: TestDockerTmpfsExecutionIsExplicitAndKeepsFixedBounds/false (0.01s)\n"}
{"Time":"2026-09-11T15:21:20.973502738-07:00","Action":"pass","Package":"github.com/JDinSeattle/forge-runtime/internal/runnerclient","Test":"TestP06NetworkOracleRejectsUsableExternalConnectivity/ipv4_nonloopback_destination","Elapsed":0}
{"Time":"2026-09-11T15:21:20.973508342-07:00","Action":"run","Package":"github.com/JDinSeattle/forge-runtime/internal/runnerclient","Test":"TestP06NetworkOracleRejectsUsableExternalConnectivity/ipv4_default_via_loopback"}
{"Time":"2026-09-11T15:21:20.973509888-07:00","Action":"output","Package":"github.com/JDinSeattle/forge-runtime/internal/runnerclient","Test":"TestP06NetworkOracleRejectsUsableExternalConnectivity/ipv4_default_via_loopback","Output":"=== RUN   TestP06NetworkOracleRejectsUsableExternalConnectivity/ipv4_default_via_loopback\n"}
{"Time":"2026-09-11T15:21:20.973512695-07:00","Action":"output","Package":"github.com/JDinSeattle/forge-runtime/internal/runnerclient","Test":"TestP06NetworkOracleRejectsUsableExternalConnectivity/ipv4_default_via_loopback","Output":"--- PASS: TestP06NetworkOracleRejectsUsableExternalConnectivity/ipv4_default_via_loopback (0.00s)\n"}
{"Time":"2026-09-11T15:21:20.973514576-07:00","Action":"pass","Package":"github.com/JDinSeattle/forge-runtime/internal/runnerclient","Test":"TestP06NetworkOracleRejectsUsableExternalConnectivity/ipv4_default_via_loopback","Elapsed":0}
{"Time":"2026-09-11T15:21:20.973516444-07:00","Action":"run","Package":"github.com/JDinSeattle/forge-runtime/internal/runnerclient","Test":"TestP06NetworkOracleRejectsUsableExternalConnectivity/ipv4_gateway"}
{"Time":"2026-09-11T15:21:20.973527485-07:00","Action":"output","Package":"github.com/JDinSeattle/forge-runtime/internal/runnerclient","Test":"TestP06NetworkOracleRejectsUsableExternalConnectivity/ipv4_gateway","Output":"=== RUN   TestP06NetworkOracleRejectsUsableExternalConnectivity/ipv4_gateway\n"}
{"Time":"2026-09-11T15:21:20.973530583-07:00","Action":"output","Package":"github.com/JDinSeattle/forge-runtime/internal/runnerclient","Test":"TestP06NetworkOracleRejectsUsableExternalConnectivity/ipv4_gateway","Output":"--- PASS: TestP06NetworkOracleRejectsUsableExternalConnectivity/ipv4_gateway (0.00s)\n"}
{"Time":"2026-09-11T15:21:20.973532992-07:00","Action":"pass","Package":"github.com/JDinSeattle/forge-runtime/internal/runnerclient","Test":"TestP06NetworkOracleRejectsUsableExternalConnectivity/ipv4_gateway","Elapsed":0}
{"Time":"2026-09-11T15:21:20.973535402-07:00","Action":"run","Package":"github.com/JDinSeattle/forge-runtime/internal/runnerclient","Test":"TestP06NetworkOracleRejectsUsableExternalConnectivity/ipv6_nonloopback_destination"}
{"Time":"2026-09-11T15:21:20.973537689-07:00","Action":"output","Package":"github.com/JDinSeattle/forge-runtime/internal/runnerclient","Test":"TestP06NetworkOracleRejectsUsableExternalConnectivity/ipv6_nonloopback_destination","Output":"=== RUN   TestP06NetworkOracleRejectsUsableExternalConnectivity/ipv6_nonloopback_destination\n"}
{"Time":"2026-09-11T15:21:20.97354362-07:00","Action":"output","Package":"github.com/JDinSeattle/forge-runtime/internal/runnerclient","Test":"TestP06NetworkOracleRejectsUsableExternalConnectivity/ipv6_nonloopback_destination","Output":"--- PASS: TestP06NetworkOracleRejectsUsableExternalConnectivity/ipv6_nonloopback_destination (0.00s)\n"}
{"Time":"2026-09-11T15:21:20.97354639-07:00","Action":"pass","Package":"github.com/JDinSeattle/forge-runtime/internal/runnerclient","Test":"TestP06NetworkOracleRejectsUsableExternalConnectivity/ipv6_nonloopback_destination","Elapsed":0}
{"Time":"2026-09-11T15:21:20.973548602-07:00","Action":"run","Package":"github.com/JDinSeattle/forge-runtime/internal/runnerclient","Test":"TestP06NetworkOracleRejectsUsableExternalConnectivity/no_loopback"}
{"Time":"2026-09-11T15:21:20.97355089-07:00","Action":"output","Package":"github.com/JDinSeattle/forge-runtime/internal/runnerclient","Test":"TestP06NetworkOracleRejectsUsableExternalConnectivity/no_loopback","Output":"=== RUN   TestP06NetworkOracleRejectsUsableExternalConnectivity/no_loopback\n"}
{"Time":"2026-09-11T15:21:20.973553055-07:00","Action":"output","Package":"github.com/JDinSeattle/forge-runtime/internal/runnerclient","Test":"TestP06NetworkOracleRejectsUsableExternalConnectivity/no_loopback","Output":"--- PASS: TestP06NetworkOracleRejectsUsableExternalConnectivity/no_loopback (0.00s)\n"}
{"Time":"2026-09-11T15:21:20.973555582-07:00","Action":"pass","Package":"github.com/JDinSeattle/forge-runtime/internal/runnerclient","Test":"TestP06NetworkOracleRejectsUsableExternalConnectivity/no_loopback","Elapsed":0}
{"Time":"2026-09-11T15:21:20.97355757-07:00","Action":"run","Package":"github.com/JDinSeattle/forge-runtime/internal/runnerclient","Test":"TestP06NetworkOracleRejectsUsableExternalConnectivity/external_interface_up"}
{"Time":"2026-09-11T15:21:20.973561619-07:00","Action":"output","Package":"github.com/JDinSeattle/forge-runtime/internal/runnerclient","Test":"TestP06NetworkOracleRejectsUsableExternalConnectivity/external_interface_up","Output":"=== RUN   TestP06NetworkOracleRejectsUsableExternalConnectivity/external_interface_up\n"}
{"Time":"2026-09-11T15:21:20.973564427-07:00","Action":"output","Package":"github.com/JDinSeattle/forge-runtime/internal/runnerclient","Test":"TestP06NetworkOracleRejectsUsableExternalConnectivity/external_interface_up","Output":"--- PASS: TestP06NetworkOracleRejectsUsableExternalConnectivity/external_interface_up (0.00s)\n"}
{"Time":"2026-09-11T15:21:20.973567133-07:00","Action":"pass","Package":"github.com/JDinSeattle/forge-runtime/internal/runnerclient","Test":"TestP06NetworkOracleRejectsUsableExternalConnectivity/external_interface_up","Elapsed":0}
{"Time":"2026-09-11T15:21:20.973570511-07:00","Action":"run","Package":"github.com/JDinSeattle/forge-runtime/internal/runnerclient","Test":"TestP06NetworkOracleRejectsUsableExternalConnectivity/external_operstate_up"}
{"Time":"2026-09-11T15:21:20.973508052-07:00","Action":"pass","Package":"github.com/JDinSeattle/forge-runtime/internal/sandbox","Test":"TestDockerTmpfsExecutionIsExplicitAndKeepsFixedBounds/false","Elapsed":0.01}
{"Time":"2026-09-11T15:21:20.973572755-07:00","Action":"output","Package":"github.com/JDinSeattle/forge-runtime/internal/runnerclient","Test":"TestP06NetworkOracleRejectsUsableExternalConnectivity/external_operstate_up","Output":"=== RUN   TestP06NetworkOracleRejectsUsableExternalConnectivity/external_operstate_up\n"}
{"Time":"2026-09-11T15:21:20.973577596-07:00","Action":"run","Package":"github.com/JDinSeattle/forge-runtime/internal/sandbox","Test":"TestDockerTmpfsExecutionIsExplicitAndKeepsFixedBounds/true"}
{"Time":"2026-09-11T15:21:20.973580401-07:00","Action":"output","Package":"github.com/JDinSeattle/forge-runtime/internal/runnerclient","Test":"TestP06NetworkOracleRejectsUsableExternalConnectivity/external_operstate_up","Output":"--- PASS: TestP06NetworkOracleRejectsUsableExternalConnectivity/external_operstate_up (0.00s)\n"}
{"Time":"2026-09-11T15:21:20.973581474-07:00","Action":"output","Package":"github.com/JDinSeattle/forge-runtime/internal/sandbox","Test":"TestDockerTmpfsExecutionIsExplicitAndKeepsFixedBounds/true","Output":"=== RUN   TestDockerTmpfsExecutionIsExplicitAndKeepsFixedBounds/true\n"}
{"Time":"2026-09-11T15:21:20.973582868-07:00","Action":"pass","Package":"github.com/JDinSeattle/forge-runtime/internal/runnerclient","Test":"TestP06NetworkOracleRejectsUsableExternalConnectivity/external_operstate_up","Elapsed":0}
{"Time":"2026-09-11T15:21:20.973585403-07:00","Action":"run","Package":"github.com/JDinSeattle/forge-runtime/internal/runnerclient","Test":"TestP06NetworkOracleRejectsUsableExternalConnectivity/external_ipv4_address"}
{"Time":"2026-09-11T15:21:20.973587276-07:00","Action":"output","Package":"github.com/JDinSeattle/forge-runtime/internal/runnerclient","Test":"TestP06NetworkOracleRejectsUsableExternalConnectivity/external_ipv4_address","Output":"=== RUN   TestP06NetworkOracleRejectsUsableExternalConnectivity/external_ipv4_address\n"}
{"Time":"2026-09-11T15:21:20.97350542-07:00","Action":"output","Package":"github.com/JDinSeattle/forge-runtime/internal/runtime","Test":"TestMalformedSnapshotsFailClosedBeforeCommands/approval_without_effect","Output":"=== RUN   TestMalformedSnapshotsFailClosedBeforeCommands/approval_without_effect\n"}
{"Time":"2026-09-11T15:21:20.973592484-07:00","Action":"output","Package":"github.com/JDinSeattle/forge-runtime/internal/runtime","Test":"TestMalformedSnapshotsFailClosedBeforeCommands/approval_without_effect","Output":"--- PASS: TestMalformedSnapshotsFailClosedBeforeCommands/approval_without_effect (0.00s)\n"}
{"Time":"2026-09-11T15:21:20.973595643-07:00","Action":"pass","Package":"github.com/JDinSeattle/forge-runtime/internal/runtime","Test":"TestMalformedSnapshotsFailClosedBeforeCommands/approval_without_effect","Elapsed":0}
{"Time":"2026-09-11T15:21:20.973598487-07:00","Action":"run","Package":"github.com/JDinSeattle/forge-runtime/internal/runtime","Test":"TestMalformedSnapshotsFailClosedBeforeCommands/unknown_snapshot_schema"}
{"Time":"2026-09-11T15:21:20.973600919-07:00","Action":"output","Package":"github.com/JDinSeattle/forge-runtime/internal/runtime","Test":"TestMalformedSnapshotsFailClosedBeforeCommands/unknown_snapshot_schema","Output":"=== RUN   TestMalformedSnapshotsFailClosedBeforeCommands/unknown_snapshot_schema\n"}
{"Time":"2026-09-11T15:21:20.973604069-07:00","Action":"output","Package":"github.com/JDinSeattle/forge-runtime/internal/runtime","Test":"TestMalformedSnapshotsFailClosedBeforeCommands/unknown_snapshot_schema","Output":"--- PASS: TestMalformedSnapshotsFailClosedBeforeCommands/unknown_snapshot_schema (0.00s)\n"}
{"Time":"2026-09-11T15:21:20.973610058-07:00","Action":"pass","Package":"github.com/JDinSeattle/forge-runtime/internal/runtime","Test":"TestMalformedSnapshotsFailClosedBeforeCommands/unknown_snapshot_schema","Elapsed":0}
{"Time":"2026-09-11T15:21:20.973613608-07:00","Action":"output","Package":"github.com/JDinSeattle/forge-runtime/internal/runtime","Test":"TestMalformedSnapshotsFailClosedBeforeCommands","Output":"--- PASS: TestMalformedSnapshotsFailClosedBeforeCommands (0.00s)\n"}
{"Time":"2026-09-11T15:21:20.973616572-07:00","Action":"pass","Package":"github.com/JDinSeattle/forge-runtime/internal/runtime","Test":"TestMalformedSnapshotsFailClosedBeforeCommands","Elapsed":0}
{"Time":"2026-09-11T15:21:20.973619664-07:00","Action":"run","Package":"github.com/JDinSeattle/forge-runtime/internal/runtime","Test":"FuzzTerminalIsMonotonic"}
{"Time":"2026-09-11T15:21:20.973622363-07:00","Action":"output","Package":"github.com/JDinSeattle/forge-runtime/internal/runtime","Test":"FuzzTerminalIsMonotonic","Output":"=== RUN   FuzzTerminalIsMonotonic\n"}
{"Time":"2026-09-11T15:21:20.973624862-07:00","Action":"run","Package":"github.com/JDinSeattle/forge-runtime/internal/runtime","Test":"FuzzTerminalIsMonotonic/seed#0"}
{"Time":"2026-09-11T15:21:20.973627659-07:00","Action":"output","Package":"github.com/JDinSeattle/forge-runtime/internal/runtime","Test":"FuzzTerminalIsMonotonic/seed#0","Output":"=== RUN   FuzzTerminalIsMonotonic/seed#0\n"}
{"Time":"2026-09-11T15:21:20.973631744-07:00","Action":"output","Package":"github.com/JDinSeattle/forge-runtime/internal/runtime","Test":"FuzzTerminalIsMonotonic/seed#0","Output":"--- PASS: FuzzTerminalIsMonotonic/seed#0 (0.00s)\n"}
{"Time":"2026-09-11T15:21:20.973634553-07:00","Action":"pass","Package":"github.com/JDinSeattle/forge-runtime/internal/runtime","Test":"FuzzTerminalIsMonotonic/seed#0","Elapsed":0}
{"Time":"2026-09-11T15:21:20.973637177-07:00","Action":"run","Package":"github.com/JDinSeattle/forge-runtime/internal/runtime","Test":"FuzzTerminalIsMonotonic/seed#1"}
{"Time":"2026-09-11T15:21:20.973639396-07:00","Action":"output","Package":"github.com/JDinSeattle/forge-runtime/internal/runtime","Test":"FuzzTerminalIsMonotonic/seed#1","Output":"=== RUN   FuzzTerminalIsMonotonic/seed#1\n"}
{"Time":"2026-09-11T15:21:20.97364215-07:00","Action":"output","Package":"github.com/JDinSeattle/forge-runtime/internal/runtime","Test":"FuzzTerminalIsMonotonic/seed#1","Output":"--- PASS: FuzzTerminalIsMonotonic/seed#1 (0.00s)\n"}
{"Time":"2026-09-11T15:21:20.97364476-07:00","Action":"pass","Package":"github.com/JDinSeattle/forge-runtime/internal/runtime","Test":"FuzzTerminalIsMonotonic/seed#1","Elapsed":0}
{"Time":"2026-09-11T15:21:20.973647551-07:00","Action":"output","Package":"github.com/JDinSeattle/forge-runtime/internal/runtime","Test":"FuzzTerminalIsMonotonic","Output":"--- PASS: FuzzTerminalIsMonotonic (0.00s)\n"}
{"Time":"2026-09-11T15:21:20.973650214-07:00","Action":"pass","Package":"github.com/JDinSeattle/forge-runtime/internal/runtime","Test":"FuzzTerminalIsMonotonic","Elapsed":0}
{"Time":"2026-09-11T15:21:20.973652722-07:00","Action":"run","Package":"github.com/JDinSeattle/forge-runtime/internal/runtime","Test":"FuzzMalformedSnapshotCannotPanic"}
{"Time":"2026-09-11T15:21:20.97365496-07:00","Action":"output","Package":"github.com/JDinSeattle/forge-runtime/internal/runtime","Test":"FuzzMalformedSnapshotCannotPanic","Output":"=== RUN   FuzzMalformedSnapshotCannotPanic\n"}
{"Time":"2026-09-11T15:21:20.973657494-07:00","Action":"run","Package":"github.com/JDinSeattle/forge-runtime/internal/runtime","Test":"FuzzMalformedSnapshotCannotPanic/seed#0"}
{"Time":"2026-09-11T15:21:20.973659913-07:00","Action":"output","Package":"github.com/JDinSeattle/forge-runtime/internal/runtime","Test":"FuzzMalformedSnapshotCannotPanic/seed#0","Output":"=== RUN   FuzzMalformedSnapshotCannotPanic/seed#0\n"}
{"Time":"2026-09-11T15:21:20.97372027-07:00","Action":"output","Package":"github.com/JDinSeattle/forge-runtime/internal/runnerclient","Test":"TestP06NetworkOracleRejectsUsableExternalConnectivity/external_ipv4_address","Output":"--- PASS: TestP06NetworkOracleRejectsUsableExternalConnectivity/external_ipv4_address (0.00s)\n"}
{"Time":"2026-09-11T15:21:20.973752435-07:00","Action":"output","Package":"github.com/JDinSeattle/forge-runtime/internal/runtime","Test":"FuzzMalformedSnapshotCannotPanic/seed#0","Output":"--- PASS: FuzzMalformedSnapshotCannotPanic/seed#0 (0.00s)\n"}
{"Time":"2026-09-11T15:21:20.973772487-07:00","Action":"pass","Package":"github.com/JDinSeattle/forge-runtime/internal/runtime","Test":"FuzzMalformedSnapshotCannotPanic/seed#0","Elapsed":0}
{"Time":"2026-09-11T15:21:20.973811216-07:00","Action":"run","Package":"github.com/JDinSeattle/forge-runtime/internal/runtime","Test":"FuzzMalformedSnapshotCannotPanic/seed#1"}
{"Time":"2026-09-11T15:21:20.973818603-07:00","Action":"output","Package":"github.com/JDinSeattle/forge-runtime/internal/runtime","Test":"FuzzMalformedSnapshotCannotPanic/seed#1","Output":"=== RUN   FuzzMalformedSnapshotCannotPanic/seed#1\n"}
{"Time":"2026-09-11T15:21:20.973851611-07:00","Action":"pass","Package":"github.com/JDinSeattle/forge-runtime/internal/runnerclient","Test":"TestP06NetworkOracleRejectsUsableExternalConnectivity/external_ipv4_address","Elapsed":0}
{"Time":"2026-09-11T15:21:20.973897152-07:00","Action":"run","Package":"github.com/JDinSeattle/forge-runtime/internal/runnerclient","Test":"TestP06NetworkOracleRejectsUsableExternalConnectivity/nonloopback_alias"}
{"Time":"2026-09-11T15:21:20.973902647-07:00","Action":"output","Package":"github.com/JDinSeattle/forge-runtime/internal/runnerclient","Test":"TestP06NetworkOracleRejectsUsableExternalConnectivity/nonloopback_alias","Output":"=== RUN   TestP06NetworkOracleRejectsUsableExternalConnectivity/nonloopback_alias\n"}
{"Time":"2026-09-11T15:21:20.973986394-07:00","Action":"output","Package":"github.com/JDinSeattle/forge-runtime/internal/runtime","Test":"FuzzMalformedSnapshotCannotPanic/seed#1","Output":"--- PASS: FuzzMalformedSnapshotCannotPanic/seed#1 (0.00s)\n"}
{"Time":"2026-09-11T15:21:20.974020863-07:00","Action":"pass","Package":"github.com/JDinSeattle/forge-runtime/internal/runtime","Test":"FuzzMalformedSnapshotCannotPanic/seed#1","Elapsed":0}
{"Time":"2026-09-11T15:21:20.974065965-07:00","Action":"run","Package":"github.com/JDinSeattle/forge-runtime/internal/runtime","Test":"FuzzMalformedSnapshotCannotPanic/seed#2"}
{"Time":"2026-09-11T15:21:20.974089993-07:00","Action":"output","Package":"github.com/JDinSeattle/forge-runtime/internal/runtime","Test":"FuzzMalformedSnapshotCannotPanic/seed#2","Output":"=== RUN   FuzzMalformedSnapshotCannotPanic/seed#2\n"}
{"Time":"2026-09-11T15:21:20.974108535-07:00","Action":"output","Package":"github.com/JDinSeattle/forge-runtime/internal/runnerclient","Test":"TestP06NetworkOracleRejectsUsableExternalConnectivity/nonloopback_alias","Output":"--- PASS: TestP06NetworkOracleRejectsUsableExternalConnectivity/nonloopback_alias (0.00s)\n"}
{"Time":"2026-09-11T15:21:20.974124147-07:00","Action":"pass","Package":"github.com/JDinSeattle/forge-runtime/internal/runnerclient","Test":"TestP06NetworkOracleRejectsUsableExternalConnectivity/nonloopback_alias","Elapsed":0}
{"Time":"2026-09-11T15:21:20.974154598-07:00","Action":"run","Package":"github.com/JDinSeattle/forge-runtime/internal/runnerclient","Test":"TestP06NetworkOracleRejectsUsableExternalConnectivity/ipv6_external_route"}
{"Time":"2026-09-11T15:21:20.974165948-07:00","Action":"output","Package":"github.com/JDinSeattle/forge-runtime/internal/runnerclient","Test":"TestP06NetworkOracleRejectsUsableExternalConnectivity/ipv6_external_route","Output":"=== RUN   TestP06NetworkOracleRejectsUsableExternalConnectivity/ipv6_external_route\n"}
{"Time":"2026-09-11T15:21:20.974336435-07:00","Action":"output","Package":"github.com/JDinSeattle/forge-runtime/internal/runtime","Test":"FuzzMalformedSnapshotCannotPanic/seed#2","Output":"--- PASS: FuzzMalformedSnapshotCannotPanic/seed#2 (0.00s)\n"}
{"Time":"2026-09-11T15:21:20.974395224-07:00","Action":"pass","Package":"github.com/JDinSeattle/forge-runtime/internal/runtime","Test":"FuzzMalformedSnapshotCannotPanic/seed#2","Elapsed":0}
{"Time":"2026-09-11T15:21:20.974409445-07:00","Action":"output","Package":"github.com/JDinSeattle/forge-runtime/internal/runnerclient","Test":"TestP06NetworkOracleRejectsUsableExternalConnectivity/ipv6_external_route","Output":"--- PASS: TestP06NetworkOracleRejectsUsableExternalConnectivity/ipv6_external_route (0.00s)\n"}
{"Time":"2026-09-11T15:21:20.974416993-07:00","Action":"pass","Package":"github.com/JDinSeattle/forge-runtime/internal/runnerclient","Test":"TestP06NetworkOracleRejectsUsableExternalConnectivity/ipv6_external_route","Elapsed":0}
{"Time":"2026-09-11T15:21:20.974447988-07:00","Action":"output","Package":"github.com/JDinSeattle/forge-runtime/internal/runnerclient","Test":"TestP06NetworkOracleRejectsUsableExternalConnectivity","Output":"--- PASS: TestP06NetworkOracleRejectsUsableExternalConnectivity (0.00s)\n"}
{"Time":"2026-09-11T15:21:20.974490746-07:00","Action":"pass","Package":"github.com/JDinSeattle/forge-runtime/internal/runnerclient","Test":"TestP06NetworkOracleRejectsUsableExternalConnectivity","Elapsed":0}
{"Time":"2026-09-11T15:21:20.974505397-07:00","Action":"output","Package":"github.com/JDinSeattle/forge-runtime/internal/runtime","Test":"FuzzMalformedSnapshotCannotPanic","Output":"--- PASS: FuzzMalformedSnapshotCannotPanic (0.00s)\n"}
{"Time":"2026-09-11T15:21:20.974510127-07:00","Action":"pass","Package":"github.com/JDinSeattle/forge-runtime/internal/runtime","Test":"FuzzMalformedSnapshotCannotPanic","Elapsed":0}
{"Time":"2026-09-11T15:21:20.974515626-07:00","Action":"output","Package":"github.com/JDinSeattle/forge-runtime/internal/runtime","Output":"PASS\n"}
{"Time":"2026-09-11T15:21:20.974526076-07:00","Action":"output","Package":"github.com/JDinSeattle/forge-runtime/internal/httpapi","Test":"TestReadinessClassifiesActualDatabaseTransportLoss","Output":"--- PASS: TestReadinessClassifiesActualDatabaseTransportLoss (0.00s)\n"}
{"Time":"2026-09-11T15:21:20.974530826-07:00","Action":"pass","Package":"github.com/JDinSeattle/forge-runtime/internal/httpapi","Test":"TestReadinessClassifiesActualDatabaseTransportLoss","Elapsed":0}
{"Time":"2026-09-11T15:21:20.974536594-07:00","Action":"run","Package":"github.com/JDinSeattle/forge-runtime/internal/httpapi","Test":"TestSSESurvivesIndependentDatabaseDeadline"}
{"Time":"2026-09-11T15:21:20.974539303-07:00","Action":"output","Package":"github.com/JDinSeattle/forge-runtime/internal/httpapi","Test":"TestSSESurvivesIndependentDatabaseDeadline","Output":"=== RUN   TestSSESurvivesIndependentDatabaseDeadline\n"}
{"Time":"2026-09-11T15:21:20.974545983-07:00","Action":"output","Package":"github.com/JDinSeattle/forge-runtime/internal/telemetry","Test":"TestHTTPMiddlewarePlainResponseWriterDoesNotInventFlushing","Output":"--- PASS: TestHTTPMiddlewarePlainResponseWriterDoesNotInventFlushing (0.00s)\n"}
{"Time":"2026-09-11T15:21:20.974567886-07:00","Action":"pass","Package":"github.com/JDinSeattle/forge-runtime/internal/telemetry","Test":"TestHTTPMiddlewarePlainResponseWriterDoesNotInventFlushing","Elapsed":0}
{"Time":"2026-09-11T15:21:20.974588218-07:00","Action":"run","Package":"github.com/JDinSeattle/forge-runtime/internal/runnerclient","Test":"TestP06WorkspaceProofRejectsWrongOriginalBinding"}
{"Time":"2026-09-11T15:21:20.974591293-07:00","Action":"output","Package":"github.com/JDinSeattle/forge-runtime/internal/runnerclient","Test":"TestP06WorkspaceProofRejectsWrongOriginalBinding","Output":"=== RUN   TestP06WorkspaceProofRejectsWrongOriginalBinding\n"}
{"Time":"2026-09-11T15:21:20.974622383-07:00","Action":"run","Package":"github.com/JDinSeattle/forge-runtime/internal/telemetry","Test":"TestHTTPMiddlewareKeepsExistingWriterCapabilities"}
{"Time":"2026-09-11T15:21:20.974628508-07:00","Action":"output","Package":"github.com/JDinSeattle/forge-runtime/internal/telemetry","Test":"TestHTTPMiddlewareKeepsExistingWriterCapabilities","Output":"=== RUN   TestHTTPMiddlewareKeepsExistingWriterCapabilities\n"}
{"Time":"2026-09-11T15:21:20.974633412-07:00","Action":"output","Package":"github.com/JDinSeattle/forge-runtime/internal/runnerclient","Test":"TestP06WorkspaceProofRejectsWrongOriginalBinding","Output":"--- PASS: TestP06WorkspaceProofRejectsWrongOriginalBinding (0.00s)\n"}
{"Time":"2026-09-11T15:21:20.974640787-07:00","Action":"pass","Package":"github.com/JDinSeattle/forge-runtime/internal/runnerclient","Test":"TestP06WorkspaceProofRejectsWrongOriginalBinding","Elapsed":0}
{"Time":"2026-09-11T15:21:20.974843896-07:00","Action":"run","Package":"github.com/JDinSeattle/forge-runtime/internal/telemetry","Test":"TestHTTPMiddlewareKeepsExistingWriterCapabilities/1"}
{"Time":"2026-09-11T15:21:20.974851908-07:00","Action":"output","Package":"github.com/JDinSeattle/forge-runtime/internal/telemetry","Test":"TestHTTPMiddlewareKeepsExistingWriterCapabilities/1","Output":"=== RUN   TestHTTPMiddlewareKeepsExistingWriterCapabilities/1\n"}
{"Time":"2026-09-11T15:21:20.974857931-07:00","Action":"run","Package":"github.com/JDinSeattle/forge-runtime/internal/runnerclient","Test":"TestRealRunnerCrashMatrix"}
{"Time":"2026-09-11T15:21:20.974860781-07:00","Action":"output","Package":"github.com/JDinSeattle/forge-runtime/internal/runnerclient","Test":"TestRealRunnerCrashMatrix","Output":"=== RUN   TestRealRunnerCrashMatrix\n"}
{"Time":"2026-09-11T15:21:20.974863032-07:00","Action":"output","Package":"github.com/JDinSeattle/forge-runtime/internal/runnerclient","Test":"TestRealRunnerCrashMatrix","Output":"    fault_integration_test.go:94: requires quiesced real runner config, binary and evidence directory; see scripts/faults/README.md\n"}
{"Time":"2026-09-11T15:21:20.974866272-07:00","Action":"output","Package":"github.com/JDinSeattle/forge-runtime/internal/runnerclient","Test":"TestRealRunnerCrashMatrix","Output":"--- SKIP: TestRealRunnerCrashMatrix (0.00s)\n"}
{"Time":"2026-09-11T15:21:20.974868538-07:00","Action":"skip","Package":"github.com/JDinSeattle/forge-runtime/internal/runnerclient","Test":"TestRealRunnerCrashMatrix","Elapsed":0}
{"Time":"2026-09-11T15:21:20.974870942-07:00","Action":"run","Package":"github.com/JDinSeattle/forge-runtime/internal/runnerclient","Test":"TestUDSContractAndPermissions"}
{"Time":"2026-09-11T15:21:20.974872873-07:00","Action":"output","Package":"github.com/JDinSeattle/forge-runtime/internal/runnerclient","Test":"TestUDSContractAndPermissions","Output":"=== RUN   TestUDSContractAndPermissions\n"}
{"Time":"2026-09-11T15:21:20.976612495-07:00","Action":"output","Package":"github.com/JDinSeattle/forge-runtime/internal/telemetry","Test":"TestHTTPMiddlewareKeepsExistingWriterCapabilities/1","Output":"--- PASS: TestHTTPMiddlewareKeepsExistingWriterCapabilities/1 (0.00s)\n"}
{"Time":"2026-09-11T15:21:20.976662951-07:00","Action":"pass","Package":"github.com/JDinSeattle/forge-runtime/internal/telemetry","Test":"TestHTTPMiddlewareKeepsExistingWriterCapabilities/1","Elapsed":0}
{"Time":"2026-09-11T15:21:20.976671875-07:00","Action":"run","Package":"github.com/JDinSeattle/forge-runtime/internal/telemetry","Test":"TestHTTPMiddlewareKeepsExistingWriterCapabilities/2"}
{"Time":"2026-09-11T15:21:20.976676204-07:00","Action":"output","Package":"github.com/JDinSeattle/forge-runtime/internal/telemetry","Test":"TestHTTPMiddlewareKeepsExistingWriterCapabilities/2","Output":"=== RUN   TestHTTPMiddlewareKeepsExistingWriterCapabilities/2\n"}
{"Time":"2026-09-11T15:21:20.977973516-07:00","Action":"output","Package":"github.com/JDinSeattle/forge-runtime/internal/sandbox","Test":"TestDockerTmpfsExecutionIsExplicitAndKeepsFixedBounds/true","Output":"--- PASS: TestDockerTmpfsExecutionIsExplicitAndKeepsFixedBounds/true (0.00s)\n"}
{"Time":"2026-09-11T15:21:20.977999135-07:00","Action":"pass","Package":"github.com/JDinSeattle/forge-runtime/internal/sandbox","Test":"TestDockerTmpfsExecutionIsExplicitAndKeepsFixedBounds/true","Elapsed":0}
{"Time":"2026-09-11T15:21:20.9780196-07:00","Action":"output","Package":"github.com/JDinSeattle/forge-runtime/internal/sandbox","Test":"TestDockerTmpfsExecutionIsExplicitAndKeepsFixedBounds","Output":"--- PASS: TestDockerTmpfsExecutionIsExplicitAndKeepsFixedBounds (0.01s)\n"}
{"Time":"2026-09-11T15:21:20.978027228-07:00","Action":"pass","Package":"github.com/JDinSeattle/forge-runtime/internal/sandbox","Test":"TestDockerTmpfsExecutionIsExplicitAndKeepsFixedBounds","Elapsed":0.01}
{"Time":"2026-09-11T15:21:20.978046904-07:00","Action":"run","Package":"github.com/JDinSeattle/forge-runtime/internal/sandbox","Test":"TestCreatedDockerCancellationRequiresDurableNoDispatchProof"}
{"Time":"2026-09-11T15:21:20.978049246-07:00","Action":"output","Package":"github.com/JDinSeattle/forge-runtime/internal/sandbox","Test":"TestCreatedDockerCancellationRequiresDurableNoDispatchProof","Output":"=== RUN   TestCreatedDockerCancellationRequiresDurableNoDispatchProof\n"}
{"Time":"2026-09-11T15:21:20.978073913-07:00","Action":"run","Package":"github.com/JDinSeattle/forge-runtime/internal/sandbox","Test":"TestCreatedDockerCancellationRequiresDurableNoDispatchProof/false"}
{"Time":"2026-09-11T15:21:20.978076094-07:00","Action":"output","Package":"github.com/JDinSeattle/forge-runtime/internal/sandbox","Test":"TestCreatedDockerCancellationRequiresDurableNoDispatchProof/false","Output":"=== RUN   TestCreatedDockerCancellationRequiresDurableNoDispatchProof/false\n"}
{"Time":"2026-09-11T15:21:20.978962089-07:00","Action":"output","Package":"github.com/JDinSeattle/forge-runtime/internal/telemetry","Test":"TestHTTPMiddlewareKeepsExistingWriterCapabilities/2","Output":"--- PASS: TestHTTPMiddlewareKeepsExistingWriterCapabilities/2 (0.00s)\n"}
{"Time":"2026-09-11T15:21:20.978986216-07:00","Action":"pass","Package":"github.com/JDinSeattle/forge-runtime/internal/telemetry","Test":"TestHTTPMiddlewareKeepsExistingWriterCapabilities/2","Elapsed":0}
{"Time":"2026-09-11T15:21:20.978992992-07:00","Action":"output","Package":"github.com/JDinSeattle/forge-runtime/internal/telemetry","Test":"TestHTTPMiddlewareKeepsExistingWriterCapabilities","Output":"--- PASS: TestHTTPMiddlewareKeepsExistingWriterCapabilities (0.00s)\n"}
{"Time":"2026-09-11T15:21:20.979019661-07:00","Action":"pass","Package":"github.com/JDinSeattle/forge-runtime/internal/telemetry","Test":"TestHTTPMiddlewareKeepsExistingWriterCapabilities","Elapsed":0}
{"Time":"2026-09-11T15:21:20.979043068-07:00","Action":"run","Package":"github.com/JDinSeattle/forge-runtime/internal/telemetry","Test":"TestQueueTraceContinuityAndSSEWriter"}
{"Time":"2026-09-11T15:21:20.97904745-07:00","Action":"output","Package":"github.com/JDinSeattle/forge-runtime/internal/telemetry","Test":"TestQueueTraceContinuityAndSSEWriter","Output":"=== RUN   TestQueueTraceContinuityAndSSEWriter\n"}
{"Time":"2026-09-11T15:21:20.97984186-07:00","Action":"output","Package":"github.com/JDinSeattle/forge-runtime/internal/sandbox","Test":"TestCreatedDockerCancellationRequiresDurableNoDispatchProof/false","Output":"--- PASS: TestCreatedDockerCancellationRequiresDurableNoDispatchProof/false (0.00s)\n"}
{"Time":"2026-09-11T15:21:20.979865742-07:00","Action":"pass","Package":"github.com/JDinSeattle/forge-runtime/internal/sandbox","Test":"TestCreatedDockerCancellationRequiresDurableNoDispatchProof/false","Elapsed":0}
{"Time":"2026-09-11T15:21:20.97987171-07:00","Action":"run","Package":"github.com/JDinSeattle/forge-runtime/internal/sandbox","Test":"TestCreatedDockerCancellationRequiresDurableNoDispatchProof/true"}
{"Time":"2026-09-11T15:21:20.979875584-07:00","Action":"output","Package":"github.com/JDinSeattle/forge-runtime/internal/sandbox","Test":"TestCreatedDockerCancellationRequiresDurableNoDispatchProof/true","Output":"=== RUN   TestCreatedDockerCancellationRequiresDurableNoDispatchProof/true\n"}
{"Time":"2026-09-11T15:21:20.982178127-07:00","Action":"output","Package":"github.com/JDinSeattle/forge-runtime/internal/sandbox","Test":"TestCreatedDockerCancellationRequiresDurableNoDispatchProof/true","Output":"--- PASS: TestCreatedDockerCancellationRequiresDurableNoDispatchProof/true (0.00s)\n"}
{"Time":"2026-09-11T15:21:20.982215047-07:00","Action":"pass","Package":"github.com/JDinSeattle/forge-runtime/internal/sandbox","Test":"TestCreatedDockerCancellationRequiresDurableNoDispatchProof/true","Elapsed":0}
{"Time":"2026-09-11T15:21:20.982232845-07:00","Action":"output","Package":"github.com/JDinSeattle/forge-runtime/internal/sandbox","Test":"TestCreatedDockerCancellationRequiresDurableNoDispatchProof","Output":"--- PASS: TestCreatedDockerCancellationRequiresDurableNoDispatchProof (0.00s)\n"}
{"Time":"2026-09-11T15:21:20.982237533-07:00","Action":"pass","Package":"github.com/JDinSeattle/forge-runtime/internal/sandbox","Test":"TestCreatedDockerCancellationRequiresDurableNoDispatchProof","Elapsed":0}
{"Time":"2026-09-11T15:21:20.98224088-07:00","Action":"run","Package":"github.com/JDinSeattle/forge-runtime/internal/sandbox","Test":"TestOrdinaryDirectoryIsNotAQuota"}
{"Time":"2026-09-11T15:21:20.982244006-07:00","Action":"output","Package":"github.com/JDinSeattle/forge-runtime/internal/sandbox","Test":"TestOrdinaryDirectoryIsNotAQuota","Output":"=== RUN   TestOrdinaryDirectoryIsNotAQuota\n"}
{"Time":"2026-09-11T15:21:20.982189145-07:00","Action":"run","Package":"github.com/JDinSeattle/forge-runtime/internal/provider","Test":"TestOpenAIResponsesContractAndNativeContinuation"}
{"Time":"2026-09-11T15:21:20.982252134-07:00","Action":"output","Package":"github.com/JDinSeattle/forge-runtime/internal/provider","Test":"TestOpenAIResponsesContractAndNativeContinuation","Output":"=== RUN   TestOpenAIResponsesContractAndNativeContinuation\n"}
{"Time":"2026-09-11T15:21:20.982330827-07:00","Action":"output","Package":"github.com/JDinSeattle/forge-runtime/internal/sandbox","Test":"TestOrdinaryDirectoryIsNotAQuota","Output":"--- PASS: TestOrdinaryDirectoryIsNotAQuota (0.00s)\n"}
{"Time":"2026-09-11T15:21:20.982346001-07:00","Action":"pass","Package":"github.com/JDinSeattle/forge-runtime/internal/sandbox","Test":"TestOrdinaryDirectoryIsNotAQuota","Elapsed":0}
{"Time":"2026-09-11T15:21:20.982362619-07:00","Action":"output","Package":"github.com/JDinSeattle/forge-runtime/internal/sandbox","Output":"PASS\n"}
{"Time":"2026-09-11T15:21:20.983468234-07:00","Action":"run","Package":"github.com/JDinSeattle/forge-runtime/internal/configuration","Test":"TestLoadOperatorTextBatchPolicy"}
{"Time":"2026-09-11T15:21:20.98348173-07:00","Action":"output","Package":"github.com/JDinSeattle/forge-runtime/internal/configuration","Test":"TestLoadOperatorTextBatchPolicy","Output":"=== RUN   TestLoadOperatorTextBatchPolicy\n"}
{"Time":"2026-09-11T15:21:20.983509227-07:00","Action":"run","Package":"github.com/JDinSeattle/forge-runtime/internal/configuration","Test":"TestLoadOperatorTextBatchPolicy/omitted_defaults"}
{"Time":"2026-09-11T15:21:20.983512627-07:00","Action":"output","Package":"github.com/JDinSeattle/forge-runtime/internal/configuration","Test":"TestLoadOperatorTextBatchPolicy/omitted_defaults","Output":"=== RUN   TestLoadOperatorTextBatchPolicy/omitted_defaults\n"}
{"Time":"2026-09-11T15:21:20.984168015-07:00","Action":"run","Package":"github.com/JDinSeattle/forge-runtime/tests/review","Test":"TestReviewFixedRunnerClaimAndTakeoverRemainOnAssignedTransport"}
{"Time":"2026-09-11T15:21:20.984180864-07:00","Action":"output","Package":"github.com/JDinSeattle/forge-runtime/tests/review","Test":"TestReviewFixedRunnerClaimAndTakeoverRemainOnAssignedTransport","Output":"=== RUN   TestReviewFixedRunnerClaimAndTakeoverRemainOnAssignedTransport\n"}
{"Time":"2026-09-11T15:21:20.984946345-07:00","Action":"output","Package":"github.com/JDinSeattle/forge-runtime/internal/configuration","Test":"TestLoadOperatorTextBatchPolicy/omitted_defaults","Output":"--- PASS: TestLoadOperatorTextBatchPolicy/omitted_defaults (0.00s)\n"}
{"Time":"2026-09-11T15:21:20.985004273-07:00","Action":"pass","Package":"github.com/JDinSeattle/forge-runtime/internal/configuration","Test":"TestLoadOperatorTextBatchPolicy/omitted_defaults","Elapsed":0}
{"Time":"2026-09-11T15:21:20.985025159-07:00","Action":"run","Package":"github.com/JDinSeattle/forge-runtime/internal/configuration","Test":"TestLoadOperatorTextBatchPolicy/explicit"}
{"Time":"2026-09-11T15:21:20.985027552-07:00","Action":"output","Package":"github.com/JDinSeattle/forge-runtime/internal/configuration","Test":"TestLoadOperatorTextBatchPolicy/explicit","Output":"=== RUN   TestLoadOperatorTextBatchPolicy/explicit\n"}
{"Time":"2026-09-11T15:21:20.985551419-07:00","Action":"output","Package":"github.com/JDinSeattle/forge-runtime/internal/configuration","Test":"TestLoadOperatorTextBatchPolicy/explicit","Output":"--- PASS: TestLoadOperatorTextBatchPolicy/explicit (0.00s)\n"}
{"Time":"2026-09-11T15:21:20.985566129-07:00","Action":"pass","Package":"github.com/JDinSeattle/forge-runtime/internal/configuration","Test":"TestLoadOperatorTextBatchPolicy/explicit","Elapsed":0}
{"Time":"2026-09-11T15:21:20.985582086-07:00","Action":"run","Package":"github.com/JDinSeattle/forge-runtime/internal/configuration","Test":"TestLoadOperatorTextBatchPolicy/interval_rejected"}
{"Time":"2026-09-11T15:21:20.985589168-07:00","Action":"output","Package":"github.com/JDinSeattle/forge-runtime/internal/configuration","Test":"TestLoadOperatorTextBatchPolicy/interval_rejected","Output":"=== RUN   TestLoadOperatorTextBatchPolicy/interval_rejected\n"}
{"Time":"2026-09-11T15:21:20.985733704-07:00","Action":"output","Package":"github.com/JDinSeattle/forge-runtime/internal/telemetry","Test":"TestQueueTraceContinuityAndSSEWriter","Output":"--- PASS: TestQueueTraceContinuityAndSSEWriter (0.01s)\n"}
{"Time":"2026-09-11T15:21:20.985752836-07:00","Action":"pass","Package":"github.com/JDinSeattle/forge-runtime/internal/telemetry","Test":"TestQueueTraceContinuityAndSSEWriter","Elapsed":0.01}
{"Time":"2026-09-11T15:21:20.985781854-07:00","Action":"run","Package":"github.com/JDinSeattle/forge-runtime/internal/telemetry","Test":"TestUntrustedDimensionsCollapseAndEndIsConcurrentSafe"}
{"Time":"2026-09-11T15:21:20.985784448-07:00","Action":"output","Package":"github.com/JDinSeattle/forge-runtime/internal/telemetry","Test":"TestUntrustedDimensionsCollapseAndEndIsConcurrentSafe","Output":"=== RUN   TestUntrustedDimensionsCollapseAndEndIsConcurrentSafe\n"}
{"Time":"2026-09-11T15:21:20.985979377-07:00","Action":"run","Package":"github.com/JDinSeattle/forge-runtime/scripts/faults/application","Test":"TestApplicationFaultWorkerProcess"}
{"Time":"2026-09-11T15:21:20.985985883-07:00","Action":"output","Package":"github.com/JDinSeattle/forge-runtime/scripts/faults/application","Test":"TestApplicationFaultWorkerProcess","Output":"=== RUN   TestApplicationFaultWorkerProcess\n"}
{"Time":"2026-09-11T15:21:20.986068105-07:00","Action":"output","Package":"github.com/JDinSeattle/forge-runtime/scripts/faults/application","Test":"TestApplicationFaultWorkerProcess","Output":"    application_test.go:158: subprocess entry point only\n"}
{"Time":"2026-09-11T15:21:20.986095308-07:00","Action":"output","Package":"github.com/JDinSeattle/forge-runtime/scripts/faults/application","Test":"TestApplicationFaultWorkerProcess","Output":"--- SKIP: TestApplicationFaultWorkerProcess (0.00s)\n"}
{"Time":"2026-09-11T15:21:20.986124422-07:00","Action":"skip","Package":"github.com/JDinSeattle/forge-runtime/scripts/faults/application","Test":"TestApplicationFaultWorkerProcess","Elapsed":0}
{"Time":"2026-09-11T15:21:20.986126645-07:00","Action":"run","Package":"github.com/JDinSeattle/forge-runtime/scripts/faults/application","Test":"TestRealApplicationFaultMatrix"}
{"Time":"2026-09-11T15:21:20.98612871-07:00","Action":"output","Package":"github.com/JDinSeattle/forge-runtime/scripts/faults/application","Test":"TestRealApplicationFaultMatrix","Output":"=== RUN   TestRealApplicationFaultMatrix\n"}
{"Time":"2026-09-11T15:21:20.986133049-07:00","Action":"output","Package":"github.com/JDinSeattle/forge-runtime/internal/configuration","Test":"TestLoadOperatorTextBatchPolicy/interval_rejected","Output":"--- PASS: TestLoadOperatorTextBatchPolicy/interval_rejected (0.00s)\n"}
{"Time":"2026-09-11T15:21:20.986135365-07:00","Action":"pass","Package":"github.com/JDinSeattle/forge-runtime/internal/configuration","Test":"TestLoadOperatorTextBatchPolicy/interval_rejected","Elapsed":0}
{"Time":"2026-09-11T15:21:20.986142642-07:00","Action":"run","Package":"github.com/JDinSeattle/forge-runtime/internal/configuration","Test":"TestLoadOperatorTextBatchPolicy/byte_ceiling_rejected"}
{"Time":"2026-09-11T15:21:20.9861472-07:00","Action":"output","Package":"github.com/JDinSeattle/forge-runtime/internal/configuration","Test":"TestLoadOperatorTextBatchPolicy/byte_ceiling_rejected","Output":"=== RUN   TestLoadOperatorTextBatchPolicy/byte_ceiling_rejected\n"}
{"Time":"2026-09-11T15:21:20.986172587-07:00","Action":"output","Package":"github.com/JDinSeattle/forge-runtime/scripts/faults/application","Test":"TestRealApplicationFaultMatrix","Output":"    application_test.go:443: operator opt-in requires quiesced real runner/pool and isolated loopback PostgreSQL\n"}
{"Time":"2026-09-11T15:21:20.986197452-07:00","Action":"output","Package":"github.com/JDinSeattle/forge-runtime/scripts/faults/application","Test":"TestRealApplicationFaultMatrix","Output":"--- SKIP: TestRealApplicationFaultMatrix (0.00s)\n"}
{"Time":"2026-09-11T15:21:20.986228213-07:00","Action":"skip","Package":"github.com/JDinSeattle/forge-runtime/scripts/faults/application","Test":"TestRealApplicationFaultMatrix","Elapsed":0}
{"Time":"2026-09-11T15:21:20.987372314-07:00","Action":"run","Package":"github.com/JDinSeattle/forge-runtime/scripts/faults/application","Test":"TestApplicationFixturePreflight"}
{"Time":"2026-09-11T15:21:20.987374626-07:00","Action":"output","Package":"github.com/JDinSeattle/forge-runtime/internal/configuration","Test":"TestLoadOperatorTextBatchPolicy/byte_ceiling_rejected","Output":"--- PASS: TestLoadOperatorTextBatchPolicy/byte_ceiling_rejected (0.00s)\n"}
{"Time":"2026-09-11T15:21:20.987385602-07:00","Action":"output","Package":"github.com/JDinSeattle/forge-runtime/scripts/faults/application","Test":"TestApplicationFixturePreflight","Output":"=== RUN   TestApplicationFixturePreflight\n"}
{"Time":"2026-09-11T15:21:20.987399995-07:00","Action":"run","Package":"github.com/JDinSeattle/forge-runtime/scripts/faults/application","Test":"TestApplicationFixturePreflight/F05"}
{"Time":"2026-09-11T15:21:20.987398786-07:00","Action":"pass","Package":"github.com/JDinSeattle/forge-runtime/internal/configuration","Test":"TestLoadOperatorTextBatchPolicy/byte_ceiling_rejected","Elapsed":0}
{"Time":"2026-09-11T15:21:20.987402032-07:00","Action":"output","Package":"github.com/JDinSeattle/forge-runtime/scripts/faults/application","Test":"TestApplicationFixturePreflight/F05","Output":"=== RUN   TestApplicationFixturePreflight/F05\n"}
{"Time":"2026-09-11T15:21:20.987404456-07:00","Action":"output","Package":"github.com/JDinSeattle/forge-runtime/internal/configuration","Test":"TestLoadOperatorTextBatchPolicy","Output":"--- PASS: TestLoadOperatorTextBatchPolicy (0.00s)\n"}
{"Time":"2026-09-11T15:21:20.987410643-07:00","Action":"pass","Package":"github.com/JDinSeattle/forge-runtime/internal/configuration","Test":"TestLoadOperatorTextBatchPolicy","Elapsed":0}
{"Time":"2026-09-11T15:21:20.987412831-07:00","Action":"output","Package":"github.com/JDinSeattle/forge-runtime/internal/configuration","Output":"PASS\n"}
{"Time":"2026-09-11T15:21:20.989437821-07:00","Action":"run","Package":"github.com/JDinSeattle/forge-runtime/internal/localsetup","Test":"TestEnvironmentURLSurvivesShellSource"}
{"Time":"2026-09-11T15:21:20.989454368-07:00","Action":"output","Package":"github.com/JDinSeattle/forge-runtime/internal/localsetup","Test":"TestEnvironmentURLSurvivesShellSource","Output":"=== RUN   TestEnvironmentURLSurvivesShellSource\n"}
{"Time":"2026-09-11T15:21:20.989438532-07:00","Action":"run","Package":"github.com/JDinSeattle/forge-runtime/tests/client","Test":"TestSchemaMatchesActualGoWireModelsAndGeneratedTypes"}
{"Time":"2026-09-11T15:21:20.98947436-07:00","Action":"output","Package":"github.com/JDinSeattle/forge-runtime/tests/client","Test":"TestSchemaMatchesActualGoWireModelsAndGeneratedTypes","Output":"=== RUN   TestSchemaMatchesActualGoWireModelsAndGeneratedTypes\n"}
{"Time":"2026-09-11T15:21:20.98943306-07:00","Action":"output","Package":"github.com/JDinSeattle/forge-runtime/scripts/faults/application","Test":"TestApplicationFixturePreflight/F05","Output":"--- PASS: TestApplicationFixturePreflight/F05 (0.00s)\n"}
{"Time":"2026-09-11T15:21:20.989484775-07:00","Action":"pass","Package":"github.com/JDinSeattle/forge-runtime/scripts/faults/application","Test":"TestApplicationFixturePreflight/F05","Elapsed":0}
{"Time":"2026-09-11T15:21:20.989493753-07:00","Action":"run","Package":"github.com/JDinSeattle/forge-runtime/scripts/faults/application","Test":"TestApplicationFixturePreflight/F07"}
{"Time":"2026-09-11T15:21:20.989495672-07:00","Action":"output","Package":"github.com/JDinSeattle/forge-runtime/scripts/faults/application","Test":"TestApplicationFixturePreflight/F07","Output":"=== RUN   TestApplicationFixturePreflight/F07\n"}
{"Time":"2026-09-11T15:21:20.989498481-07:00","Action":"output","Package":"github.com/JDinSeattle/forge-runtime/scripts/faults/application","Test":"TestApplicationFixturePreflight/F07","Output":"--- PASS: TestApplicationFixturePreflight/F07 (0.00s)\n"}
{"Time":"2026-09-11T15:21:20.989500639-07:00","Action":"pass","Package":"github.com/JDinSeattle/forge-runtime/scripts/faults/application","Test":"TestApplicationFixturePreflight/F07","Elapsed":0}
{"Time":"2026-09-11T15:21:20.989503307-07:00","Action":"run","Package":"github.com/JDinSeattle/forge-runtime/scripts/faults/application","Test":"TestApplicationFixturePreflight/F08"}
{"Time":"2026-09-11T15:21:20.989505429-07:00","Action":"output","Package":"github.com/JDinSeattle/forge-runtime/scripts/faults/application","Test":"TestApplicationFixturePreflight/F08","Output":"=== RUN   TestApplicationFixturePreflight/F08\n"}
{"Time":"2026-09-11T15:21:20.989507908-07:00","Action":"output","Package":"github.com/JDinSeattle/forge-runtime/scripts/faults/application","Test":"TestApplicationFixturePreflight/F08","Output":"--- PASS: TestApplicationFixturePreflight/F08 (0.00s)\n"}
{"Time":"2026-09-11T15:21:20.989510019-07:00","Action":"pass","Package":"github.com/JDinSeattle/forge-runtime/scripts/faults/application","Test":"TestApplicationFixturePreflight/F08","Elapsed":0}
{"Time":"2026-09-11T15:21:20.989514455-07:00","Action":"output","Package":"github.com/JDinSeattle/forge-runtime/scripts/faults/application","Test":"TestApplicationFixturePreflight","Output":"--- PASS: TestApplicationFixturePreflight (0.00s)\n"}
{"Time":"2026-09-11T15:21:20.989516672-07:00","Action":"pass","Package":"github.com/JDinSeattle/forge-runtime/scripts/faults/application","Test":"TestApplicationFixturePreflight","Elapsed":0}
{"Time":"2026-09-11T15:21:20.989523742-07:00","Action":"run","Package":"github.com/JDinSeattle/forge-runtime/scripts/faults/application","Test":"TestApplicationContinuationWorkerProcess"}
{"Time":"2026-09-11T15:21:20.989530052-07:00","Action":"output","Package":"github.com/JDinSeattle/forge-runtime/scripts/faults/application","Test":"TestApplicationContinuationWorkerProcess","Output":"=== RUN   TestApplicationContinuationWorkerProcess\n"}
{"Time":"2026-09-11T15:21:20.989623064-07:00","Action":"output","Package":"github.com/JDinSeattle/forge-runtime/scripts/faults/application","Test":"TestApplicationContinuationWorkerProcess","Output":"    continuation_test.go:66: private subprocess entry point only\n"}
{"Time":"2026-09-11T15:21:20.989649342-07:00","Action":"output","Package":"github.com/JDinSeattle/forge-runtime/internal/telemetry","Test":"TestUntrustedDimensionsCollapseAndEndIsConcurrentSafe","Output":"--- PASS: TestUntrustedDimensionsCollapseAndEndIsConcurrentSafe (0.00s)\n"}
{"Time":"2026-09-11T15:21:20.989657648-07:00","Action":"pass","Package":"github.com/JDinSeattle/forge-runtime/internal/telemetry","Test":"TestUntrustedDimensionsCollapseAndEndIsConcurrentSafe","Elapsed":0}
{"Time":"2026-09-11T15:21:20.989666305-07:00","Action":"run","Package":"github.com/JDinSeattle/forge-runtime/internal/telemetry","Test":"TestUnmatchedPathsNeverBecomeLabels"}
{"Time":"2026-09-11T15:21:20.989670808-07:00","Action":"output","Package":"github.com/JDinSeattle/forge-runtime/internal/telemetry","Test":"TestUnmatchedPathsNeverBecomeLabels","Output":"=== RUN   TestUnmatchedPathsNeverBecomeLabels\n"}
{"Time":"2026-09-11T15:21:20.989717492-07:00","Action":"output","Package":"github.com/JDinSeattle/forge-runtime/scripts/faults/application","Test":"TestApplicationContinuationWorkerProcess","Output":"--- SKIP: TestApplicationContinuationWorkerProcess (0.00s)\n"}
{"Time":"2026-09-11T15:21:20.989936041-07:00","Action":"skip","Package":"github.com/JDinSeattle/forge-runtime/scripts/faults/application","Test":"TestApplicationContinuationWorkerProcess","Elapsed":0}
{"Time":"2026-09-11T15:21:20.989946588-07:00","Action":"run","Package":"github.com/JDinSeattle/forge-runtime/scripts/faults/application","Test":"TestRealApplicationContinuationMatrix"}
{"Time":"2026-09-11T15:21:20.989950493-07:00","Action":"output","Package":"github.com/JDinSeattle/forge-runtime/scripts/faults/application","Test":"TestRealApplicationContinuationMatrix","Output":"=== RUN   TestRealApplicationContinuationMatrix\n"}
{"Time":"2026-09-11T15:21:20.989955381-07:00","Action":"output","Package":"github.com/JDinSeattle/forge-runtime/scripts/faults/application","Test":"TestRealApplicationContinuationMatrix","Output":"    continuation_test.go:247: operator opt-in requires quiesced original runner/pool\n"}
{"Time":"2026-09-11T15:21:20.989960056-07:00","Action":"output","Package":"github.com/JDinSeattle/forge-runtime/scripts/faults/application","Test":"TestRealApplicationContinuationMatrix","Output":"--- SKIP: TestRealApplicationContinuationMatrix (0.00s)\n"}
{"Time":"2026-09-11T15:21:20.989964619-07:00","Action":"skip","Package":"github.com/JDinSeattle/forge-runtime/scripts/faults/application","Test":"TestRealApplicationContinuationMatrix","Elapsed":0}
{"Time":"2026-09-11T15:21:20.989968601-07:00","Action":"run","Package":"github.com/JDinSeattle/forge-runtime/scripts/faults/application","Test":"TestApplicationContinuationPreflight"}
{"Time":"2026-09-11T15:21:20.989972145-07:00","Action":"output","Package":"github.com/JDinSeattle/forge-runtime/scripts/faults/application","Test":"TestApplicationContinuationPreflight","Output":"=== RUN   TestApplicationContinuationPreflight\n"}
{"Time":"2026-09-11T15:21:20.991164856-07:00","Action":"output","Package":"github.com/JDinSeattle/forge-runtime/scripts/faults/application","Test":"TestApplicationContinuationPreflight","Output":"--- PASS: TestApplicationContinuationPreflight (0.00s)\n"}
{"Time":"2026-09-11T15:21:20.991284732-07:00","Action":"pass","Package":"github.com/JDinSeattle/forge-runtime/scripts/faults/application","Test":"TestApplicationContinuationPreflight","Elapsed":0}
{"Time":"2026-09-11T15:21:20.99135008-07:00","Action":"run","Package":"github.com/JDinSeattle/forge-runtime/scripts/faults/application","Test":"TestRecoverApplicationContinuation"}
{"Time":"2026-09-11T15:21:20.991357657-07:00","Action":"output","Package":"github.com/JDinSeattle/forge-runtime/scripts/faults/application","Test":"TestRecoverApplicationContinuation","Output":"=== RUN   TestRecoverApplicationContinuation\n"}
{"Time":"2026-09-11T15:21:20.991453017-07:00","Action":"output","Package":"github.com/JDinSeattle/forge-runtime/scripts/faults/application","Test":"TestRecoverApplicationContinuation","Output":"    continuation_test.go:596: explicit retained recovery-descriptor.json required\n"}
{"Time":"2026-09-11T15:21:20.991471071-07:00","Action":"output","Package":"github.com/JDinSeattle/forge-runtime/internal/localsetup","Test":"TestEnvironmentURLSurvivesShellSource","Output":"--- PASS: TestEnvironmentURLSurvivesShellSource (0.00s)\n"}
{"Time":"2026-09-11T15:21:20.991564999-07:00","Action":"output","Package":"github.com/JDinSeattle/forge-runtime/scripts/faults/application","Test":"TestRecoverApplicationContinuation","Output":"--- SKIP: TestRecoverApplicationContinuation (0.00s)\n"}
{"Time":"2026-09-11T15:21:20.991578408-07:00","Action":"pass","Package":"github.com/JDinSeattle/forge-runtime/internal/localsetup","Test":"TestEnvironmentURLSurvivesShellSource","Elapsed":0}
{"Time":"2026-09-11T15:21:20.991601957-07:00","Action":"run","Package":"github.com/JDinSeattle/forge-runtime/internal/localsetup","Test":"TestFixtureProfilesPreservePythonAndSeparateTrustedGoVerifier"}
{"Time":"2026-09-11T15:21:20.991605188-07:00","Action":"output","Package":"github.com/JDinSeattle/forge-runtime/internal/localsetup","Test":"TestFixtureProfilesPreservePythonAndSeparateTrustedGoVerifier","Output":"=== RUN   TestFixtureProfilesPreservePythonAndSeparateTrustedGoVerifier\n"}
{"Time":"2026-09-11T15:21:20.992855343-07:00","Action":"output","Package":"github.com/JDinSeattle/forge-runtime/internal/provider","Test":"TestOpenAIResponsesContractAndNativeContinuation","Output":"--- PASS: TestOpenAIResponsesContractAndNativeContinuation (0.01s)\n"}
{"Time":"2026-09-11T15:21:20.992884687-07:00","Action":"pass","Package":"github.com/JDinSeattle/forge-runtime/internal/provider","Test":"TestOpenAIResponsesContractAndNativeContinuation","Elapsed":0.01}
{"Time":"2026-09-11T15:21:20.99289192-07:00","Action":"run","Package":"github.com/JDinSeattle/forge-runtime/internal/provider","Test":"TestAnthropicMessagesContractAndNativeContinuation"}
{"Time":"2026-09-11T15:21:20.992895074-07:00","Action":"output","Package":"github.com/JDinSeattle/forge-runtime/internal/provider","Test":"TestAnthropicMessagesContractAndNativeContinuation","Output":"=== RUN   TestAnthropicMessagesContractAndNativeContinuation\n"}
{"Time":"2026-09-11T15:21:20.992904642-07:00","Action":"skip","Package":"github.com/JDinSeattle/forge-runtime/scripts/faults/application","Test":"TestRecoverApplicationContinuation","Elapsed":0}
{"Time":"2026-09-11T15:21:20.992908241-07:00","Action":"run","Package":"github.com/JDinSeattle/forge-runtime/scripts/faults/application","Test":"TestRecoverApplicationNetwork"}
{"Time":"2026-09-11T15:21:20.992915388-07:00","Action":"output","Package":"github.com/JDinSeattle/forge-runtime/scripts/faults/application","Test":"TestRecoverApplicationNetwork","Output":"=== RUN   TestRecoverApplicationNetwork\n"}
{"Time":"2026-09-11T15:21:20.9929188-07:00","Action":"output","Package":"github.com/JDinSeattle/forge-runtime/scripts/faults/application","Test":"TestRecoverApplicationNetwork","Output":"    network_recovery_test.go:24: explicit original network case recovery-descriptor.json required\n"}
{"Time":"2026-09-11T15:21:20.992922863-07:00","Action":"output","Package":"github.com/JDinSeattle/forge-runtime/scripts/faults/application","Test":"TestRecoverApplicationNetwork","Output":"--- SKIP: TestRecoverApplicationNetwork (0.00s)\n"}
{"Time":"2026-09-11T15:21:20.992926188-07:00","Action":"skip","Package":"github.com/JDinSeattle/forge-runtime/scripts/faults/application","Test":"TestRecoverApplicationNetwork","Elapsed":0}
{"Time":"2026-09-11T15:21:20.992928906-07:00","Action":"run","Package":"github.com/JDinSeattle/forge-runtime/scripts/faults/application","Test":"TestApplicationNetworkWorkerProcess"}
{"Time":"2026-09-11T15:21:20.992931253-07:00","Action":"output","Package":"github.com/JDinSeattle/forge-runtime/scripts/faults/application","Test":"TestApplicationNetworkWorkerProcess","Output":"=== RUN   TestApplicationNetworkWorkerProcess\n"}
{"Time":"2026-09-11T15:21:20.992934036-07:00","Action":"output","Package":"github.com/JDinSeattle/forge-runtime/scripts/faults/application","Test":"TestApplicationNetworkWorkerProcess","Output":"    network_test.go:88: private network-matrix worker only\n"}
{"Time":"2026-09-11T15:21:20.992937119-07:00","Action":"output","Package":"github.com/JDinSeattle/forge-runtime/scripts/faults/application","Test":"TestApplicationNetworkWorkerProcess","Output":"--- SKIP: TestApplicationNetworkWorkerProcess (0.00s)\n"}
{"Time":"2026-09-11T15:21:20.992939859-07:00","Action":"skip","Package":"github.com/JDinSeattle/forge-runtime/scripts/faults/application","Test":"TestApplicationNetworkWorkerProcess","Elapsed":0}
{"Time":"2026-09-11T15:21:20.992942535-07:00","Action":"run","Package":"github.com/JDinSeattle/forge-runtime/scripts/faults/application","Test":"TestApplicationNetworkAPIProcess"}
{"Time":"2026-09-11T15:21:20.99294485-07:00","Action":"output","Package":"github.com/JDinSeattle/forge-runtime/scripts/faults/application","Test":"TestApplicationNetworkAPIProcess","Output":"=== RUN   TestApplicationNetworkAPIProcess\n"}
{"Time":"2026-09-11T15:21:20.99294737-07:00","Action":"output","Package":"github.com/JDinSeattle/forge-runtime/scripts/faults/application","Test":"TestApplicationNetworkAPIProcess","Output":"    network_test.go:127: private real HTTP/SSE process only\n"}
{"Time":"2026-09-11T15:21:20.992957943-07:00","Action":"output","Package":"github.com/JDinSeattle/forge-runtime/scripts/faults/application","Test":"TestApplicationNetworkAPIProcess","Output":"--- SKIP: TestApplicationNetworkAPIProcess (0.00s)\n"}
{"Time":"2026-09-11T15:21:20.992961003-07:00","Action":"skip","Package":"github.com/JDinSeattle/forge-runtime/scripts/faults/application","Test":"TestApplicationNetworkAPIProcess","Elapsed":0}
{"Time":"2026-09-11T15:21:20.992963831-07:00","Action":"run","Package":"github.com/JDinSeattle/forge-runtime/scripts/faults/application","Test":"TestRealApplicationNetworkMatrix"}
{"Time":"2026-09-11T15:21:20.992966191-07:00","Action":"output","Package":"github.com/JDinSeattle/forge-runtime/scripts/faults/application","Test":"TestRealApplicationNetworkMatrix","Output":"=== RUN   TestRealApplicationNetworkMatrix\n"}
{"Time":"2026-09-11T15:21:20.992968751-07:00","Action":"output","Package":"github.com/JDinSeattle/forge-runtime/scripts/faults/application","Test":"TestRealApplicationNetworkMatrix","Output":"    network_test.go:402: operator opt-in requires quiesced original runner/pool\n"}
{"Time":"2026-09-11T15:21:20.992971789-07:00","Action":"output","Package":"github.com/JDinSeattle/forge-runtime/scripts/faults/application","Test":"TestRealApplicationNetworkMatrix","Output":"--- SKIP: TestRealApplicationNetworkMatrix (0.00s)\n"}
{"Time":"2026-09-11T15:21:20.992974384-07:00","Action":"skip","Package":"github.com/JDinSeattle/forge-runtime/scripts/faults/application","Test":"TestRealApplicationNetworkMatrix","Elapsed":0}
{"Time":"2026-09-11T15:21:20.992976933-07:00","Action":"run","Package":"github.com/JDinSeattle/forge-runtime/scripts/faults/application","Test":"TestApplicationNetworkPreflight"}
{"Time":"2026-09-11T15:21:20.992979231-07:00","Action":"output","Package":"github.com/JDinSeattle/forge-runtime/scripts/faults/application","Test":"TestApplicationNetworkPreflight","Output":"=== RUN   TestApplicationNetworkPreflight\n"}
{"Time":"2026-09-11T15:21:20.992982066-07:00","Action":"output","Package":"github.com/JDinSeattle/forge-runtime/scripts/faults/application","Test":"TestApplicationNetworkPreflight","Output":"--- PASS: TestApplicationNetworkPreflight (0.00s)\n"}
{"Time":"2026-09-11T15:21:20.992984666-07:00","Action":"pass","Package":"github.com/JDinSeattle/forge-runtime/scripts/faults/application","Test":"TestApplicationNetworkPreflight","Elapsed":0}
{"Time":"2026-09-11T15:21:20.992987236-07:00","Action":"run","Package":"github.com/JDinSeattle/forge-runtime/scripts/faults/application","Test":"TestApplicationNetworkAPIPrivilegePreflight"}
{"Time":"2026-09-11T15:21:20.99298956-07:00","Action":"output","Package":"github.com/JDinSeattle/forge-runtime/scripts/faults/application","Test":"TestApplicationNetworkAPIPrivilegePreflight","Output":"=== RUN   TestApplicationNetworkAPIPrivilegePreflight\n"}
{"Time":"2026-09-11T15:21:20.992994488-07:00","Action":"output","Package":"github.com/JDinSeattle/forge-runtime/scripts/faults/application","Test":"TestApplicationNetworkAPIPrivilegePreflight","Output":"    network_test.go:711: explicit private PG/API preflight required; no runner process used\n"}
{"Time":"2026-09-11T15:21:20.992998281-07:00","Action":"output","Package":"github.com/JDinSeattle/forge-runtime/scripts/faults/application","Test":"TestApplicationNetworkAPIPrivilegePreflight","Output":"--- SKIP: TestApplicationNetworkAPIPrivilegePreflight (0.00s)\n"}
{"Time":"2026-09-11T15:21:20.993001058-07:00","Action":"skip","Package":"github.com/JDinSeattle/forge-runtime/scripts/faults/application","Test":"TestApplicationNetworkAPIPrivilegePreflight","Elapsed":0}
{"Time":"2026-09-11T15:21:20.993003798-07:00","Action":"run","Package":"github.com/JDinSeattle/forge-runtime/scripts/faults/application","Test":"TestFixtureProxyCutsExistingAndNewConnections"}
{"Time":"2026-09-11T15:21:20.993006186-07:00","Action":"output","Package":"github.com/JDinSeattle/forge-runtime/scripts/faults/application","Test":"TestFixtureProxyCutsExistingAndNewConnections","Output":"=== RUN   TestFixtureProxyCutsExistingAndNewConnections\n"}
{"Time":"2026-09-11T15:21:20.993902345-07:00","Action":"output","Package":"github.com/JDinSeattle/forge-runtime/internal/localsetup","Test":"TestFixtureProfilesPreservePythonAndSeparateTrustedGoVerifier","Output":"--- PASS: TestFixtureProfilesPreservePythonAndSeparateTrustedGoVerifier (0.00s)\n"}
{"Time":"2026-09-11T15:21:20.995874657-07:00","Action":"output","Package":"github.com/JDinSeattle/forge-runtime/scripts/faults/application","Test":"TestFixtureProxyCutsExistingAndNewConnections","Output":"--- PASS: TestFixtureProxyCutsExistingAndNewConnections (0.00s)\n"}
{"Time":"2026-09-11T15:21:20.995899658-07:00","Action":"pass","Package":"github.com/JDinSeattle/forge-runtime/scripts/faults/application","Test":"TestFixtureProxyCutsExistingAndNewConnections","Elapsed":0}
{"Time":"2026-09-11T15:21:20.995906094-07:00","Action":"output","Package":"github.com/JDinSeattle/forge-runtime/scripts/faults/application","Output":"PASS\n"}
{"Time":"2026-09-11T15:21:20.995916037-07:00","Action":"pass","Package":"github.com/JDinSeattle/forge-runtime/internal/localsetup","Test":"TestFixtureProfilesPreservePythonAndSeparateTrustedGoVerifier","Elapsed":0}
{"Time":"2026-09-11T15:21:20.995919899-07:00","Action":"run","Package":"github.com/JDinSeattle/forge-runtime/internal/localsetup","Test":"TestGoDemoPatchBindsBaselineAndProducesExpectedSnapshot"}
{"Time":"2026-09-11T15:21:20.995923182-07:00","Action":"output","Package":"github.com/JDinSeattle/forge-runtime/internal/localsetup","Test":"TestGoDemoPatchBindsBaselineAndProducesExpectedSnapshot","Output":"=== RUN   TestGoDemoPatchBindsBaselineAndProducesExpectedSnapshot\n"}
{"Time":"2026-09-11T15:21:20.995926953-07:00","Action":"output","Package":"github.com/JDinSeattle/forge-runtime/internal/localsetup","Test":"TestGoDemoPatchBindsBaselineAndProducesExpectedSnapshot","Output":"--- PASS: TestGoDemoPatchBindsBaselineAndProducesExpectedSnapshot (0.00s)\n"}
{"Time":"2026-09-11T15:21:20.995929885-07:00","Action":"pass","Package":"github.com/JDinSeattle/forge-runtime/internal/localsetup","Test":"TestGoDemoPatchBindsBaselineAndProducesExpectedSnapshot","Elapsed":0}
{"Time":"2026-09-11T15:21:20.995933075-07:00","Action":"output","Package":"github.com/JDinSeattle/forge-runtime/internal/localsetup","Output":"PASS\n"}
{"Time":"2026-09-11T15:21:21.003234042-07:00","Action":"output","Package":"github.com/JDinSeattle/forge-runtime/internal/provider","Test":"TestAnthropicMessagesContractAndNativeContinuation","Output":"--- PASS: TestAnthropicMessagesContractAndNativeContinuation (0.01s)\n"}
{"Time":"2026-09-11T15:21:21.003357226-07:00","Action":"pass","Package":"github.com/JDinSeattle/forge-runtime/internal/provider","Test":"TestAnthropicMessagesContractAndNativeContinuation","Elapsed":0.01}
{"Time":"2026-09-11T15:21:21.003393852-07:00","Action":"run","Package":"github.com/JDinSeattle/forge-runtime/internal/provider","Test":"TestAdaptersAbortAfterToolCompletionWithoutTerminalEvent"}
{"Time":"2026-09-11T15:21:21.003416713-07:00","Action":"output","Package":"github.com/JDinSeattle/forge-runtime/internal/provider","Test":"TestAdaptersAbortAfterToolCompletionWithoutTerminalEvent","Output":"=== RUN   TestAdaptersAbortAfterToolCompletionWithoutTerminalEvent\n"}
{"Time":"2026-09-11T15:21:21.003438614-07:00","Action":"run","Package":"github.com/JDinSeattle/forge-runtime/internal/provider","Test":"TestAdaptersAbortAfterToolCompletionWithoutTerminalEvent/openai"}
{"Time":"2026-09-11T15:21:21.003464932-07:00","Action":"output","Package":"github.com/JDinSeattle/forge-runtime/internal/provider","Test":"TestAdaptersAbortAfterToolCompletionWithoutTerminalEvent/openai","Output":"=== RUN   TestAdaptersAbortAfterToolCompletionWithoutTerminalEvent/openai\n"}
{"Time":"2026-09-11T15:21:21.003500291-07:00","Action":"run","Package":"github.com/JDinSeattle/forge-runtime/tests/client","Test":"TestSchemaMatchesActualGoWireModelsAndGeneratedTypes/Budget"}
{"Time":"2026-09-11T15:21:21.003538207-07:00","Action":"output","Package":"github.com/JDinSeattle/forge-runtime/tests/client","Test":"TestSchemaMatchesActualGoWireModelsAndGeneratedTypes/Budget","Output":"=== RUN   TestSchemaMatchesActualGoWireModelsAndGeneratedTypes/Budget\n"}
{"Time":"2026-09-11T15:21:21.003871213-07:00","Action":"output","Package":"github.com/JDinSeattle/forge-runtime/tests/client","Test":"TestSchemaMatchesActualGoWireModelsAndGeneratedTypes/Budget","Output":"--- PASS: TestSchemaMatchesActualGoWireModelsAndGeneratedTypes/Budget (0.00s)\n"}
{"Time":"2026-09-11T15:21:21.003914082-07:00","Action":"pass","Package":"github.com/JDinSeattle/forge-runtime/tests/client","Test":"TestSchemaMatchesActualGoWireModelsAndGeneratedTypes/Budget","Elapsed":0}
{"Time":"2026-09-11T15:21:21.003995734-07:00","Action":"run","Package":"github.com/JDinSeattle/forge-runtime/tests/client","Test":"TestSchemaMatchesActualGoWireModelsAndGeneratedTypes/Project"}
{"Time":"2026-09-11T15:21:21.004003853-07:00","Action":"output","Package":"github.com/JDinSeattle/forge-runtime/tests/client","Test":"TestSchemaMatchesActualGoWireModelsAndGeneratedTypes/Project","Output":"=== RUN   TestSchemaMatchesActualGoWireModelsAndGeneratedTypes/Project\n"}
{"Time":"2026-09-11T15:21:21.004899865-07:00","Action":"output","Package":"github.com/JDinSeattle/forge-runtime/internal/eventstream","Test":"TestResetDetachesHubBeforeNotification/history-gap","Output":"--- PASS: TestResetDetachesHubBeforeNotification/history-gap (0.03s)\n"}
{"Time":"2026-09-11T15:21:21.004917809-07:00","Action":"pass","Package":"github.com/JDinSeattle/forge-runtime/internal/eventstream","Test":"TestResetDetachesHubBeforeNotification/history-gap","Elapsed":0.03}
{"Time":"2026-09-11T15:21:21.004957257-07:00","Action":"run","Package":"github.com/JDinSeattle/forge-runtime/internal/eventstream","Test":"TestResetDetachesHubBeforeNotification/source-reset"}
{"Time":"2026-09-11T15:21:21.004963463-07:00","Action":"output","Package":"github.com/JDinSeattle/forge-runtime/internal/eventstream","Test":"TestResetDetachesHubBeforeNotification/source-reset","Output":"=== RUN   TestResetDetachesHubBeforeNotification/source-reset\n"}
{"Time":"2026-09-11T15:21:21.005738029-07:00","Action":"output","Package":"github.com/JDinSeattle/forge-runtime/tests/client","Test":"TestSchemaMatchesActualGoWireModelsAndGeneratedTypes/Project","Output":"--- PASS: TestSchemaMatchesActualGoWireModelsAndGeneratedTypes/Project (0.00s)\n"}
{"Time":"2026-09-11T15:21:21.005755856-07:00","Action":"pass","Package":"github.com/JDinSeattle/forge-runtime/tests/client","Test":"TestSchemaMatchesActualGoWireModelsAndGeneratedTypes/Project","Elapsed":0}
{"Time":"2026-09-11T15:21:21.005761389-07:00","Action":"run","Package":"github.com/JDinSeattle/forge-runtime/tests/client","Test":"TestSchemaMatchesActualGoWireModelsAndGeneratedTypes/Artifact"}
{"Time":"2026-09-11T15:21:21.005764067-07:00","Action":"output","Package":"github.com/JDinSeattle/forge-runtime/tests/client","Test":"TestSchemaMatchesActualGoWireModelsAndGeneratedTypes/Artifact","Output":"=== RUN   TestSchemaMatchesActualGoWireModelsAndGeneratedTypes/Artifact\n"}
{"Time":"2026-09-11T15:21:21.007290034-07:00","Action":"output","Package":"github.com/JDinSeattle/forge-runtime/tests/client","Test":"TestSchemaMatchesActualGoWireModelsAndGeneratedTypes/Artifact","Output":"--- PASS: TestSchemaMatchesActualGoWireModelsAndGeneratedTypes/Artifact (0.00s)\n"}
{"Time":"2026-09-11T15:21:21.007314986-07:00","Action":"pass","Package":"github.com/JDinSeattle/forge-runtime/tests/client","Test":"TestSchemaMatchesActualGoWireModelsAndGeneratedTypes/Artifact","Elapsed":0}
{"Time":"2026-09-11T15:21:21.007320117-07:00","Action":"run","Package":"github.com/JDinSeattle/forge-runtime/tests/client","Test":"TestSchemaMatchesActualGoWireModelsAndGeneratedTypes/Event"}
{"Time":"2026-09-11T15:21:21.00732268-07:00","Action":"output","Package":"github.com/JDinSeattle/forge-runtime/tests/client","Test":"TestSchemaMatchesActualGoWireModelsAndGeneratedTypes/Event","Output":"=== RUN   TestSchemaMatchesActualGoWireModelsAndGeneratedTypes/Event\n"}
{"Time":"2026-09-11T15:21:21.007534575-07:00","Action":"output","Package":"github.com/JDinSeattle/forge-runtime/internal/provider","Test":"TestAdaptersAbortAfterToolCompletionWithoutTerminalEvent/openai","Output":"--- PASS: TestAdaptersAbortAfterToolCompletionWithoutTerminalEvent/openai (0.00s)\n"}
{"Time":"2026-09-11T15:21:21.007563354-07:00","Action":"pass","Package":"github.com/JDinSeattle/forge-runtime/internal/provider","Test":"TestAdaptersAbortAfterToolCompletionWithoutTerminalEvent/openai","Elapsed":0}
{"Time":"2026-09-11T15:21:21.007568877-07:00","Action":"run","Package":"github.com/JDinSeattle/forge-runtime/internal/provider","Test":"TestAdaptersAbortAfterToolCompletionWithoutTerminalEvent/anthropic"}
{"Time":"2026-09-11T15:21:21.007572402-07:00","Action":"output","Package":"github.com/JDinSeattle/forge-runtime/internal/provider","Test":"TestAdaptersAbortAfterToolCompletionWithoutTerminalEvent/anthropic","Output":"=== RUN   TestAdaptersAbortAfterToolCompletionWithoutTerminalEvent/anthropic\n"}
{"Time":"2026-09-11T15:21:21.008432057-07:00","Action":"output","Package":"github.com/JDinSeattle/forge-runtime/tests/client","Test":"TestSchemaMatchesActualGoWireModelsAndGeneratedTypes/Event","Output":"--- PASS: TestSchemaMatchesActualGoWireModelsAndGeneratedTypes/Event (0.00s)\n"}
{"Time":"2026-09-11T15:21:21.008454264-07:00","Action":"pass","Package":"github.com/JDinSeattle/forge-runtime/tests/client","Test":"TestSchemaMatchesActualGoWireModelsAndGeneratedTypes/Event","Elapsed":0}
{"Time":"2026-09-11T15:21:21.008467671-07:00","Action":"run","Package":"github.com/JDinSeattle/forge-runtime/tests/client","Test":"TestSchemaMatchesActualGoWireModelsAndGeneratedTypes/APIError"}
{"Time":"2026-09-11T15:21:21.00847158-07:00","Action":"output","Package":"github.com/JDinSeattle/forge-runtime/tests/client","Test":"TestSchemaMatchesActualGoWireModelsAndGeneratedTypes/APIError","Output":"=== RUN   TestSchemaMatchesActualGoWireModelsAndGeneratedTypes/APIError\n"}
{"Time":"2026-09-11T15:21:21.008903829-07:00","Action":"output","Package":"github.com/JDinSeattle/forge-runtime/tests/client","Test":"TestSchemaMatchesActualGoWireModelsAndGeneratedTypes/APIError","Output":"--- PASS: TestSchemaMatchesActualGoWireModelsAndGeneratedTypes/APIError (0.00s)\n"}
{"Time":"2026-09-11T15:21:21.008913947-07:00","Action":"pass","Package":"github.com/JDinSeattle/forge-runtime/tests/client","Test":"TestSchemaMatchesActualGoWireModelsAndGeneratedTypes/APIError","Elapsed":0}
{"Time":"2026-09-11T15:21:21.008934237-07:00","Action":"run","Package":"github.com/JDinSeattle/forge-runtime/tests/client","Test":"TestSchemaMatchesActualGoWireModelsAndGeneratedTypes/Run"}
{"Time":"2026-09-11T15:21:21.008939339-07:00","Action":"output","Package":"github.com/JDinSeattle/forge-runtime/tests/client","Test":"TestSchemaMatchesActualGoWireModelsAndGeneratedTypes/Run","Output":"=== RUN   TestSchemaMatchesActualGoWireModelsAndGeneratedTypes/Run\n"}
{"Time":"2026-09-11T15:21:21.010876471-07:00","Action":"output","Package":"github.com/JDinSeattle/forge-runtime/internal/provider","Test":"TestAdaptersAbortAfterToolCompletionWithoutTerminalEvent/anthropic","Output":"--- PASS: TestAdaptersAbortAfterToolCompletionWithoutTerminalEvent/anthropic (0.00s)\n"}
{"Time":"2026-09-11T15:21:21.010903442-07:00","Action":"pass","Package":"github.com/JDinSeattle/forge-runtime/internal/provider","Test":"TestAdaptersAbortAfterToolCompletionWithoutTerminalEvent/anthropic","Elapsed":0}
{"Time":"2026-09-11T15:21:21.01091433-07:00","Action":"output","Package":"github.com/JDinSeattle/forge-runtime/internal/provider","Test":"TestAdaptersAbortAfterToolCompletionWithoutTerminalEvent","Output":"--- PASS: TestAdaptersAbortAfterToolCompletionWithoutTerminalEvent (0.01s)\n"}
{"Time":"2026-09-11T15:21:21.010918795-07:00","Action":"pass","Package":"github.com/JDinSeattle/forge-runtime/internal/provider","Test":"TestAdaptersAbortAfterToolCompletionWithoutTerminalEvent","Elapsed":0.01}
{"Time":"2026-09-11T15:21:21.01093771-07:00","Action":"run","Package":"github.com/JDinSeattle/forge-runtime/internal/provider","Test":"TestAdaptersDisableSDKRetriesAndRespectHTTPErrorMetadata"}
{"Time":"2026-09-11T15:21:21.01094828-07:00","Action":"output","Package":"github.com/JDinSeattle/forge-runtime/internal/provider","Test":"TestAdaptersDisableSDKRetriesAndRespectHTTPErrorMetadata","Output":"=== RUN   TestAdaptersDisableSDKRetriesAndRespectHTTPErrorMetadata\n"}
{"Time":"2026-09-11T15:21:21.010961891-07:00","Action":"run","Package":"github.com/JDinSeattle/forge-runtime/internal/provider","Test":"TestAdaptersDisableSDKRetriesAndRespectHTTPErrorMetadata/openai"}
{"Time":"2026-09-11T15:21:21.010966651-07:00","Action":"output","Package":"github.com/JDinSeattle/forge-runtime/internal/provider","Test":"TestAdaptersDisableSDKRetriesAndRespectHTTPErrorMetadata/openai","Output":"=== RUN   TestAdaptersDisableSDKRetriesAndRespectHTTPErrorMetadata/openai\n"}
{"Time":"2026-09-11T15:21:21.01252754-07:00","Action":"output","Package":"github.com/JDinSeattle/forge-runtime/internal/provider","Test":"TestAdaptersDisableSDKRetriesAndRespectHTTPErrorMetadata/openai","Output":"--- PASS: TestAdaptersDisableSDKRetriesAndRespectHTTPErrorMetadata/openai (0.00s)\n"}
{"Time":"2026-09-11T15:21:21.012553531-07:00","Action":"pass","Package":"github.com/JDinSeattle/forge-runtime/internal/provider","Test":"TestAdaptersDisableSDKRetriesAndRespectHTTPErrorMetadata/openai","Elapsed":0}
{"Time":"2026-09-11T15:21:21.01256489-07:00","Action":"run","Package":"github.com/JDinSeattle/forge-runtime/internal/provider","Test":"TestAdaptersDisableSDKRetriesAndRespectHTTPErrorMetadata/anthropic"}
{"Time":"2026-09-11T15:21:21.012568125-07:00","Action":"output","Package":"github.com/JDinSeattle/forge-runtime/internal/provider","Test":"TestAdaptersDisableSDKRetriesAndRespectHTTPErrorMetadata/anthropic","Output":"=== RUN   TestAdaptersDisableSDKRetriesAndRespectHTTPErrorMetadata/anthropic\n"}
{"Time":"2026-09-11T15:21:21.014029908-07:00","Action":"output","Package":"github.com/JDinSeattle/forge-runtime/internal/provider","Test":"TestAdaptersDisableSDKRetriesAndRespectHTTPErrorMetadata/anthropic","Output":"--- PASS: TestAdaptersDisableSDKRetriesAndRespectHTTPErrorMetadata/anthropic (0.00s)\n"}
{"Time":"2026-09-11T15:21:21.014051956-07:00","Action":"pass","Package":"github.com/JDinSeattle/forge-runtime/internal/provider","Test":"TestAdaptersDisableSDKRetriesAndRespectHTTPErrorMetadata/anthropic","Elapsed":0}
{"Time":"2026-09-11T15:21:21.014070513-07:00","Action":"output","Package":"github.com/JDinSeattle/forge-runtime/internal/provider","Test":"TestAdaptersDisableSDKRetriesAndRespectHTTPErrorMetadata","Output":"--- PASS: TestAdaptersDisableSDKRetriesAndRespectHTTPErrorMetadata (0.00s)\n"}
{"Time":"2026-09-11T15:21:21.014082774-07:00","Action":"pass","Package":"github.com/JDinSeattle/forge-runtime/internal/provider","Test":"TestAdaptersDisableSDKRetriesAndRespectHTTPErrorMetadata","Elapsed":0}
{"Time":"2026-09-11T15:21:21.014099956-07:00","Action":"run","Package":"github.com/JDinSeattle/forge-runtime/internal/provider","Test":"TestOpenAIFinalToolMismatchRejected"}
{"Time":"2026-09-11T15:21:21.014150548-07:00","Action":"output","Package":"github.com/JDinSeattle/forge-runtime/internal/provider","Test":"TestOpenAIFinalToolMismatchRejected","Output":"=== RUN   TestOpenAIFinalToolMismatchRejected\n"}
{"Time":"2026-09-11T15:21:21.015009037-07:00","Action":"output","Package":"github.com/JDinSeattle/forge-runtime/tests/client","Test":"TestSchemaMatchesActualGoWireModelsAndGeneratedTypes/Run","Output":"--- PASS: TestSchemaMatchesActualGoWireModelsAndGeneratedTypes/Run (0.01s)\n"}
{"Time":"2026-09-11T15:21:21.015029363-07:00","Action":"pass","Package":"github.com/JDinSeattle/forge-runtime/tests/client","Test":"TestSchemaMatchesActualGoWireModelsAndGeneratedTypes/Run","Elapsed":0.01}
{"Time":"2026-09-11T15:21:21.015064066-07:00","Action":"run","Package":"github.com/JDinSeattle/forge-runtime/tests/client","Test":"TestSchemaMatchesActualGoWireModelsAndGeneratedTypes/State"}
{"Time":"2026-09-11T15:21:21.015084434-07:00","Action":"output","Package":"github.com/JDinSeattle/forge-runtime/tests/client","Test":"TestSchemaMatchesActualGoWireModelsAndGeneratedTypes/State","Output":"=== RUN   TestSchemaMatchesActualGoWireModelsAndGeneratedTypes/State\n"}
{"Time":"2026-09-11T15:21:21.016212038-07:00","Action":"output","Package":"github.com/JDinSeattle/forge-runtime/internal/provider","Test":"TestOpenAIFinalToolMismatchRejected","Output":"--- PASS: TestOpenAIFinalToolMismatchRejected (0.00s)\n"}
{"Time":"2026-09-11T15:21:21.016239899-07:00","Action":"pass","Package":"github.com/JDinSeattle/forge-runtime/internal/provider","Test":"TestOpenAIFinalToolMismatchRejected","Elapsed":0}
{"Time":"2026-09-11T15:21:21.01624554-07:00","Action":"run","Package":"github.com/JDinSeattle/forge-runtime/internal/provider","Test":"TestAnthropicOverloadInsideSuccessfulHTTPStream"}
{"Time":"2026-09-11T15:21:21.016249248-07:00","Action":"output","Package":"github.com/JDinSeattle/forge-runtime/internal/provider","Test":"TestAnthropicOverloadInsideSuccessfulHTTPStream","Output":"=== RUN   TestAnthropicOverloadInsideSuccessfulHTTPStream\n"}
{"Time":"2026-09-11T15:21:21.017728507-07:00","Action":"output","Package":"github.com/JDinSeattle/forge-runtime/internal/provider","Test":"TestAnthropicOverloadInsideSuccessfulHTTPStream","Output":"--- PASS: TestAnthropicOverloadInsideSuccessfulHTTPStream (0.00s)\n"}
{"Time":"2026-09-11T15:21:21.017755133-07:00","Action":"pass","Package":"github.com/JDinSeattle/forge-runtime/internal/provider","Test":"TestAnthropicOverloadInsideSuccessfulHTTPStream","Elapsed":0}
{"Time":"2026-09-11T15:21:21.01776598-07:00","Action":"run","Package":"github.com/JDinSeattle/forge-runtime/internal/provider","Test":"TestAdaptersBoundToolArgumentsAtWireBoundary"}
{"Time":"2026-09-11T15:21:21.017769852-07:00","Action":"output","Package":"github.com/JDinSeattle/forge-runtime/internal/provider","Test":"TestAdaptersBoundToolArgumentsAtWireBoundary","Output":"=== RUN   TestAdaptersBoundToolArgumentsAtWireBoundary\n"}
{"Time":"2026-09-11T15:21:21.017773179-07:00","Action":"run","Package":"github.com/JDinSeattle/forge-runtime/internal/provider","Test":"TestAdaptersBoundToolArgumentsAtWireBoundary/openai"}
{"Time":"2026-09-11T15:21:21.017775796-07:00","Action":"output","Package":"github.com/JDinSeattle/forge-runtime/internal/provider","Test":"TestAdaptersBoundToolArgumentsAtWireBoundary/openai","Output":"=== RUN   TestAdaptersBoundToolArgumentsAtWireBoundary/openai\n"}
{"Time":"2026-09-11T15:21:21.019179987-07:00","Action":"output","Package":"github.com/JDinSeattle/forge-runtime/tests/client","Test":"TestSchemaMatchesActualGoWireModelsAndGeneratedTypes/State","Output":"--- PASS: TestSchemaMatchesActualGoWireModelsAndGeneratedTypes/State (0.00s)\n"}
{"Time":"2026-09-11T15:21:21.019213817-07:00","Action":"pass","Package":"github.com/JDinSeattle/forge-runtime/tests/client","Test":"TestSchemaMatchesActualGoWireModelsAndGeneratedTypes/State","Elapsed":0}
{"Time":"2026-09-11T15:21:21.019221291-07:00","Action":"run","Package":"github.com/JDinSeattle/forge-runtime/tests/client","Test":"TestSchemaMatchesActualGoWireModelsAndGeneratedTypes/Submit"}
{"Time":"2026-09-11T15:21:21.019225334-07:00","Action":"output","Package":"github.com/JDinSeattle/forge-runtime/tests/client","Test":"TestSchemaMatchesActualGoWireModelsAndGeneratedTypes/Submit","Output":"=== RUN   TestSchemaMatchesActualGoWireModelsAndGeneratedTypes/Submit\n"}
{"Time":"2026-09-11T15:21:21.019863713-07:00","Action":"output","Package":"github.com/JDinSeattle/forge-runtime/internal/provider","Test":"TestAdaptersBoundToolArgumentsAtWireBoundary/openai","Output":"--- PASS: TestAdaptersBoundToolArgumentsAtWireBoundary/openai (0.00s)\n"}
{"Time":"2026-09-11T15:21:21.019883106-07:00","Action":"pass","Package":"github.com/JDinSeattle/forge-runtime/internal/provider","Test":"TestAdaptersBoundToolArgumentsAtWireBoundary/openai","Elapsed":0}
{"Time":"2026-09-11T15:21:21.019900793-07:00","Action":"run","Package":"github.com/JDinSeattle/forge-runtime/internal/provider","Test":"TestAdaptersBoundToolArgumentsAtWireBoundary/anthropic"}
{"Time":"2026-09-11T15:21:21.019906041-07:00","Action":"output","Package":"github.com/JDinSeattle/forge-runtime/internal/provider","Test":"TestAdaptersBoundToolArgumentsAtWireBoundary/anthropic","Output":"=== RUN   TestAdaptersBoundToolArgumentsAtWireBoundary/anthropic\n"}
{"Time":"2026-09-11T15:21:21.020799123-07:00","Action":"output","Package":"github.com/JDinSeattle/forge-runtime/tests/client","Test":"TestSchemaMatchesActualGoWireModelsAndGeneratedTypes/Submit","Output":"--- PASS: TestSchemaMatchesActualGoWireModelsAndGeneratedTypes/Submit (0.00s)\n"}
{"Time":"2026-09-11T15:21:21.020823917-07:00","Action":"pass","Package":"github.com/JDinSeattle/forge-runtime/tests/client","Test":"TestSchemaMatchesActualGoWireModelsAndGeneratedTypes/Submit","Elapsed":0}
{"Time":"2026-09-11T15:21:21.020831067-07:00","Action":"run","Package":"github.com/JDinSeattle/forge-runtime/tests/client","Test":"TestSchemaMatchesActualGoWireModelsAndGeneratedTypes/Approval"}
{"Time":"2026-09-11T15:21:21.020834891-07:00","Action":"output","Package":"github.com/JDinSeattle/forge-runtime/tests/client","Test":"TestSchemaMatchesActualGoWireModelsAndGeneratedTypes/Approval","Output":"=== RUN   TestSchemaMatchesActualGoWireModelsAndGeneratedTypes/Approval\n"}
{"Time":"2026-09-11T15:21:21.02246872-07:00","Action":"output","Package":"github.com/JDinSeattle/forge-runtime/internal/provider","Test":"TestAdaptersBoundToolArgumentsAtWireBoundary/anthropic","Output":"--- PASS: TestAdaptersBoundToolArgumentsAtWireBoundary/anthropic (0.00s)\n"}
{"Time":"2026-09-11T15:21:21.022507905-07:00","Action":"pass","Package":"github.com/JDinSeattle/forge-runtime/internal/provider","Test":"TestAdaptersBoundToolArgumentsAtWireBoundary/anthropic","Elapsed":0}
{"Time":"2026-09-11T15:21:21.022515002-07:00","Action":"output","Package":"github.com/JDinSeattle/forge-runtime/internal/provider","Test":"TestAdaptersBoundToolArgumentsAtWireBoundary","Output":"--- PASS: TestAdaptersBoundToolArgumentsAtWireBoundary (0.00s)\n"}
{"Time":"2026-09-11T15:21:21.022519186-07:00","Action":"pass","Package":"github.com/JDinSeattle/forge-runtime/internal/provider","Test":"TestAdaptersBoundToolArgumentsAtWireBoundary","Elapsed":0}
{"Time":"2026-09-11T15:21:21.022548183-07:00","Action":"run","Package":"github.com/JDinSeattle/forge-runtime/internal/provider","Test":"TestParallelAssemblyDoesNotReleasePartialCalls"}
{"Time":"2026-09-11T15:21:21.022553842-07:00","Action":"output","Package":"github.com/JDinSeattle/forge-runtime/internal/provider","Test":"TestParallelAssemblyDoesNotReleasePartialCalls","Output":"=== RUN   TestParallelAssemblyDoesNotReleasePartialCalls\n"}
{"Time":"2026-09-11T15:21:21.022788235-07:00","Action":"output","Package":"github.com/JDinSeattle/forge-runtime/tests/client","Test":"TestSchemaMatchesActualGoWireModelsAndGeneratedTypes/Approval","Output":"--- PASS: TestSchemaMatchesActualGoWireModelsAndGeneratedTypes/Approval (0.00s)\n"}
{"Time":"2026-09-11T15:21:21.022834134-07:00","Action":"pass","Package":"github.com/JDinSeattle/forge-runtime/tests/client","Test":"TestSchemaMatchesActualGoWireModelsAndGeneratedTypes/Approval","Elapsed":0}
{"Time":"2026-09-11T15:21:21.022872248-07:00","Action":"output","Package":"github.com/JDinSeattle/forge-runtime/internal/provider","Test":"TestParallelAssemblyDoesNotReleasePartialCalls","Output":"--- PASS: TestParallelAssemblyDoesNotReleasePartialCalls (0.00s)\n"}
{"Time":"2026-09-11T15:21:21.022885247-07:00","Action":"pass","Package":"github.com/JDinSeattle/forge-runtime/internal/provider","Test":"TestParallelAssemblyDoesNotReleasePartialCalls","Elapsed":0}
{"Time":"2026-09-11T15:21:21.022890731-07:00","Action":"run","Package":"github.com/JDinSeattle/forge-runtime/internal/provider","Test":"TestFailedAttemptWithCompletedToolReturnsNoExecutableCall"}
{"Time":"2026-09-11T15:21:21.022894583-07:00","Action":"output","Package":"github.com/JDinSeattle/forge-runtime/internal/provider","Test":"TestFailedAttemptWithCompletedToolReturnsNoExecutableCall","Output":"=== RUN   TestFailedAttemptWithCompletedToolReturnsNoExecutableCall\n"}
{"Time":"2026-09-11T15:21:21.023145045-07:00","Action":"output","Package":"github.com/JDinSeattle/forge-runtime/internal/provider","Test":"TestFailedAttemptWithCompletedToolReturnsNoExecutableCall","Output":"--- PASS: TestFailedAttemptWithCompletedToolReturnsNoExecutableCall (0.00s)\n"}
{"Time":"2026-09-11T15:21:21.023166539-07:00","Action":"pass","Package":"github.com/JDinSeattle/forge-runtime/internal/provider","Test":"TestFailedAttemptWithCompletedToolReturnsNoExecutableCall","Elapsed":0}
{"Time":"2026-09-11T15:21:21.023169927-07:00","Action":"run","Package":"github.com/JDinSeattle/forge-runtime/internal/provider","Test":"TestArgumentBoundsAndSchema"}
{"Time":"2026-09-11T15:21:21.023172034-07:00","Action":"output","Package":"github.com/JDinSeattle/forge-runtime/internal/provider","Test":"TestArgumentBoundsAndSchema","Output":"=== RUN   TestArgumentBoundsAndSchema\n"}
{"Time":"2026-09-11T15:21:21.023174466-07:00","Action":"run","Package":"github.com/JDinSeattle/forge-runtime/internal/provider","Test":"TestArgumentBoundsAndSchema/syntax"}
{"Time":"2026-09-11T15:21:21.023182209-07:00","Action":"output","Package":"github.com/JDinSeattle/forge-runtime/internal/provider","Test":"TestArgumentBoundsAndSchema/syntax","Output":"=== RUN   TestArgumentBoundsAndSchema/syntax\n"}
{"Time":"2026-09-11T15:21:21.023420935-07:00","Action":"output","Package":"github.com/JDinSeattle/forge-runtime/internal/provider","Test":"TestArgumentBoundsAndSchema/syntax","Output":"--- PASS: TestArgumentBoundsAndSchema/syntax (0.00s)\n"}
{"Time":"2026-09-11T15:21:21.023434913-07:00","Action":"pass","Package":"github.com/JDinSeattle/forge-runtime/internal/provider","Test":"TestArgumentBoundsAndSchema/syntax","Elapsed":0}
{"Time":"2026-09-11T15:21:21.023442926-07:00","Action":"run","Package":"github.com/JDinSeattle/forge-runtime/internal/provider","Test":"TestArgumentBoundsAndSchema/duplicate_key"}
{"Time":"2026-09-11T15:21:21.02344449-07:00","Action":"output","Package":"github.com/JDinSeattle/forge-runtime/internal/provider","Test":"TestArgumentBoundsAndSchema/duplicate_key","Output":"=== RUN   TestArgumentBoundsAndSchema/duplicate_key\n"}
{"Time":"2026-09-11T15:21:21.023648466-07:00","Action":"output","Package":"github.com/JDinSeattle/forge-runtime/tests/client","Test":"TestSchemaMatchesActualGoWireModelsAndGeneratedTypes","Output":"--- PASS: TestSchemaMatchesActualGoWireModelsAndGeneratedTypes (0.03s)\n"}
{"Time":"2026-09-11T15:21:21.023658982-07:00","Action":"output","Package":"github.com/JDinSeattle/forge-runtime/internal/provider","Test":"TestArgumentBoundsAndSchema/duplicate_key","Output":"--- PASS: TestArgumentBoundsAndSchema/duplicate_key (0.00s)\n"}
{"Time":"2026-09-11T15:21:21.023661993-07:00","Action":"pass","Package":"github.com/JDinSeattle/forge-runtime/tests/client","Test":"TestSchemaMatchesActualGoWireModelsAndGeneratedTypes","Elapsed":0.03}
{"Time":"2026-09-11T15:21:21.023666681-07:00","Action":"pass","Package":"github.com/JDinSeattle/forge-runtime/internal/provider","Test":"TestArgumentBoundsAndSchema/duplicate_key","Elapsed":0}
{"Time":"2026-09-11T15:21:21.023674539-07:00","Action":"run","Package":"github.com/JDinSeattle/forge-runtime/tests/client","Test":"TestSchemaRejectsMalformedBudgetsAndUnknownRequestProperties"}
{"Time":"2026-09-11T15:21:21.023675955-07:00","Action":"output","Package":"github.com/JDinSeattle/forge-runtime/tests/client","Test":"TestSchemaRejectsMalformedBudgetsAndUnknownRequestProperties","Output":"=== RUN   TestSchemaRejectsMalformedBudgetsAndUnknownRequestProperties\n"}
{"Time":"2026-09-11T15:21:21.023679529-07:00","Action":"run","Package":"github.com/JDinSeattle/forge-runtime/internal/provider","Test":"TestArgumentBoundsAndSchema/required"}
{"Time":"2026-09-11T15:21:21.023680814-07:00","Action":"output","Package":"github.com/JDinSeattle/forge-runtime/internal/provider","Test":"TestArgumentBoundsAndSchema/required","Output":"=== RUN   TestArgumentBoundsAndSchema/required\n"}
{"Time":"2026-09-11T15:21:21.023941541-07:00","Action":"output","Package":"github.com/JDinSeattle/forge-runtime/internal/provider","Test":"TestArgumentBoundsAndSchema/required","Output":"--- PASS: TestArgumentBoundsAndSchema/required (0.00s)\n"}
{"Time":"2026-09-11T15:21:21.023956631-07:00","Action":"pass","Package":"github.com/JDinSeattle/forge-runtime/internal/provider","Test":"TestArgumentBoundsAndSchema/required","Elapsed":0}
{"Time":"2026-09-11T15:21:21.023968831-07:00","Action":"run","Package":"github.com/JDinSeattle/forge-runtime/internal/provider","Test":"TestArgumentBoundsAndSchema/wrong_type"}
{"Time":"2026-09-11T15:21:21.023971242-07:00","Action":"output","Package":"github.com/JDinSeattle/forge-runtime/internal/provider","Test":"TestArgumentBoundsAndSchema/wrong_type","Output":"=== RUN   TestArgumentBoundsAndSchema/wrong_type\n"}
{"Time":"2026-09-11T15:21:21.024295654-07:00","Action":"output","Package":"github.com/JDinSeattle/forge-runtime/internal/provider","Test":"TestArgumentBoundsAndSchema/wrong_type","Output":"--- PASS: TestArgumentBoundsAndSchema/wrong_type (0.00s)\n"}
{"Time":"2026-09-11T15:21:21.024303273-07:00","Action":"pass","Package":"github.com/JDinSeattle/forge-runtime/internal/provider","Test":"TestArgumentBoundsAndSchema/wrong_type","Elapsed":0}
{"Time":"2026-09-11T15:21:21.024314801-07:00","Action":"run","Package":"github.com/JDinSeattle/forge-runtime/internal/provider","Test":"TestArgumentBoundsAndSchema/additional"}
{"Time":"2026-09-11T15:21:21.024317195-07:00","Action":"output","Package":"github.com/JDinSeattle/forge-runtime/internal/provider","Test":"TestArgumentBoundsAndSchema/additional","Output":"=== RUN   TestArgumentBoundsAndSchema/additional\n"}
{"Time":"2026-09-11T15:21:21.024561407-07:00","Action":"output","Package":"github.com/JDinSeattle/forge-runtime/internal/provider","Test":"TestArgumentBoundsAndSchema/additional","Output":"--- PASS: TestArgumentBoundsAndSchema/additional (0.00s)\n"}
{"Time":"2026-09-11T15:21:21.024575518-07:00","Action":"pass","Package":"github.com/JDinSeattle/forge-runtime/internal/provider","Test":"TestArgumentBoundsAndSchema/additional","Elapsed":0}
{"Time":"2026-09-11T15:21:21.024578889-07:00","Action":"run","Package":"github.com/JDinSeattle/forge-runtime/internal/provider","Test":"TestArgumentBoundsAndSchema/depth"}
{"Time":"2026-09-11T15:21:21.024581565-07:00","Action":"output","Package":"github.com/JDinSeattle/forge-runtime/internal/provider","Test":"TestArgumentBoundsAndSchema/depth","Output":"=== RUN   TestArgumentBoundsAndSchema/depth\n"}
{"Time":"2026-09-11T15:21:21.024796771-07:00","Action":"output","Package":"github.com/JDinSeattle/forge-runtime/internal/provider","Test":"TestArgumentBoundsAndSchema/depth","Output":"--- PASS: TestArgumentBoundsAndSchema/depth (0.00s)\n"}
{"Time":"2026-09-11T15:21:21.024806408-07:00","Action":"pass","Package":"github.com/JDinSeattle/forge-runtime/internal/provider","Test":"TestArgumentBoundsAndSchema/depth","Elapsed":0}
{"Time":"2026-09-11T15:21:21.024812633-07:00","Action":"run","Package":"github.com/JDinSeattle/forge-runtime/internal/provider","Test":"TestArgumentBoundsAndSchema/size"}
{"Time":"2026-09-11T15:21:21.024814305-07:00","Action":"output","Package":"github.com/JDinSeattle/forge-runtime/internal/provider","Test":"TestArgumentBoundsAndSchema/size","Output":"=== RUN   TestArgumentBoundsAndSchema/size\n"}
{"Time":"2026-09-11T15:21:21.025030018-07:00","Action":"output","Package":"github.com/JDinSeattle/forge-runtime/internal/provider","Test":"TestArgumentBoundsAndSchema/size","Output":"--- PASS: TestArgumentBoundsAndSchema/size (0.00s)\n"}
{"Time":"2026-09-11T15:21:21.025051367-07:00","Action":"pass","Package":"github.com/JDinSeattle/forge-runtime/internal/provider","Test":"TestArgumentBoundsAndSchema/size","Elapsed":0}
{"Time":"2026-09-11T15:21:21.025056305-07:00","Action":"run","Package":"github.com/JDinSeattle/forge-runtime/internal/provider","Test":"TestArgumentBoundsAndSchema/trailing"}
{"Time":"2026-09-11T15:21:21.025057921-07:00","Action":"output","Package":"github.com/JDinSeattle/forge-runtime/internal/provider","Test":"TestArgumentBoundsAndSchema/trailing","Output":"=== RUN   TestArgumentBoundsAndSchema/trailing\n"}
{"Time":"2026-09-11T15:21:21.025225683-07:00","Action":"output","Package":"github.com/JDinSeattle/forge-runtime/internal/provider","Test":"TestArgumentBoundsAndSchema/trailing","Output":"--- PASS: TestArgumentBoundsAndSchema/trailing (0.00s)\n"}
{"Time":"2026-09-11T15:21:21.025237158-07:00","Action":"pass","Package":"github.com/JDinSeattle/forge-runtime/internal/provider","Test":"TestArgumentBoundsAndSchema/trailing","Elapsed":0}
{"Time":"2026-09-11T15:21:21.02524472-07:00","Action":"run","Package":"github.com/JDinSeattle/forge-runtime/internal/provider","Test":"TestArgumentBoundsAndSchema/array"}
{"Time":"2026-09-11T15:21:21.025247333-07:00","Action":"output","Package":"github.com/JDinSeattle/forge-runtime/internal/provider","Test":"TestArgumentBoundsAndSchema/array","Output":"=== RUN   TestArgumentBoundsAndSchema/array\n"}
{"Time":"2026-09-11T15:21:21.025461617-07:00","Action":"output","Package":"github.com/JDinSeattle/forge-runtime/internal/provider","Test":"TestArgumentBoundsAndSchema/array","Output":"--- PASS: TestArgumentBoundsAndSchema/array (0.00s)\n"}
{"Time":"2026-09-11T15:21:21.025471768-07:00","Action":"pass","Package":"github.com/JDinSeattle/forge-runtime/internal/provider","Test":"TestArgumentBoundsAndSchema/array","Elapsed":0}
{"Time":"2026-09-11T15:21:21.025474319-07:00","Action":"output","Package":"github.com/JDinSeattle/forge-runtime/internal/provider","Test":"TestArgumentBoundsAndSchema","Output":"--- PASS: TestArgumentBoundsAndSchema (0.00s)\n"}
{"Time":"2026-09-11T15:21:21.025492078-07:00","Action":"pass","Package":"github.com/JDinSeattle/forge-runtime/internal/provider","Test":"TestArgumentBoundsAndSchema","Elapsed":0}
{"Time":"2026-09-11T15:21:21.02549445-07:00","Action":"run","Package":"github.com/JDinSeattle/forge-runtime/internal/provider","Test":"TestCallLimitUnknownToolAndDuplicateID"}
{"Time":"2026-09-11T15:21:21.025496402-07:00","Action":"output","Package":"github.com/JDinSeattle/forge-runtime/internal/provider","Test":"TestCallLimitUnknownToolAndDuplicateID","Output":"=== RUN   TestCallLimitUnknownToolAndDuplicateID\n"}
{"Time":"2026-09-11T15:21:21.025519217-07:00","Action":"run","Package":"github.com/JDinSeattle/forge-runtime/internal/provider","Test":"TestCallLimitUnknownToolAndDuplicateID/limit"}
{"Time":"2026-09-11T15:21:21.025521286-07:00","Action":"output","Package":"github.com/JDinSeattle/forge-runtime/internal/provider","Test":"TestCallLimitUnknownToolAndDuplicateID/limit","Output":"=== RUN   TestCallLimitUnknownToolAndDuplicateID/limit\n"}
{"Time":"2026-09-11T15:21:21.025721641-07:00","Action":"output","Package":"github.com/JDinSeattle/forge-runtime/internal/provider","Test":"TestCallLimitUnknownToolAndDuplicateID/limit","Output":"--- PASS: TestCallLimitUnknownToolAndDuplicateID/limit (0.00s)\n"}
{"Time":"2026-09-11T15:21:21.025730529-07:00","Action":"pass","Package":"github.com/JDinSeattle/forge-runtime/internal/provider","Test":"TestCallLimitUnknownToolAndDuplicateID/limit","Elapsed":0}
{"Time":"2026-09-11T15:21:21.025736783-07:00","Action":"run","Package":"github.com/JDinSeattle/forge-runtime/internal/provider","Test":"TestCallLimitUnknownToolAndDuplicateID/unknown"}
{"Time":"2026-09-11T15:21:21.025739724-07:00","Action":"output","Package":"github.com/JDinSeattle/forge-runtime/internal/provider","Test":"TestCallLimitUnknownToolAndDuplicateID/unknown","Output":"=== RUN   TestCallLimitUnknownToolAndDuplicateID/unknown\n"}
{"Time":"2026-09-11T15:21:21.025918344-07:00","Action":"output","Package":"github.com/JDinSeattle/forge-runtime/internal/provider","Test":"TestCallLimitUnknownToolAndDuplicateID/unknown","Output":"--- PASS: TestCallLimitUnknownToolAndDuplicateID/unknown (0.00s)\n"}
{"Time":"2026-09-11T15:21:21.025923018-07:00","Action":"pass","Package":"github.com/JDinSeattle/forge-runtime/internal/provider","Test":"TestCallLimitUnknownToolAndDuplicateID/unknown","Elapsed":0}
{"Time":"2026-09-11T15:21:21.025931341-07:00","Action":"run","Package":"github.com/JDinSeattle/forge-runtime/internal/provider","Test":"TestCallLimitUnknownToolAndDuplicateID/duplicate"}
{"Time":"2026-09-11T15:21:21.025933-07:00","Action":"output","Package":"github.com/JDinSeattle/forge-runtime/internal/provider","Test":"TestCallLimitUnknownToolAndDuplicateID/duplicate","Output":"=== RUN   TestCallLimitUnknownToolAndDuplicateID/duplicate\n"}
{"Time":"2026-09-11T15:21:21.026105412-07:00","Action":"output","Package":"github.com/JDinSeattle/forge-runtime/internal/provider","Test":"TestCallLimitUnknownToolAndDuplicateID/duplicate","Output":"--- PASS: TestCallLimitUnknownToolAndDuplicateID/duplicate (0.00s)\n"}
{"Time":"2026-09-11T15:21:21.026110423-07:00","Action":"pass","Package":"github.com/JDinSeattle/forge-runtime/internal/provider","Test":"TestCallLimitUnknownToolAndDuplicateID/duplicate","Elapsed":0}
{"Time":"2026-09-11T15:21:21.026120906-07:00","Action":"output","Package":"github.com/JDinSeattle/forge-runtime/internal/provider","Test":"TestCallLimitUnknownToolAndDuplicateID","Output":"--- PASS: TestCallLimitUnknownToolAndDuplicateID (0.00s)\n"}
{"Time":"2026-09-11T15:21:21.026125462-07:00","Action":"pass","Package":"github.com/JDinSeattle/forge-runtime/internal/provider","Test":"TestCallLimitUnknownToolAndDuplicateID","Elapsed":0}
{"Time":"2026-09-11T15:21:21.026133215-07:00","Action":"run","Package":"github.com/JDinSeattle/forge-runtime/internal/provider","Test":"TestSchemaRemoteReferencesRejectedWithoutHTTP"}
{"Time":"2026-09-11T15:21:21.026135361-07:00","Action":"output","Package":"github.com/JDinSeattle/forge-runtime/internal/provider","Test":"TestSchemaRemoteReferencesRejectedWithoutHTTP","Output":"=== RUN   TestSchemaRemoteReferencesRejectedWithoutHTTP\n"}
{"Time":"2026-09-11T15:21:21.026217989-07:00","Action":"output","Package":"github.com/JDinSeattle/forge-runtime/internal/provider","Test":"TestSchemaRemoteReferencesRejectedWithoutHTTP","Output":"--- PASS: TestSchemaRemoteReferencesRejectedWithoutHTTP (0.00s)\n"}
{"Time":"2026-09-11T15:21:21.026221974-07:00","Action":"pass","Package":"github.com/JDinSeattle/forge-runtime/internal/provider","Test":"TestSchemaRemoteReferencesRejectedWithoutHTTP","Elapsed":0}
{"Time":"2026-09-11T15:21:21.026227684-07:00","Action":"run","Package":"github.com/JDinSeattle/forge-runtime/internal/provider","Test":"TestConsumerCancellationAndModelCapabilityValidation"}
{"Time":"2026-09-11T15:21:21.02623052-07:00","Action":"output","Package":"github.com/JDinSeattle/forge-runtime/internal/provider","Test":"TestConsumerCancellationAndModelCapabilityValidation","Output":"=== RUN   TestConsumerCancellationAndModelCapabilityValidation\n"}
{"Time":"2026-09-11T15:21:21.026432716-07:00","Action":"output","Package":"github.com/JDinSeattle/forge-runtime/internal/provider","Test":"TestConsumerCancellationAndModelCapabilityValidation","Output":"--- PASS: TestConsumerCancellationAndModelCapabilityValidation (0.00s)\n"}
{"Time":"2026-09-11T15:21:21.026440004-07:00","Action":"pass","Package":"github.com/JDinSeattle/forge-runtime/internal/provider","Test":"TestConsumerCancellationAndModelCapabilityValidation","Elapsed":0}
{"Time":"2026-09-11T15:21:21.026442176-07:00","Action":"run","Package":"github.com/JDinSeattle/forge-runtime/internal/provider","Test":"TestRetryAfterAndHTTPMapping"}
{"Time":"2026-09-11T15:21:21.026443701-07:00","Action":"output","Package":"github.com/JDinSeattle/forge-runtime/internal/provider","Test":"TestRetryAfterAndHTTPMapping","Output":"=== RUN   TestRetryAfterAndHTTPMapping\n"}
{"Time":"2026-09-11T15:21:21.026488839-07:00","Action":"output","Package":"github.com/JDinSeattle/forge-runtime/internal/provider","Test":"TestRetryAfterAndHTTPMapping","Output":"--- PASS: TestRetryAfterAndHTTPMapping (0.00s)\n"}
{"Time":"2026-09-11T15:21:21.02649244-07:00","Action":"pass","Package":"github.com/JDinSeattle/forge-runtime/internal/provider","Test":"TestRetryAfterAndHTTPMapping","Elapsed":0}
{"Time":"2026-09-11T15:21:21.026512455-07:00","Action":"run","Package":"github.com/JDinSeattle/forge-runtime/internal/provider","Test":"FuzzToolArgumentDecoderIsUnambiguousAndBounded"}
{"Time":"2026-09-11T15:21:21.026515735-07:00","Action":"output","Package":"github.com/JDinSeattle/forge-runtime/internal/provider","Test":"FuzzToolArgumentDecoderIsUnambiguousAndBounded","Output":"=== RUN   FuzzToolArgumentDecoderIsUnambiguousAndBounded\n"}
{"Time":"2026-09-11T15:21:21.026714685-07:00","Action":"run","Package":"github.com/JDinSeattle/forge-runtime/internal/provider","Test":"FuzzToolArgumentDecoderIsUnambiguousAndBounded/seed#0"}
{"Time":"2026-09-11T15:21:21.026793215-07:00","Action":"output","Package":"github.com/JDinSeattle/forge-runtime/internal/provider","Test":"FuzzToolArgumentDecoderIsUnambiguousAndBounded/seed#0","Output":"=== RUN   FuzzToolArgumentDecoderIsUnambiguousAndBounded/seed#0\n"}
{"Time":"2026-09-11T15:21:21.027173009-07:00","Action":"output","Package":"github.com/JDinSeattle/forge-runtime/internal/telemetry","Test":"TestUnmatchedPathsNeverBecomeLabels","Output":"--- PASS: TestUnmatchedPathsNeverBecomeLabels (0.04s)\n"}
{"Time":"2026-09-11T15:21:21.027188493-07:00","Action":"pass","Package":"github.com/JDinSeattle/forge-runtime/internal/telemetry","Test":"TestUnmatchedPathsNeverBecomeLabels","Elapsed":0.04}
{"Time":"2026-09-11T15:21:21.027193006-07:00","Action":"run","Package":"github.com/JDinSeattle/forge-runtime/internal/telemetry","Test":"TestPanicEndsSpanWithoutRecordingPayload"}
{"Time":"2026-09-11T15:21:21.027194351-07:00","Action":"output","Package":"github.com/JDinSeattle/forge-runtime/internal/telemetry","Test":"TestPanicEndsSpanWithoutRecordingPayload","Output":"=== RUN   TestPanicEndsSpanWithoutRecordingPayload\n"}
{"Time":"2026-09-11T15:21:21.027321641-07:00","Action":"output","Package":"github.com/JDinSeattle/forge-runtime/internal/provider","Test":"FuzzToolArgumentDecoderIsUnambiguousAndBounded/seed#0","Output":"--- PASS: FuzzToolArgumentDecoderIsUnambiguousAndBounded/seed#0 (0.00s)\n"}
{"Time":"2026-09-11T15:21:21.027345861-07:00","Action":"pass","Package":"github.com/JDinSeattle/forge-runtime/internal/provider","Test":"FuzzToolArgumentDecoderIsUnambiguousAndBounded/seed#0","Elapsed":0}
{"Time":"2026-09-11T15:21:21.027365449-07:00","Action":"run","Package":"github.com/JDinSeattle/forge-runtime/internal/provider","Test":"FuzzToolArgumentDecoderIsUnambiguousAndBounded/seed#1"}
{"Time":"2026-09-11T15:21:21.027368329-07:00","Action":"output","Package":"github.com/JDinSeattle/forge-runtime/internal/provider","Test":"FuzzToolArgumentDecoderIsUnambiguousAndBounded/seed#1","Output":"=== RUN   FuzzToolArgumentDecoderIsUnambiguousAndBounded/seed#1\n"}
{"Time":"2026-09-11T15:21:21.027572422-07:00","Action":"output","Package":"github.com/JDinSeattle/forge-runtime/internal/provider","Test":"FuzzToolArgumentDecoderIsUnambiguousAndBounded/seed#1","Output":"--- PASS: FuzzToolArgumentDecoderIsUnambiguousAndBounded/seed#1 (0.00s)\n"}
{"Time":"2026-09-11T15:21:21.027584684-07:00","Action":"pass","Package":"github.com/JDinSeattle/forge-runtime/internal/provider","Test":"FuzzToolArgumentDecoderIsUnambiguousAndBounded/seed#1","Elapsed":0}
{"Time":"2026-09-11T15:21:21.02758786-07:00","Action":"run","Package":"github.com/JDinSeattle/forge-runtime/internal/provider","Test":"FuzzToolArgumentDecoderIsUnambiguousAndBounded/seed#2"}
{"Time":"2026-09-11T15:21:21.027589512-07:00","Action":"output","Package":"github.com/JDinSeattle/forge-runtime/internal/provider","Test":"FuzzToolArgumentDecoderIsUnambiguousAndBounded/seed#2","Output":"=== RUN   FuzzToolArgumentDecoderIsUnambiguousAndBounded/seed#2\n"}
{"Time":"2026-09-11T15:21:21.027627072-07:00","Action":"output","Package":"github.com/JDinSeattle/forge-runtime/internal/provider","Test":"FuzzToolArgumentDecoderIsUnambiguousAndBounded/seed#2","Output":"--- PASS: FuzzToolArgumentDecoderIsUnambiguousAndBounded/seed#2 (0.00s)\n"}
{"Time":"2026-09-11T15:21:21.027634926-07:00","Action":"pass","Package":"github.com/JDinSeattle/forge-runtime/internal/provider","Test":"FuzzToolArgumentDecoderIsUnambiguousAndBounded/seed#2","Elapsed":0}
{"Time":"2026-09-11T15:21:21.027651101-07:00","Action":"run","Package":"github.com/JDinSeattle/forge-runtime/internal/provider","Test":"FuzzToolArgumentDecoderIsUnambiguousAndBounded/seed#3"}
{"Time":"2026-09-11T15:21:21.027653235-07:00","Action":"output","Package":"github.com/JDinSeattle/forge-runtime/internal/provider","Test":"FuzzToolArgumentDecoderIsUnambiguousAndBounded/seed#3","Output":"=== RUN   FuzzToolArgumentDecoderIsUnambiguousAndBounded/seed#3\n"}
{"Time":"2026-09-11T15:21:21.027768464-07:00","Action":"output","Package":"github.com/JDinSeattle/forge-runtime/internal/provider","Test":"FuzzToolArgumentDecoderIsUnambiguousAndBounded/seed#3","Output":"--- PASS: FuzzToolArgumentDecoderIsUnambiguousAndBounded/seed#3 (0.00s)\n"}
{"Time":"2026-09-11T15:21:21.02777431-07:00","Action":"pass","Package":"github.com/JDinSeattle/forge-runtime/internal/provider","Test":"FuzzToolArgumentDecoderIsUnambiguousAndBounded/seed#3","Elapsed":0}
{"Time":"2026-09-11T15:21:21.027787657-07:00","Action":"run","Package":"github.com/JDinSeattle/forge-runtime/internal/provider","Test":"FuzzToolArgumentDecoderIsUnambiguousAndBounded/seed#4"}
{"Time":"2026-09-11T15:21:21.02779013-07:00","Action":"output","Package":"github.com/JDinSeattle/forge-runtime/internal/provider","Test":"FuzzToolArgumentDecoderIsUnambiguousAndBounded/seed#4","Output":"=== RUN   FuzzToolArgumentDecoderIsUnambiguousAndBounded/seed#4\n"}
{"Time":"2026-09-11T15:21:21.027923116-07:00","Action":"output","Package":"github.com/JDinSeattle/forge-runtime/internal/provider","Test":"FuzzToolArgumentDecoderIsUnambiguousAndBounded/seed#4","Output":"--- PASS: FuzzToolArgumentDecoderIsUnambiguousAndBounded/seed#4 (0.00s)\n"}
{"Time":"2026-09-11T15:21:21.027932627-07:00","Action":"pass","Package":"github.com/JDinSeattle/forge-runtime/internal/provider","Test":"FuzzToolArgumentDecoderIsUnambiguousAndBounded/seed#4","Elapsed":0}
{"Time":"2026-09-11T15:21:21.027948074-07:00","Action":"run","Package":"github.com/JDinSeattle/forge-runtime/internal/provider","Test":"FuzzToolArgumentDecoderIsUnambiguousAndBounded/seed#5"}
{"Time":"2026-09-11T15:21:21.027950727-07:00","Action":"output","Package":"github.com/JDinSeattle/forge-runtime/internal/provider","Test":"FuzzToolArgumentDecoderIsUnambiguousAndBounded/seed#5","Output":"=== RUN   FuzzToolArgumentDecoderIsUnambiguousAndBounded/seed#5\n"}
{"Time":"2026-09-11T15:21:21.027976032-07:00","Action":"output","Package":"github.com/JDinSeattle/forge-runtime/internal/provider","Test":"FuzzToolArgumentDecoderIsUnambiguousAndBounded/seed#5","Output":"--- PASS: FuzzToolArgumentDecoderIsUnambiguousAndBounded/seed#5 (0.00s)\n"}
{"Time":"2026-09-11T15:21:21.027984903-07:00","Action":"pass","Package":"github.com/JDinSeattle/forge-runtime/internal/provider","Test":"FuzzToolArgumentDecoderIsUnambiguousAndBounded/seed#5","Elapsed":0}
{"Time":"2026-09-11T15:21:21.02799982-07:00","Action":"run","Package":"github.com/JDinSeattle/forge-runtime/internal/provider","Test":"FuzzToolArgumentDecoderIsUnambiguousAndBounded/seed#6"}
{"Time":"2026-09-11T15:21:21.028002739-07:00","Action":"output","Package":"github.com/JDinSeattle/forge-runtime/internal/provider","Test":"FuzzToolArgumentDecoderIsUnambiguousAndBounded/seed#6","Output":"=== RUN   FuzzToolArgumentDecoderIsUnambiguousAndBounded/seed#6\n"}
{"Time":"2026-09-11T15:21:21.028024527-07:00","Action":"output","Package":"github.com/JDinSeattle/forge-runtime/internal/provider","Test":"FuzzToolArgumentDecoderIsUnambiguousAndBounded/seed#6","Output":"--- PASS: FuzzToolArgumentDecoderIsUnambiguousAndBounded/seed#6 (0.00s)\n"}
{"Time":"2026-09-11T15:21:21.028032536-07:00","Action":"pass","Package":"github.com/JDinSeattle/forge-runtime/internal/provider","Test":"FuzzToolArgumentDecoderIsUnambiguousAndBounded/seed#6","Elapsed":0}
{"Time":"2026-09-11T15:21:21.028048188-07:00","Action":"run","Package":"github.com/JDinSeattle/forge-runtime/internal/provider","Test":"FuzzToolArgumentDecoderIsUnambiguousAndBounded/seed#7"}
{"Time":"2026-09-11T15:21:21.028050168-07:00","Action":"output","Package":"github.com/JDinSeattle/forge-runtime/internal/provider","Test":"FuzzToolArgumentDecoderIsUnambiguousAndBounded/seed#7","Output":"=== RUN   FuzzToolArgumentDecoderIsUnambiguousAndBounded/seed#7\n"}
{"Time":"2026-09-11T15:21:21.028079608-07:00","Action":"output","Package":"github.com/JDinSeattle/forge-runtime/internal/provider","Test":"FuzzToolArgumentDecoderIsUnambiguousAndBounded/seed#7","Output":"--- PASS: FuzzToolArgumentDecoderIsUnambiguousAndBounded/seed#7 (0.00s)\n"}
{"Time":"2026-09-11T15:21:21.028087647-07:00","Action":"pass","Package":"github.com/JDinSeattle/forge-runtime/internal/provider","Test":"FuzzToolArgumentDecoderIsUnambiguousAndBounded/seed#7","Elapsed":0}
{"Time":"2026-09-11T15:21:21.028101866-07:00","Action":"run","Package":"github.com/JDinSeattle/forge-runtime/internal/provider","Test":"FuzzToolArgumentDecoderIsUnambiguousAndBounded/seed#8"}
{"Time":"2026-09-11T15:21:21.028103773-07:00","Action":"output","Package":"github.com/JDinSeattle/forge-runtime/internal/provider","Test":"FuzzToolArgumentDecoderIsUnambiguousAndBounded/seed#8","Output":"=== RUN   FuzzToolArgumentDecoderIsUnambiguousAndBounded/seed#8\n"}
{"Time":"2026-09-11T15:21:21.028128254-07:00","Action":"output","Package":"github.com/JDinSeattle/forge-runtime/internal/provider","Test":"FuzzToolArgumentDecoderIsUnambiguousAndBounded/seed#8","Output":"--- PASS: FuzzToolArgumentDecoderIsUnambiguousAndBounded/seed#8 (0.00s)\n"}
{"Time":"2026-09-11T15:21:21.028135515-07:00","Action":"pass","Package":"github.com/JDinSeattle/forge-runtime/internal/provider","Test":"FuzzToolArgumentDecoderIsUnambiguousAndBounded/seed#8","Elapsed":0}
{"Time":"2026-09-11T15:21:21.028152747-07:00","Action":"run","Package":"github.com/JDinSeattle/forge-runtime/internal/provider","Test":"FuzzToolArgumentDecoderIsUnambiguousAndBounded/seed#9"}
{"Time":"2026-09-11T15:21:21.028156198-07:00","Action":"output","Package":"github.com/JDinSeattle/forge-runtime/internal/provider","Test":"FuzzToolArgumentDecoderIsUnambiguousAndBounded/seed#9","Output":"=== RUN   FuzzToolArgumentDecoderIsUnambiguousAndBounded/seed#9\n"}
{"Time":"2026-09-11T15:21:21.028276672-07:00","Action":"output","Package":"github.com/JDinSeattle/forge-runtime/internal/provider","Test":"FuzzToolArgumentDecoderIsUnambiguousAndBounded/seed#9","Output":"--- PASS: FuzzToolArgumentDecoderIsUnambiguousAndBounded/seed#9 (0.00s)\n"}
{"Time":"2026-09-11T15:21:21.028283999-07:00","Action":"pass","Package":"github.com/JDinSeattle/forge-runtime/internal/provider","Test":"FuzzToolArgumentDecoderIsUnambiguousAndBounded/seed#9","Elapsed":0}
{"Time":"2026-09-11T15:21:21.02830236-07:00","Action":"output","Package":"github.com/JDinSeattle/forge-runtime/internal/provider","Test":"FuzzToolArgumentDecoderIsUnambiguousAndBounded","Output":"--- PASS: FuzzToolArgumentDecoderIsUnambiguousAndBounded (0.00s)\n"}
{"Time":"2026-09-11T15:21:21.028313892-07:00","Action":"pass","Package":"github.com/JDinSeattle/forge-runtime/internal/provider","Test":"FuzzToolArgumentDecoderIsUnambiguousAndBounded","Elapsed":0}
{"Time":"2026-09-11T15:21:21.028326285-07:00","Action":"output","Package":"github.com/JDinSeattle/forge-runtime/internal/provider","Output":"PASS\n"}
{"Time":"2026-09-11T15:21:21.02914582-07:00","Action":"output","Package":"github.com/JDinSeattle/forge-runtime/internal/telemetry","Test":"TestPanicEndsSpanWithoutRecordingPayload","Output":"--- PASS: TestPanicEndsSpanWithoutRecordingPayload (0.00s)\n"}
{"Time":"2026-09-11T15:21:21.029164315-07:00","Action":"pass","Package":"github.com/JDinSeattle/forge-runtime/internal/telemetry","Test":"TestPanicEndsSpanWithoutRecordingPayload","Elapsed":0}
{"Time":"2026-09-11T15:21:21.029167438-07:00","Action":"run","Package":"github.com/JDinSeattle/forge-runtime/internal/telemetry","Test":"TestSetupIsolationAndInvalidTraceparent"}
{"Time":"2026-09-11T15:21:21.029169109-07:00","Action":"output","Package":"github.com/JDinSeattle/forge-runtime/internal/telemetry","Test":"TestSetupIsolationAndInvalidTraceparent","Output":"=== RUN   TestSetupIsolationAndInvalidTraceparent\n"}
{"Time":"2026-09-11T15:21:21.032743222-07:00","Action":"output","Package":"github.com/JDinSeattle/forge-runtime/internal/telemetry","Test":"TestSetupIsolationAndInvalidTraceparent","Output":"--- PASS: TestSetupIsolationAndInvalidTraceparent (0.00s)\n"}
{"Time":"2026-09-11T15:21:21.032865028-07:00","Action":"pass","Package":"github.com/JDinSeattle/forge-runtime/internal/telemetry","Test":"TestSetupIsolationAndInvalidTraceparent","Elapsed":0}
{"Time":"2026-09-11T15:21:21.032894821-07:00","Action":"run","Package":"github.com/JDinSeattle/forge-runtime/internal/telemetry","Test":"TestOperationalSnapshotsAndSSECleanup"}
{"Time":"2026-09-11T15:21:21.032899014-07:00","Action":"output","Package":"github.com/JDinSeattle/forge-runtime/internal/telemetry","Test":"TestOperationalSnapshotsAndSSECleanup","Output":"=== RUN   TestOperationalSnapshotsAndSSECleanup\n"}
{"Time":"2026-09-11T15:21:21.034491285-07:00","Action":"output","Package":"github.com/JDinSeattle/forge-runtime/internal/telemetry","Test":"TestOperationalSnapshotsAndSSECleanup","Output":"--- PASS: TestOperationalSnapshotsAndSSECleanup (0.00s)\n"}
{"Time":"2026-09-11T15:21:21.034523139-07:00","Action":"pass","Package":"github.com/JDinSeattle/forge-runtime/internal/telemetry","Test":"TestOperationalSnapshotsAndSSECleanup","Elapsed":0}
{"Time":"2026-09-11T15:21:21.034527527-07:00","Action":"output","Package":"github.com/JDinSeattle/forge-runtime/internal/telemetry","Output":"PASS\n"}
{"Time":"2026-09-11T15:21:21.038069627-07:00","Action":"output","Package":"github.com/JDinSeattle/forge-runtime/tests/client","Test":"TestSchemaRejectsMalformedBudgetsAndUnknownRequestProperties","Output":"--- PASS: TestSchemaRejectsMalformedBudgetsAndUnknownRequestProperties (0.01s)\n"}
{"Time":"2026-09-11T15:21:21.038106139-07:00","Action":"pass","Package":"github.com/JDinSeattle/forge-runtime/tests/client","Test":"TestSchemaRejectsMalformedBudgetsAndUnknownRequestProperties","Elapsed":0.01}
{"Time":"2026-09-11T15:21:21.038112733-07:00","Action":"run","Package":"github.com/JDinSeattle/forge-runtime/tests/client","Test":"TestEveryHTTPRouteHasMatchingContractOperation"}
{"Time":"2026-09-11T15:21:21.038114791-07:00","Action":"output","Package":"github.com/JDinSeattle/forge-runtime/tests/client","Test":"TestEveryHTTPRouteHasMatchingContractOperation","Output":"=== RUN   TestEveryHTTPRouteHasMatchingContractOperation\n"}
{"Time":"2026-09-11T15:21:21.038770383-07:00","Action":"output","Package":"github.com/JDinSeattle/forge-runtime/internal/eventstream","Test":"TestResetDetachesHubBeforeNotification/source-reset","Output":"--- PASS: TestResetDetachesHubBeforeNotification/source-reset (0.03s)\n"}
{"Time":"2026-09-11T15:21:21.038783049-07:00","Action":"pass","Package":"github.com/JDinSeattle/forge-runtime/internal/eventstream","Test":"TestResetDetachesHubBeforeNotification/source-reset","Elapsed":0.03}
{"Time":"2026-09-11T15:21:21.038816996-07:00","Action":"output","Package":"github.com/JDinSeattle/forge-runtime/internal/eventstream","Test":"TestResetDetachesHubBeforeNotification","Output":"--- PASS: TestResetDetachesHubBeforeNotification (0.07s)\n"}
{"Time":"2026-09-11T15:21:21.038826878-07:00","Action":"pass","Package":"github.com/JDinSeattle/forge-runtime/internal/eventstream","Test":"TestResetDetachesHubBeforeNotification","Elapsed":0.07}
{"Time":"2026-09-11T15:21:21.038842394-07:00","Action":"output","Package":"github.com/JDinSeattle/forge-runtime/internal/eventstream","Output":"PASS\n"}
{"Time":"2026-09-11T15:21:21.053351845-07:00","Action":"output","Package":"github.com/JDinSeattle/forge-runtime/tests/client","Test":"TestEveryHTTPRouteHasMatchingContractOperation","Output":"--- PASS: TestEveryHTTPRouteHasMatchingContractOperation (0.02s)\n"}
{"Time":"2026-09-11T15:21:21.053455201-07:00","Action":"pass","Package":"github.com/JDinSeattle/forge-runtime/tests/client","Test":"TestEveryHTTPRouteHasMatchingContractOperation","Elapsed":0.02}
{"Time":"2026-09-11T15:21:21.053462985-07:00","Action":"run","Package":"github.com/JDinSeattle/forge-runtime/tests/client","Test":"TestActualUnauthenticatedFailureHasTypedErrorContract"}
{"Time":"2026-09-11T15:21:21.053465162-07:00","Action":"output","Package":"github.com/JDinSeattle/forge-runtime/tests/client","Test":"TestActualUnauthenticatedFailureHasTypedErrorContract","Output":"=== RUN   TestActualUnauthenticatedFailureHasTypedErrorContract\n"}
{"Time":"2026-09-11T15:21:21.06287918-07:00","Action":"output","Package":"github.com/JDinSeattle/forge-runtime/internal/runnerclient","Test":"TestUDSContractAndPermissions","Output":"--- PASS: TestUDSContractAndPermissions (0.09s)\n"}
{"Time":"2026-09-11T15:21:21.062916907-07:00","Action":"pass","Package":"github.com/JDinSeattle/forge-runtime/internal/runnerclient","Test":"TestUDSContractAndPermissions","Elapsed":0.09}
{"Time":"2026-09-11T15:21:21.062928011-07:00","Action":"run","Package":"github.com/JDinSeattle/forge-runtime/internal/runnerclient","Test":"TestStartTimeoutInspectsSameIDWithoutResubmission"}
{"Time":"2026-09-11T15:21:21.062931331-07:00","Action":"output","Package":"github.com/JDinSeattle/forge-runtime/internal/runnerclient","Test":"TestStartTimeoutInspectsSameIDWithoutResubmission","Output":"=== RUN   TestStartTimeoutInspectsSameIDWithoutResubmission\n"}
{"Time":"2026-09-11T15:21:21.062935289-07:00","Action":"run","Package":"github.com/JDinSeattle/forge-runtime/internal/runnerclient","Test":"TestStartTimeoutInspectsSameIDWithoutResubmission/accepted"}
{"Time":"2026-09-11T15:21:21.062937945-07:00","Action":"output","Package":"github.com/JDinSeattle/forge-runtime/internal/runnerclient","Test":"TestStartTimeoutInspectsSameIDWithoutResubmission/accepted","Output":"=== RUN   TestStartTimeoutInspectsSameIDWithoutResubmission/accepted\n"}
{"Time":"2026-09-11T15:21:21.070447171-07:00","Action":"output","Package":"github.com/JDinSeattle/forge-runtime/tests/client","Test":"TestActualUnauthenticatedFailureHasTypedErrorContract","Output":"--- PASS: TestActualUnauthenticatedFailureHasTypedErrorContract (0.02s)\n"}
{"Time":"2026-09-11T15:21:21.07049167-07:00","Action":"pass","Package":"github.com/JDinSeattle/forge-runtime/tests/client","Test":"TestActualUnauthenticatedFailureHasTypedErrorContract","Elapsed":0.02}
{"Time":"2026-09-11T15:21:21.070500144-07:00","Action":"output","Package":"github.com/JDinSeattle/forge-runtime/tests/client","Output":"PASS\n"}
{"Time":"2026-09-11T15:21:21.07766471-07:00","Action":"output","Package":"github.com/JDinSeattle/forge-runtime/internal/dependency","Test":"TestTransactionOperationPreservesDeadlineCause","Output":"--- PASS: TestTransactionOperationPreservesDeadlineCause (0.11s)\n"}
{"Time":"2026-09-11T15:21:21.077697254-07:00","Action":"pass","Package":"github.com/JDinSeattle/forge-runtime/internal/dependency","Test":"TestTransactionOperationPreservesDeadlineCause","Elapsed":0.11}
{"Time":"2026-09-11T15:21:21.077707312-07:00","Action":"run","Package":"github.com/JDinSeattle/forge-runtime/internal/dependency","Test":"TestTransactionOperationPropagatesExplicitCancellation"}
{"Time":"2026-09-11T15:21:21.077711038-07:00","Action":"output","Package":"github.com/JDinSeattle/forge-runtime/internal/dependency","Test":"TestTransactionOperationPropagatesExplicitCancellation","Output":"=== RUN   TestTransactionOperationPropagatesExplicitCancellation\n"}
{"Time":"2026-09-11T15:21:21.077874106-07:00","Action":"output","Package":"github.com/JDinSeattle/forge-runtime/internal/dependency","Test":"TestTransactionOperationPropagatesExplicitCancellation","Output":"--- PASS: TestTransactionOperationPropagatesExplicitCancellation (0.00s)\n"}
{"Time":"2026-09-11T15:21:21.077899066-07:00","Action":"pass","Package":"github.com/JDinSeattle/forge-runtime/internal/dependency","Test":"TestTransactionOperationPropagatesExplicitCancellation","Elapsed":0}
{"Time":"2026-09-11T15:21:21.077921582-07:00","Action":"output","Package":"github.com/JDinSeattle/forge-runtime/internal/dependency","Output":"PASS\n"}
{"Time":"2026-09-11T15:21:21.114014412-07:00","Action":"output","Package":"github.com/JDinSeattle/forge-runtime/internal/artifact","Test":"TestPublicationLockSurvivesAcrossProcessesAndReleasesOnDeath","Output":"--- PASS: TestPublicationLockSurvivesAcrossProcessesAndReleasesOnDeath (0.18s)\n"}
{"Time":"2026-09-11T15:21:21.11404862-07:00","Action":"pass","Package":"github.com/JDinSeattle/forge-runtime/internal/artifact","Test":"TestPublicationLockSurvivesAcrossProcessesAndReleasesOnDeath","Elapsed":0.18}
{"Time":"2026-09-11T15:21:21.114058068-07:00","Action":"output","Package":"github.com/JDinSeattle/forge-runtime/internal/artifact","Output":"PASS\n"}
{"Time":"2026-09-11T15:21:21.115320897-07:00","Action":"output","Package":"github.com/JDinSeattle/forge-runtime/internal/runnerclient","Test":"TestStartTimeoutInspectsSameIDWithoutResubmission/accepted","Output":"--- PASS: TestStartTimeoutInspectsSameIDWithoutResubmission/accepted (0.05s)\n"}
{"Time":"2026-09-11T15:21:21.11534624-07:00","Action":"pass","Package":"github.com/JDinSeattle/forge-runtime/internal/runnerclient","Test":"TestStartTimeoutInspectsSameIDWithoutResubmission/accepted","Elapsed":0.05}
{"Time":"2026-09-11T15:21:21.115353984-07:00","Action":"run","Package":"github.com/JDinSeattle/forge-runtime/internal/runnerclient","Test":"TestStartTimeoutInspectsSameIDWithoutResubmission/unknown"}
{"Time":"2026-09-11T15:21:21.115357752-07:00","Action":"output","Package":"github.com/JDinSeattle/forge-runtime/internal/runnerclient","Test":"TestStartTimeoutInspectsSameIDWithoutResubmission/unknown","Output":"=== RUN   TestStartTimeoutInspectsSameIDWithoutResubmission/unknown\n"}
{"Time":"2026-09-11T15:21:21.168657774-07:00","Action":"output","Package":"github.com/JDinSeattle/forge-runtime/internal/runnerclient","Test":"TestStartTimeoutInspectsSameIDWithoutResubmission/unknown","Output":"--- PASS: TestStartTimeoutInspectsSameIDWithoutResubmission/unknown (0.05s)\n"}
{"Time":"2026-09-11T15:21:21.168692125-07:00","Action":"pass","Package":"github.com/JDinSeattle/forge-runtime/internal/runnerclient","Test":"TestStartTimeoutInspectsSameIDWithoutResubmission/unknown","Elapsed":0.05}
{"Time":"2026-09-11T15:21:21.168705789-07:00","Action":"output","Package":"github.com/JDinSeattle/forge-runtime/internal/runnerclient","Test":"TestStartTimeoutInspectsSameIDWithoutResubmission","Output":"--- PASS: TestStartTimeoutInspectsSameIDWithoutResubmission (0.11s)\n"}
{"Time":"2026-09-11T15:21:21.168710296-07:00","Action":"pass","Package":"github.com/JDinSeattle/forge-runtime/internal/runnerclient","Test":"TestStartTimeoutInspectsSameIDWithoutResubmission","Elapsed":0.11}
{"Time":"2026-09-11T15:21:21.168715187-07:00","Action":"run","Package":"github.com/JDinSeattle/forge-runtime/internal/runnerclient","Test":"TestRemoteRequiresVerifiedMutualIdentity"}
{"Time":"2026-09-11T15:21:21.168718065-07:00","Action":"output","Package":"github.com/JDinSeattle/forge-runtime/internal/runnerclient","Test":"TestRemoteRequiresVerifiedMutualIdentity","Output":"=== RUN   TestRemoteRequiresVerifiedMutualIdentity\n"}
{"Time":"2026-09-11T15:21:21.173880049-07:00","Action":"output","Package":"github.com/JDinSeattle/forge-runtime/internal/retention","Test":"TestJournalReferenceReaderProtectsOldReceiptsAndNewPinsFailsClosed","Output":"--- PASS: TestJournalReferenceReaderProtectsOldReceiptsAndNewPinsFailsClosed (0.20s)\n"}
{"Time":"2026-09-11T15:21:21.173912309-07:00","Action":"pass","Package":"github.com/JDinSeattle/forge-runtime/internal/retention","Test":"TestJournalReferenceReaderProtectsOldReceiptsAndNewPinsFailsClosed","Elapsed":0.2}
{"Time":"2026-09-11T15:21:21.173920732-07:00","Action":"run","Package":"github.com/JDinSeattle/forge-runtime/internal/retention","Test":"TestCrossStoreOrphanCollectionPublicationRaces"}
{"Time":"2026-09-11T15:21:21.173924191-07:00","Action":"output","Package":"github.com/JDinSeattle/forge-runtime/internal/retention","Test":"TestCrossStoreOrphanCollectionPublicationRaces","Output":"=== RUN   TestCrossStoreOrphanCollectionPublicationRaces\n"}
{"Time":"2026-09-11T15:21:21.236717775-07:00","Action":"output","Package":"github.com/JDinSeattle/forge-runtime/benchmarks","Output":"ok  \tgithub.com/JDinSeattle/forge-runtime/benchmarks\t1.036s\n"}
{"Time":"2026-09-11T15:21:21.236756009-07:00","Action":"pass","Package":"github.com/JDinSeattle/forge-runtime/benchmarks","Elapsed":1.036}
{"Time":"2026-09-11T15:21:21.241160971-07:00","Action":"output","Package":"github.com/JDinSeattle/forge-runtime/cmd/forge-runner","Output":"ok  \tgithub.com/JDinSeattle/forge-runtime/cmd/forge-runner\t1.040s\n"}
{"Time":"2026-09-11T15:21:21.241195811-07:00","Action":"pass","Package":"github.com/JDinSeattle/forge-runtime/cmd/forge-runner","Elapsed":1.041}
{"Time":"2026-09-11T15:21:21.401030481-07:00","Action":"output","Package":"github.com/JDinSeattle/forge-runtime/internal/quota","Test":"TestSharedBudgetsAcrossTenantsAndIndependentPools","Output":"--- PASS: TestSharedBudgetsAcrossTenantsAndIndependentPools (0.44s)\n"}
{"Time":"2026-09-11T15:21:21.401063532-07:00","Action":"pass","Package":"github.com/JDinSeattle/forge-runtime/internal/quota","Test":"TestSharedBudgetsAcrossTenantsAndIndependentPools","Elapsed":0.44}
{"Time":"2026-09-11T15:21:21.401071444-07:00","Action":"run","Package":"github.com/JDinSeattle/forge-runtime/internal/quota","Test":"TestGlobalAdmissionAndIdempotencyAcrossStoreInstances"}
{"Time":"2026-09-11T15:21:21.401074864-07:00","Action":"output","Package":"github.com/JDinSeattle/forge-runtime/internal/quota","Test":"TestGlobalAdmissionAndIdempotencyAcrossStoreInstances","Output":"=== RUN   TestGlobalAdmissionAndIdempotencyAcrossStoreInstances\n"}
{"Time":"2026-09-11T15:21:21.435400246-07:00","Action":"output","Package":"github.com/JDinSeattle/forge-runtime/tests/review","Test":"TestReviewFixedRunnerClaimAndTakeoverRemainOnAssignedTransport","Output":"--- PASS: TestReviewFixedRunnerClaimAndTakeoverRemainOnAssignedTransport (0.45s)\n"}
{"Time":"2026-09-11T15:21:21.435425274-07:00","Action":"pass","Package":"github.com/JDinSeattle/forge-runtime/tests/review","Test":"TestReviewFixedRunnerClaimAndTakeoverRemainOnAssignedTransport","Elapsed":0.45}
{"Time":"2026-09-11T15:21:21.435433403-07:00","Action":"run","Package":"github.com/JDinSeattle/forge-runtime/tests/review","Test":"TestReviewFailedVerifierDiagnosticsEnableNextRepair"}
{"Time":"2026-09-11T15:21:21.435434916-07:00","Action":"output","Package":"github.com/JDinSeattle/forge-runtime/tests/review","Test":"TestReviewFailedVerifierDiagnosticsEnableNextRepair","Output":"=== RUN   TestReviewFailedVerifierDiagnosticsEnableNextRepair\n"}
{"Time":"2026-09-11T15:21:21.435437279-07:00","Action":"run","Package":"github.com/JDinSeattle/forge-runtime/tests/review","Test":"TestReviewFailedVerifierDiagnosticsEnableNextRepair/native_false"}
{"Time":"2026-09-11T15:21:21.435438685-07:00","Action":"output","Package":"github.com/JDinSeattle/forge-runtime/tests/review","Test":"TestReviewFailedVerifierDiagnosticsEnableNextRepair/native_false","Output":"=== RUN   TestReviewFailedVerifierDiagnosticsEnableNextRepair/native_false\n"}
{"Time":"2026-09-11T15:21:21.476569068-07:00","Action":"output","Package":"github.com/JDinSeattle/forge-runtime/internal/runner","Test":"TestConcurrentIdempotentPatchWritesExactlyOnce","Output":"--- PASS: TestConcurrentIdempotentPatchWritesExactlyOnce (0.51s)\n"}
{"Time":"2026-09-11T15:21:21.476592193-07:00","Action":"pass","Package":"github.com/JDinSeattle/forge-runtime/internal/runner","Test":"TestConcurrentIdempotentPatchWritesExactlyOnce","Elapsed":0.51}
{"Time":"2026-09-11T15:21:21.476597986-07:00","Action":"run","Package":"github.com/JDinSeattle/forge-runtime/internal/runner","Test":"TestAppliedPatchReceiptWindowRecoversWithoutReplay"}
{"Time":"2026-09-11T15:21:21.47659947-07:00","Action":"output","Package":"github.com/JDinSeattle/forge-runtime/internal/runner","Test":"TestAppliedPatchReceiptWindowRecoversWithoutReplay","Output":"=== RUN   TestAppliedPatchReceiptWindowRecoversWithoutReplay\n"}
{"Time":"2026-09-11T15:21:21.499530048-07:00","Action":"output","Package":"github.com/JDinSeattle/forge-runtime/internal/persistence","Test":"TestSnapshotHeaderSQLUnicodeFoldRemainsComplete","Output":"--- PASS: TestSnapshotHeaderSQLUnicodeFoldRemainsComplete (0.53s)\n"}
{"Time":"2026-09-11T15:21:21.499554177-07:00","Action":"pass","Package":"github.com/JDinSeattle/forge-runtime/internal/persistence","Test":"TestSnapshotHeaderSQLUnicodeFoldRemainsComplete","Elapsed":0.53}
{"Time":"2026-09-11T15:21:21.499558701-07:00","Action":"run","Package":"github.com/JDinSeattle/forge-runtime/internal/persistence","Test":"TestSnapshotHeaderRejectsAmbiguousMembers"}
{"Time":"2026-09-11T15:21:21.499560116-07:00","Action":"output","Package":"github.com/JDinSeattle/forge-runtime/internal/persistence","Test":"TestSnapshotHeaderRejectsAmbiguousMembers","Output":"=== RUN   TestSnapshotHeaderRejectsAmbiguousMembers\n"}
{"Time":"2026-09-11T15:21:21.499682339-07:00","Action":"output","Package":"github.com/JDinSeattle/forge-runtime/internal/persistence","Test":"TestSnapshotHeaderRejectsAmbiguousMembers","Output":"--- PASS: TestSnapshotHeaderRejectsAmbiguousMembers (0.00s)\n"}
{"Time":"2026-09-11T15:21:21.499693219-07:00","Action":"pass","Package":"github.com/JDinSeattle/forge-runtime/internal/persistence","Test":"TestSnapshotHeaderRejectsAmbiguousMembers","Elapsed":0}
{"Time":"2026-09-11T15:21:21.499721289-07:00","Action":"run","Package":"github.com/JDinSeattle/forge-runtime/internal/persistence","Test":"TestConcurrentSubmitAndCursor"}
{"Time":"2026-09-11T15:21:21.499723562-07:00","Action":"output","Package":"github.com/JDinSeattle/forge-runtime/internal/persistence","Test":"TestConcurrentSubmitAndCursor","Output":"=== RUN   TestConcurrentSubmitAndCursor\n"}
{"Time":"2026-09-11T15:21:21.522658281-07:00","Action":"output","Package":"github.com/JDinSeattle/forge-runtime/cmd/forge","Output":"ok  \tgithub.com/JDinSeattle/forge-runtime/cmd/forge\t1.322s\n"}
{"Time":"2026-09-11T15:21:21.522697574-07:00","Action":"pass","Package":"github.com/JDinSeattle/forge-runtime/cmd/forge","Elapsed":1.322}
{"Time":"2026-09-11T15:21:21.83368979-07:00","Action":"output","Package":"github.com/JDinSeattle/forge-runtime/internal/runnerclient","Test":"TestRemoteRequiresVerifiedMutualIdentity","Output":"--- PASS: TestRemoteRequiresVerifiedMutualIdentity (0.66s)\n"}
{"Time":"2026-09-11T15:21:21.833747197-07:00","Action":"pass","Package":"github.com/JDinSeattle/forge-runtime/internal/runnerclient","Test":"TestRemoteRequiresVerifiedMutualIdentity","Elapsed":0.66}
{"Time":"2026-09-11T15:21:21.833759996-07:00","Action":"run","Package":"github.com/JDinSeattle/forge-runtime/internal/runnerclient","Test":"TestOversizedResultUsesDurableReceiptReference"}
{"Time":"2026-09-11T15:21:21.833764889-07:00","Action":"output","Package":"github.com/JDinSeattle/forge-runtime/internal/runnerclient","Test":"TestOversizedResultUsesDurableReceiptReference","Output":"=== RUN   TestOversizedResultUsesDurableReceiptReference\n"}
{"Time":"2026-09-11T15:21:21.844158976-07:00","Action":"output","Package":"github.com/JDinSeattle/forge-runtime/internal/runnerclient","Test":"TestOversizedResultUsesDurableReceiptReference","Output":"--- PASS: TestOversizedResultUsesDurableReceiptReference (0.01s)\n"}
{"Time":"2026-09-11T15:21:21.844221006-07:00","Action":"pass","Package":"github.com/JDinSeattle/forge-runtime/internal/runnerclient","Test":"TestOversizedResultUsesDurableReceiptReference","Elapsed":0.01}
{"Time":"2026-09-11T15:21:21.844234024-07:00","Action":"output","Package":"github.com/JDinSeattle/forge-runtime/internal/runnerclient","Output":"PASS\n"}
{"Time":"2026-09-11T15:21:21.870556376-07:00","Action":"output","Package":"github.com/JDinSeattle/forge-runtime/internal/application","Test":"TestPrepareCapacityRequeuesAtomically","Output":"    capacity_integration_test.go:172: capacity_requeue snapshot={\"kind\":\"capacity_rejected\",\"expected_version\":4,\"owner\":\"retry-worker\",\"epoch\":2,\"at\":\"2026-09-11T15:21:21.854462-07:00\",\"not_before\":\"2026-09-11T15:21:22.854462-07:00\"} allocation_state=released runner=runner workspace=run_HWJXPPGFWMQPNCEPIPSXYYM5Q2\n"}
{"Time":"2026-09-11T15:21:21.917829303-07:00","Action":"output","Package":"github.com/JDinSeattle/forge-runtime/internal/persistence","Test":"TestConcurrentSubmitAndCursor","Output":"--- PASS: TestConcurrentSubmitAndCursor (0.42s)\n"}
{"Time":"2026-09-11T15:21:21.917852552-07:00","Action":"pass","Package":"github.com/JDinSeattle/forge-runtime/internal/persistence","Test":"TestConcurrentSubmitAndCursor","Elapsed":0.42}
{"Time":"2026-09-11T15:21:21.917856598-07:00","Action":"run","Package":"github.com/JDinSeattle/forge-runtime/internal/persistence","Test":"TestClaimFencingAndCapacity"}
{"Time":"2026-09-11T15:21:21.917857924-07:00","Action":"output","Package":"github.com/JDinSeattle/forge-runtime/internal/persistence","Test":"TestClaimFencingAndCapacity","Output":"=== RUN   TestClaimFencingAndCapacity\n"}
{"Time":"2026-09-11T15:21:21.962324296-07:00","Action":"output","Package":"github.com/JDinSeattle/forge-runtime/internal/domain","Output":"ok  \tgithub.com/JDinSeattle/forge-runtime/internal/domain\t1.013s\n"}
{"Time":"2026-09-11T15:21:21.962373873-07:00","Action":"pass","Package":"github.com/JDinSeattle/forge-runtime/internal/domain","Elapsed":1.013}
{"Time":"2026-09-11T15:21:21.976944642-07:00","Action":"output","Package":"github.com/JDinSeattle/forge-runtime/internal/runtime","Output":"ok  \tgithub.com/JDinSeattle/forge-runtime/internal/runtime\t1.026s\n"}
{"Time":"2026-09-11T15:21:21.976999381-07:00","Action":"pass","Package":"github.com/JDinSeattle/forge-runtime/internal/runtime","Elapsed":1.026}
{"Time":"2026-09-11T15:21:21.984673115-07:00","Action":"output","Package":"github.com/JDinSeattle/forge-runtime/internal/sandbox","Output":"ok  \tgithub.com/JDinSeattle/forge-runtime/internal/sandbox\t1.034s\n"}
{"Time":"2026-09-11T15:21:21.984708669-07:00","Action":"pass","Package":"github.com/JDinSeattle/forge-runtime/internal/sandbox","Elapsed":1.034}
{"Time":"2026-09-11T15:21:21.98983319-07:00","Action":"output","Package":"github.com/JDinSeattle/forge-runtime/internal/configuration","Output":"ok  \tgithub.com/JDinSeattle/forge-runtime/internal/configuration\t1.040s\n"}
{"Time":"2026-09-11T15:21:21.989877628-07:00","Action":"pass","Package":"github.com/JDinSeattle/forge-runtime/internal/configuration","Elapsed":1.04}
{"Time":"2026-09-11T15:21:22.00171848-07:00","Action":"output","Package":"github.com/JDinSeattle/forge-runtime/scripts/faults/application","Output":"ok  \tgithub.com/JDinSeattle/forge-runtime/scripts/faults/application\t1.051s\n"}
{"Time":"2026-09-11T15:21:22.001781666-07:00","Action":"pass","Package":"github.com/JDinSeattle/forge-runtime/scripts/faults/application","Elapsed":1.051}
{"Time":"2026-09-11T15:21:22.001955411-07:00","Action":"output","Package":"github.com/JDinSeattle/forge-runtime/internal/localsetup","Output":"ok  \tgithub.com/JDinSeattle/forge-runtime/internal/localsetup\t1.052s\n"}
{"Time":"2026-09-11T15:21:22.002049271-07:00","Action":"pass","Package":"github.com/JDinSeattle/forge-runtime/internal/localsetup","Elapsed":1.052}
{"Time":"2026-09-11T15:21:22.029487574-07:00","Action":"output","Package":"github.com/JDinSeattle/forge-runtime/internal/runner","Test":"TestAppliedPatchReceiptWindowRecoversWithoutReplay","Output":"--- PASS: TestAppliedPatchReceiptWindowRecoversWithoutReplay (0.55s)\n"}
{"Time":"2026-09-11T15:21:22.029564775-07:00","Action":"pass","Package":"github.com/JDinSeattle/forge-runtime/internal/runner","Test":"TestAppliedPatchReceiptWindowRecoversWithoutReplay","Elapsed":0.55}
{"Time":"2026-09-11T15:21:22.02958123-07:00","Action":"run","Package":"github.com/JDinSeattle/forge-runtime/internal/runner","Test":"TestPartialMultiFilePatchRemainsUnknownAndBlocksAdoption"}
{"Time":"2026-09-11T15:21:22.029588937-07:00","Action":"output","Package":"github.com/JDinSeattle/forge-runtime/internal/runner","Test":"TestPartialMultiFilePatchRemainsUnknownAndBlocksAdoption","Output":"=== RUN   TestPartialMultiFilePatchRemainsUnknownAndBlocksAdoption\n"}
{"Time":"2026-09-11T15:21:22.035160797-07:00","Action":"output","Package":"github.com/JDinSeattle/forge-runtime/internal/provider","Output":"ok  \tgithub.com/JDinSeattle/forge-runtime/internal/provider\t1.085s\n"}
{"Time":"2026-09-11T15:21:22.035236802-07:00","Action":"pass","Package":"github.com/JDinSeattle/forge-runtime/internal/provider","Elapsed":1.085}
{"Time":"2026-09-11T15:21:22.040335343-07:00","Action":"output","Package":"github.com/JDinSeattle/forge-runtime/internal/telemetry","Output":"ok  \tgithub.com/JDinSeattle/forge-runtime/internal/telemetry\t1.089s\n"}
{"Time":"2026-09-11T15:21:22.040352545-07:00","Action":"pass","Package":"github.com/JDinSeattle/forge-runtime/internal/telemetry","Elapsed":1.09}
{"Time":"2026-09-11T15:21:22.041245109-07:00","Action":"output","Package":"github.com/JDinSeattle/forge-runtime/internal/eventstream","Output":"ok  \tgithub.com/JDinSeattle/forge-runtime/internal/eventstream\t1.091s\n"}
{"Time":"2026-09-11T15:21:22.041268313-07:00","Action":"pass","Package":"github.com/JDinSeattle/forge-runtime/internal/eventstream","Elapsed":1.091}
{"Time":"2026-09-11T15:21:22.072488121-07:00","Action":"output","Package":"github.com/JDinSeattle/forge-runtime/tests/client","Output":"ok  \tgithub.com/JDinSeattle/forge-runtime/tests/client\t1.121s\n"}
{"Time":"2026-09-11T15:21:22.072515532-07:00","Action":"pass","Package":"github.com/JDinSeattle/forge-runtime/tests/client","Elapsed":1.121}
{"Time":"2026-09-11T15:21:22.079215744-07:00","Action":"output","Package":"github.com/JDinSeattle/forge-runtime/internal/dependency","Output":"ok  \tgithub.com/JDinSeattle/forge-runtime/internal/dependency\t1.130s\n"}
{"Time":"2026-09-11T15:21:22.079233831-07:00","Action":"pass","Package":"github.com/JDinSeattle/forge-runtime/internal/dependency","Elapsed":1.13}
{"Time":"2026-09-11T15:21:22.079303177-07:00","Action":"output","Package":"github.com/JDinSeattle/forge-runtime/internal/quota","Test":"TestGlobalAdmissionAndIdempotencyAcrossStoreInstances","Output":"--- PASS: TestGlobalAdmissionAndIdempotencyAcrossStoreInstances (0.68s)\n"}
{"Time":"2026-09-11T15:21:22.079321347-07:00","Action":"pass","Package":"github.com/JDinSeattle/forge-runtime/internal/quota","Test":"TestGlobalAdmissionAndIdempotencyAcrossStoreInstances","Elapsed":0.68}
{"Time":"2026-09-11T15:21:22.079343595-07:00","Action":"run","Package":"github.com/JDinSeattle/forge-runtime/internal/quota","Test":"TestSettlementExactlyOnceAndActualOverage"}
{"Time":"2026-09-11T15:21:22.079345354-07:00","Action":"output","Package":"github.com/JDinSeattle/forge-runtime/internal/quota","Test":"TestSettlementExactlyOnceAndActualOverage","Output":"=== RUN   TestSettlementExactlyOnceAndActualOverage\n"}
{"Time":"2026-09-11T15:21:22.116616122-07:00","Action":"output","Package":"github.com/JDinSeattle/forge-runtime/internal/artifact","Output":"ok  \tgithub.com/JDinSeattle/forge-runtime/internal/artifact\t1.916s\n"}
{"Time":"2026-09-11T15:21:22.116649112-07:00","Action":"pass","Package":"github.com/JDinSeattle/forge-runtime/internal/artifact","Elapsed":1.916}
{"Time":"2026-09-11T15:21:22.24477954-07:00","Action":"output","Package":"github.com/JDinSeattle/forge-runtime/internal/retention","Test":"TestCrossStoreOrphanCollectionPublicationRaces","Output":"    objects_test.go:244: READY refs=2, runner-only refs=1, old orphan deleted=1; both GC/publication orderings preserved consistency\n"}
{"Time":"2026-09-11T15:21:22.283954008-07:00","Action":"output","Package":"github.com/JDinSeattle/forge-runtime/internal/retention","Test":"TestCrossStoreOrphanCollectionPublicationRaces","Output":"--- PASS: TestCrossStoreOrphanCollectionPublicationRaces (1.11s)\n"}
{"Time":"2026-09-11T15:21:22.283982667-07:00","Action":"pass","Package":"github.com/JDinSeattle/forge-runtime/internal/retention","Test":"TestCrossStoreOrphanCollectionPublicationRaces","Elapsed":1.11}
{"Time":"2026-09-11T15:21:22.283988319-07:00","Action":"output","Package":"github.com/JDinSeattle/forge-runtime/internal/retention","Output":"PASS\n"}
{"Time":"2026-09-11T15:21:22.340028302-07:00","Action":"output","Package":"github.com/JDinSeattle/forge-runtime/internal/persistence","Test":"TestClaimFencingAndCapacity","Output":"--- PASS: TestClaimFencingAndCapacity (0.42s)\n"}
{"Time":"2026-09-11T15:21:22.340091299-07:00","Action":"pass","Package":"github.com/JDinSeattle/forge-runtime/internal/persistence","Test":"TestClaimFencingAndCapacity","Elapsed":0.42}
{"Time":"2026-09-11T15:21:22.340112141-07:00","Action":"run","Package":"github.com/JDinSeattle/forge-runtime/internal/persistence","Test":"TestControlAndReadyEvidence"}
{"Time":"2026-09-11T15:21:22.340120537-07:00","Action":"output","Package":"github.com/JDinSeattle/forge-runtime/internal/persistence","Test":"TestControlAndReadyEvidence","Output":"=== RUN   TestControlAndReadyEvidence\n"}
{"Time":"2026-09-11T15:21:22.509878418-07:00","Action":"output","Package":"github.com/JDinSeattle/forge-runtime/internal/runner","Test":"TestPartialMultiFilePatchRemainsUnknownAndBlocksAdoption","Output":"--- PASS: TestPartialMultiFilePatchRemainsUnknownAndBlocksAdoption (0.48s)\n"}
{"Time":"2026-09-11T15:21:22.509927976-07:00","Action":"pass","Package":"github.com/JDinSeattle/forge-runtime/internal/runner","Test":"TestPartialMultiFilePatchRemainsUnknownAndBlocksAdoption","Elapsed":0.48}
{"Time":"2026-09-11T15:21:22.509938058-07:00","Action":"run","Package":"github.com/JDinSeattle/forge-runtime/internal/runner","Test":"TestUnknownStartDoesNotCreateAnotherJob"}
{"Time":"2026-09-11T15:21:22.509943151-07:00","Action":"output","Package":"github.com/JDinSeattle/forge-runtime/internal/runner","Test":"TestUnknownStartDoesNotCreateAnotherJob","Output":"=== RUN   TestUnknownStartDoesNotCreateAnotherJob\n"}
{"Time":"2026-09-11T15:21:22.556967419-07:00","Action":"output","Package":"github.com/JDinSeattle/forge-runtime/internal/quota","Test":"TestSettlementExactlyOnceAndActualOverage","Output":"--- PASS: TestSettlementExactlyOnceAndActualOverage (0.48s)\n"}
{"Time":"2026-09-11T15:21:22.557001591-07:00","Action":"pass","Package":"github.com/JDinSeattle/forge-runtime/internal/quota","Test":"TestSettlementExactlyOnceAndActualOverage","Elapsed":0.48}
{"Time":"2026-09-11T15:21:22.557009559-07:00","Action":"run","Package":"github.com/JDinSeattle/forge-runtime/internal/quota","Test":"TestUnknownRetainsTokenAndCostAcrossExpiryAndWindowRotation"}
{"Time":"2026-09-11T15:21:22.557013281-07:00","Action":"output","Package":"github.com/JDinSeattle/forge-runtime/internal/quota","Test":"TestUnknownRetainsTokenAndCostAcrossExpiryAndWindowRotation","Output":"=== RUN   TestUnknownRetainsTokenAndCostAcrossExpiryAndWindowRotation\n"}
{"Time":"2026-09-11T15:21:22.689868268-07:00","Action":"output","Package":"github.com/JDinSeattle/forge-runtime/internal/persistence","Test":"TestControlAndReadyEvidence","Output":"--- PASS: TestControlAndReadyEvidence (0.35s)\n"}
{"Time":"2026-09-11T15:21:22.689900529-07:00","Action":"pass","Package":"github.com/JDinSeattle/forge-runtime/internal/persistence","Test":"TestControlAndReadyEvidence","Elapsed":0.35}
{"Time":"2026-09-11T15:21:22.689908411-07:00","Action":"run","Package":"github.com/JDinSeattle/forge-runtime/internal/persistence","Test":"TestSubmitWithoutParentPreservesPreRetryIdempotencyHashInput"}
{"Time":"2026-09-11T15:21:22.689912209-07:00","Action":"output","Package":"github.com/JDinSeattle/forge-runtime/internal/persistence","Test":"TestSubmitWithoutParentPreservesPreRetryIdempotencyHashInput","Output":"=== RUN   TestSubmitWithoutParentPreservesPreRetryIdempotencyHashInput\n"}
{"Time":"2026-09-11T15:21:22.689995758-07:00","Action":"output","Package":"github.com/JDinSeattle/forge-runtime/internal/persistence","Test":"TestSubmitWithoutParentPreservesPreRetryIdempotencyHashInput","Output":"--- PASS: TestSubmitWithoutParentPreservesPreRetryIdempotencyHashInput (0.00s)\n"}
{"Time":"2026-09-11T15:21:22.690018912-07:00","Action":"pass","Package":"github.com/JDinSeattle/forge-runtime/internal/persistence","Test":"TestSubmitWithoutParentPreservesPreRetryIdempotencyHashInput","Elapsed":0}
{"Time":"2026-09-11T15:21:22.69002539-07:00","Action":"run","Package":"github.com/JDinSeattle/forge-runtime/internal/persistence","Test":"TestDatabaseDefaultDeadlineReleasesBlockedRead"}
{"Time":"2026-09-11T15:21:22.690029926-07:00","Action":"output","Package":"github.com/JDinSeattle/forge-runtime/internal/persistence","Test":"TestDatabaseDefaultDeadlineReleasesBlockedRead","Output":"=== RUN   TestDatabaseDefaultDeadlineReleasesBlockedRead\n"}
{"Time":"2026-09-11T15:21:22.846877777-07:00","Action":"output","Package":"github.com/JDinSeattle/forge-runtime/internal/runnerclient","Output":"ok  \tgithub.com/JDinSeattle/forge-runtime/internal/runnerclient\t1.896s\n"}
{"Time":"2026-09-11T15:21:22.846905761-07:00","Action":"pass","Package":"github.com/JDinSeattle/forge-runtime/internal/runnerclient","Elapsed":1.896}
{"Time":"2026-09-11T15:21:22.887819284-07:00","Action":"output","Package":"github.com/JDinSeattle/forge-runtime/internal/quota","Test":"TestUnknownRetainsTokenAndCostAcrossExpiryAndWindowRotation","Output":"--- PASS: TestUnknownRetainsTokenAndCostAcrossExpiryAndWindowRotation (0.33s)\n"}
{"Time":"2026-09-11T15:21:22.887864716-07:00","Action":"pass","Package":"github.com/JDinSeattle/forge-runtime/internal/quota","Test":"TestUnknownRetainsTokenAndCostAcrossExpiryAndWindowRotation","Elapsed":0.33}
{"Time":"2026-09-11T15:21:22.887872861-07:00","Action":"run","Package":"github.com/JDinSeattle/forge-runtime/internal/quota","Test":"TestCircuitSharedSingleProbeAndCrashAfterSettlement"}
{"Time":"2026-09-11T15:21:22.887876468-07:00","Action":"output","Package":"github.com/JDinSeattle/forge-runtime/internal/quota","Test":"TestCircuitSharedSingleProbeAndCrashAfterSettlement","Output":"=== RUN   TestCircuitSharedSingleProbeAndCrashAfterSettlement\n"}
{"Time":"2026-09-11T15:21:22.89528316-07:00","Action":"output","Package":"github.com/JDinSeattle/forge-runtime/internal/runner","Test":"TestUnknownStartDoesNotCreateAnotherJob","Output":"--- PASS: TestUnknownStartDoesNotCreateAnotherJob (0.39s)\n"}
{"Time":"2026-09-11T15:21:22.895312087-07:00","Action":"pass","Package":"github.com/JDinSeattle/forge-runtime/internal/runner","Test":"TestUnknownStartDoesNotCreateAnotherJob","Elapsed":0.39}
{"Time":"2026-09-11T15:21:22.895320817-07:00","Action":"run","Package":"github.com/JDinSeattle/forge-runtime/internal/runner","Test":"TestScopeAndPathBoundaries"}
{"Time":"2026-09-11T15:21:22.895324629-07:00","Action":"output","Package":"github.com/JDinSeattle/forge-runtime/internal/runner","Test":"TestScopeAndPathBoundaries","Output":"=== RUN   TestScopeAndPathBoundaries\n"}
{"Time":"2026-09-11T15:21:23.238481401-07:00","Action":"output","Package":"github.com/JDinSeattle/forge-runtime/internal/runner","Test":"TestScopeAndPathBoundaries","Output":"--- PASS: TestScopeAndPathBoundaries (0.34s)\n"}
{"Time":"2026-09-11T15:21:23.238505198-07:00","Action":"pass","Package":"github.com/JDinSeattle/forge-runtime/internal/runner","Test":"TestScopeAndPathBoundaries","Elapsed":0.34}
{"Time":"2026-09-11T15:21:23.238510091-07:00","Action":"run","Package":"github.com/JDinSeattle/forge-runtime/internal/runner","Test":"TestGrantExpiryPermissionAndLeaseMargin"}
{"Time":"2026-09-11T15:21:23.238511762-07:00","Action":"output","Package":"github.com/JDinSeattle/forge-runtime/internal/runner","Test":"TestGrantExpiryPermissionAndLeaseMargin","Output":"=== RUN   TestGrantExpiryPermissionAndLeaseMargin\n"}
{"Time":"2026-09-11T15:21:23.238641641-07:00","Action":"output","Package":"github.com/JDinSeattle/forge-runtime/internal/runner","Test":"TestGrantExpiryPermissionAndLeaseMargin","Output":"--- PASS: TestGrantExpiryPermissionAndLeaseMargin (0.00s)\n"}
{"Time":"2026-09-11T15:21:23.238649217-07:00","Action":"pass","Package":"github.com/JDinSeattle/forge-runtime/internal/runner","Test":"TestGrantExpiryPermissionAndLeaseMargin","Elapsed":0}
{"Time":"2026-09-11T15:21:23.238658679-07:00","Action":"run","Package":"github.com/JDinSeattle/forge-runtime/internal/runner","Test":"TestFencedAdoptionCancelsOldJobBeforeNewWrites"}
{"Time":"2026-09-11T15:21:23.238660667-07:00","Action":"output","Package":"github.com/JDinSeattle/forge-runtime/internal/runner","Test":"TestFencedAdoptionCancelsOldJobBeforeNewWrites","Output":"=== RUN   TestFencedAdoptionCancelsOldJobBeforeNewWrites\n"}
{"Time":"2026-09-11T15:21:23.289403908-07:00","Action":"output","Package":"github.com/JDinSeattle/forge-runtime/internal/retention","Output":"ok  \tgithub.com/JDinSeattle/forge-runtime/internal/retention\t2.339s\n"}
{"Time":"2026-09-11T15:21:23.28943295-07:00","Action":"pass","Package":"github.com/JDinSeattle/forge-runtime/internal/retention","Elapsed":2.339}
{"Time":"2026-09-11T15:21:23.310652145-07:00","Action":"output","Package":"github.com/JDinSeattle/forge-runtime/internal/quota","Test":"TestCircuitSharedSingleProbeAndCrashAfterSettlement","Output":"--- PASS: TestCircuitSharedSingleProbeAndCrashAfterSettlement (0.42s)\n"}
{"Time":"2026-09-11T15:21:23.310675592-07:00","Action":"pass","Package":"github.com/JDinSeattle/forge-runtime/internal/quota","Test":"TestCircuitSharedSingleProbeAndCrashAfterSettlement","Elapsed":0.42}
{"Time":"2026-09-11T15:21:23.310683176-07:00","Action":"output","Package":"github.com/JDinSeattle/forge-runtime/internal/quota","Output":"PASS\n"}
{"Time":"2026-09-11T15:21:23.766016666-07:00","Action":"output","Package":"github.com/JDinSeattle/forge-runtime/internal/runner","Test":"TestFencedAdoptionCancelsOldJobBeforeNewWrites","Output":"--- PASS: TestFencedAdoptionCancelsOldJobBeforeNewWrites (0.53s)\n"}
{"Time":"2026-09-11T15:21:23.766041899-07:00","Action":"pass","Package":"github.com/JDinSeattle/forge-runtime/internal/runner","Test":"TestFencedAdoptionCancelsOldJobBeforeNewWrites","Elapsed":0.53}
{"Time":"2026-09-11T15:21:23.766046934-07:00","Action":"run","Package":"github.com/JDinSeattle/forge-runtime/internal/runner","Test":"TestStableDaemonJobRecoveredAcrossJournalReopen"}
{"Time":"2026-09-11T15:21:23.766049193-07:00","Action":"output","Package":"github.com/JDinSeattle/forge-runtime/internal/runner","Test":"TestStableDaemonJobRecoveredAcrossJournalReopen","Output":"=== RUN   TestStableDaemonJobRecoveredAcrossJournalReopen\n"}
{"Time":"2026-09-11T15:21:23.807273021-07:00","Action":"run","Package":"github.com/JDinSeattle/forge-runtime/tests/review","Test":"TestReviewFailedVerifierDiagnosticsEnableNextRepair/native_false/cleanup_after_snapshot_publication"}
{"Time":"2026-09-11T15:21:23.807302373-07:00","Action":"output","Package":"github.com/JDinSeattle/forge-runtime/tests/review","Test":"TestReviewFailedVerifierDiagnosticsEnableNextRepair/native_false/cleanup_after_snapshot_publication","Output":"=== RUN   TestReviewFailedVerifierDiagnosticsEnableNextRepair/native_false/cleanup_after_snapshot_publication\n"}
{"Time":"2026-09-11T15:21:24.087120861-07:00","Action":"output","Package":"github.com/JDinSeattle/forge-runtime/tests/review","Test":"TestReviewFailedVerifierDiagnosticsEnableNextRepair/native_false/cleanup_after_snapshot_publication","Output":"--- PASS: TestReviewFailedVerifierDiagnosticsEnableNextRepair/native_false/cleanup_after_snapshot_publication (0.28s)\n"}
{"Time":"2026-09-11T15:21:24.087152667-07:00","Action":"pass","Package":"github.com/JDinSeattle/forge-runtime/tests/review","Test":"TestReviewFailedVerifierDiagnosticsEnableNextRepair/native_false/cleanup_after_snapshot_publication","Elapsed":0.28}
{"Time":"2026-09-11T15:21:24.126837402-07:00","Action":"output","Package":"github.com/JDinSeattle/forge-runtime/tests/review","Test":"TestReviewFailedVerifierDiagnosticsEnableNextRepair/native_false","Output":"--- PASS: TestReviewFailedVerifierDiagnosticsEnableNextRepair/native_false (2.69s)\n"}
{"Time":"2026-09-11T15:21:24.126864184-07:00","Action":"pass","Package":"github.com/JDinSeattle/forge-runtime/tests/review","Test":"TestReviewFailedVerifierDiagnosticsEnableNextRepair/native_false","Elapsed":2.69}
{"Time":"2026-09-11T15:21:24.126869072-07:00","Action":"run","Package":"github.com/JDinSeattle/forge-runtime/tests/review","Test":"TestReviewFailedVerifierDiagnosticsEnableNextRepair/native_true"}
{"Time":"2026-09-11T15:21:24.126871253-07:00","Action":"output","Package":"github.com/JDinSeattle/forge-runtime/tests/review","Test":"TestReviewFailedVerifierDiagnosticsEnableNextRepair/native_true","Output":"=== RUN   TestReviewFailedVerifierDiagnosticsEnableNextRepair/native_true\n"}
{"Time":"2026-09-11T15:21:24.194149733-07:00","Action":"output","Package":"github.com/JDinSeattle/forge-runtime/internal/runner","Test":"TestStableDaemonJobRecoveredAcrossJournalReopen","Output":"--- PASS: TestStableDaemonJobRecoveredAcrossJournalReopen (0.43s)\n"}
{"Time":"2026-09-11T15:21:24.19418307-07:00","Action":"pass","Package":"github.com/JDinSeattle/forge-runtime/internal/runner","Test":"TestStableDaemonJobRecoveredAcrossJournalReopen","Elapsed":0.43}
{"Time":"2026-09-11T15:21:24.194191506-07:00","Action":"run","Package":"github.com/JDinSeattle/forge-runtime/internal/runner","Test":"TestSnapshotReleasePreserveReceiptAndCloseAdmission"}
{"Time":"2026-09-11T15:21:24.194195445-07:00","Action":"output","Package":"github.com/JDinSeattle/forge-runtime/internal/runner","Test":"TestSnapshotReleasePreserveReceiptAndCloseAdmission","Output":"=== RUN   TestSnapshotReleasePreserveReceiptAndCloseAdmission\n"}
{"Time":"2026-09-11T15:21:24.317326953-07:00","Action":"output","Package":"github.com/JDinSeattle/forge-runtime/internal/quota","Output":"ok  \tgithub.com/JDinSeattle/forge-runtime/internal/quota\t3.367s\n"}
{"Time":"2026-09-11T15:21:24.317360285-07:00","Action":"pass","Package":"github.com/JDinSeattle/forge-runtime/internal/quota","Elapsed":3.367}
{"Time":"2026-09-11T15:21:24.507695854-07:00","Action":"output","Package":"github.com/JDinSeattle/forge-runtime/internal/httpapi","Test":"TestSSESurvivesIndependentDatabaseDeadline","Output":"--- PASS: TestSSESurvivesIndependentDatabaseDeadline (3.53s)\n"}
{"Time":"2026-09-11T15:21:24.507723599-07:00","Action":"pass","Package":"github.com/JDinSeattle/forge-runtime/internal/httpapi","Test":"TestSSESurvivesIndependentDatabaseDeadline","Elapsed":3.53}
{"Time":"2026-09-11T15:21:24.507731433-07:00","Action":"output","Package":"github.com/JDinSeattle/forge-runtime/internal/httpapi","Output":"PASS\n"}
{"Time":"2026-09-11T15:21:24.535846749-07:00","Action":"output","Package":"github.com/JDinSeattle/forge-runtime/internal/application","Test":"TestPrepareCapacityRequeuesAtomically","Output":"    capacity_integration_test.go:213: capacity_result run=run_HWJXPPGFWMQPNCEPIPSXYYM5Q2 terminal=completed epochs=1,2,3 rejections=2 model_calls=3 final_active=0 final_reserved_slots=0 events=43\n"}
{"Time":"2026-09-11T15:21:24.585525933-07:00","Action":"output","Package":"github.com/JDinSeattle/forge-runtime/internal/application","Test":"TestPrepareCapacityRequeuesAtomically","Output":"--- PASS: TestPrepareCapacityRequeuesAtomically (4.36s)\n"}
{"Time":"2026-09-11T15:21:24.585555951-07:00","Action":"pass","Package":"github.com/JDinSeattle/forge-runtime/internal/application","Test":"TestPrepareCapacityRequeuesAtomically","Elapsed":4.36}
{"Time":"2026-09-11T15:21:24.585563933-07:00","Action":"run","Package":"github.com/JDinSeattle/forge-runtime/internal/application","Test":"TestPrepareCapacityDoesNotDiscardDurableIntent"}
{"Time":"2026-09-11T15:21:24.58556781-07:00","Action":"output","Package":"github.com/JDinSeattle/forge-runtime/internal/application","Test":"TestPrepareCapacityDoesNotDiscardDurableIntent","Output":"=== RUN   TestPrepareCapacityDoesNotDiscardDurableIntent\n"}
{"Time":"2026-09-11T15:21:24.637326368-07:00","Action":"output","Package":"github.com/JDinSeattle/forge-runtime/internal/runner","Test":"TestSnapshotReleasePreserveReceiptAndCloseAdmission","Output":"--- PASS: TestSnapshotReleasePreserveReceiptAndCloseAdmission (0.44s)\n"}
{"Time":"2026-09-11T15:21:24.637352226-07:00","Action":"pass","Package":"github.com/JDinSeattle/forge-runtime/internal/runner","Test":"TestSnapshotReleasePreserveReceiptAndCloseAdmission","Elapsed":0.44}
{"Time":"2026-09-11T15:21:24.637360084-07:00","Action":"run","Package":"github.com/JDinSeattle/forge-runtime/internal/runner","Test":"TestWorkspaceLockExcludesOtherProcesses"}
{"Time":"2026-09-11T15:21:24.637361804-07:00","Action":"output","Package":"github.com/JDinSeattle/forge-runtime/internal/runner","Test":"TestWorkspaceLockExcludesOtherProcesses","Output":"=== RUN   TestWorkspaceLockExcludesOtherProcesses\n"}
{"Time":"2026-09-11T15:21:25.090877531-07:00","Action":"output","Package":"github.com/JDinSeattle/forge-runtime/internal/application","Test":"TestPrepareCapacityDoesNotDiscardDurableIntent","Output":"--- PASS: TestPrepareCapacityDoesNotDiscardDurableIntent (0.51s)\n"}
{"Time":"2026-09-11T15:21:25.090914852-07:00","Action":"pass","Package":"github.com/JDinSeattle/forge-runtime/internal/application","Test":"TestPrepareCapacityDoesNotDiscardDurableIntent","Elapsed":0.51}
{"Time":"2026-09-11T15:21:25.090925328-07:00","Action":"run","Package":"github.com/JDinSeattle/forge-runtime/internal/application","Test":"TestPrepareNonCapacityErrorsPreserveHandling"}
{"Time":"2026-09-11T15:21:25.090928955-07:00","Action":"output","Package":"github.com/JDinSeattle/forge-runtime/internal/application","Test":"TestPrepareNonCapacityErrorsPreserveHandling","Output":"=== RUN   TestPrepareNonCapacityErrorsPreserveHandling\n"}
{"Time":"2026-09-11T15:21:25.09094024-07:00","Action":"run","Package":"github.com/JDinSeattle/forge-runtime/internal/application","Test":"TestPrepareNonCapacityErrorsPreserveHandling/invalid_argument"}
{"Time":"2026-09-11T15:21:25.090943242-07:00","Action":"output","Package":"github.com/JDinSeattle/forge-runtime/internal/application","Test":"TestPrepareNonCapacityErrorsPreserveHandling/invalid_argument","Output":"=== RUN   TestPrepareNonCapacityErrorsPreserveHandling/invalid_argument\n"}
{"Time":"2026-09-11T15:21:25.4733746-07:00","Action":"output","Package":"github.com/JDinSeattle/forge-runtime/internal/application","Test":"TestPrepareNonCapacityErrorsPreserveHandling/invalid_argument","Output":"time=2026-09-11T15:21:25.473-07:00 level=WARN msg=\"step failed\" run_id=run_MDRP4NFBFTMWK4DIXWHGAXRWQG stage=initialize error=invalid_argument\n"}
{"Time":"2026-09-11T15:21:25.512382188-07:00","Action":"output","Package":"github.com/JDinSeattle/forge-runtime/internal/httpapi","Output":"ok  \tgithub.com/JDinSeattle/forge-runtime/internal/httpapi\t4.562s\n"}
{"Time":"2026-09-11T15:21:25.512442165-07:00","Action":"pass","Package":"github.com/JDinSeattle/forge-runtime/internal/httpapi","Elapsed":4.563}
{"Time":"2026-09-11T15:21:25.580563101-07:00","Action":"output","Package":"github.com/JDinSeattle/forge-runtime/internal/application","Test":"TestPrepareNonCapacityErrorsPreserveHandling/invalid_argument","Output":"--- PASS: TestPrepareNonCapacityErrorsPreserveHandling/invalid_argument (0.49s)\n"}
{"Time":"2026-09-11T15:21:25.580625469-07:00","Action":"pass","Package":"github.com/JDinSeattle/forge-runtime/internal/application","Test":"TestPrepareNonCapacityErrorsPreserveHandling/invalid_argument","Elapsed":0.49}
{"Time":"2026-09-11T15:21:25.580629818-07:00","Action":"run","Package":"github.com/JDinSeattle/forge-runtime/internal/application","Test":"TestPrepareNonCapacityErrorsPreserveHandling/reconciliation_required"}
{"Time":"2026-09-11T15:21:25.580631445-07:00","Action":"output","Package":"github.com/JDinSeattle/forge-runtime/internal/application","Test":"TestPrepareNonCapacityErrorsPreserveHandling/reconciliation_required","Output":"=== RUN   TestPrepareNonCapacityErrorsPreserveHandling/reconciliation_required\n"}
{"Time":"2026-09-11T15:21:25.697538122-07:00","Action":"output","Package":"github.com/JDinSeattle/forge-runtime/internal/runner","Test":"TestWorkspaceLockExcludesOtherProcesses","Output":"--- PASS: TestWorkspaceLockExcludesOtherProcesses (1.06s)\n"}
{"Time":"2026-09-11T15:21:25.697562363-07:00","Action":"pass","Package":"github.com/JDinSeattle/forge-runtime/internal/runner","Test":"TestWorkspaceLockExcludesOtherProcesses","Elapsed":1.06}
{"Time":"2026-09-11T15:21:25.697566808-07:00","Action":"run","Package":"github.com/JDinSeattle/forge-runtime/internal/runner","Test":"TestGrantRecheckedAfterWaitingForWorkspaceLock"}
{"Time":"2026-09-11T15:21:25.697568159-07:00","Action":"output","Package":"github.com/JDinSeattle/forge-runtime/internal/runner","Test":"TestGrantRecheckedAfterWaitingForWorkspaceLock","Output":"=== RUN   TestGrantRecheckedAfterWaitingForWorkspaceLock\n"}
{"Time":"2026-09-11T15:21:25.938594654-07:00","Action":"output","Package":"github.com/JDinSeattle/forge-runtime/internal/persistence","Test":"TestDatabaseDefaultDeadlineReleasesBlockedRead","Output":"    deadline_integration_test.go:56: pool acquired=0 after 2.105627ms cleanup observation\n"}
{"Time":"2026-09-11T15:21:25.975819793-07:00","Action":"output","Package":"github.com/JDinSeattle/forge-runtime/internal/persistence","Test":"TestDatabaseDefaultDeadlineReleasesBlockedRead","Output":"--- PASS: TestDatabaseDefaultDeadlineReleasesBlockedRead (3.29s)\n"}
{"Time":"2026-09-11T15:21:25.975844123-07:00","Action":"pass","Package":"github.com/JDinSeattle/forge-runtime/internal/persistence","Test":"TestDatabaseDefaultDeadlineReleasesBlockedRead","Elapsed":3.29}
{"Time":"2026-09-11T15:21:25.975848803-07:00","Action":"run","Package":"github.com/JDinSeattle/forge-runtime/internal/persistence","Test":"TestDatabaseDeadlineBoundsWorkerPoolAcquisition"}
{"Time":"2026-09-11T15:21:25.975853887-07:00","Action":"output","Package":"github.com/JDinSeattle/forge-runtime/internal/persistence","Test":"TestDatabaseDeadlineBoundsWorkerPoolAcquisition","Output":"=== RUN   TestDatabaseDeadlineBoundsWorkerPoolAcquisition\n"}
{"Time":"2026-09-11T15:21:26.019833272-07:00","Action":"output","Package":"github.com/JDinSeattle/forge-runtime/internal/runner","Test":"TestGrantRecheckedAfterWaitingForWorkspaceLock","Output":"--- PASS: TestGrantRecheckedAfterWaitingForWorkspaceLock (0.32s)\n"}
{"Time":"2026-09-11T15:21:26.019858764-07:00","Action":"pass","Package":"github.com/JDinSeattle/forge-runtime/internal/runner","Test":"TestGrantRecheckedAfterWaitingForWorkspaceLock","Elapsed":0.32}
{"Time":"2026-09-11T15:21:26.019863666-07:00","Action":"run","Package":"github.com/JDinSeattle/forge-runtime/internal/runner","Test":"TestExecutableModeSurvivesImportAndAppearsInDiff"}
{"Time":"2026-09-11T15:21:26.019865286-07:00","Action":"output","Package":"github.com/JDinSeattle/forge-runtime/internal/runner","Test":"TestExecutableModeSurvivesImportAndAppearsInDiff","Output":"=== RUN   TestExecutableModeSurvivesImportAndAppearsInDiff\n"}
{"Time":"2026-09-11T15:21:26.056062687-07:00","Action":"run","Package":"github.com/JDinSeattle/forge-runtime/tests/review","Test":"TestReviewFailedVerifierDiagnosticsEnableNextRepair/native_true/cleanup_after_release_before_commit"}
{"Time":"2026-09-11T15:21:26.056094374-07:00","Action":"output","Package":"github.com/JDinSeattle/forge-runtime/tests/review","Test":"TestReviewFailedVerifierDiagnosticsEnableNextRepair/native_true/cleanup_after_release_before_commit","Output":"=== RUN   TestReviewFailedVerifierDiagnosticsEnableNextRepair/native_true/cleanup_after_release_before_commit\n"}
{"Time":"2026-09-11T15:21:26.062570582-07:00","Action":"output","Package":"github.com/JDinSeattle/forge-runtime/internal/application","Test":"TestPrepareNonCapacityErrorsPreserveHandling/reconciliation_required","Output":"--- PASS: TestPrepareNonCapacityErrorsPreserveHandling/reconciliation_required (0.48s)\n"}
{"Time":"2026-09-11T15:21:26.062591096-07:00","Action":"pass","Package":"github.com/JDinSeattle/forge-runtime/internal/application","Test":"TestPrepareNonCapacityErrorsPreserveHandling/reconciliation_required","Elapsed":0.48}
{"Time":"2026-09-11T15:21:26.062596204-07:00","Action":"output","Package":"github.com/JDinSeattle/forge-runtime/internal/application","Test":"TestPrepareNonCapacityErrorsPreserveHandling","Output":"--- PASS: TestPrepareNonCapacityErrorsPreserveHandling (0.97s)\n"}
{"Time":"2026-09-11T15:21:26.06259834-07:00","Action":"pass","Package":"github.com/JDinSeattle/forge-runtime/internal/application","Test":"TestPrepareNonCapacityErrorsPreserveHandling","Elapsed":0.97}
{"Time":"2026-09-11T15:21:26.062615179-07:00","Action":"run","Package":"github.com/JDinSeattle/forge-runtime/internal/application","Test":"TestPrepareCapacityAfterAdoptionCannotRequeue"}
{"Time":"2026-09-11T15:21:26.062617402-07:00","Action":"output","Package":"github.com/JDinSeattle/forge-runtime/internal/application","Test":"TestPrepareCapacityAfterAdoptionCannotRequeue","Output":"=== RUN   TestPrepareCapacityAfterAdoptionCannotRequeue\n"}
{"Time":"2026-09-11T15:21:26.261758648-07:00","Action":"output","Package":"github.com/JDinSeattle/forge-runtime/tests/review","Test":"TestReviewFailedVerifierDiagnosticsEnableNextRepair/native_true/cleanup_after_release_before_commit","Output":"--- PASS: TestReviewFailedVerifierDiagnosticsEnableNextRepair/native_true/cleanup_after_release_before_commit (0.21s)\n"}
{"Time":"2026-09-11T15:21:26.26179141-07:00","Action":"pass","Package":"github.com/JDinSeattle/forge-runtime/tests/review","Test":"TestReviewFailedVerifierDiagnosticsEnableNextRepair/native_true/cleanup_after_release_before_commit","Elapsed":0.21}
{"Time":"2026-09-11T15:21:26.307562949-07:00","Action":"output","Package":"github.com/JDinSeattle/forge-runtime/tests/review","Test":"TestReviewFailedVerifierDiagnosticsEnableNextRepair/native_true","Output":"--- PASS: TestReviewFailedVerifierDiagnosticsEnableNextRepair/native_true (2.18s)\n"}
{"Time":"2026-09-11T15:21:26.307602729-07:00","Action":"pass","Package":"github.com/JDinSeattle/forge-runtime/tests/review","Test":"TestReviewFailedVerifierDiagnosticsEnableNextRepair/native_true","Elapsed":2.18}
{"Time":"2026-09-11T15:21:26.30761669-07:00","Action":"output","Package":"github.com/JDinSeattle/forge-runtime/tests/review","Test":"TestReviewFailedVerifierDiagnosticsEnableNextRepair","Output":"--- PASS: TestReviewFailedVerifierDiagnosticsEnableNextRepair (4.87s)\n"}
{"Time":"2026-09-11T15:21:26.307625138-07:00","Action":"pass","Package":"github.com/JDinSeattle/forge-runtime/tests/review","Test":"TestReviewFailedVerifierDiagnosticsEnableNextRepair","Elapsed":4.87}
{"Time":"2026-09-11T15:21:26.307641314-07:00","Action":"run","Package":"github.com/JDinSeattle/forge-runtime/tests/review","Test":"TestReviewModelInputMustFitFrozenReservationBeforeDispatch"}
{"Time":"2026-09-11T15:21:26.307645128-07:00","Action":"output","Package":"github.com/JDinSeattle/forge-runtime/tests/review","Test":"TestReviewModelInputMustFitFrozenReservationBeforeDispatch","Output":"=== RUN   TestReviewModelInputMustFitFrozenReservationBeforeDispatch\n"}
{"Time":"2026-09-11T15:21:26.477539658-07:00","Action":"output","Package":"github.com/JDinSeattle/forge-runtime/internal/runner","Test":"TestExecutableModeSurvivesImportAndAppearsInDiff","Output":"--- PASS: TestExecutableModeSurvivesImportAndAppearsInDiff (0.46s)\n"}
{"Time":"2026-09-11T15:21:26.477573721-07:00","Action":"pass","Package":"github.com/JDinSeattle/forge-runtime/internal/runner","Test":"TestExecutableModeSurvivesImportAndAppearsInDiff","Elapsed":0.46}
{"Time":"2026-09-11T15:21:26.477581689-07:00","Action":"run","Package":"github.com/JDinSeattle/forge-runtime/internal/runner","Test":"TestInterruptedInitializationResumesOnlyPinnedSource"}
{"Time":"2026-09-11T15:21:26.477585361-07:00","Action":"output","Package":"github.com/JDinSeattle/forge-runtime/internal/runner","Test":"TestInterruptedInitializationResumesOnlyPinnedSource","Output":"=== RUN   TestInterruptedInitializationResumesOnlyPinnedSource\n"}
{"Time":"2026-09-11T15:21:26.477589814-07:00","Action":"run","Package":"github.com/JDinSeattle/forge-runtime/internal/runner","Test":"TestInterruptedInitializationResumesOnlyPinnedSource/after_volume_lease"}
{"Time":"2026-09-11T15:21:26.477592594-07:00","Action":"output","Package":"github.com/JDinSeattle/forge-runtime/internal/runner","Test":"TestInterruptedInitializationResumesOnlyPinnedSource/after_volume_lease","Output":"=== RUN   TestInterruptedInitializationResumesOnlyPinnedSource/after_volume_lease\n"}
{"Time":"2026-09-11T15:21:26.553835606-07:00","Action":"output","Package":"github.com/JDinSeattle/forge-runtime/internal/application","Test":"TestPrepareCapacityAfterAdoptionCannotRequeue","Output":"--- PASS: TestPrepareCapacityAfterAdoptionCannotRequeue (0.49s)\n"}
{"Time":"2026-09-11T15:21:26.553867204-07:00","Action":"pass","Package":"github.com/JDinSeattle/forge-runtime/internal/application","Test":"TestPrepareCapacityAfterAdoptionCannotRequeue","Elapsed":0.49}
{"Time":"2026-09-11T15:21:26.553875915-07:00","Action":"run","Package":"github.com/JDinSeattle/forge-runtime/internal/application","Test":"TestExternalModelAndRunnerWaitsHoldNoSQLTransaction"}
{"Time":"2026-09-11T15:21:26.553879504-07:00","Action":"output","Package":"github.com/JDinSeattle/forge-runtime/internal/application","Test":"TestExternalModelAndRunnerWaitsHoldNoSQLTransaction","Output":"=== RUN   TestExternalModelAndRunnerWaitsHoldNoSQLTransaction\n"}
{"Time":"2026-09-11T15:21:26.553908782-07:00","Action":"run","Package":"github.com/JDinSeattle/forge-runtime/internal/application","Test":"TestExternalModelAndRunnerWaitsHoldNoSQLTransaction/model"}
{"Time":"2026-09-11T15:21:26.553912657-07:00","Action":"output","Package":"github.com/JDinSeattle/forge-runtime/internal/application","Test":"TestExternalModelAndRunnerWaitsHoldNoSQLTransaction/model","Output":"=== RUN   TestExternalModelAndRunnerWaitsHoldNoSQLTransaction/model\n"}
{"Time":"2026-09-11T15:21:26.889761344-07:00","Action":"output","Package":"github.com/JDinSeattle/forge-runtime/tests/review","Test":"TestReviewModelInputMustFitFrozenReservationBeforeDispatch","Output":"--- PASS: TestReviewModelInputMustFitFrozenReservationBeforeDispatch (0.58s)\n"}
{"Time":"2026-09-11T15:21:26.889790686-07:00","Action":"pass","Package":"github.com/JDinSeattle/forge-runtime/tests/review","Test":"TestReviewModelInputMustFitFrozenReservationBeforeDispatch","Elapsed":0.58}
{"Time":"2026-09-11T15:21:26.889795375-07:00","Action":"run","Package":"github.com/JDinSeattle/forge-runtime/tests/review","Test":"TestReviewApprovalRejectsMembershipChangedAfterAuthentication"}
{"Time":"2026-09-11T15:21:26.889797147-07:00","Action":"output","Package":"github.com/JDinSeattle/forge-runtime/tests/review","Test":"TestReviewApprovalRejectsMembershipChangedAfterAuthentication","Output":"=== RUN   TestReviewApprovalRejectsMembershipChangedAfterAuthentication\n"}
{"Time":"2026-09-11T15:21:26.889811355-07:00","Action":"run","Package":"github.com/JDinSeattle/forge-runtime/tests/review","Test":"TestReviewApprovalRejectsMembershipChangedAfterAuthentication/downgrade"}
{"Time":"2026-09-11T15:21:26.889813097-07:00","Action":"output","Package":"github.com/JDinSeattle/forge-runtime/tests/review","Test":"TestReviewApprovalRejectsMembershipChangedAfterAuthentication/downgrade","Output":"=== RUN   TestReviewApprovalRejectsMembershipChangedAfterAuthentication/downgrade\n"}
{"Time":"2026-09-11T15:21:27.026337829-07:00","Action":"output","Package":"github.com/JDinSeattle/forge-runtime/internal/runner","Test":"TestInterruptedInitializationResumesOnlyPinnedSource/after_volume_lease","Output":"--- PASS: TestInterruptedInitializationResumesOnlyPinnedSource/after_volume_lease (0.55s)\n"}
{"Time":"2026-09-11T15:21:27.026471142-07:00","Action":"pass","Package":"github.com/JDinSeattle/forge-runtime/internal/runner","Test":"TestInterruptedInitializationResumesOnlyPinnedSource/after_volume_lease","Elapsed":0.55}
{"Time":"2026-09-11T15:21:27.026526424-07:00","Action":"run","Package":"github.com/JDinSeattle/forge-runtime/internal/runner","Test":"TestInterruptedInitializationResumesOnlyPinnedSource/after_import_file"}
{"Time":"2026-09-11T15:21:27.026549767-07:00","Action":"output","Package":"github.com/JDinSeattle/forge-runtime/internal/runner","Test":"TestInterruptedInitializationResumesOnlyPinnedSource/after_import_file","Output":"=== RUN   TestInterruptedInitializationResumesOnlyPinnedSource/after_import_file\n"}
{"Time":"2026-09-11T15:21:27.510516853-07:00","Action":"output","Package":"github.com/JDinSeattle/forge-runtime/tests/review","Test":"TestReviewApprovalRejectsMembershipChangedAfterAuthentication/downgrade","Output":"--- PASS: TestReviewApprovalRejectsMembershipChangedAfterAuthentication/downgrade (0.62s)\n"}
{"Time":"2026-09-11T15:21:27.510553429-07:00","Action":"pass","Package":"github.com/JDinSeattle/forge-runtime/tests/review","Test":"TestReviewApprovalRejectsMembershipChangedAfterAuthentication/downgrade","Elapsed":0.62}
{"Time":"2026-09-11T15:21:27.510565171-07:00","Action":"run","Package":"github.com/JDinSeattle/forge-runtime/tests/review","Test":"TestReviewApprovalRejectsMembershipChangedAfterAuthentication/remove"}
{"Time":"2026-09-11T15:21:27.510569637-07:00","Action":"output","Package":"github.com/JDinSeattle/forge-runtime/tests/review","Test":"TestReviewApprovalRejectsMembershipChangedAfterAuthentication/remove","Output":"=== RUN   TestReviewApprovalRejectsMembershipChangedAfterAuthentication/remove\n"}
{"Time":"2026-09-11T15:21:27.566269344-07:00","Action":"output","Package":"github.com/JDinSeattle/forge-runtime/internal/runner","Test":"TestInterruptedInitializationResumesOnlyPinnedSource/after_import_file","Output":"--- PASS: TestInterruptedInitializationResumesOnlyPinnedSource/after_import_file (0.54s)\n"}
{"Time":"2026-09-11T15:21:27.566342868-07:00","Action":"pass","Package":"github.com/JDinSeattle/forge-runtime/internal/runner","Test":"TestInterruptedInitializationResumesOnlyPinnedSource/after_import_file","Elapsed":0.54}
{"Time":"2026-09-11T15:21:27.566382172-07:00","Action":"run","Package":"github.com/JDinSeattle/forge-runtime/internal/runner","Test":"TestInterruptedInitializationResumesOnlyPinnedSource/after_import_before_workspace"}
{"Time":"2026-09-11T15:21:27.566430716-07:00","Action":"output","Package":"github.com/JDinSeattle/forge-runtime/internal/runner","Test":"TestInterruptedInitializationResumesOnlyPinnedSource/after_import_before_workspace","Output":"=== RUN   TestInterruptedInitializationResumesOnlyPinnedSource/after_import_before_workspace\n"}
{"Time":"2026-09-11T15:21:27.981600208-07:00","Action":"output","Package":"github.com/JDinSeattle/forge-runtime/internal/runner","Test":"TestInterruptedInitializationResumesOnlyPinnedSource/after_import_before_workspace","Output":"--- PASS: TestInterruptedInitializationResumesOnlyPinnedSource/after_import_before_workspace (0.42s)\n"}
{"Time":"2026-09-11T15:21:27.98167024-07:00","Action":"pass","Package":"github.com/JDinSeattle/forge-runtime/internal/runner","Test":"TestInterruptedInitializationResumesOnlyPinnedSource/after_import_before_workspace","Elapsed":0.42}
{"Time":"2026-09-11T15:21:27.981750679-07:00","Action":"output","Package":"github.com/JDinSeattle/forge-runtime/internal/runner","Test":"TestInterruptedInitializationResumesOnlyPinnedSource","Output":"--- PASS: TestInterruptedInitializationResumesOnlyPinnedSource (1.50s)\n"}
{"Time":"2026-09-11T15:21:27.98179871-07:00","Action":"pass","Package":"github.com/JDinSeattle/forge-runtime/internal/runner","Test":"TestInterruptedInitializationResumesOnlyPinnedSource","Elapsed":1.5}
{"Time":"2026-09-11T15:21:27.981845222-07:00","Action":"run","Package":"github.com/JDinSeattle/forge-runtime/internal/runner","Test":"TestInterruptedInitializationNeverOverwritesOrRebinds"}
{"Time":"2026-09-11T15:21:27.981860053-07:00","Action":"output","Package":"github.com/JDinSeattle/forge-runtime/internal/runner","Test":"TestInterruptedInitializationNeverOverwritesOrRebinds","Output":"=== RUN   TestInterruptedInitializationNeverOverwritesOrRebinds\n"}
{"Time":"2026-09-11T15:21:27.981916407-07:00","Action":"run","Package":"github.com/JDinSeattle/forge-runtime/internal/runner","Test":"TestInterruptedInitializationNeverOverwritesOrRebinds/source_changed"}
{"Time":"2026-09-11T15:21:27.981942693-07:00","Action":"output","Package":"github.com/JDinSeattle/forge-runtime/internal/runner","Test":"TestInterruptedInitializationNeverOverwritesOrRebinds/source_changed","Output":"=== RUN   TestInterruptedInitializationNeverOverwritesOrRebinds/source_changed\n"}
{"Time":"2026-09-11T15:21:28.071606337-07:00","Action":"output","Package":"github.com/JDinSeattle/forge-runtime/tests/review","Test":"TestReviewApprovalRejectsMembershipChangedAfterAuthentication/remove","Output":"--- PASS: TestReviewApprovalRejectsMembershipChangedAfterAuthentication/remove (0.56s)\n"}
{"Time":"2026-09-11T15:21:28.071651821-07:00","Action":"pass","Package":"github.com/JDinSeattle/forge-runtime/tests/review","Test":"TestReviewApprovalRejectsMembershipChangedAfterAuthentication/remove","Elapsed":0.56}
{"Time":"2026-09-11T15:21:28.071657623-07:00","Action":"output","Package":"github.com/JDinSeattle/forge-runtime/tests/review","Test":"TestReviewApprovalRejectsMembershipChangedAfterAuthentication","Output":"--- PASS: TestReviewApprovalRejectsMembershipChangedAfterAuthentication (1.18s)\n"}
{"Time":"2026-09-11T15:21:28.07165925-07:00","Action":"pass","Package":"github.com/JDinSeattle/forge-runtime/tests/review","Test":"TestReviewApprovalRejectsMembershipChangedAfterAuthentication","Elapsed":1.18}
{"Time":"2026-09-11T15:21:28.071661278-07:00","Action":"run","Package":"github.com/JDinSeattle/forge-runtime/tests/review","Test":"TestReviewApprovalMembershipLockHelperIsScopedAndReadOnly"}
{"Time":"2026-09-11T15:21:28.071662964-07:00","Action":"output","Package":"github.com/JDinSeattle/forge-runtime/tests/review","Test":"TestReviewApprovalMembershipLockHelperIsScopedAndReadOnly","Output":"=== RUN   TestReviewApprovalMembershipLockHelperIsScopedAndReadOnly\n"}
{"Time":"2026-09-11T15:21:28.275029306-07:00","Action":"output","Package":"github.com/JDinSeattle/forge-runtime/internal/runner","Test":"TestInterruptedInitializationNeverOverwritesOrRebinds/source_changed","Output":"--- PASS: TestInterruptedInitializationNeverOverwritesOrRebinds/source_changed (0.29s)\n"}
{"Time":"2026-09-11T15:21:28.27507754-07:00","Action":"pass","Package":"github.com/JDinSeattle/forge-runtime/internal/runner","Test":"TestInterruptedInitializationNeverOverwritesOrRebinds/source_changed","Elapsed":0.29}
{"Time":"2026-09-11T15:21:28.27508767-07:00","Action":"run","Package":"github.com/JDinSeattle/forge-runtime/internal/runner","Test":"TestInterruptedInitializationNeverOverwritesOrRebinds/partial_changed"}
{"Time":"2026-09-11T15:21:28.275091896-07:00","Action":"output","Package":"github.com/JDinSeattle/forge-runtime/internal/runner","Test":"TestInterruptedInitializationNeverOverwritesOrRebinds/partial_changed","Output":"=== RUN   TestInterruptedInitializationNeverOverwritesOrRebinds/partial_changed\n"}
{"Time":"2026-09-11T15:21:28.419720765-07:00","Action":"output","Package":"github.com/JDinSeattle/forge-runtime/tests/review","Test":"TestReviewApprovalMembershipLockHelperIsScopedAndReadOnly","Output":"--- PASS: TestReviewApprovalMembershipLockHelperIsScopedAndReadOnly (0.35s)\n"}
{"Time":"2026-09-11T15:21:28.419752276-07:00","Action":"pass","Package":"github.com/JDinSeattle/forge-runtime/tests/review","Test":"TestReviewApprovalMembershipLockHelperIsScopedAndReadOnly","Elapsed":0.35}
{"Time":"2026-09-11T15:21:28.41976012-07:00","Action":"run","Package":"github.com/JDinSeattle/forge-runtime/tests/review","Test":"TestReviewApprovalMembershipRemainsLockedUntilDecisionCommit"}
{"Time":"2026-09-11T15:21:28.419763996-07:00","Action":"output","Package":"github.com/JDinSeattle/forge-runtime/tests/review","Test":"TestReviewApprovalMembershipRemainsLockedUntilDecisionCommit","Output":"=== RUN   TestReviewApprovalMembershipRemainsLockedUntilDecisionCommit\n"}
{"Time":"2026-09-11T15:21:28.648289067-07:00","Action":"output","Package":"github.com/JDinSeattle/forge-runtime/internal/runner","Test":"TestInterruptedInitializationNeverOverwritesOrRebinds/partial_changed","Output":"--- PASS: TestInterruptedInitializationNeverOverwritesOrRebinds/partial_changed (0.37s)\n"}
{"Time":"2026-09-11T15:21:28.64832392-07:00","Action":"pass","Package":"github.com/JDinSeattle/forge-runtime/internal/runner","Test":"TestInterruptedInitializationNeverOverwritesOrRebinds/partial_changed","Elapsed":0.37}
{"Time":"2026-09-11T15:21:28.648343633-07:00","Action":"run","Package":"github.com/JDinSeattle/forge-runtime/internal/runner","Test":"TestInterruptedInitializationNeverOverwritesOrRebinds/unexpected_cache"}
{"Time":"2026-09-11T15:21:28.648346227-07:00","Action":"output","Package":"github.com/JDinSeattle/forge-runtime/internal/runner","Test":"TestInterruptedInitializationNeverOverwritesOrRebinds/unexpected_cache","Output":"=== RUN   TestInterruptedInitializationNeverOverwritesOrRebinds/unexpected_cache\n"}
{"Time":"2026-09-11T15:21:28.947977166-07:00","Action":"output","Package":"github.com/JDinSeattle/forge-runtime/internal/runner","Test":"TestInterruptedInitializationNeverOverwritesOrRebinds/unexpected_cache","Output":"--- PASS: TestInterruptedInitializationNeverOverwritesOrRebinds/unexpected_cache (0.30s)\n"}
{"Time":"2026-09-11T15:21:28.948012007-07:00","Action":"pass","Package":"github.com/JDinSeattle/forge-runtime/internal/runner","Test":"TestInterruptedInitializationNeverOverwritesOrRebinds/unexpected_cache","Elapsed":0.3}
{"Time":"2026-09-11T15:21:28.948016615-07:00","Action":"run","Package":"github.com/JDinSeattle/forge-runtime/internal/runner","Test":"TestInterruptedInitializationNeverOverwritesOrRebinds/legacy_unbound"}
{"Time":"2026-09-11T15:21:28.94801806-07:00","Action":"output","Package":"github.com/JDinSeattle/forge-runtime/internal/runner","Test":"TestInterruptedInitializationNeverOverwritesOrRebinds/legacy_unbound","Output":"=== RUN   TestInterruptedInitializationNeverOverwritesOrRebinds/legacy_unbound\n"}
{"Time":"2026-09-11T15:21:28.974430975-07:00","Action":"output","Package":"github.com/JDinSeattle/forge-runtime/tests/review","Test":"TestReviewApprovalMembershipRemainsLockedUntilDecisionCommit","Output":"--- PASS: TestReviewApprovalMembershipRemainsLockedUntilDecisionCommit (0.55s)\n"}
{"Time":"2026-09-11T15:21:28.974459136-07:00","Action":"pass","Package":"github.com/JDinSeattle/forge-runtime/tests/review","Test":"TestReviewApprovalMembershipRemainsLockedUntilDecisionCommit","Elapsed":0.55}
{"Time":"2026-09-11T15:21:28.974463348-07:00","Action":"run","Package":"github.com/JDinSeattle/forge-runtime/tests/review","Test":"TestReviewApprovalDenialAndTerminalDuplicatesKeepTheirSemantics"}
{"Time":"2026-09-11T15:21:28.97446488-07:00","Action":"output","Package":"github.com/JDinSeattle/forge-runtime/tests/review","Test":"TestReviewApprovalDenialAndTerminalDuplicatesKeepTheirSemantics","Output":"=== RUN   TestReviewApprovalDenialAndTerminalDuplicatesKeepTheirSemantics\n"}
{"Time":"2026-09-11T15:21:29.298769988-07:00","Action":"output","Package":"github.com/JDinSeattle/forge-runtime/internal/runner","Test":"TestInterruptedInitializationNeverOverwritesOrRebinds/legacy_unbound","Output":"--- PASS: TestInterruptedInitializationNeverOverwritesOrRebinds/legacy_unbound (0.35s)\n"}
{"Time":"2026-09-11T15:21:29.298813531-07:00","Action":"pass","Package":"github.com/JDinSeattle/forge-runtime/internal/runner","Test":"TestInterruptedInitializationNeverOverwritesOrRebinds/legacy_unbound","Elapsed":0.35}
{"Time":"2026-09-11T15:21:29.298834035-07:00","Action":"output","Package":"github.com/JDinSeattle/forge-runtime/internal/runner","Test":"TestInterruptedInitializationNeverOverwritesOrRebinds","Output":"--- PASS: TestInterruptedInitializationNeverOverwritesOrRebinds (1.32s)\n"}
{"Time":"2026-09-11T15:21:29.298860125-07:00","Action":"pass","Package":"github.com/JDinSeattle/forge-runtime/internal/runner","Test":"TestInterruptedInitializationNeverOverwritesOrRebinds","Elapsed":1.32}
{"Time":"2026-09-11T15:21:29.298878403-07:00","Action":"run","Package":"github.com/JDinSeattle/forge-runtime/internal/runner","Test":"TestUndispatchedOperationCancellationHasDurableProof"}
{"Time":"2026-09-11T15:21:29.298885995-07:00","Action":"output","Package":"github.com/JDinSeattle/forge-runtime/internal/runner","Test":"TestUndispatchedOperationCancellationHasDurableProof","Output":"=== RUN   TestUndispatchedOperationCancellationHasDurableProof\n"}
{"Time":"2026-09-11T15:21:29.360836762-07:00","Action":"output","Package":"github.com/JDinSeattle/forge-runtime/internal/persistence","Test":"TestDatabaseDeadlineBoundsWorkerPoolAcquisition","Output":"--- PASS: TestDatabaseDeadlineBoundsWorkerPoolAcquisition (3.38s)\n"}
{"Time":"2026-09-11T15:21:29.360859726-07:00","Action":"pass","Package":"github.com/JDinSeattle/forge-runtime/internal/persistence","Test":"TestDatabaseDeadlineBoundsWorkerPoolAcquisition","Elapsed":3.38}
{"Time":"2026-09-11T15:21:29.36093435-07:00","Action":"run","Package":"github.com/JDinSeattle/forge-runtime/internal/persistence","Test":"TestTransactionDeadlineCannotResetAndRollbackUsesCleanupContext"}
{"Time":"2026-09-11T15:21:29.360936922-07:00","Action":"output","Package":"github.com/JDinSeattle/forge-runtime/internal/persistence","Test":"TestTransactionDeadlineCannotResetAndRollbackUsesCleanupContext","Output":"=== RUN   TestTransactionDeadlineCannotResetAndRollbackUsesCleanupContext\n"}
{"Time":"2026-09-11T15:21:29.423297365-07:00","Action":"output","Package":"github.com/JDinSeattle/forge-runtime/tests/review","Test":"TestReviewApprovalDenialAndTerminalDuplicatesKeepTheirSemantics","Output":"--- PASS: TestReviewApprovalDenialAndTerminalDuplicatesKeepTheirSemantics (0.45s)\n"}
{"Time":"2026-09-11T15:21:29.423343799-07:00","Action":"pass","Package":"github.com/JDinSeattle/forge-runtime/tests/review","Test":"TestReviewApprovalDenialAndTerminalDuplicatesKeepTheirSemantics","Elapsed":0.45}
{"Time":"2026-09-11T15:21:29.423361058-07:00","Action":"run","Package":"github.com/JDinSeattle/forge-runtime/tests/review","Test":"TestReviewCleanupRequiresTerminalSettledAgedStateAndIndependentLease"}
{"Time":"2026-09-11T15:21:29.423366736-07:00","Action":"output","Package":"github.com/JDinSeattle/forge-runtime/tests/review","Test":"TestReviewCleanupRequiresTerminalSettledAgedStateAndIndependentLease","Output":"=== RUN   TestReviewCleanupRequiresTerminalSettledAgedStateAndIndependentLease\n"}
{"Time":"2026-09-11T15:21:29.577337714-07:00","Action":"output","Package":"github.com/JDinSeattle/forge-runtime/internal/runner","Test":"TestUndispatchedOperationCancellationHasDurableProof","Output":"--- PASS: TestUndispatchedOperationCancellationHasDurableProof (0.28s)\n"}
{"Time":"2026-09-11T15:21:29.577369497-07:00","Action":"pass","Package":"github.com/JDinSeattle/forge-runtime/internal/runner","Test":"TestUndispatchedOperationCancellationHasDurableProof","Elapsed":0.28}
{"Time":"2026-09-11T15:21:29.577377212-07:00","Action":"run","Package":"github.com/JDinSeattle/forge-runtime/internal/runner","Test":"TestAllReturnedArtifactKindsAreDurablyPinned"}
{"Time":"2026-09-11T15:21:29.57738078-07:00","Action":"output","Package":"github.com/JDinSeattle/forge-runtime/internal/runner","Test":"TestAllReturnedArtifactKindsAreDurablyPinned","Output":"=== RUN   TestAllReturnedArtifactKindsAreDurablyPinned\n"}
{"Time":"2026-09-11T15:21:29.627714803-07:00","Action":"output","Package":"github.com/JDinSeattle/forge-runtime/internal/persistence","Test":"TestTransactionDeadlineCannotResetAndRollbackUsesCleanupContext","Output":"    deadline_integration_test.go:107: pool acquired=0 after 3.43497ms cleanup observation\n"}
{"Time":"2026-09-11T15:21:29.664695072-07:00","Action":"output","Package":"github.com/JDinSeattle/forge-runtime/internal/persistence","Test":"TestTransactionDeadlineCannotResetAndRollbackUsesCleanupContext","Output":"--- PASS: TestTransactionDeadlineCannotResetAndRollbackUsesCleanupContext (0.30s)\n"}
{"Time":"2026-09-11T15:21:29.664717051-07:00","Action":"pass","Package":"github.com/JDinSeattle/forge-runtime/internal/persistence","Test":"TestTransactionDeadlineCannotResetAndRollbackUsesCleanupContext","Elapsed":0.3}
{"Time":"2026-09-11T15:21:29.664723818-07:00","Action":"run","Package":"github.com/JDinSeattle/forge-runtime/internal/persistence","Test":"TestQuotaLockDeadlineLeavesLedgerUsable"}
{"Time":"2026-09-11T15:21:29.664725914-07:00","Action":"output","Package":"github.com/JDinSeattle/forge-runtime/internal/persistence","Test":"TestQuotaLockDeadlineLeavesLedgerUsable","Output":"=== RUN   TestQuotaLockDeadlineLeavesLedgerUsable\n"}
{"Time":"2026-09-11T15:21:29.934658314-07:00","Action":"output","Package":"github.com/JDinSeattle/forge-runtime/internal/runner","Test":"TestAllReturnedArtifactKindsAreDurablyPinned","Output":"--- PASS: TestAllReturnedArtifactKindsAreDurablyPinned (0.36s)\n"}
{"Time":"2026-09-11T15:21:29.934689751-07:00","Action":"pass","Package":"github.com/JDinSeattle/forge-runtime/internal/runner","Test":"TestAllReturnedArtifactKindsAreDurablyPinned","Elapsed":0.36}
{"Time":"2026-09-11T15:21:29.934700191-07:00","Action":"run","Package":"github.com/JDinSeattle/forge-runtime/internal/runner","Test":"TestArtifactPinIdentityAllowsKindButRejectsCorruption"}
{"Time":"2026-09-11T15:21:29.934702818-07:00","Action":"output","Package":"github.com/JDinSeattle/forge-runtime/internal/runner","Test":"TestArtifactPinIdentityAllowsKindButRejectsCorruption","Output":"=== RUN   TestArtifactPinIdentityAllowsKindButRejectsCorruption\n"}
{"Time":"2026-09-11T15:21:29.990099683-07:00","Action":"output","Package":"github.com/JDinSeattle/forge-runtime/internal/persistence","Test":"TestQuotaLockDeadlineLeavesLedgerUsable","Output":"--- PASS: TestQuotaLockDeadlineLeavesLedgerUsable (0.33s)\n"}
{"Time":"2026-09-11T15:21:29.990129417-07:00","Action":"pass","Package":"github.com/JDinSeattle/forge-runtime/internal/persistence","Test":"TestQuotaLockDeadlineLeavesLedgerUsable","Elapsed":0.33}
{"Time":"2026-09-11T15:21:29.990138401-07:00","Action":"output","Package":"github.com/JDinSeattle/forge-runtime/internal/persistence","Output":"PASS\n"}
{"Time":"2026-09-11T15:21:30.088567677-07:00","Action":"output","Package":"github.com/JDinSeattle/forge-runtime/tests/review","Test":"TestReviewCleanupRequiresTerminalSettledAgedStateAndIndependentLease","Output":"--- PASS: TestReviewCleanupRequiresTerminalSettledAgedStateAndIndependentLease (0.67s)\n"}
{"Time":"2026-09-11T15:21:30.088609852-07:00","Action":"pass","Package":"github.com/JDinSeattle/forge-runtime/tests/review","Test":"TestReviewCleanupRequiresTerminalSettledAgedStateAndIndependentLease","Elapsed":0.67}
{"Time":"2026-09-11T15:21:30.088617664-07:00","Action":"run","Package":"github.com/JDinSeattle/forge-runtime/tests/review","Test":"TestRecoveryIndependentCollectorDelivery"}
{"Time":"2026-09-11T15:21:30.088624662-07:00","Action":"output","Package":"github.com/JDinSeattle/forge-runtime/tests/review","Test":"TestRecoveryIndependentCollectorDelivery","Output":"=== RUN   TestRecoveryIndependentCollectorDelivery\n"}
{"Time":"2026-09-11T15:21:30.088656683-07:00","Action":"output","Package":"github.com/JDinSeattle/forge-runtime/tests/review","Test":"TestRecoveryIndependentCollectorDelivery","Output":"    collector_test.go:27: requires separately running collector and its file-exporter output\n"}
{"Time":"2026-09-11T15:21:30.088668609-07:00","Action":"output","Package":"github.com/JDinSeattle/forge-runtime/tests/review","Test":"TestRecoveryIndependentCollectorDelivery","Output":"--- SKIP: TestRecoveryIndependentCollectorDelivery (0.00s)\n"}
{"Time":"2026-09-11T15:21:30.088674784-07:00","Action":"skip","Package":"github.com/JDinSeattle/forge-runtime/tests/review","Test":"TestRecoveryIndependentCollectorDelivery","Elapsed":0}
{"Time":"2026-09-11T15:21:30.088683031-07:00","Action":"run","Package":"github.com/JDinSeattle/forge-runtime/tests/review","Test":"TestReviewSSESnapshotToRegistrationGapReplaysHistory"}
{"Time":"2026-09-11T15:21:30.088687048-07:00","Action":"output","Package":"github.com/JDinSeattle/forge-runtime/tests/review","Test":"TestReviewSSESnapshotToRegistrationGapReplaysHistory","Output":"=== RUN   TestReviewSSESnapshotToRegistrationGapReplaysHistory\n"}
{"Time":"2026-09-11T15:21:30.089948004-07:00","Action":"output","Package":"github.com/JDinSeattle/forge-runtime/tests/review","Test":"TestReviewSSESnapshotToRegistrationGapReplaysHistory","Output":"--- PASS: TestReviewSSESnapshotToRegistrationGapReplaysHistory (0.00s)\n"}
{"Time":"2026-09-11T15:21:30.089961537-07:00","Action":"pass","Package":"github.com/JDinSeattle/forge-runtime/tests/review","Test":"TestReviewSSESnapshotToRegistrationGapReplaysHistory","Elapsed":0}
{"Time":"2026-09-11T15:21:30.089966643-07:00","Action":"run","Package":"github.com/JDinSeattle/forge-runtime/tests/review","Test":"TestReviewSSEReconnectAfterGapStartsFreshHub"}
{"Time":"2026-09-11T15:21:30.089969899-07:00","Action":"output","Package":"github.com/JDinSeattle/forge-runtime/tests/review","Test":"TestReviewSSEReconnectAfterGapStartsFreshHub","Output":"=== RUN   TestReviewSSEReconnectAfterGapStartsFreshHub\n"}
{"Time":"2026-09-11T15:21:30.093108379-07:00","Action":"output","Package":"github.com/JDinSeattle/forge-runtime/tests/review","Test":"TestReviewSSEReconnectAfterGapStartsFreshHub","Output":"--- PASS: TestReviewSSEReconnectAfterGapStartsFreshHub (0.00s)\n"}
{"Time":"2026-09-11T15:21:30.093123387-07:00","Action":"pass","Package":"github.com/JDinSeattle/forge-runtime/tests/review","Test":"TestReviewSSEReconnectAfterGapStartsFreshHub","Elapsed":0}
{"Time":"2026-09-11T15:21:30.093130087-07:00","Action":"run","Package":"github.com/JDinSeattle/forge-runtime/tests/review","Test":"TestReviewHTTPExpiredCursorRequiresSnapshotReset"}
{"Time":"2026-09-11T15:21:30.093134344-07:00","Action":"output","Package":"github.com/JDinSeattle/forge-runtime/tests/review","Test":"TestReviewHTTPExpiredCursorRequiresSnapshotReset","Output":"=== RUN   TestReviewHTTPExpiredCursorRequiresSnapshotReset\n"}
{"Time":"2026-09-11T15:21:30.093166148-07:00","Action":"run","Package":"github.com/JDinSeattle/forge-runtime/tests/review","Test":"TestReviewHTTPExpiredCursorRequiresSnapshotReset/cutoff_during_subscribe_false"}
{"Time":"2026-09-11T15:21:30.093171475-07:00","Action":"output","Package":"github.com/JDinSeattle/forge-runtime/tests/review","Test":"TestReviewHTTPExpiredCursorRequiresSnapshotReset/cutoff_during_subscribe_false","Output":"=== RUN   TestReviewHTTPExpiredCursorRequiresSnapshotReset/cutoff_during_subscribe_false\n"}
{"Time":"2026-09-11T15:21:30.183268659-07:00","Action":"output","Package":"github.com/JDinSeattle/forge-runtime/internal/runner","Test":"TestArtifactPinIdentityAllowsKindButRejectsCorruption","Output":"--- PASS: TestArtifactPinIdentityAllowsKindButRejectsCorruption (0.25s)\n"}
{"Time":"2026-09-11T15:21:30.183308344-07:00","Action":"pass","Package":"github.com/JDinSeattle/forge-runtime/internal/runner","Test":"TestArtifactPinIdentityAllowsKindButRejectsCorruption","Elapsed":0.25}
{"Time":"2026-09-11T15:21:30.183356065-07:00","Action":"run","Package":"github.com/JDinSeattle/forge-runtime/internal/runner","Test":"TestStartIntentPreventsNeverStartedAssumption"}
{"Time":"2026-09-11T15:21:30.183384774-07:00","Action":"output","Package":"github.com/JDinSeattle/forge-runtime/internal/runner","Test":"TestStartIntentPreventsNeverStartedAssumption","Output":"=== RUN   TestStartIntentPreventsNeverStartedAssumption\n"}
{"Time":"2026-09-11T15:21:30.420301407-07:00","Action":"output","Package":"github.com/JDinSeattle/forge-runtime/internal/runner","Test":"TestStartIntentPreventsNeverStartedAssumption","Output":"--- PASS: TestStartIntentPreventsNeverStartedAssumption (0.24s)\n"}
{"Time":"2026-09-11T15:21:30.420336611-07:00","Action":"pass","Package":"github.com/JDinSeattle/forge-runtime/internal/runner","Test":"TestStartIntentPreventsNeverStartedAssumption","Elapsed":0.24}
{"Time":"2026-09-11T15:21:30.420343652-07:00","Action":"run","Package":"github.com/JDinSeattle/forge-runtime/internal/runner","Test":"TestCreatedUndispatchedCancellationReachesLockedProof"}
{"Time":"2026-09-11T15:21:30.420346834-07:00","Action":"output","Package":"github.com/JDinSeattle/forge-runtime/internal/runner","Test":"TestCreatedUndispatchedCancellationReachesLockedProof","Output":"=== RUN   TestCreatedUndispatchedCancellationReachesLockedProof\n"}
{"Time":"2026-09-11T15:21:30.420363-07:00","Action":"run","Package":"github.com/JDinSeattle/forge-runtime/internal/runner","Test":"TestCreatedUndispatchedCancellationReachesLockedProof/cancel"}
{"Time":"2026-09-11T15:21:30.420365797-07:00","Action":"output","Package":"github.com/JDinSeattle/forge-runtime/internal/runner","Test":"TestCreatedUndispatchedCancellationReachesLockedProof/cancel","Output":"=== RUN   TestCreatedUndispatchedCancellationReachesLockedProof/cancel\n"}
{"Time":"2026-09-11T15:21:30.540590386-07:00","Action":"output","Package":"github.com/JDinSeattle/forge-runtime/tests/review","Test":"TestReviewHTTPExpiredCursorRequiresSnapshotReset/cutoff_during_subscribe_false","Output":"--- PASS: TestReviewHTTPExpiredCursorRequiresSnapshotReset/cutoff_during_subscribe_false (0.45s)\n"}
{"Time":"2026-09-11T15:21:30.540625397-07:00","Action":"pass","Package":"github.com/JDinSeattle/forge-runtime/tests/review","Test":"TestReviewHTTPExpiredCursorRequiresSnapshotReset/cutoff_during_subscribe_false","Elapsed":0.45}
{"Time":"2026-09-11T15:21:30.540633359-07:00","Action":"run","Package":"github.com/JDinSeattle/forge-runtime/tests/review","Test":"TestReviewHTTPExpiredCursorRequiresSnapshotReset/cutoff_during_subscribe_true"}
{"Time":"2026-09-11T15:21:30.540637124-07:00","Action":"output","Package":"github.com/JDinSeattle/forge-runtime/tests/review","Test":"TestReviewHTTPExpiredCursorRequiresSnapshotReset/cutoff_during_subscribe_true","Output":"=== RUN   TestReviewHTTPExpiredCursorRequiresSnapshotReset/cutoff_during_subscribe_true\n"}
{"Time":"2026-09-11T15:21:30.744632314-07:00","Action":"output","Package":"github.com/JDinSeattle/forge-runtime/internal/runner","Test":"TestCreatedUndispatchedCancellationReachesLockedProof/cancel","Output":"--- PASS: TestCreatedUndispatchedCancellationReachesLockedProof/cancel (0.32s)\n"}
{"Time":"2026-09-11T15:21:30.744674116-07:00","Action":"pass","Package":"github.com/JDinSeattle/forge-runtime/internal/runner","Test":"TestCreatedUndispatchedCancellationReachesLockedProof/cancel","Elapsed":0.32}
{"Time":"2026-09-11T15:21:30.744696633-07:00","Action":"run","Package":"github.com/JDinSeattle/forge-runtime/internal/runner","Test":"TestCreatedUndispatchedCancellationReachesLockedProof/stop"}
{"Time":"2026-09-11T15:21:30.744702539-07:00","Action":"output","Package":"github.com/JDinSeattle/forge-runtime/internal/runner","Test":"TestCreatedUndispatchedCancellationReachesLockedProof/stop","Output":"=== RUN   TestCreatedUndispatchedCancellationReachesLockedProof/stop\n"}
{"Time":"2026-09-11T15:21:30.995644804-07:00","Action":"output","Package":"github.com/JDinSeattle/forge-runtime/internal/persistence","Output":"ok  \tgithub.com/JDinSeattle/forge-runtime/internal/persistence\t10.045s\n"}
{"Time":"2026-09-11T15:21:30.995677545-07:00","Action":"pass","Package":"github.com/JDinSeattle/forge-runtime/internal/persistence","Elapsed":10.046}
{"Time":"2026-09-11T15:21:30.996683393-07:00","Action":"output","Package":"github.com/JDinSeattle/forge-runtime/tests/review","Test":"TestReviewHTTPExpiredCursorRequiresSnapshotReset/cutoff_during_subscribe_true","Output":"--- PASS: TestReviewHTTPExpiredCursorRequiresSnapshotReset/cutoff_during_subscribe_true (0.46s)\n"}
{"Time":"2026-09-11T15:21:30.996705412-07:00","Action":"pass","Package":"github.com/JDinSeattle/forge-runtime/tests/review","Test":"TestReviewHTTPExpiredCursorRequiresSnapshotReset/cutoff_during_subscribe_true","Elapsed":0.46}
{"Time":"2026-09-11T15:21:30.996752133-07:00","Action":"output","Package":"github.com/JDinSeattle/forge-runtime/tests/review","Test":"TestReviewHTTPExpiredCursorRequiresSnapshotReset","Output":"--- PASS: TestReviewHTTPExpiredCursorRequiresSnapshotReset (0.90s)\n"}
{"Time":"2026-09-11T15:21:30.996776912-07:00","Action":"pass","Package":"github.com/JDinSeattle/forge-runtime/tests/review","Test":"TestReviewHTTPExpiredCursorRequiresSnapshotReset","Elapsed":0.9}
{"Time":"2026-09-11T15:21:30.996792537-07:00","Action":"run","Package":"github.com/JDinSeattle/forge-runtime/tests/review","Test":"TestReviewHTTPUsesRealNonOwnerTenantScopeAndArtifactBytes"}
{"Time":"2026-09-11T15:21:30.996794728-07:00","Action":"output","Package":"github.com/JDinSeattle/forge-runtime/tests/review","Test":"TestReviewHTTPUsesRealNonOwnerTenantScopeAndArtifactBytes","Output":"=== RUN   TestReviewHTTPUsesRealNonOwnerTenantScopeAndArtifactBytes\n"}
{"Time":"2026-09-11T15:21:31.264092804-07:00","Action":"output","Package":"github.com/JDinSeattle/forge-runtime/internal/runner","Test":"TestCreatedUndispatchedCancellationReachesLockedProof/stop","Output":"--- PASS: TestCreatedUndispatchedCancellationReachesLockedProof/stop (0.52s)\n"}
{"Time":"2026-09-11T15:21:31.264154599-07:00","Action":"pass","Package":"github.com/JDinSeattle/forge-runtime/internal/runner","Test":"TestCreatedUndispatchedCancellationReachesLockedProof/stop","Elapsed":0.52}
{"Time":"2026-09-11T15:21:31.264169644-07:00","Action":"run","Package":"github.com/JDinSeattle/forge-runtime/internal/runner","Test":"TestCreatedUndispatchedCancellationReachesLockedProof/adopt"}
{"Time":"2026-09-11T15:21:31.264178555-07:00","Action":"output","Package":"github.com/JDinSeattle/forge-runtime/internal/runner","Test":"TestCreatedUndispatchedCancellationReachesLockedProof/adopt","Output":"=== RUN   TestCreatedUndispatchedCancellationReachesLockedProof/adopt\n"}
{"Time":"2026-09-11T15:21:31.524572326-07:00","Action":"run","Package":"github.com/JDinSeattle/forge-runtime/tests/review","Test":"TestReviewHTTPUsesRealNonOwnerTenantScopeAndArtifactBytes/missing_bearer"}
{"Time":"2026-09-11T15:21:31.524603372-07:00","Action":"output","Package":"github.com/JDinSeattle/forge-runtime/tests/review","Test":"TestReviewHTTPUsesRealNonOwnerTenantScopeAndArtifactBytes/missing_bearer","Output":"=== RUN   TestReviewHTTPUsesRealNonOwnerTenantScopeAndArtifactBytes/missing_bearer\n"}
{"Time":"2026-09-11T15:21:31.524694146-07:00","Action":"output","Package":"github.com/JDinSeattle/forge-runtime/tests/review","Test":"TestReviewHTTPUsesRealNonOwnerTenantScopeAndArtifactBytes/missing_bearer","Output":"--- PASS: TestReviewHTTPUsesRealNonOwnerTenantScopeAndArtifactBytes/missing_bearer (0.00s)\n"}
{"Time":"2026-09-11T15:21:31.524710829-07:00","Action":"pass","Package":"github.com/JDinSeattle/forge-runtime/tests/review","Test":"TestReviewHTTPUsesRealNonOwnerTenantScopeAndArtifactBytes/missing_bearer","Elapsed":0}
{"Time":"2026-09-11T15:21:31.524717332-07:00","Action":"run","Package":"github.com/JDinSeattle/forge-runtime/tests/review","Test":"TestReviewHTTPUsesRealNonOwnerTenantScopeAndArtifactBytes/valid_own_run"}
{"Time":"2026-09-11T15:21:31.524719773-07:00","Action":"output","Package":"github.com/JDinSeattle/forge-runtime/tests/review","Test":"TestReviewHTTPUsesRealNonOwnerTenantScopeAndArtifactBytes/valid_own_run","Output":"=== RUN   TestReviewHTTPUsesRealNonOwnerTenantScopeAndArtifactBytes/valid_own_run\n"}
{"Time":"2026-09-11T15:21:31.531655108-07:00","Action":"output","Package":"github.com/JDinSeattle/forge-runtime/tests/review","Test":"TestReviewHTTPUsesRealNonOwnerTenantScopeAndArtifactBytes/valid_own_run","Output":"--- PASS: TestReviewHTTPUsesRealNonOwnerTenantScopeAndArtifactBytes/valid_own_run (0.01s)\n"}
{"Time":"2026-09-11T15:21:31.531700143-07:00","Action":"pass","Package":"github.com/JDinSeattle/forge-runtime/tests/review","Test":"TestReviewHTTPUsesRealNonOwnerTenantScopeAndArtifactBytes/valid_own_run","Elapsed":0.01}
{"Time":"2026-09-11T15:21:31.531710544-07:00","Action":"run","Package":"github.com/JDinSeattle/forge-runtime/tests/review","Test":"TestReviewHTTPUsesRealNonOwnerTenantScopeAndArtifactBytes/same_principal_wrong_tenant"}
{"Time":"2026-09-11T15:21:31.531715609-07:00","Action":"output","Package":"github.com/JDinSeattle/forge-runtime/tests/review","Test":"TestReviewHTTPUsesRealNonOwnerTenantScopeAndArtifactBytes/same_principal_wrong_tenant","Output":"=== RUN   TestReviewHTTPUsesRealNonOwnerTenantScopeAndArtifactBytes/same_principal_wrong_tenant\n"}
{"Time":"2026-09-11T15:21:31.533225656-07:00","Action":"output","Package":"github.com/JDinSeattle/forge-runtime/tests/review","Test":"TestReviewHTTPUsesRealNonOwnerTenantScopeAndArtifactBytes/same_principal_wrong_tenant","Output":"--- PASS: TestReviewHTTPUsesRealNonOwnerTenantScopeAndArtifactBytes/same_principal_wrong_tenant (0.00s)\n"}
{"Time":"2026-09-11T15:21:31.533256582-07:00","Action":"pass","Package":"github.com/JDinSeattle/forge-runtime/tests/review","Test":"TestReviewHTTPUsesRealNonOwnerTenantScopeAndArtifactBytes/same_principal_wrong_tenant","Elapsed":0}
{"Time":"2026-09-11T15:21:31.533266558-07:00","Action":"run","Package":"github.com/JDinSeattle/forge-runtime/tests/review","Test":"TestReviewHTTPUsesRealNonOwnerTenantScopeAndArtifactBytes/missing_membership"}
{"Time":"2026-09-11T15:21:31.533272202-07:00","Action":"output","Package":"github.com/JDinSeattle/forge-runtime/tests/review","Test":"TestReviewHTTPUsesRealNonOwnerTenantScopeAndArtifactBytes/missing_membership","Output":"=== RUN   TestReviewHTTPUsesRealNonOwnerTenantScopeAndArtifactBytes/missing_membership\n"}
{"Time":"2026-09-11T15:21:31.533852041-07:00","Action":"output","Package":"github.com/JDinSeattle/forge-runtime/tests/review","Test":"TestReviewHTTPUsesRealNonOwnerTenantScopeAndArtifactBytes/missing_membership","Output":"--- PASS: TestReviewHTTPUsesRealNonOwnerTenantScopeAndArtifactBytes/missing_membership (0.00s)\n"}
{"Time":"2026-09-11T15:21:31.53387241-07:00","Action":"pass","Package":"github.com/JDinSeattle/forge-runtime/tests/review","Test":"TestReviewHTTPUsesRealNonOwnerTenantScopeAndArtifactBytes/missing_membership","Elapsed":0}
{"Time":"2026-09-11T15:21:31.533880771-07:00","Action":"run","Package":"github.com/JDinSeattle/forge-runtime/tests/review","Test":"TestReviewHTTPUsesRealNonOwnerTenantScopeAndArtifactBytes/viewer_read"}
{"Time":"2026-09-11T15:21:31.533885993-07:00","Action":"output","Package":"github.com/JDinSeattle/forge-runtime/tests/review","Test":"TestReviewHTTPUsesRealNonOwnerTenantScopeAndArtifactBytes/viewer_read","Output":"=== RUN   TestReviewHTTPUsesRealNonOwnerTenantScopeAndArtifactBytes/viewer_read\n"}
{"Time":"2026-09-11T15:21:31.53586992-07:00","Action":"output","Package":"github.com/JDinSeattle/forge-runtime/tests/review","Test":"TestReviewHTTPUsesRealNonOwnerTenantScopeAndArtifactBytes/viewer_read","Output":"--- PASS: TestReviewHTTPUsesRealNonOwnerTenantScopeAndArtifactBytes/viewer_read (0.00s)\n"}
{"Time":"2026-09-11T15:21:31.535904235-07:00","Action":"pass","Package":"github.com/JDinSeattle/forge-runtime/tests/review","Test":"TestReviewHTTPUsesRealNonOwnerTenantScopeAndArtifactBytes/viewer_read","Elapsed":0}
{"Time":"2026-09-11T15:21:31.535914266-07:00","Action":"run","Package":"github.com/JDinSeattle/forge-runtime/tests/review","Test":"TestReviewHTTPUsesRealNonOwnerTenantScopeAndArtifactBytes/viewer_cancel"}
{"Time":"2026-09-11T15:21:31.53592038-07:00","Action":"output","Package":"github.com/JDinSeattle/forge-runtime/tests/review","Test":"TestReviewHTTPUsesRealNonOwnerTenantScopeAndArtifactBytes/viewer_cancel","Output":"=== RUN   TestReviewHTTPUsesRealNonOwnerTenantScopeAndArtifactBytes/viewer_cancel\n"}
{"Time":"2026-09-11T15:21:31.536626634-07:00","Action":"output","Package":"github.com/JDinSeattle/forge-runtime/tests/review","Test":"TestReviewHTTPUsesRealNonOwnerTenantScopeAndArtifactBytes/viewer_cancel","Output":"--- PASS: TestReviewHTTPUsesRealNonOwnerTenantScopeAndArtifactBytes/viewer_cancel (0.00s)\n"}
{"Time":"2026-09-11T15:21:31.536648509-07:00","Action":"pass","Package":"github.com/JDinSeattle/forge-runtime/tests/review","Test":"TestReviewHTTPUsesRealNonOwnerTenantScopeAndArtifactBytes/viewer_cancel","Elapsed":0}
{"Time":"2026-09-11T15:21:31.536666116-07:00","Action":"run","Package":"github.com/JDinSeattle/forge-runtime/tests/review","Test":"TestReviewHTTPUsesRealNonOwnerTenantScopeAndArtifactBytes/viewer_message"}
{"Time":"2026-09-11T15:21:31.536674745-07:00","Action":"output","Package":"github.com/JDinSeattle/forge-runtime/tests/review","Test":"TestReviewHTTPUsesRealNonOwnerTenantScopeAndArtifactBytes/viewer_message","Output":"=== RUN   TestReviewHTTPUsesRealNonOwnerTenantScopeAndArtifactBytes/viewer_message\n"}
{"Time":"2026-09-11T15:21:31.537458448-07:00","Action":"output","Package":"github.com/JDinSeattle/forge-runtime/tests/review","Test":"TestReviewHTTPUsesRealNonOwnerTenantScopeAndArtifactBytes/viewer_message","Output":"--- PASS: TestReviewHTTPUsesRealNonOwnerTenantScopeAndArtifactBytes/viewer_message (0.00s)\n"}
{"Time":"2026-09-11T15:21:31.537480302-07:00","Action":"pass","Package":"github.com/JDinSeattle/forge-runtime/tests/review","Test":"TestReviewHTTPUsesRealNonOwnerTenantScopeAndArtifactBytes/viewer_message","Elapsed":0}
{"Time":"2026-09-11T15:21:31.537497004-07:00","Action":"run","Package":"github.com/JDinSeattle/forge-runtime/tests/review","Test":"TestReviewHTTPUsesRealNonOwnerTenantScopeAndArtifactBytes/cross_tenant_artifact_list"}
{"Time":"2026-09-11T15:21:31.537505054-07:00","Action":"output","Package":"github.com/JDinSeattle/forge-runtime/tests/review","Test":"TestReviewHTTPUsesRealNonOwnerTenantScopeAndArtifactBytes/cross_tenant_artifact_list","Output":"=== RUN   TestReviewHTTPUsesRealNonOwnerTenantScopeAndArtifactBytes/cross_tenant_artifact_list\n"}
{"Time":"2026-09-11T15:21:31.539243734-07:00","Action":"output","Package":"github.com/JDinSeattle/forge-runtime/tests/review","Test":"TestReviewHTTPUsesRealNonOwnerTenantScopeAndArtifactBytes/cross_tenant_artifact_list","Output":"--- PASS: TestReviewHTTPUsesRealNonOwnerTenantScopeAndArtifactBytes/cross_tenant_artifact_list (0.00s)\n"}
{"Time":"2026-09-11T15:21:31.539269996-07:00","Action":"pass","Package":"github.com/JDinSeattle/forge-runtime/tests/review","Test":"TestReviewHTTPUsesRealNonOwnerTenantScopeAndArtifactBytes/cross_tenant_artifact_list","Elapsed":0}
{"Time":"2026-09-11T15:21:31.699863328-07:00","Action":"output","Package":"github.com/JDinSeattle/forge-runtime/tests/review","Test":"TestReviewHTTPUsesRealNonOwnerTenantScopeAndArtifactBytes","Output":"--- PASS: TestReviewHTTPUsesRealNonOwnerTenantScopeAndArtifactBytes (0.70s)\n"}
{"Time":"2026-09-11T15:21:31.69989539-07:00","Action":"pass","Package":"github.com/JDinSeattle/forge-runtime/tests/review","Test":"TestReviewHTTPUsesRealNonOwnerTenantScopeAndArtifactBytes","Elapsed":0.7}
{"Time":"2026-09-11T15:21:31.69990839-07:00","Action":"run","Package":"github.com/JDinSeattle/forge-runtime/tests/review","Test":"TestReviewReservedPriorityIsBoundedAndPreservesFIFO"}
{"Time":"2026-09-11T15:21:31.69991237-07:00","Action":"output","Package":"github.com/JDinSeattle/forge-runtime/tests/review","Test":"TestReviewReservedPriorityIsBoundedAndPreservesFIFO","Output":"=== RUN   TestReviewReservedPriorityIsBoundedAndPreservesFIFO\n"}
{"Time":"2026-09-11T15:21:31.70744107-07:00","Action":"output","Package":"github.com/JDinSeattle/forge-runtime/internal/runner","Test":"TestCreatedUndispatchedCancellationReachesLockedProof/adopt","Output":"--- PASS: TestCreatedUndispatchedCancellationReachesLockedProof/adopt (0.44s)\n"}
{"Time":"2026-09-11T15:21:31.707478362-07:00","Action":"pass","Package":"github.com/JDinSeattle/forge-runtime/internal/runner","Test":"TestCreatedUndispatchedCancellationReachesLockedProof/adopt","Elapsed":0.44}
{"Time":"2026-09-11T15:21:31.707487484-07:00","Action":"output","Package":"github.com/JDinSeattle/forge-runtime/internal/runner","Test":"TestCreatedUndispatchedCancellationReachesLockedProof","Output":"--- PASS: TestCreatedUndispatchedCancellationReachesLockedProof (1.29s)\n"}
{"Time":"2026-09-11T15:21:31.707495733-07:00","Action":"pass","Package":"github.com/JDinSeattle/forge-runtime/internal/runner","Test":"TestCreatedUndispatchedCancellationReachesLockedProof","Elapsed":1.29}
{"Time":"2026-09-11T15:21:31.70752499-07:00","Action":"run","Package":"github.com/JDinSeattle/forge-runtime/internal/runner","Test":"TestJournalIdentityStableAcrossReopenAndDistinctAcrossFiles"}
{"Time":"2026-09-11T15:21:31.707546262-07:00","Action":"output","Package":"github.com/JDinSeattle/forge-runtime/internal/runner","Test":"TestJournalIdentityStableAcrossReopenAndDistinctAcrossFiles","Output":"=== RUN   TestJournalIdentityStableAcrossReopenAndDistinctAcrossFiles\n"}
{"Time":"2026-09-11T15:21:32.012514151-07:00","Action":"output","Package":"github.com/JDinSeattle/forge-runtime/internal/runner","Test":"TestJournalIdentityStableAcrossReopenAndDistinctAcrossFiles","Output":"--- PASS: TestJournalIdentityStableAcrossReopenAndDistinctAcrossFiles (0.30s)\n"}
{"Time":"2026-09-11T15:21:32.012558837-07:00","Action":"pass","Package":"github.com/JDinSeattle/forge-runtime/internal/runner","Test":"TestJournalIdentityStableAcrossReopenAndDistinctAcrossFiles","Elapsed":0.3}
{"Time":"2026-09-11T15:21:32.012573619-07:00","Action":"run","Package":"github.com/JDinSeattle/forge-runtime/internal/runner","Test":"TestExistingV4NeverInventsMissingOrMalformedIdentity"}
{"Time":"2026-09-11T15:21:32.012584988-07:00","Action":"output","Package":"github.com/JDinSeattle/forge-runtime/internal/runner","Test":"TestExistingV4NeverInventsMissingOrMalformedIdentity","Output":"=== RUN   TestExistingV4NeverInventsMissingOrMalformedIdentity\n"}
{"Time":"2026-09-11T15:21:32.012591684-07:00","Action":"run","Package":"github.com/JDinSeattle/forge-runtime/internal/runner","Test":"TestExistingV4NeverInventsMissingOrMalformedIdentity/table"}
{"Time":"2026-09-11T15:21:32.012596332-07:00","Action":"output","Package":"github.com/JDinSeattle/forge-runtime/internal/runner","Test":"TestExistingV4NeverInventsMissingOrMalformedIdentity/table","Output":"=== RUN   TestExistingV4NeverInventsMissingOrMalformedIdentity/table\n"}
{"Time":"2026-09-11T15:21:32.159727895-07:00","Action":"output","Package":"github.com/JDinSeattle/forge-runtime/internal/runner","Test":"TestExistingV4NeverInventsMissingOrMalformedIdentity/table","Output":"--- PASS: TestExistingV4NeverInventsMissingOrMalformedIdentity/table (0.15s)\n"}
{"Time":"2026-09-11T15:21:32.159780519-07:00","Action":"pass","Package":"github.com/JDinSeattle/forge-runtime/internal/runner","Test":"TestExistingV4NeverInventsMissingOrMalformedIdentity/table","Elapsed":0.15}
{"Time":"2026-09-11T15:21:32.159786345-07:00","Action":"run","Package":"github.com/JDinSeattle/forge-runtime/internal/runner","Test":"TestExistingV4NeverInventsMissingOrMalformedIdentity/row"}
{"Time":"2026-09-11T15:21:32.159788322-07:00","Action":"output","Package":"github.com/JDinSeattle/forge-runtime/internal/runner","Test":"TestExistingV4NeverInventsMissingOrMalformedIdentity/row","Output":"=== RUN   TestExistingV4NeverInventsMissingOrMalformedIdentity/row\n"}
{"Time":"2026-09-11T15:21:32.176083942-07:00","Action":"output","Package":"github.com/JDinSeattle/forge-runtime/tests/review","Test":"TestReviewReservedPriorityIsBoundedAndPreservesFIFO","Output":"--- PASS: TestReviewReservedPriorityIsBoundedAndPreservesFIFO (0.48s)\n"}
{"Time":"2026-09-11T15:21:32.176115819-07:00","Action":"pass","Package":"github.com/JDinSeattle/forge-runtime/tests/review","Test":"TestReviewReservedPriorityIsBoundedAndPreservesFIFO","Elapsed":0.48}
{"Time":"2026-09-11T15:21:32.176123605-07:00","Action":"run","Package":"github.com/JDinSeattle/forge-runtime/tests/review","Test":"TestRecoverySourceProcess"}
{"Time":"2026-09-11T15:21:32.176127817-07:00","Action":"output","Package":"github.com/JDinSeattle/forge-runtime/tests/review","Test":"TestRecoverySourceProcess","Output":"=== RUN   TestRecoverySourceProcess\n"}
{"Time":"2026-09-11T15:21:32.17619105-07:00","Action":"output","Package":"github.com/JDinSeattle/forge-runtime/tests/review","Test":"TestRecoverySourceProcess","Output":"    recovery_test.go:235: operator-only paired recovery rehearsal: FORGE_RECOVERY_CONFIG is required\n"}
{"Time":"2026-09-11T15:21:32.176231349-07:00","Action":"output","Package":"github.com/JDinSeattle/forge-runtime/tests/review","Test":"TestRecoverySourceProcess","Output":"--- SKIP: TestRecoverySourceProcess (0.00s)\n"}
{"Time":"2026-09-11T15:21:32.176252858-07:00","Action":"skip","Package":"github.com/JDinSeattle/forge-runtime/tests/review","Test":"TestRecoverySourceProcess","Elapsed":0}
{"Time":"2026-09-11T15:21:32.176258537-07:00","Action":"run","Package":"github.com/JDinSeattle/forge-runtime/tests/review","Test":"TestRecoveryRestoredProcess"}
{"Time":"2026-09-11T15:21:32.176262142-07:00","Action":"output","Package":"github.com/JDinSeattle/forge-runtime/tests/review","Test":"TestRecoveryRestoredProcess","Output":"=== RUN   TestRecoveryRestoredProcess\n"}
{"Time":"2026-09-11T15:21:32.176297822-07:00","Action":"output","Package":"github.com/JDinSeattle/forge-runtime/tests/review","Test":"TestRecoveryRestoredProcess","Output":"    recovery_test.go:335: operator-only paired recovery rehearsal: FORGE_RECOVERY_CONFIG is required\n"}
{"Time":"2026-09-11T15:21:32.176318165-07:00","Action":"output","Package":"github.com/JDinSeattle/forge-runtime/tests/review","Test":"TestRecoveryRestoredProcess","Output":"--- SKIP: TestRecoveryRestoredProcess (0.00s)\n"}
{"Time":"2026-09-11T15:21:32.176325054-07:00","Action":"skip","Package":"github.com/JDinSeattle/forge-runtime/tests/review","Test":"TestRecoveryRestoredProcess","Elapsed":0}
{"Time":"2026-09-11T15:21:32.176344558-07:00","Action":"run","Package":"github.com/JDinSeattle/forge-runtime/tests/review","Test":"TestReviewHTTPResumePreservesIdentityAndCapacity"}
{"Time":"2026-09-11T15:21:32.176349751-07:00","Action":"output","Package":"github.com/JDinSeattle/forge-runtime/tests/review","Test":"TestReviewHTTPResumePreservesIdentityAndCapacity","Output":"=== RUN   TestReviewHTTPResumePreservesIdentityAndCapacity\n"}
{"Time":"2026-09-11T15:21:32.300375837-07:00","Action":"output","Package":"github.com/JDinSeattle/forge-runtime/internal/runner","Test":"TestExistingV4NeverInventsMissingOrMalformedIdentity/row","Output":"--- PASS: TestExistingV4NeverInventsMissingOrMalformedIdentity/row (0.14s)\n"}
{"Time":"2026-09-11T15:21:32.300407344-07:00","Action":"pass","Package":"github.com/JDinSeattle/forge-runtime/internal/runner","Test":"TestExistingV4NeverInventsMissingOrMalformedIdentity/row","Elapsed":0.14}
{"Time":"2026-09-11T15:21:32.300412812-07:00","Action":"run","Package":"github.com/JDinSeattle/forge-runtime/internal/runner","Test":"TestExistingV4NeverInventsMissingOrMalformedIdentity/malformed"}
{"Time":"2026-09-11T15:21:32.300414492-07:00","Action":"output","Package":"github.com/JDinSeattle/forge-runtime/internal/runner","Test":"TestExistingV4NeverInventsMissingOrMalformedIdentity/malformed","Output":"=== RUN   TestExistingV4NeverInventsMissingOrMalformedIdentity/malformed\n"}
{"Time":"2026-09-11T15:21:32.437216151-07:00","Action":"output","Package":"github.com/JDinSeattle/forge-runtime/internal/runner","Test":"TestExistingV4NeverInventsMissingOrMalformedIdentity/malformed","Output":"--- PASS: TestExistingV4NeverInventsMissingOrMalformedIdentity/malformed (0.14s)\n"}
{"Time":"2026-09-11T15:21:32.437239903-07:00","Action":"pass","Package":"github.com/JDinSeattle/forge-runtime/internal/runner","Test":"TestExistingV4NeverInventsMissingOrMalformedIdentity/malformed","Elapsed":0.14}
{"Time":"2026-09-11T15:21:32.437296114-07:00","Action":"output","Package":"github.com/JDinSeattle/forge-runtime/internal/runner","Test":"TestExistingV4NeverInventsMissingOrMalformedIdentity","Output":"--- PASS: TestExistingV4NeverInventsMissingOrMalformedIdentity (0.42s)\n"}
{"Time":"2026-09-11T15:21:32.437322709-07:00","Action":"pass","Package":"github.com/JDinSeattle/forge-runtime/internal/runner","Test":"TestExistingV4NeverInventsMissingOrMalformedIdentity","Elapsed":0.42}
{"Time":"2026-09-11T15:21:32.437333513-07:00","Action":"run","Package":"github.com/JDinSeattle/forge-runtime/internal/runner","Test":"TestV3MigrationCreatesIdentityWithoutChangingLegacyDispatchEvidence"}
{"Time":"2026-09-11T15:21:32.437339291-07:00","Action":"output","Package":"github.com/JDinSeattle/forge-runtime/internal/runner","Test":"TestV3MigrationCreatesIdentityWithoutChangingLegacyDispatchEvidence","Output":"=== RUN   TestV3MigrationCreatesIdentityWithoutChangingLegacyDispatchEvidence\n"}
{"Time":"2026-09-11T15:21:32.692225144-07:00","Action":"output","Package":"github.com/JDinSeattle/forge-runtime/internal/runner","Test":"TestV3MigrationCreatesIdentityWithoutChangingLegacyDispatchEvidence","Output":"--- PASS: TestV3MigrationCreatesIdentityWithoutChangingLegacyDispatchEvidence (0.25s)\n"}
{"Time":"2026-09-11T15:21:32.692258186-07:00","Action":"pass","Package":"github.com/JDinSeattle/forge-runtime/internal/runner","Test":"TestV3MigrationCreatesIdentityWithoutChangingLegacyDispatchEvidence","Elapsed":0.25}
{"Time":"2026-09-11T15:21:32.692265864-07:00","Action":"run","Package":"github.com/JDinSeattle/forge-runtime/internal/runner","Test":"TestStoppedWorkspaceCannotReopenAfterRestart"}
{"Time":"2026-09-11T15:21:32.692269299-07:00","Action":"output","Package":"github.com/JDinSeattle/forge-runtime/internal/runner","Test":"TestStoppedWorkspaceCannotReopenAfterRestart","Output":"=== RUN   TestStoppedWorkspaceCannotReopenAfterRestart\n"}
{"Time":"2026-09-11T15:21:32.700423969-07:00","Action":"output","Package":"github.com/JDinSeattle/forge-runtime/tests/review","Test":"TestReviewHTTPResumePreservesIdentityAndCapacity","Output":"--- PASS: TestReviewHTTPResumePreservesIdentityAndCapacity (0.52s)\n"}
{"Time":"2026-09-11T15:21:32.700440438-07:00","Action":"pass","Package":"github.com/JDinSeattle/forge-runtime/tests/review","Test":"TestReviewHTTPResumePreservesIdentityAndCapacity","Elapsed":0.52}
{"Time":"2026-09-11T15:21:32.700444815-07:00","Action":"run","Package":"github.com/JDinSeattle/forge-runtime/tests/review","Test":"TestReviewConcurrentFinalizeDoesNotReleaseSentinelCapacity"}
{"Time":"2026-09-11T15:21:32.70044658-07:00","Action":"output","Package":"github.com/JDinSeattle/forge-runtime/tests/review","Test":"TestReviewConcurrentFinalizeDoesNotReleaseSentinelCapacity","Output":"=== RUN   TestReviewConcurrentFinalizeDoesNotReleaseSentinelCapacity\n"}
{"Time":"2026-09-11T15:21:32.996025688-07:00","Action":"output","Package":"github.com/JDinSeattle/forge-runtime/internal/runner","Test":"TestStoppedWorkspaceCannotReopenAfterRestart","Output":"--- PASS: TestStoppedWorkspaceCannotReopenAfterRestart (0.30s)\n"}
{"Time":"2026-09-11T15:21:32.996081065-07:00","Action":"pass","Package":"github.com/JDinSeattle/forge-runtime/internal/runner","Test":"TestStoppedWorkspaceCannotReopenAfterRestart","Elapsed":0.3}
{"Time":"2026-09-11T15:21:32.996086574-07:00","Action":"run","Package":"github.com/JDinSeattle/forge-runtime/internal/runner","Test":"TestNoncanonicalArgsNeverReserveOperation"}
{"Time":"2026-09-11T15:21:32.996092164-07:00","Action":"output","Package":"github.com/JDinSeattle/forge-runtime/internal/runner","Test":"TestNoncanonicalArgsNeverReserveOperation","Output":"=== RUN   TestNoncanonicalArgsNeverReserveOperation\n"}
{"Time":"2026-09-11T15:21:33.139280197-07:00","Action":"output","Package":"github.com/JDinSeattle/forge-runtime/internal/application","Test":"TestExternalModelAndRunnerWaitsHoldNoSQLTransaction/model","Output":"--- PASS: TestExternalModelAndRunnerWaitsHoldNoSQLTransaction/model (6.59s)\n"}
{"Time":"2026-09-11T15:21:33.139306073-07:00","Action":"pass","Package":"github.com/JDinSeattle/forge-runtime/internal/application","Test":"TestExternalModelAndRunnerWaitsHoldNoSQLTransaction/model","Elapsed":6.59}
{"Time":"2026-09-11T15:21:33.139310605-07:00","Action":"run","Package":"github.com/JDinSeattle/forge-runtime/internal/application","Test":"TestExternalModelAndRunnerWaitsHoldNoSQLTransaction/runner"}
{"Time":"2026-09-11T15:21:33.13931208-07:00","Action":"output","Package":"github.com/JDinSeattle/forge-runtime/internal/application","Test":"TestExternalModelAndRunnerWaitsHoldNoSQLTransaction/runner","Output":"=== RUN   TestExternalModelAndRunnerWaitsHoldNoSQLTransaction/runner\n"}
{"Time":"2026-09-11T15:21:33.197492902-07:00","Action":"output","Package":"github.com/JDinSeattle/forge-runtime/internal/runner","Test":"TestNoncanonicalArgsNeverReserveOperation","Output":"--- PASS: TestNoncanonicalArgsNeverReserveOperation (0.20s)\n"}
{"Time":"2026-09-11T15:21:33.197528223-07:00","Action":"pass","Package":"github.com/JDinSeattle/forge-runtime/internal/runner","Test":"TestNoncanonicalArgsNeverReserveOperation","Elapsed":0.2}
{"Time":"2026-09-11T15:21:33.197535362-07:00","Action":"run","Package":"github.com/JDinSeattle/forge-runtime/internal/runner","Test":"TestPublicReceiptContainsNoGrant"}
{"Time":"2026-09-11T15:21:33.197538079-07:00","Action":"output","Package":"github.com/JDinSeattle/forge-runtime/internal/runner","Test":"TestPublicReceiptContainsNoGrant","Output":"=== RUN   TestPublicReceiptContainsNoGrant\n"}
{"Time":"2026-09-11T15:21:33.450597376-07:00","Action":"output","Package":"github.com/JDinSeattle/forge-runtime/tests/review","Test":"TestReviewConcurrentFinalizeDoesNotReleaseSentinelCapacity","Output":"--- PASS: TestReviewConcurrentFinalizeDoesNotReleaseSentinelCapacity (0.75s)\n"}
{"Time":"2026-09-11T15:21:33.450621787-07:00","Action":"pass","Package":"github.com/JDinSeattle/forge-runtime/tests/review","Test":"TestReviewConcurrentFinalizeDoesNotReleaseSentinelCapacity","Elapsed":0.75}
{"Time":"2026-09-11T15:21:33.450626194-07:00","Action":"run","Package":"github.com/JDinSeattle/forge-runtime/tests/review","Test":"TestReviewCLIResumeSucceedsThroughRealHTTP"}
{"Time":"2026-09-11T15:21:33.450628059-07:00","Action":"output","Package":"github.com/JDinSeattle/forge-runtime/tests/review","Test":"TestReviewCLIResumeSucceedsThroughRealHTTP","Output":"=== RUN   TestReviewCLIResumeSucceedsThroughRealHTTP\n"}
{"Time":"2026-09-11T15:21:33.507236196-07:00","Action":"output","Package":"github.com/JDinSeattle/forge-runtime/internal/runner","Test":"TestPublicReceiptContainsNoGrant","Output":"--- PASS: TestPublicReceiptContainsNoGrant (0.31s)\n"}
{"Time":"2026-09-11T15:21:33.507281936-07:00","Action":"pass","Package":"github.com/JDinSeattle/forge-runtime/internal/runner","Test":"TestPublicReceiptContainsNoGrant","Elapsed":0.31}
{"Time":"2026-09-11T15:21:33.507291295-07:00","Action":"run","Package":"github.com/JDinSeattle/forge-runtime/internal/runner","Test":"TestCleanVerificationExcludesGeneratedFiles"}
{"Time":"2026-09-11T15:21:33.507294916-07:00","Action":"output","Package":"github.com/JDinSeattle/forge-runtime/internal/runner","Test":"TestCleanVerificationExcludesGeneratedFiles","Output":"=== RUN   TestCleanVerificationExcludesGeneratedFiles\n"}
{"Time":"2026-09-11T15:21:33.909251283-07:00","Action":"output","Package":"github.com/JDinSeattle/forge-runtime/internal/runner","Test":"TestCleanVerificationExcludesGeneratedFiles","Output":"--- PASS: TestCleanVerificationExcludesGeneratedFiles (0.40s)\n"}
{"Time":"2026-09-11T15:21:33.909290554-07:00","Action":"pass","Package":"github.com/JDinSeattle/forge-runtime/internal/runner","Test":"TestCleanVerificationExcludesGeneratedFiles","Elapsed":0.4}
{"Time":"2026-09-11T15:21:33.909299068-07:00","Action":"run","Package":"github.com/JDinSeattle/forge-runtime/internal/runner","Test":"TestPoolLeaseSurvivesCrashAndReusesOnlyAfterRelease"}
{"Time":"2026-09-11T15:21:33.909303133-07:00","Action":"output","Package":"github.com/JDinSeattle/forge-runtime/internal/runner","Test":"TestPoolLeaseSurvivesCrashAndReusesOnlyAfterRelease","Output":"=== RUN   TestPoolLeaseSurvivesCrashAndReusesOnlyAfterRelease\n"}
{"Time":"2026-09-11T15:21:33.939986054-07:00","Action":"output","Package":"github.com/JDinSeattle/forge-runtime/tests/review","Test":"TestReviewCLIResumeSucceedsThroughRealHTTP","Output":"    resume_capacity_test.go:409: actual CLI pid=2216792 exit=0 accepted run=run_NPWMDOVWC5GJPAQSL3WIQREVOL reviewed_version=7\n"}
{"Time":"2026-09-11T15:21:34.004023538-07:00","Action":"output","Package":"github.com/JDinSeattle/forge-runtime/tests/review","Test":"TestReviewCLIResumeSucceedsThroughRealHTTP","Output":"--- PASS: TestReviewCLIResumeSucceedsThroughRealHTTP (0.55s)\n"}
{"Time":"2026-09-11T15:21:34.004058583-07:00","Action":"pass","Package":"github.com/JDinSeattle/forge-runtime/tests/review","Test":"TestReviewCLIResumeSucceedsThroughRealHTTP","Elapsed":0.55}
{"Time":"2026-09-11T15:21:34.004066358-07:00","Action":"run","Package":"github.com/JDinSeattle/forge-runtime/tests/review","Test":"TestReviewTrimEventsPreservesActiveStatesAndReplayEvidence"}
{"Time":"2026-09-11T15:21:34.004069385-07:00","Action":"output","Package":"github.com/JDinSeattle/forge-runtime/tests/review","Test":"TestReviewTrimEventsPreservesActiveStatesAndReplayEvidence","Output":"=== RUN   TestReviewTrimEventsPreservesActiveStatesAndReplayEvidence\n"}
{"Time":"2026-09-11T15:21:34.367755913-07:00","Action":"output","Package":"github.com/JDinSeattle/forge-runtime/internal/runner","Test":"TestPoolLeaseSurvivesCrashAndReusesOnlyAfterRelease","Output":"--- PASS: TestPoolLeaseSurvivesCrashAndReusesOnlyAfterRelease (0.46s)\n"}
{"Time":"2026-09-11T15:21:34.367791236-07:00","Action":"pass","Package":"github.com/JDinSeattle/forge-runtime/internal/runner","Test":"TestPoolLeaseSurvivesCrashAndReusesOnlyAfterRelease","Elapsed":0.46}
{"Time":"2026-09-11T15:21:34.367802533-07:00","Action":"run","Package":"github.com/JDinSeattle/forge-runtime/internal/runner","Test":"TestPoolUnknownOperationRetainsCapacity"}
{"Time":"2026-09-11T15:21:34.367806427-07:00","Action":"output","Package":"github.com/JDinSeattle/forge-runtime/internal/runner","Test":"TestPoolUnknownOperationRetainsCapacity","Output":"=== RUN   TestPoolUnknownOperationRetainsCapacity\n"}
{"Time":"2026-09-11T15:21:34.72648642-07:00","Action":"output","Package":"github.com/JDinSeattle/forge-runtime/internal/runner","Test":"TestPoolUnknownOperationRetainsCapacity","Output":"--- PASS: TestPoolUnknownOperationRetainsCapacity (0.36s)\n"}
{"Time":"2026-09-11T15:21:34.726518215-07:00","Action":"pass","Package":"github.com/JDinSeattle/forge-runtime/internal/runner","Test":"TestPoolUnknownOperationRetainsCapacity","Elapsed":0.36}
{"Time":"2026-09-11T15:21:34.726526129-07:00","Action":"run","Package":"github.com/JDinSeattle/forge-runtime/internal/runner","Test":"TestOldReleaseAfterSlotReusePreservesNewWorkspace"}
{"Time":"2026-09-11T15:21:34.726529223-07:00","Action":"output","Package":"github.com/JDinSeattle/forge-runtime/internal/runner","Test":"TestOldReleaseAfterSlotReusePreservesNewWorkspace","Output":"=== RUN   TestOldReleaseAfterSlotReusePreservesNewWorkspace\n"}
{"Time":"2026-09-11T15:21:34.96191821-07:00","Action":"output","Package":"github.com/JDinSeattle/forge-runtime/tests/review","Test":"TestReviewTrimEventsPreservesActiveStatesAndReplayEvidence","Output":"--- PASS: TestReviewTrimEventsPreservesActiveStatesAndReplayEvidence (0.96s)\n"}
{"Time":"2026-09-11T15:21:34.961942682-07:00","Action":"pass","Package":"github.com/JDinSeattle/forge-runtime/tests/review","Test":"TestReviewTrimEventsPreservesActiveStatesAndReplayEvidence","Elapsed":0.96}
{"Time":"2026-09-11T15:21:34.961955514-07:00","Action":"run","Package":"github.com/JDinSeattle/forge-runtime/tests/review","Test":"TestReviewWholeTaskRetryCreatesOneChildWithoutReopeningParent"}
{"Time":"2026-09-11T15:21:34.961957354-07:00","Action":"output","Package":"github.com/JDinSeattle/forge-runtime/tests/review","Test":"TestReviewWholeTaskRetryCreatesOneChildWithoutReopeningParent","Output":"=== RUN   TestReviewWholeTaskRetryCreatesOneChildWithoutReopeningParent\n"}
{"Time":"2026-09-11T15:21:35.309832662-07:00","Action":"output","Package":"github.com/JDinSeattle/forge-runtime/internal/runner","Test":"TestOldReleaseAfterSlotReusePreservesNewWorkspace","Output":"--- PASS: TestOldReleaseAfterSlotReusePreservesNewWorkspace (0.58s)\n"}
{"Time":"2026-09-11T15:21:35.309869864-07:00","Action":"pass","Package":"github.com/JDinSeattle/forge-runtime/internal/runner","Test":"TestOldReleaseAfterSlotReusePreservesNewWorkspace","Elapsed":0.58}
{"Time":"2026-09-11T15:21:35.309877159-07:00","Action":"run","Package":"github.com/JDinSeattle/forge-runtime/internal/runner","Test":"FuzzToolPathsStayRelative"}
{"Time":"2026-09-11T15:21:35.309879875-07:00","Action":"output","Package":"github.com/JDinSeattle/forge-runtime/internal/runner","Test":"FuzzToolPathsStayRelative","Output":"=== RUN   FuzzToolPathsStayRelative\n"}
{"Time":"2026-09-11T15:21:35.30994689-07:00","Action":"run","Package":"github.com/JDinSeattle/forge-runtime/internal/runner","Test":"FuzzToolPathsStayRelative/seed#0"}
{"Time":"2026-09-11T15:21:35.309955668-07:00","Action":"output","Package":"github.com/JDinSeattle/forge-runtime/internal/runner","Test":"FuzzToolPathsStayRelative/seed#0","Output":"=== RUN   FuzzToolPathsStayRelative/seed#0\n"}
{"Time":"2026-09-11T15:21:35.309995247-07:00","Action":"output","Package":"github.com/JDinSeattle/forge-runtime/internal/runner","Test":"FuzzToolPathsStayRelative/seed#0","Output":"--- PASS: FuzzToolPathsStayRelative/seed#0 (0.00s)\n"}
{"Time":"2026-09-11T15:21:35.310004123-07:00","Action":"pass","Package":"github.com/JDinSeattle/forge-runtime/internal/runner","Test":"FuzzToolPathsStayRelative/seed#0","Elapsed":0}
{"Time":"2026-09-11T15:21:35.310014181-07:00","Action":"run","Package":"github.com/JDinSeattle/forge-runtime/internal/runner","Test":"FuzzToolPathsStayRelative/seed#1"}
{"Time":"2026-09-11T15:21:35.31001693-07:00","Action":"output","Package":"github.com/JDinSeattle/forge-runtime/internal/runner","Test":"FuzzToolPathsStayRelative/seed#1","Output":"=== RUN   FuzzToolPathsStayRelative/seed#1\n"}
{"Time":"2026-09-11T15:21:35.310034165-07:00","Action":"output","Package":"github.com/JDinSeattle/forge-runtime/internal/runner","Test":"FuzzToolPathsStayRelative/seed#1","Output":"--- PASS: FuzzToolPathsStayRelative/seed#1 (0.00s)\n"}
{"Time":"2026-09-11T15:21:35.310039312-07:00","Action":"pass","Package":"github.com/JDinSeattle/forge-runtime/internal/runner","Test":"FuzzToolPathsStayRelative/seed#1","Elapsed":0}
{"Time":"2026-09-11T15:21:35.310048654-07:00","Action":"run","Package":"github.com/JDinSeattle/forge-runtime/internal/runner","Test":"FuzzToolPathsStayRelative/seed#2"}
{"Time":"2026-09-11T15:21:35.310050549-07:00","Action":"output","Package":"github.com/JDinSeattle/forge-runtime/internal/runner","Test":"FuzzToolPathsStayRelative/seed#2","Output":"=== RUN   FuzzToolPathsStayRelative/seed#2\n"}
{"Time":"2026-09-11T15:21:35.310067816-07:00","Action":"output","Package":"github.com/JDinSeattle/forge-runtime/internal/runner","Test":"FuzzToolPathsStayRelative/seed#2","Output":"--- PASS: FuzzToolPathsStayRelative/seed#2 (0.00s)\n"}
{"Time":"2026-09-11T15:21:35.310071717-07:00","Action":"pass","Package":"github.com/JDinSeattle/forge-runtime/internal/runner","Test":"FuzzToolPathsStayRelative/seed#2","Elapsed":0}
{"Time":"2026-09-11T15:21:35.310080525-07:00","Action":"run","Package":"github.com/JDinSeattle/forge-runtime/internal/runner","Test":"FuzzToolPathsStayRelative/seed#3"}
{"Time":"2026-09-11T15:21:35.310082579-07:00","Action":"output","Package":"github.com/JDinSeattle/forge-runtime/internal/runner","Test":"FuzzToolPathsStayRelative/seed#3","Output":"=== RUN   FuzzToolPathsStayRelative/seed#3\n"}
{"Time":"2026-09-11T15:21:35.310098606-07:00","Action":"output","Package":"github.com/JDinSeattle/forge-runtime/internal/runner","Test":"FuzzToolPathsStayRelative/seed#3","Output":"--- PASS: FuzzToolPathsStayRelative/seed#3 (0.00s)\n"}
{"Time":"2026-09-11T15:21:35.310101033-07:00","Action":"pass","Package":"github.com/JDinSeattle/forge-runtime/internal/runner","Test":"FuzzToolPathsStayRelative/seed#3","Elapsed":0}
{"Time":"2026-09-11T15:21:35.31010964-07:00","Action":"run","Package":"github.com/JDinSeattle/forge-runtime/internal/runner","Test":"FuzzToolPathsStayRelative/seed#4"}
{"Time":"2026-09-11T15:21:35.310111302-07:00","Action":"output","Package":"github.com/JDinSeattle/forge-runtime/internal/runner","Test":"FuzzToolPathsStayRelative/seed#4","Output":"=== RUN   FuzzToolPathsStayRelative/seed#4\n"}
{"Time":"2026-09-11T15:21:35.310125291-07:00","Action":"output","Package":"github.com/JDinSeattle/forge-runtime/internal/runner","Test":"FuzzToolPathsStayRelative/seed#4","Output":"--- PASS: FuzzToolPathsStayRelative/seed#4 (0.00s)\n"}
{"Time":"2026-09-11T15:21:35.310129441-07:00","Action":"pass","Package":"github.com/JDinSeattle/forge-runtime/internal/runner","Test":"FuzzToolPathsStayRelative/seed#4","Elapsed":0}
{"Time":"2026-09-11T15:21:35.310141406-07:00","Action":"run","Package":"github.com/JDinSeattle/forge-runtime/internal/runner","Test":"FuzzToolPathsStayRelative/seed#5"}
{"Time":"2026-09-11T15:21:35.310143068-07:00","Action":"output","Package":"github.com/JDinSeattle/forge-runtime/internal/runner","Test":"FuzzToolPathsStayRelative/seed#5","Output":"=== RUN   FuzzToolPathsStayRelative/seed#5\n"}
{"Time":"2026-09-11T15:21:35.310153354-07:00","Action":"output","Package":"github.com/JDinSeattle/forge-runtime/internal/runner","Test":"FuzzToolPathsStayRelative/seed#5","Output":"--- PASS: FuzzToolPathsStayRelative/seed#5 (0.00s)\n"}
{"Time":"2026-09-11T15:21:35.310157213-07:00","Action":"pass","Package":"github.com/JDinSeattle/forge-runtime/internal/runner","Test":"FuzzToolPathsStayRelative/seed#5","Elapsed":0}
{"Time":"2026-09-11T15:21:35.310165513-07:00","Action":"run","Package":"github.com/JDinSeattle/forge-runtime/internal/runner","Test":"FuzzToolPathsStayRelative/seed#6"}
{"Time":"2026-09-11T15:21:35.310167319-07:00","Action":"output","Package":"github.com/JDinSeattle/forge-runtime/internal/runner","Test":"FuzzToolPathsStayRelative/seed#6","Output":"=== RUN   FuzzToolPathsStayRelative/seed#6\n"}
{"Time":"2026-09-11T15:21:35.310180069-07:00","Action":"output","Package":"github.com/JDinSeattle/forge-runtime/internal/runner","Test":"FuzzToolPathsStayRelative/seed#6","Output":"--- PASS: FuzzToolPathsStayRelative/seed#6 (0.00s)\n"}
{"Time":"2026-09-11T15:21:35.310183753-07:00","Action":"pass","Package":"github.com/JDinSeattle/forge-runtime/internal/runner","Test":"FuzzToolPathsStayRelative/seed#6","Elapsed":0}
{"Time":"2026-09-11T15:21:35.31019523-07:00","Action":"output","Package":"github.com/JDinSeattle/forge-runtime/internal/runner","Test":"FuzzToolPathsStayRelative","Output":"--- PASS: FuzzToolPathsStayRelative (0.00s)\n"}
{"Time":"2026-09-11T15:21:35.310199273-07:00","Action":"pass","Package":"github.com/JDinSeattle/forge-runtime/internal/runner","Test":"FuzzToolPathsStayRelative","Elapsed":0}
{"Time":"2026-09-11T15:21:35.310206039-07:00","Action":"output","Package":"github.com/JDinSeattle/forge-runtime/internal/runner","Output":"PASS\n"}
{"Time":"2026-09-11T15:21:35.322513656-07:00","Action":"run","Package":"github.com/JDinSeattle/forge-runtime/tests/review","Test":"TestReviewWholeTaskRetryCreatesOneChildWithoutReopeningParent/changed_task"}
{"Time":"2026-09-11T15:21:35.322533705-07:00","Action":"output","Package":"github.com/JDinSeattle/forge-runtime/tests/review","Test":"TestReviewWholeTaskRetryCreatesOneChildWithoutReopeningParent/changed_task","Output":"=== RUN   TestReviewWholeTaskRetryCreatesOneChildWithoutReopeningParent/changed_task\n"}
{"Time":"2026-09-11T15:21:35.324523426-07:00","Action":"output","Package":"github.com/JDinSeattle/forge-runtime/tests/review","Test":"TestReviewWholeTaskRetryCreatesOneChildWithoutReopeningParent/changed_task","Output":"--- PASS: TestReviewWholeTaskRetryCreatesOneChildWithoutReopeningParent/changed_task (0.00s)\n"}
{"Time":"2026-09-11T15:21:35.32454927-07:00","Action":"pass","Package":"github.com/JDinSeattle/forge-runtime/tests/review","Test":"TestReviewWholeTaskRetryCreatesOneChildWithoutReopeningParent/changed_task","Elapsed":0}
{"Time":"2026-09-11T15:21:35.324553359-07:00","Action":"run","Package":"github.com/JDinSeattle/forge-runtime/tests/review","Test":"TestReviewWholeTaskRetryCreatesOneChildWithoutReopeningParent/missing_parent"}
{"Time":"2026-09-11T15:21:35.324554951-07:00","Action":"output","Package":"github.com/JDinSeattle/forge-runtime/tests/review","Test":"TestReviewWholeTaskRetryCreatesOneChildWithoutReopeningParent/missing_parent","Output":"=== RUN   TestReviewWholeTaskRetryCreatesOneChildWithoutReopeningParent/missing_parent\n"}
{"Time":"2026-09-11T15:21:35.326073173-07:00","Action":"output","Package":"github.com/JDinSeattle/forge-runtime/tests/review","Test":"TestReviewWholeTaskRetryCreatesOneChildWithoutReopeningParent/missing_parent","Output":"--- PASS: TestReviewWholeTaskRetryCreatesOneChildWithoutReopeningParent/missing_parent (0.00s)\n"}
{"Time":"2026-09-11T15:21:35.326085783-07:00","Action":"pass","Package":"github.com/JDinSeattle/forge-runtime/tests/review","Test":"TestReviewWholeTaskRetryCreatesOneChildWithoutReopeningParent/missing_parent","Elapsed":0}
{"Time":"2026-09-11T15:21:35.326101084-07:00","Action":"run","Package":"github.com/JDinSeattle/forge-runtime/tests/review","Test":"TestReviewWholeTaskRetryCreatesOneChildWithoutReopeningParent/foreign_parent"}
{"Time":"2026-09-11T15:21:35.326103256-07:00","Action":"output","Package":"github.com/JDinSeattle/forge-runtime/tests/review","Test":"TestReviewWholeTaskRetryCreatesOneChildWithoutReopeningParent/foreign_parent","Output":"=== RUN   TestReviewWholeTaskRetryCreatesOneChildWithoutReopeningParent/foreign_parent\n"}
{"Time":"2026-09-11T15:21:35.327292411-07:00","Action":"output","Package":"github.com/JDinSeattle/forge-runtime/tests/review","Test":"TestReviewWholeTaskRetryCreatesOneChildWithoutReopeningParent/foreign_parent","Output":"--- PASS: TestReviewWholeTaskRetryCreatesOneChildWithoutReopeningParent/foreign_parent (0.00s)\n"}
{"Time":"2026-09-11T15:21:35.327327862-07:00","Action":"pass","Package":"github.com/JDinSeattle/forge-runtime/tests/review","Test":"TestReviewWholeTaskRetryCreatesOneChildWithoutReopeningParent/foreign_parent","Elapsed":0}
{"Time":"2026-09-11T15:21:35.327340715-07:00","Action":"run","Package":"github.com/JDinSeattle/forge-runtime/tests/review","Test":"TestReviewWholeTaskRetryCreatesOneChildWithoutReopeningParent/unregistered_base"}
{"Time":"2026-09-11T15:21:35.327351672-07:00","Action":"output","Package":"github.com/JDinSeattle/forge-runtime/tests/review","Test":"TestReviewWholeTaskRetryCreatesOneChildWithoutReopeningParent/unregistered_base","Output":"=== RUN   TestReviewWholeTaskRetryCreatesOneChildWithoutReopeningParent/unregistered_base\n"}
{"Time":"2026-09-11T15:21:35.328078992-07:00","Action":"output","Package":"github.com/JDinSeattle/forge-runtime/tests/review","Test":"TestReviewWholeTaskRetryCreatesOneChildWithoutReopeningParent/unregistered_base","Output":"--- PASS: TestReviewWholeTaskRetryCreatesOneChildWithoutReopeningParent/unregistered_base (0.00s)\n"}
{"Time":"2026-09-11T15:21:35.328086073-07:00","Action":"pass","Package":"github.com/JDinSeattle/forge-runtime/tests/review","Test":"TestReviewWholeTaskRetryCreatesOneChildWithoutReopeningParent/unregistered_base","Elapsed":0}
{"Time":"2026-09-11T15:21:35.369073319-07:00","Action":"output","Package":"github.com/JDinSeattle/forge-runtime/tests/review","Test":"TestReviewWholeTaskRetryCreatesOneChildWithoutReopeningParent","Output":"--- PASS: TestReviewWholeTaskRetryCreatesOneChildWithoutReopeningParent (0.41s)\n"}
{"Time":"2026-09-11T15:21:35.369099874-07:00","Action":"pass","Package":"github.com/JDinSeattle/forge-runtime/tests/review","Test":"TestReviewWholeTaskRetryCreatesOneChildWithoutReopeningParent","Elapsed":0.41}
{"Time":"2026-09-11T15:21:35.369107762-07:00","Action":"run","Package":"github.com/JDinSeattle/forge-runtime/tests/review","Test":"TestReviewStoppedWorkspaceRejectsDelayedSameEpochAdoption"}
{"Time":"2026-09-11T15:21:35.369109551-07:00","Action":"output","Package":"github.com/JDinSeattle/forge-runtime/tests/review","Test":"TestReviewStoppedWorkspaceRejectsDelayedSameEpochAdoption","Output":"=== RUN   TestReviewStoppedWorkspaceRejectsDelayedSameEpochAdoption\n"}
{"Time":"2026-09-11T15:21:35.71318383-07:00","Action":"output","Package":"github.com/JDinSeattle/forge-runtime/tests/review","Test":"TestReviewStoppedWorkspaceRejectsDelayedSameEpochAdoption","Output":"--- PASS: TestReviewStoppedWorkspaceRejectsDelayedSameEpochAdoption (0.34s)\n"}
{"Time":"2026-09-11T15:21:35.713224724-07:00","Action":"pass","Package":"github.com/JDinSeattle/forge-runtime/tests/review","Test":"TestReviewStoppedWorkspaceRejectsDelayedSameEpochAdoption","Elapsed":0.34}
{"Time":"2026-09-11T15:21:35.713235907-07:00","Action":"run","Package":"github.com/JDinSeattle/forge-runtime/tests/review","Test":"TestReviewReleaseRechecksGrantAfterWaitingForWriter"}
{"Time":"2026-09-11T15:21:35.713239446-07:00","Action":"output","Package":"github.com/JDinSeattle/forge-runtime/tests/review","Test":"TestReviewReleaseRechecksGrantAfterWaitingForWriter","Output":"=== RUN   TestReviewReleaseRechecksGrantAfterWaitingForWriter\n"}
{"Time":"2026-09-11T15:21:36.088981472-07:00","Action":"output","Package":"github.com/JDinSeattle/forge-runtime/tests/review","Test":"TestReviewReleaseRechecksGrantAfterWaitingForWriter","Output":"--- PASS: TestReviewReleaseRechecksGrantAfterWaitingForWriter (0.38s)\n"}
{"Time":"2026-09-11T15:21:36.089006447-07:00","Action":"pass","Package":"github.com/JDinSeattle/forge-runtime/tests/review","Test":"TestReviewReleaseRechecksGrantAfterWaitingForWriter","Elapsed":0.38}
{"Time":"2026-09-11T15:21:36.089011083-07:00","Action":"run","Package":"github.com/JDinSeattle/forge-runtime/tests/review","Test":"TestReviewCancelPreservesAlreadyCompletedJobOutcome"}
{"Time":"2026-09-11T15:21:36.089014932-07:00","Action":"output","Package":"github.com/JDinSeattle/forge-runtime/tests/review","Test":"TestReviewCancelPreservesAlreadyCompletedJobOutcome","Output":"=== RUN   TestReviewCancelPreservesAlreadyCompletedJobOutcome\n"}
{"Time":"2026-09-11T15:21:36.318787478-07:00","Action":"output","Package":"github.com/JDinSeattle/forge-runtime/internal/runner","Output":"ok  \tgithub.com/JDinSeattle/forge-runtime/internal/runner\t15.368s\n"}
{"Time":"2026-09-11T15:21:36.318860785-07:00","Action":"pass","Package":"github.com/JDinSeattle/forge-runtime/internal/runner","Elapsed":15.368}
{"Time":"2026-09-11T15:21:36.456302164-07:00","Action":"output","Package":"github.com/JDinSeattle/forge-runtime/tests/review","Test":"TestReviewCancelPreservesAlreadyCompletedJobOutcome","Output":"--- PASS: TestReviewCancelPreservesAlreadyCompletedJobOutcome (0.37s)\n"}
{"Time":"2026-09-11T15:21:36.456332441-07:00","Action":"pass","Package":"github.com/JDinSeattle/forge-runtime/tests/review","Test":"TestReviewCancelPreservesAlreadyCompletedJobOutcome","Elapsed":0.37}
{"Time":"2026-09-11T15:21:36.456339868-07:00","Action":"run","Package":"github.com/JDinSeattle/forge-runtime/tests/review","Test":"TestReviewDockerRejectsMissingOrUnverifiedWorkspaceQuota"}
{"Time":"2026-09-11T15:21:36.456342235-07:00","Action":"output","Package":"github.com/JDinSeattle/forge-runtime/tests/review","Test":"TestReviewDockerRejectsMissingOrUnverifiedWorkspaceQuota","Output":"=== RUN   TestReviewDockerRejectsMissingOrUnverifiedWorkspaceQuota\n"}
{"Time":"2026-09-11T15:21:36.456483623-07:00","Action":"run","Package":"github.com/JDinSeattle/forge-runtime/tests/review","Test":"TestReviewDockerRejectsMissingOrUnverifiedWorkspaceQuota/missing"}
{"Time":"2026-09-11T15:21:36.456486753-07:00","Action":"output","Package":"github.com/JDinSeattle/forge-runtime/tests/review","Test":"TestReviewDockerRejectsMissingOrUnverifiedWorkspaceQuota/missing","Output":"=== RUN   TestReviewDockerRejectsMissingOrUnverifiedWorkspaceQuota/missing\n"}
{"Time":"2026-09-11T15:21:36.457738373-07:00","Action":"output","Package":"github.com/JDinSeattle/forge-runtime/tests/review","Test":"TestReviewDockerRejectsMissingOrUnverifiedWorkspaceQuota/missing","Output":"--- PASS: TestReviewDockerRejectsMissingOrUnverifiedWorkspaceQuota/missing (0.00s)\n"}
{"Time":"2026-09-11T15:21:36.457759422-07:00","Action":"pass","Package":"github.com/JDinSeattle/forge-runtime/tests/review","Test":"TestReviewDockerRejectsMissingOrUnverifiedWorkspaceQuota/missing","Elapsed":0}
{"Time":"2026-09-11T15:21:36.457763441-07:00","Action":"run","Package":"github.com/JDinSeattle/forge-runtime/tests/review","Test":"TestReviewDockerRejectsMissingOrUnverifiedWorkspaceQuota/rejected"}
{"Time":"2026-09-11T15:21:36.457766029-07:00","Action":"output","Package":"github.com/JDinSeattle/forge-runtime/tests/review","Test":"TestReviewDockerRejectsMissingOrUnverifiedWorkspaceQuota/rejected","Output":"=== RUN   TestReviewDockerRejectsMissingOrUnverifiedWorkspaceQuota/rejected\n"}
{"Time":"2026-09-11T15:21:36.458922145-07:00","Action":"output","Package":"github.com/JDinSeattle/forge-runtime/tests/review","Test":"TestReviewDockerRejectsMissingOrUnverifiedWorkspaceQuota/rejected","Output":"--- PASS: TestReviewDockerRejectsMissingOrUnverifiedWorkspaceQuota/rejected (0.00s)\n"}
{"Time":"2026-09-11T15:21:36.458941731-07:00","Action":"pass","Package":"github.com/JDinSeattle/forge-runtime/tests/review","Test":"TestReviewDockerRejectsMissingOrUnverifiedWorkspaceQuota/rejected","Elapsed":0}
{"Time":"2026-09-11T15:21:36.459080499-07:00","Action":"output","Package":"github.com/JDinSeattle/forge-runtime/tests/review","Test":"TestReviewDockerRejectsMissingOrUnverifiedWorkspaceQuota","Output":"--- PASS: TestReviewDockerRejectsMissingOrUnverifiedWorkspaceQuota (0.00s)\n"}
{"Time":"2026-09-11T15:21:36.459086438-07:00","Action":"pass","Package":"github.com/JDinSeattle/forge-runtime/tests/review","Test":"TestReviewDockerRejectsMissingOrUnverifiedWorkspaceQuota","Elapsed":0}
{"Time":"2026-09-11T15:21:36.459103113-07:00","Action":"run","Package":"github.com/JDinSeattle/forge-runtime/tests/review","Test":"TestReviewEffectsAndApprovalsBindDurableParents"}
{"Time":"2026-09-11T15:21:36.459107265-07:00","Action":"output","Package":"github.com/JDinSeattle/forge-runtime/tests/review","Test":"TestReviewEffectsAndApprovalsBindDurableParents","Output":"=== RUN   TestReviewEffectsAndApprovalsBindDurableParents\n"}
{"Time":"2026-09-11T15:21:36.704574015-07:00","Action":"run","Package":"github.com/JDinSeattle/forge-runtime/tests/review","Test":"TestReviewEffectsAndApprovalsBindDurableParents/effect_requires_its_step"}
{"Time":"2026-09-11T15:21:36.704609394-07:00","Action":"output","Package":"github.com/JDinSeattle/forge-runtime/tests/review","Test":"TestReviewEffectsAndApprovalsBindDurableParents/effect_requires_its_step","Output":"=== RUN   TestReviewEffectsAndApprovalsBindDurableParents/effect_requires_its_step\n"}
{"Time":"2026-09-11T15:21:36.705174987-07:00","Action":"output","Package":"github.com/JDinSeattle/forge-runtime/tests/review","Test":"TestReviewEffectsAndApprovalsBindDurableParents/effect_requires_its_step","Output":"--- PASS: TestReviewEffectsAndApprovalsBindDurableParents/effect_requires_its_step (0.00s)\n"}
{"Time":"2026-09-11T15:21:36.705193135-07:00","Action":"pass","Package":"github.com/JDinSeattle/forge-runtime/tests/review","Test":"TestReviewEffectsAndApprovalsBindDurableParents/effect_requires_its_step","Elapsed":0}
{"Time":"2026-09-11T15:21:36.705216137-07:00","Action":"run","Package":"github.com/JDinSeattle/forge-runtime/tests/review","Test":"TestReviewEffectsAndApprovalsBindDurableParents/approval_binds_effect_and_run_together"}
{"Time":"2026-09-11T15:21:36.7052205-07:00","Action":"output","Package":"github.com/JDinSeattle/forge-runtime/tests/review","Test":"TestReviewEffectsAndApprovalsBindDurableParents/approval_binds_effect_and_run_together","Output":"=== RUN   TestReviewEffectsAndApprovalsBindDurableParents/approval_binds_effect_and_run_together\n"}
{"Time":"2026-09-11T15:21:36.706379117-07:00","Action":"output","Package":"github.com/JDinSeattle/forge-runtime/tests/review","Test":"TestReviewEffectsAndApprovalsBindDurableParents/approval_binds_effect_and_run_together","Output":"--- PASS: TestReviewEffectsAndApprovalsBindDurableParents/approval_binds_effect_and_run_together (0.00s)\n"}
{"Time":"2026-09-11T15:21:36.706399799-07:00","Action":"pass","Package":"github.com/JDinSeattle/forge-runtime/tests/review","Test":"TestReviewEffectsAndApprovalsBindDurableParents/approval_binds_effect_and_run_together","Elapsed":0}
{"Time":"2026-09-11T15:21:36.706422452-07:00","Action":"run","Package":"github.com/JDinSeattle/forge-runtime/tests/review","Test":"TestReviewEffectsAndApprovalsBindDurableParents/run_cannot_reference_another_tenant_project"}
{"Time":"2026-09-11T15:21:36.70642673-07:00","Action":"output","Package":"github.com/JDinSeattle/forge-runtime/tests/review","Test":"TestReviewEffectsAndApprovalsBindDurableParents/run_cannot_reference_another_tenant_project","Output":"=== RUN   TestReviewEffectsAndApprovalsBindDurableParents/run_cannot_reference_another_tenant_project\n"}
{"Time":"2026-09-11T15:21:36.707084477-07:00","Action":"output","Package":"github.com/JDinSeattle/forge-runtime/tests/review","Test":"TestReviewEffectsAndApprovalsBindDurableParents/run_cannot_reference_another_tenant_project","Output":"--- PASS: TestReviewEffectsAndApprovalsBindDurableParents/run_cannot_reference_another_tenant_project (0.00s)\n"}
{"Time":"2026-09-11T15:21:36.707097479-07:00","Action":"pass","Package":"github.com/JDinSeattle/forge-runtime/tests/review","Test":"TestReviewEffectsAndApprovalsBindDurableParents/run_cannot_reference_another_tenant_project","Elapsed":0}
{"Time":"2026-09-11T15:21:36.745172594-07:00","Action":"output","Package":"github.com/JDinSeattle/forge-runtime/tests/review","Test":"TestReviewEffectsAndApprovalsBindDurableParents","Output":"--- PASS: TestReviewEffectsAndApprovalsBindDurableParents (0.29s)\n"}
{"Time":"2026-09-11T15:21:36.745197919-07:00","Action":"pass","Package":"github.com/JDinSeattle/forge-runtime/tests/review","Test":"TestReviewEffectsAndApprovalsBindDurableParents","Elapsed":0.29}
{"Time":"2026-09-11T15:21:36.745202157-07:00","Action":"run","Package":"github.com/JDinSeattle/forge-runtime/tests/review","Test":"TestReviewRLSUsesActualNonOwnerRoleAndLocalContext"}
{"Time":"2026-09-11T15:21:36.745203921-07:00","Action":"output","Package":"github.com/JDinSeattle/forge-runtime/tests/review","Test":"TestReviewRLSUsesActualNonOwnerRoleAndLocalContext","Output":"=== RUN   TestReviewRLSUsesActualNonOwnerRoleAndLocalContext\n"}
{"Time":"2026-09-11T15:21:37.041213644-07:00","Action":"output","Package":"github.com/JDinSeattle/forge-runtime/tests/review","Test":"TestReviewRLSUsesActualNonOwnerRoleAndLocalContext","Output":"--- PASS: TestReviewRLSUsesActualNonOwnerRoleAndLocalContext (0.30s)\n"}
{"Time":"2026-09-11T15:21:37.041247195-07:00","Action":"pass","Package":"github.com/JDinSeattle/forge-runtime/tests/review","Test":"TestReviewRLSUsesActualNonOwnerRoleAndLocalContext","Elapsed":0.3}
{"Time":"2026-09-11T15:21:37.041256397-07:00","Action":"run","Package":"github.com/JDinSeattle/forge-runtime/tests/review","Test":"TestReviewUnsupportedSnapshotDoesNotStarveHealthyRuns"}
{"Time":"2026-09-11T15:21:37.041259869-07:00","Action":"output","Package":"github.com/JDinSeattle/forge-runtime/tests/review","Test":"TestReviewUnsupportedSnapshotDoesNotStarveHealthyRuns","Output":"=== RUN   TestReviewUnsupportedSnapshotDoesNotStarveHealthyRuns\n"}
{"Time":"2026-09-11T15:21:37.35447096-07:00","Action":"output","Package":"github.com/JDinSeattle/forge-runtime/tests/review","Test":"TestReviewUnsupportedSnapshotDoesNotStarveHealthyRuns","Output":"    snapshot_compatibility_test.go:117: claim 0 run=run_CJCAHX2OHC2QYEGHWJEFZLXWBQ err=\u003cnil\u003e\n"}
{"Time":"2026-09-11T15:21:37.358716601-07:00","Action":"output","Package":"github.com/JDinSeattle/forge-runtime/tests/review","Test":"TestReviewUnsupportedSnapshotDoesNotStarveHealthyRuns","Output":"    snapshot_compatibility_test.go:117: claim 1 run=run_TLMX7DEPYZ7KMDCHBOGVEHUA2F err=snapshot_migration_required: stored schema 2; binary supports 1; execution is paused: use forge-admin snapshot-inspect and docs/snapshot-compatibility-evidence.md\n"}
{"Time":"2026-09-11T15:21:37.365717026-07:00","Action":"output","Package":"github.com/JDinSeattle/forge-runtime/tests/review","Test":"TestReviewUnsupportedSnapshotDoesNotStarveHealthyRuns","Output":"    snapshot_compatibility_test.go:117: claim 2 run=run_42DDDWDSMKDJCDUAMXIR6RJZNP err=\u003cnil\u003e\n"}
{"Time":"2026-09-11T15:21:37.366318111-07:00","Action":"output","Package":"github.com/JDinSeattle/forge-runtime/tests/review","Test":"TestReviewUnsupportedSnapshotDoesNotStarveHealthyRuns","Output":"    snapshot_compatibility_test.go:117: claim 3 run= err=not_found\n"}
{"Time":"2026-09-11T15:21:37.366898016-07:00","Action":"output","Package":"github.com/JDinSeattle/forge-runtime/tests/review","Test":"TestReviewUnsupportedSnapshotDoesNotStarveHealthyRuns","Output":"    snapshot_compatibility_test.go:117: claim 4 run= err=not_found\n"}
{"Time":"2026-09-11T15:21:37.462171661-07:00","Action":"output","Package":"github.com/JDinSeattle/forge-runtime/tests/review","Test":"TestReviewUnsupportedSnapshotDoesNotStarveHealthyRuns","Output":"--- PASS: TestReviewUnsupportedSnapshotDoesNotStarveHealthyRuns (0.42s)\n"}
{"Time":"2026-09-11T15:21:37.462196043-07:00","Action":"pass","Package":"github.com/JDinSeattle/forge-runtime/tests/review","Test":"TestReviewUnsupportedSnapshotDoesNotStarveHealthyRuns","Elapsed":0.42}
{"Time":"2026-09-11T15:21:37.462200937-07:00","Action":"run","Package":"github.com/JDinSeattle/forge-runtime/tests/review","Test":"TestReviewUnsupportedSnapshotAmbiguousMembersFenceAndHold"}
{"Time":"2026-09-11T15:21:37.462202479-07:00","Action":"output","Package":"github.com/JDinSeattle/forge-runtime/tests/review","Test":"TestReviewUnsupportedSnapshotAmbiguousMembersFenceAndHold","Output":"=== RUN   TestReviewUnsupportedSnapshotAmbiguousMembersFenceAndHold\n"}
{"Time":"2026-09-11T15:21:37.462221812-07:00","Action":"run","Package":"github.com/JDinSeattle/forge-runtime/tests/review","Test":"TestReviewUnsupportedSnapshotAmbiguousMembersFenceAndHold/lower-then-upper"}
{"Time":"2026-09-11T15:21:37.462223287-07:00","Action":"output","Package":"github.com/JDinSeattle/forge-runtime/tests/review","Test":"TestReviewUnsupportedSnapshotAmbiguousMembersFenceAndHold/lower-then-upper","Output":"=== RUN   TestReviewUnsupportedSnapshotAmbiguousMembersFenceAndHold/lower-then-upper\n"}
{"Time":"2026-09-11T15:21:38.88412274-07:00","Action":"output","Package":"github.com/JDinSeattle/forge-runtime/tests/review","Test":"TestReviewUnsupportedSnapshotAmbiguousMembersFenceAndHold/lower-then-upper","Output":"--- PASS: TestReviewUnsupportedSnapshotAmbiguousMembersFenceAndHold/lower-then-upper (1.42s)\n"}
{"Time":"2026-09-11T15:21:38.884150147-07:00","Action":"pass","Package":"github.com/JDinSeattle/forge-runtime/tests/review","Test":"TestReviewUnsupportedSnapshotAmbiguousMembersFenceAndHold/lower-then-upper","Elapsed":1.42}
{"Time":"2026-09-11T15:21:38.884154602-07:00","Action":"run","Package":"github.com/JDinSeattle/forge-runtime/tests/review","Test":"TestReviewUnsupportedSnapshotAmbiguousMembersFenceAndHold/upper-then-lower"}
{"Time":"2026-09-11T15:21:38.884156613-07:00","Action":"output","Package":"github.com/JDinSeattle/forge-runtime/tests/review","Test":"TestReviewUnsupportedSnapshotAmbiguousMembersFenceAndHold/upper-then-lower","Output":"=== RUN   TestReviewUnsupportedSnapshotAmbiguousMembersFenceAndHold/upper-then-lower\n"}
{"Time":"2026-09-11T15:21:39.354586722-07:00","Action":"output","Package":"github.com/JDinSeattle/forge-runtime/internal/application","Test":"TestExternalModelAndRunnerWaitsHoldNoSQLTransaction/runner","Output":"--- PASS: TestExternalModelAndRunnerWaitsHoldNoSQLTransaction/runner (6.22s)\n"}
{"Time":"2026-09-11T15:21:39.354623916-07:00","Action":"pass","Package":"github.com/JDinSeattle/forge-runtime/internal/application","Test":"TestExternalModelAndRunnerWaitsHoldNoSQLTransaction/runner","Elapsed":6.22}
{"Time":"2026-09-11T15:21:39.354639029-07:00","Action":"output","Package":"github.com/JDinSeattle/forge-runtime/internal/application","Test":"TestExternalModelAndRunnerWaitsHoldNoSQLTransaction","Output":"--- PASS: TestExternalModelAndRunnerWaitsHoldNoSQLTransaction (12.80s)\n"}
{"Time":"2026-09-11T15:21:39.354644142-07:00","Action":"pass","Package":"github.com/JDinSeattle/forge-runtime/internal/application","Test":"TestExternalModelAndRunnerWaitsHoldNoSQLTransaction","Elapsed":12.8}
{"Time":"2026-09-11T15:21:39.354664927-07:00","Action":"run","Package":"github.com/JDinSeattle/forge-runtime/internal/application","Test":"TestDurableRepairLoop"}
{"Time":"2026-09-11T15:21:39.354670567-07:00","Action":"output","Package":"github.com/JDinSeattle/forge-runtime/internal/application","Test":"TestDurableRepairLoop","Output":"=== RUN   TestDurableRepairLoop\n"}
{"Time":"2026-09-11T15:21:40.194366966-07:00","Action":"output","Package":"github.com/JDinSeattle/forge-runtime/tests/review","Test":"TestReviewUnsupportedSnapshotAmbiguousMembersFenceAndHold/upper-then-lower","Output":"--- PASS: TestReviewUnsupportedSnapshotAmbiguousMembersFenceAndHold/upper-then-lower (1.31s)\n"}
{"Time":"2026-09-11T15:21:40.194409537-07:00","Action":"pass","Package":"github.com/JDinSeattle/forge-runtime/tests/review","Test":"TestReviewUnsupportedSnapshotAmbiguousMembersFenceAndHold/upper-then-lower","Elapsed":1.31}
{"Time":"2026-09-11T15:21:40.194420713-07:00","Action":"run","Package":"github.com/JDinSeattle/forge-runtime/tests/review","Test":"TestReviewUnsupportedSnapshotAmbiguousMembersFenceAndHold/duplicate-two-one"}
{"Time":"2026-09-11T15:21:40.194424471-07:00","Action":"output","Package":"github.com/JDinSeattle/forge-runtime/tests/review","Test":"TestReviewUnsupportedSnapshotAmbiguousMembersFenceAndHold/duplicate-two-one","Output":"=== RUN   TestReviewUnsupportedSnapshotAmbiguousMembersFenceAndHold/duplicate-two-one\n"}
{"Time":"2026-09-11T15:21:41.226844681-07:00","Action":"output","Package":"github.com/JDinSeattle/forge-runtime/internal/application","Test":"TestDurableRepairLoop","Output":"--- PASS: TestDurableRepairLoop (1.87s)\n"}
{"Time":"2026-09-11T15:21:41.226876469-07:00","Action":"pass","Package":"github.com/JDinSeattle/forge-runtime/internal/application","Test":"TestDurableRepairLoop","Elapsed":1.87}
{"Time":"2026-09-11T15:21:41.226886225-07:00","Action":"run","Package":"github.com/JDinSeattle/forge-runtime/internal/application","Test":"TestCompletedModelReusedAfterWorkerCrash"}
{"Time":"2026-09-11T15:21:41.226889313-07:00","Action":"output","Package":"github.com/JDinSeattle/forge-runtime/internal/application","Test":"TestCompletedModelReusedAfterWorkerCrash","Output":"=== RUN   TestCompletedModelReusedAfterWorkerCrash\n"}
{"Time":"2026-09-11T15:21:41.58474043-07:00","Action":"output","Package":"github.com/JDinSeattle/forge-runtime/tests/review","Test":"TestReviewUnsupportedSnapshotAmbiguousMembersFenceAndHold/duplicate-two-one","Output":"--- PASS: TestReviewUnsupportedSnapshotAmbiguousMembersFenceAndHold/duplicate-two-one (1.39s)\n"}
{"Time":"2026-09-11T15:21:41.584773767-07:00","Action":"pass","Package":"github.com/JDinSeattle/forge-runtime/tests/review","Test":"TestReviewUnsupportedSnapshotAmbiguousMembersFenceAndHold/duplicate-two-one","Elapsed":1.39}
{"Time":"2026-09-11T15:21:41.584781444-07:00","Action":"run","Package":"github.com/JDinSeattle/forge-runtime/tests/review","Test":"TestReviewUnsupportedSnapshotAmbiguousMembersFenceAndHold/duplicate-one-one"}
{"Time":"2026-09-11T15:21:41.584785094-07:00","Action":"output","Package":"github.com/JDinSeattle/forge-runtime/tests/review","Test":"TestReviewUnsupportedSnapshotAmbiguousMembersFenceAndHold/duplicate-one-one","Output":"=== RUN   TestReviewUnsupportedSnapshotAmbiguousMembersFenceAndHold/duplicate-one-one\n"}
{"Time":"2026-09-11T15:21:43.024930929-07:00","Action":"output","Package":"github.com/JDinSeattle/forge-runtime/tests/review","Test":"TestReviewUnsupportedSnapshotAmbiguousMembersFenceAndHold/duplicate-one-one","Output":"--- PASS: TestReviewUnsupportedSnapshotAmbiguousMembersFenceAndHold/duplicate-one-one (1.44s)\n"}
{"Time":"2026-09-11T15:21:43.024959281-07:00","Action":"pass","Package":"github.com/JDinSeattle/forge-runtime/tests/review","Test":"TestReviewUnsupportedSnapshotAmbiguousMembersFenceAndHold/duplicate-one-one","Elapsed":1.44}
{"Time":"2026-09-11T15:21:43.024963855-07:00","Action":"run","Package":"github.com/JDinSeattle/forge-runtime/tests/review","Test":"TestReviewUnsupportedSnapshotAmbiguousMembersFenceAndHold/unicode-long-s"}
{"Time":"2026-09-11T15:21:43.024965391-07:00","Action":"output","Package":"github.com/JDinSeattle/forge-runtime/tests/review","Test":"TestReviewUnsupportedSnapshotAmbiguousMembersFenceAndHold/unicode-long-s","Output":"=== RUN   TestReviewUnsupportedSnapshotAmbiguousMembersFenceAndHold/unicode-long-s\n"}
{"Time":"2026-09-11T15:21:43.417327448-07:00","Action":"output","Package":"github.com/JDinSeattle/forge-runtime/internal/application","Test":"TestCompletedModelReusedAfterWorkerCrash","Output":"--- PASS: TestCompletedModelReusedAfterWorkerCrash (2.19s)\n"}
{"Time":"2026-09-11T15:21:43.417354608-07:00","Action":"pass","Package":"github.com/JDinSeattle/forge-runtime/internal/application","Test":"TestCompletedModelReusedAfterWorkerCrash","Elapsed":2.19}
{"Time":"2026-09-11T15:21:43.417359314-07:00","Action":"run","Package":"github.com/JDinSeattle/forge-runtime/internal/application","Test":"TestUnifiedPatchActuallyAppliesWithGit"}
{"Time":"2026-09-11T15:21:43.417362428-07:00","Action":"output","Package":"github.com/JDinSeattle/forge-runtime/internal/application","Test":"TestUnifiedPatchActuallyAppliesWithGit","Output":"=== RUN   TestUnifiedPatchActuallyAppliesWithGit\n"}
{"Time":"2026-09-11T15:21:43.420431317-07:00","Action":"output","Package":"github.com/JDinSeattle/forge-runtime/internal/application","Test":"TestUnifiedPatchActuallyAppliesWithGit","Output":"    patch_test.go:63: content space name.txt: \"old without newline\" \u003cnil\u003e\n"}
{"Time":"2026-09-11T15:21:43.420532931-07:00","Action":"output","Package":"github.com/JDinSeattle/forge-runtime/internal/application","Test":"TestUnifiedPatchActuallyAppliesWithGit","Output":"--- FAIL: TestUnifiedPatchActuallyAppliesWithGit (0.00s)\n"}
{"Time":"2026-09-11T15:21:43.420554155-07:00","Action":"fail","Package":"github.com/JDinSeattle/forge-runtime/internal/application","Test":"TestUnifiedPatchActuallyAppliesWithGit","Elapsed":0}
{"Time":"2026-09-11T15:21:43.420570416-07:00","Action":"run","Package":"github.com/JDinSeattle/forge-runtime/internal/application","Test":"TestAttemptPricingSurvivesCrashAndConfigChange"}
{"Time":"2026-09-11T15:21:43.420573367-07:00","Action":"output","Package":"github.com/JDinSeattle/forge-runtime/internal/application","Test":"TestAttemptPricingSurvivesCrashAndConfigChange","Output":"=== RUN   TestAttemptPricingSurvivesCrashAndConfigChange\n"}
{"Time":"2026-09-11T15:21:43.420575685-07:00","Action":"run","Package":"github.com/JDinSeattle/forge-runtime/internal/application","Test":"TestAttemptPricingSurvivesCrashAndConfigChange/after_model_pricing_before_reservation"}
{"Time":"2026-09-11T15:21:43.420577198-07:00","Action":"output","Package":"github.com/JDinSeattle/forge-runtime/internal/application","Test":"TestAttemptPricingSurvivesCrashAndConfigChange/after_model_pricing_before_reservation","Output":"=== RUN   TestAttemptPricingSurvivesCrashAndConfigChange/after_model_pricing_before_reservation\n"}
{"Time":"2026-09-11T15:21:44.247880912-07:00","Action":"output","Package":"github.com/JDinSeattle/forge-runtime/internal/application","Test":"TestAttemptPricingSurvivesCrashAndConfigChange/after_model_pricing_before_reservation","Output":"--- PASS: TestAttemptPricingSurvivesCrashAndConfigChange/after_model_pricing_before_reservation (0.83s)\n"}
{"Time":"2026-09-11T15:21:44.247909162-07:00","Action":"pass","Package":"github.com/JDinSeattle/forge-runtime/internal/application","Test":"TestAttemptPricingSurvivesCrashAndConfigChange/after_model_pricing_before_reservation","Elapsed":0.83}
{"Time":"2026-09-11T15:21:44.247913704-07:00","Action":"run","Package":"github.com/JDinSeattle/forge-runtime/internal/application","Test":"TestAttemptPricingSurvivesCrashAndConfigChange/after_model_result_before_transition"}
{"Time":"2026-09-11T15:21:44.247920161-07:00","Action":"output","Package":"github.com/JDinSeattle/forge-runtime/internal/application","Test":"TestAttemptPricingSurvivesCrashAndConfigChange/after_model_result_before_transition","Output":"=== RUN   TestAttemptPricingSurvivesCrashAndConfigChange/after_model_result_before_transition\n"}
{"Time":"2026-09-11T15:21:44.45878422-07:00","Action":"output","Package":"github.com/JDinSeattle/forge-runtime/tests/review","Test":"TestReviewUnsupportedSnapshotAmbiguousMembersFenceAndHold/unicode-long-s","Output":"--- PASS: TestReviewUnsupportedSnapshotAmbiguousMembersFenceAndHold/unicode-long-s (1.43s)\n"}
{"Time":"2026-09-11T15:21:44.458823573-07:00","Action":"pass","Package":"github.com/JDinSeattle/forge-runtime/tests/review","Test":"TestReviewUnsupportedSnapshotAmbiguousMembersFenceAndHold/unicode-long-s","Elapsed":1.43}
{"Time":"2026-09-11T15:21:44.458833914-07:00","Action":"run","Package":"github.com/JDinSeattle/forge-runtime/tests/review","Test":"TestReviewUnsupportedSnapshotAmbiguousMembersFenceAndHold/escaped-long-s"}
{"Time":"2026-09-11T15:21:44.458838327-07:00","Action":"output","Package":"github.com/JDinSeattle/forge-runtime/tests/review","Test":"TestReviewUnsupportedSnapshotAmbiguousMembersFenceAndHold/escaped-long-s","Output":"=== RUN   TestReviewUnsupportedSnapshotAmbiguousMembersFenceAndHold/escaped-long-s\n"}
{"Time":"2026-09-11T15:21:45.035369217-07:00","Action":"output","Package":"github.com/JDinSeattle/forge-runtime/internal/application","Test":"TestAttemptPricingSurvivesCrashAndConfigChange/after_model_result_before_transition","Output":"--- PASS: TestAttemptPricingSurvivesCrashAndConfigChange/after_model_result_before_transition (0.79s)\n"}
{"Time":"2026-09-11T15:21:45.035398353-07:00","Action":"pass","Package":"github.com/JDinSeattle/forge-runtime/internal/application","Test":"TestAttemptPricingSurvivesCrashAndConfigChange/after_model_result_before_transition","Elapsed":0.79}
{"Time":"2026-09-11T15:21:45.03543871-07:00","Action":"run","Package":"github.com/JDinSeattle/forge-runtime/internal/application","Test":"TestAttemptPricingSurvivesCrashAndConfigChange/after_model_settlement_before_transition"}
{"Time":"2026-09-11T15:21:45.035456665-07:00","Action":"output","Package":"github.com/JDinSeattle/forge-runtime/internal/application","Test":"TestAttemptPricingSurvivesCrashAndConfigChange/after_model_settlement_before_transition","Output":"=== RUN   TestAttemptPricingSurvivesCrashAndConfigChange/after_model_settlement_before_transition\n"}
{"Time":"2026-09-11T15:21:45.829131488-07:00","Action":"output","Package":"github.com/JDinSeattle/forge-runtime/internal/application","Test":"TestAttemptPricingSurvivesCrashAndConfigChange/after_model_settlement_before_transition","Output":"--- PASS: TestAttemptPricingSurvivesCrashAndConfigChange/after_model_settlement_before_transition (0.79s)\n"}
{"Time":"2026-09-11T15:21:45.829158124-07:00","Action":"pass","Package":"github.com/JDinSeattle/forge-runtime/internal/application","Test":"TestAttemptPricingSurvivesCrashAndConfigChange/after_model_settlement_before_transition","Elapsed":0.79}
{"Time":"2026-09-11T15:21:45.829162799-07:00","Action":"output","Package":"github.com/JDinSeattle/forge-runtime/internal/application","Test":"TestAttemptPricingSurvivesCrashAndConfigChange","Output":"--- PASS: TestAttemptPricingSurvivesCrashAndConfigChange (2.41s)\n"}
{"Time":"2026-09-11T15:21:45.829165016-07:00","Action":"pass","Package":"github.com/JDinSeattle/forge-runtime/internal/application","Test":"TestAttemptPricingSurvivesCrashAndConfigChange","Elapsed":2.41}
{"Time":"2026-09-11T15:21:45.829177925-07:00","Action":"run","Package":"github.com/JDinSeattle/forge-runtime/internal/application","Test":"TestModelRetryDecisionSurvivesRecovery"}
{"Time":"2026-09-11T15:21:45.829179506-07:00","Action":"output","Package":"github.com/JDinSeattle/forge-runtime/internal/application","Test":"TestModelRetryDecisionSurvivesRecovery","Output":"=== RUN   TestModelRetryDecisionSurvivesRecovery\n"}
{"Time":"2026-09-11T15:21:45.86113207-07:00","Action":"output","Package":"github.com/JDinSeattle/forge-runtime/tests/review","Test":"TestReviewUnsupportedSnapshotAmbiguousMembersFenceAndHold/escaped-long-s","Output":"--- PASS: TestReviewUnsupportedSnapshotAmbiguousMembersFenceAndHold/escaped-long-s (1.40s)\n"}
{"Time":"2026-09-11T15:21:45.861166759-07:00","Action":"pass","Package":"github.com/JDinSeattle/forge-runtime/tests/review","Test":"TestReviewUnsupportedSnapshotAmbiguousMembersFenceAndHold/escaped-long-s","Elapsed":1.4}
{"Time":"2026-09-11T15:21:45.861172064-07:00","Action":"output","Package":"github.com/JDinSeattle/forge-runtime/tests/review","Test":"TestReviewUnsupportedSnapshotAmbiguousMembersFenceAndHold","Output":"--- PASS: TestReviewUnsupportedSnapshotAmbiguousMembersFenceAndHold (8.40s)\n"}
{"Time":"2026-09-11T15:21:45.861174007-07:00","Action":"pass","Package":"github.com/JDinSeattle/forge-runtime/tests/review","Test":"TestReviewUnsupportedSnapshotAmbiguousMembersFenceAndHold","Elapsed":8.4}
{"Time":"2026-09-11T15:21:45.861175977-07:00","Action":"run","Package":"github.com/JDinSeattle/forge-runtime/tests/review","Test":"TestReviewUnsupportedSnapshotOperatorCLI"}
{"Time":"2026-09-11T15:21:45.861178238-07:00","Action":"output","Package":"github.com/JDinSeattle/forge-runtime/tests/review","Test":"TestReviewUnsupportedSnapshotOperatorCLI","Output":"=== RUN   TestReviewUnsupportedSnapshotOperatorCLI\n"}
{"Time":"2026-09-11T15:21:46.216984-07:00","Action":"output","Package":"github.com/JDinSeattle/forge-runtime/tests/review","Test":"TestReviewUnsupportedSnapshotOperatorCLI","Output":"--- PASS: TestReviewUnsupportedSnapshotOperatorCLI (0.36s)\n"}
{"Time":"2026-09-11T15:21:46.217009026-07:00","Action":"pass","Package":"github.com/JDinSeattle/forge-runtime/tests/review","Test":"TestReviewUnsupportedSnapshotOperatorCLI","Elapsed":0.36}
{"Time":"2026-09-11T15:21:46.217013618-07:00","Action":"run","Package":"github.com/JDinSeattle/forge-runtime/tests/review","Test":"TestReviewUnsupportedSnapshotPreservesUnknownLedgerAndAuthority"}
{"Time":"2026-09-11T15:21:46.217015093-07:00","Action":"output","Package":"github.com/JDinSeattle/forge-runtime/tests/review","Test":"TestReviewUnsupportedSnapshotPreservesUnknownLedgerAndAuthority","Output":"=== RUN   TestReviewUnsupportedSnapshotPreservesUnknownLedgerAndAuthority\n"}
{"Time":"2026-09-11T15:21:46.586612533-07:00","Action":"output","Package":"github.com/JDinSeattle/forge-runtime/internal/application","Test":"TestModelRetryDecisionSurvivesRecovery","Output":"--- PASS: TestModelRetryDecisionSurvivesRecovery (0.76s)\n"}
{"Time":"2026-09-11T15:21:46.586644715-07:00","Action":"pass","Package":"github.com/JDinSeattle/forge-runtime/internal/application","Test":"TestModelRetryDecisionSurvivesRecovery","Elapsed":0.76}
{"Time":"2026-09-11T15:21:46.586652922-07:00","Action":"run","Package":"github.com/JDinSeattle/forge-runtime/internal/application","Test":"TestPermanentModelFailureDoesNotRetryOrTripCircuit"}
{"Time":"2026-09-11T15:21:46.58665906-07:00","Action":"output","Package":"github.com/JDinSeattle/forge-runtime/internal/application","Test":"TestPermanentModelFailureDoesNotRetryOrTripCircuit","Output":"=== RUN   TestPermanentModelFailureDoesNotRetryOrTripCircuit\n"}
{"Time":"2026-09-11T15:21:47.476974223-07:00","Action":"output","Package":"github.com/JDinSeattle/forge-runtime/internal/application","Test":"TestPermanentModelFailureDoesNotRetryOrTripCircuit","Output":"--- PASS: TestPermanentModelFailureDoesNotRetryOrTripCircuit (0.89s)\n"}
{"Time":"2026-09-11T15:21:47.477009459-07:00","Action":"pass","Package":"github.com/JDinSeattle/forge-runtime/internal/application","Test":"TestPermanentModelFailureDoesNotRetryOrTripCircuit","Elapsed":0.89}
{"Time":"2026-09-11T15:21:47.477017988-07:00","Action":"run","Package":"github.com/JDinSeattle/forge-runtime/internal/application","Test":"TestModelRetryOverallBudgetCannotResetOnRecovery"}
{"Time":"2026-09-11T15:21:47.47702117-07:00","Action":"output","Package":"github.com/JDinSeattle/forge-runtime/internal/application","Test":"TestModelRetryOverallBudgetCannotResetOnRecovery","Output":"=== RUN   TestModelRetryOverallBudgetCannotResetOnRecovery\n"}
{"Time":"2026-09-11T15:21:48.357368706-07:00","Action":"output","Package":"github.com/JDinSeattle/forge-runtime/internal/application","Test":"TestModelRetryOverallBudgetCannotResetOnRecovery","Output":"--- PASS: TestModelRetryOverallBudgetCannotResetOnRecovery (0.88s)\n"}
{"Time":"2026-09-11T15:21:48.357427016-07:00","Action":"pass","Package":"github.com/JDinSeattle/forge-runtime/internal/application","Test":"TestModelRetryOverallBudgetCannotResetOnRecovery","Elapsed":0.88}
{"Time":"2026-09-11T15:21:48.357439021-07:00","Action":"run","Package":"github.com/JDinSeattle/forge-runtime/internal/application","Test":"TestModelAdmissionKeepsConservativeReducerBudget"}
{"Time":"2026-09-11T15:21:48.357440896-07:00","Action":"output","Package":"github.com/JDinSeattle/forge-runtime/internal/application","Test":"TestModelAdmissionKeepsConservativeReducerBudget","Output":"=== RUN   TestModelAdmissionKeepsConservativeReducerBudget\n"}
{"Time":"2026-09-11T15:21:48.559207031-07:00","Action":"output","Package":"github.com/JDinSeattle/forge-runtime/tests/review","Test":"TestReviewUnsupportedSnapshotPreservesUnknownLedgerAndAuthority","Output":"--- PASS: TestReviewUnsupportedSnapshotPreservesUnknownLedgerAndAuthority (2.34s)\n"}
{"Time":"2026-09-11T15:21:48.559240265-07:00","Action":"pass","Package":"github.com/JDinSeattle/forge-runtime/tests/review","Test":"TestReviewUnsupportedSnapshotPreservesUnknownLedgerAndAuthority","Elapsed":2.34}
{"Time":"2026-09-11T15:21:48.559248209-07:00","Action":"run","Package":"github.com/JDinSeattle/forge-runtime/tests/review","Test":"TestReviewUnsupportedSnapshotHTTPAndOperatorRecovery"}
{"Time":"2026-09-11T15:21:48.559251385-07:00","Action":"output","Package":"github.com/JDinSeattle/forge-runtime/tests/review","Test":"TestReviewUnsupportedSnapshotHTTPAndOperatorRecovery","Output":"=== RUN   TestReviewUnsupportedSnapshotHTTPAndOperatorRecovery\n"}
{"Time":"2026-09-11T15:21:49.125007641-07:00","Action":"output","Package":"github.com/JDinSeattle/forge-runtime/internal/application","Test":"TestModelAdmissionKeepsConservativeReducerBudget","Output":"--- PASS: TestModelAdmissionKeepsConservativeReducerBudget (0.77s)\n"}
{"Time":"2026-09-11T15:21:49.12504061-07:00","Action":"pass","Package":"github.com/JDinSeattle/forge-runtime/internal/application","Test":"TestModelAdmissionKeepsConservativeReducerBudget","Elapsed":0.77}
{"Time":"2026-09-11T15:21:49.125048166-07:00","Action":"run","Package":"github.com/JDinSeattle/forge-runtime/internal/application","Test":"TestProviderSpecificPricing"}
{"Time":"2026-09-11T15:21:49.125051968-07:00","Action":"output","Package":"github.com/JDinSeattle/forge-runtime/internal/application","Test":"TestProviderSpecificPricing","Output":"=== RUN   TestProviderSpecificPricing\n"}
{"Time":"2026-09-11T15:21:49.125060001-07:00","Action":"run","Package":"github.com/JDinSeattle/forge-runtime/internal/application","Test":"TestProviderSpecificPricing/openai_cached_input_is_inclusive"}
{"Time":"2026-09-11T15:21:49.125063064-07:00","Action":"output","Package":"github.com/JDinSeattle/forge-runtime/internal/application","Test":"TestProviderSpecificPricing/openai_cached_input_is_inclusive","Output":"=== RUN   TestProviderSpecificPricing/openai_cached_input_is_inclusive\n"}
{"Time":"2026-09-11T15:21:49.125120275-07:00","Action":"output","Package":"github.com/JDinSeattle/forge-runtime/internal/application","Test":"TestProviderSpecificPricing/openai_cached_input_is_inclusive","Output":"--- PASS: TestProviderSpecificPricing/openai_cached_input_is_inclusive (0.00s)\n"}
{"Time":"2026-09-11T15:21:49.125136957-07:00","Action":"pass","Package":"github.com/JDinSeattle/forge-runtime/internal/application","Test":"TestProviderSpecificPricing/openai_cached_input_is_inclusive","Elapsed":0}
{"Time":"2026-09-11T15:21:49.125152336-07:00","Action":"run","Package":"github.com/JDinSeattle/forge-runtime/internal/application","Test":"TestProviderSpecificPricing/anthropic_cache_input_is_additive"}
{"Time":"2026-09-11T15:21:49.125162235-07:00","Action":"output","Package":"github.com/JDinSeattle/forge-runtime/internal/application","Test":"TestProviderSpecificPricing/anthropic_cache_input_is_additive","Output":"=== RUN   TestProviderSpecificPricing/anthropic_cache_input_is_additive\n"}
{"Time":"2026-09-11T15:21:49.12518923-07:00","Action":"output","Package":"github.com/JDinSeattle/forge-runtime/internal/application","Test":"TestProviderSpecificPricing/anthropic_cache_input_is_additive","Output":"--- PASS: TestProviderSpecificPricing/anthropic_cache_input_is_additive (0.00s)\n"}
{"Time":"2026-09-11T15:21:49.1251988-07:00","Action":"pass","Package":"github.com/JDinSeattle/forge-runtime/internal/application","Test":"TestProviderSpecificPricing/anthropic_cache_input_is_additive","Elapsed":0}
{"Time":"2026-09-11T15:21:49.125212063-07:00","Action":"run","Package":"github.com/JDinSeattle/forge-runtime/internal/application","Test":"TestProviderSpecificPricing/measured_zero"}
{"Time":"2026-09-11T15:21:49.125216908-07:00","Action":"output","Package":"github.com/JDinSeattle/forge-runtime/internal/application","Test":"TestProviderSpecificPricing/measured_zero","Output":"=== RUN   TestProviderSpecificPricing/measured_zero\n"}
{"Time":"2026-09-11T15:21:49.12524408-07:00","Action":"output","Package":"github.com/JDinSeattle/forge-runtime/internal/application","Test":"TestProviderSpecificPricing/measured_zero","Output":"--- PASS: TestProviderSpecificPricing/measured_zero (0.00s)\n"}
{"Time":"2026-09-11T15:21:49.12525246-07:00","Action":"pass","Package":"github.com/JDinSeattle/forge-runtime/internal/application","Test":"TestProviderSpecificPricing/measured_zero","Elapsed":0}
{"Time":"2026-09-11T15:21:49.125275682-07:00","Action":"run","Package":"github.com/JDinSeattle/forge-runtime/internal/application","Test":"TestProviderSpecificPricing/cache_cannot_exceed_inclusive_input"}
{"Time":"2026-09-11T15:21:49.125280351-07:00","Action":"output","Package":"github.com/JDinSeattle/forge-runtime/internal/application","Test":"TestProviderSpecificPricing/cache_cannot_exceed_inclusive_input","Output":"=== RUN   TestProviderSpecificPricing/cache_cannot_exceed_inclusive_input\n"}
{"Time":"2026-09-11T15:21:49.125318099-07:00","Action":"output","Package":"github.com/JDinSeattle/forge-runtime/internal/application","Test":"TestProviderSpecificPricing/cache_cannot_exceed_inclusive_input","Output":"--- PASS: TestProviderSpecificPricing/cache_cannot_exceed_inclusive_input (0.00s)\n"}
{"Time":"2026-09-11T15:21:49.125326417-07:00","Action":"pass","Package":"github.com/JDinSeattle/forge-runtime/internal/application","Test":"TestProviderSpecificPricing/cache_cannot_exceed_inclusive_input","Elapsed":0}
{"Time":"2026-09-11T15:21:49.125341786-07:00","Action":"run","Package":"github.com/JDinSeattle/forge-runtime/internal/application","Test":"TestProviderSpecificPricing/input_output_overflow"}
{"Time":"2026-09-11T15:21:49.12534632-07:00","Action":"output","Package":"github.com/JDinSeattle/forge-runtime/internal/application","Test":"TestProviderSpecificPricing/input_output_overflow","Output":"=== RUN   TestProviderSpecificPricing/input_output_overflow\n"}
{"Time":"2026-09-11T15:21:49.125371676-07:00","Action":"output","Package":"github.com/JDinSeattle/forge-runtime/internal/application","Test":"TestProviderSpecificPricing/input_output_overflow","Output":"--- PASS: TestProviderSpecificPricing/input_output_overflow (0.00s)\n"}
{"Time":"2026-09-11T15:21:49.125379682-07:00","Action":"pass","Package":"github.com/JDinSeattle/forge-runtime/internal/application","Test":"TestProviderSpecificPricing/input_output_overflow","Elapsed":0}
{"Time":"2026-09-11T15:21:49.125407474-07:00","Action":"run","Package":"github.com/JDinSeattle/forge-runtime/internal/application","Test":"TestProviderSpecificPricing/additive_cache_overflow"}
{"Time":"2026-09-11T15:21:49.125414027-07:00","Action":"output","Package":"github.com/JDinSeattle/forge-runtime/internal/application","Test":"TestProviderSpecificPricing/additive_cache_overflow","Output":"=== RUN   TestProviderSpecificPricing/additive_cache_overflow\n"}
{"Time":"2026-09-11T15:21:49.125436274-07:00","Action":"output","Package":"github.com/JDinSeattle/forge-runtime/internal/application","Test":"TestProviderSpecificPricing/additive_cache_overflow","Output":"--- PASS: TestProviderSpecificPricing/additive_cache_overflow (0.00s)\n"}
{"Time":"2026-09-11T15:21:49.125444867-07:00","Action":"pass","Package":"github.com/JDinSeattle/forge-runtime/internal/application","Test":"TestProviderSpecificPricing/additive_cache_overflow","Elapsed":0}
{"Time":"2026-09-11T15:21:49.125457666-07:00","Action":"run","Package":"github.com/JDinSeattle/forge-runtime/internal/application","Test":"TestProviderSpecificPricing/negative_measured_cache"}
{"Time":"2026-09-11T15:21:49.125462025-07:00","Action":"output","Package":"github.com/JDinSeattle/forge-runtime/internal/application","Test":"TestProviderSpecificPricing/negative_measured_cache","Output":"=== RUN   TestProviderSpecificPricing/negative_measured_cache\n"}
{"Time":"2026-09-11T15:21:49.125486334-07:00","Action":"output","Package":"github.com/JDinSeattle/forge-runtime/internal/application","Test":"TestProviderSpecificPricing/negative_measured_cache","Output":"--- PASS: TestProviderSpecificPricing/negative_measured_cache (0.00s)\n"}
{"Time":"2026-09-11T15:21:49.12549192-07:00","Action":"pass","Package":"github.com/JDinSeattle/forge-runtime/internal/application","Test":"TestProviderSpecificPricing/negative_measured_cache","Elapsed":0}
{"Time":"2026-09-11T15:21:49.125518262-07:00","Action":"output","Package":"github.com/JDinSeattle/forge-runtime/internal/application","Test":"TestProviderSpecificPricing","Output":"--- PASS: TestProviderSpecificPricing (0.00s)\n"}
{"Time":"2026-09-11T15:21:49.125524048-07:00","Action":"pass","Package":"github.com/JDinSeattle/forge-runtime/internal/application","Test":"TestProviderSpecificPricing","Elapsed":0}
{"Time":"2026-09-11T15:21:49.125537095-07:00","Action":"run","Package":"github.com/JDinSeattle/forge-runtime/internal/application","Test":"TestPricingReserveBoundsAndRounding"}
{"Time":"2026-09-11T15:21:49.125541662-07:00","Action":"output","Package":"github.com/JDinSeattle/forge-runtime/internal/application","Test":"TestPricingReserveBoundsAndRounding","Output":"=== RUN   TestPricingReserveBoundsAndRounding\n"}
{"Time":"2026-09-11T15:21:49.125572861-07:00","Action":"output","Package":"github.com/JDinSeattle/forge-runtime/internal/application","Test":"TestPricingReserveBoundsAndRounding","Output":"--- PASS: TestPricingReserveBoundsAndRounding (0.00s)\n"}
{"Time":"2026-09-11T15:21:49.125579901-07:00","Action":"pass","Package":"github.com/JDinSeattle/forge-runtime/internal/application","Test":"TestPricingReserveBoundsAndRounding","Elapsed":0}
{"Time":"2026-09-11T15:21:49.125593302-07:00","Action":"run","Package":"github.com/JDinSeattle/forge-runtime/internal/application","Test":"TestModelFailureCircuitClassification"}
{"Time":"2026-09-11T15:21:49.125597917-07:00","Action":"output","Package":"github.com/JDinSeattle/forge-runtime/internal/application","Test":"TestModelFailureCircuitClassification","Output":"=== RUN   TestModelFailureCircuitClassification\n"}
{"Time":"2026-09-11T15:21:49.125621579-07:00","Action":"run","Package":"github.com/JDinSeattle/forge-runtime/internal/application","Test":"TestModelFailureCircuitClassification/user_cancellation"}
{"Time":"2026-09-11T15:21:49.125625896-07:00","Action":"output","Package":"github.com/JDinSeattle/forge-runtime/internal/application","Test":"TestModelFailureCircuitClassification/user_cancellation","Output":"=== RUN   TestModelFailureCircuitClassification/user_cancellation\n"}
{"Time":"2026-09-11T15:21:49.125667094-07:00","Action":"output","Package":"github.com/JDinSeattle/forge-runtime/internal/application","Test":"TestModelFailureCircuitClassification/user_cancellation","Output":"--- PASS: TestModelFailureCircuitClassification/user_cancellation (0.00s)\n"}
{"Time":"2026-09-11T15:21:49.12567552-07:00","Action":"pass","Package":"github.com/JDinSeattle/forge-runtime/internal/application","Test":"TestModelFailureCircuitClassification/user_cancellation","Elapsed":0}
{"Time":"2026-09-11T15:21:49.125691092-07:00","Action":"run","Package":"github.com/JDinSeattle/forge-runtime/internal/application","Test":"TestModelFailureCircuitClassification/request_deadline"}
{"Time":"2026-09-11T15:21:49.125696188-07:00","Action":"output","Package":"github.com/JDinSeattle/forge-runtime/internal/application","Test":"TestModelFailureCircuitClassification/request_deadline","Output":"=== RUN   TestModelFailureCircuitClassification/request_deadline\n"}
{"Time":"2026-09-11T15:21:49.125726814-07:00","Action":"output","Package":"github.com/JDinSeattle/forge-runtime/internal/application","Test":"TestModelFailureCircuitClassification/request_deadline","Output":"--- PASS: TestModelFailureCircuitClassification/request_deadline (0.00s)\n"}
{"Time":"2026-09-11T15:21:49.125734705-07:00","Action":"pass","Package":"github.com/JDinSeattle/forge-runtime/internal/application","Test":"TestModelFailureCircuitClassification/request_deadline","Elapsed":0}
{"Time":"2026-09-11T15:21:49.125747943-07:00","Action":"run","Package":"github.com/JDinSeattle/forge-runtime/internal/application","Test":"TestModelFailureCircuitClassification/database_sink"}
{"Time":"2026-09-11T15:21:49.125752381-07:00","Action":"output","Package":"github.com/JDinSeattle/forge-runtime/internal/application","Test":"TestModelFailureCircuitClassification/database_sink","Output":"=== RUN   TestModelFailureCircuitClassification/database_sink\n"}
{"Time":"2026-09-11T15:21:49.125778858-07:00","Action":"output","Package":"github.com/JDinSeattle/forge-runtime/internal/application","Test":"TestModelFailureCircuitClassification/database_sink","Output":"--- PASS: TestModelFailureCircuitClassification/database_sink (0.00s)\n"}
{"Time":"2026-09-11T15:21:49.125786811-07:00","Action":"pass","Package":"github.com/JDinSeattle/forge-runtime/internal/application","Test":"TestModelFailureCircuitClassification/database_sink","Elapsed":0}
{"Time":"2026-09-11T15:21:49.125804668-07:00","Action":"run","Package":"github.com/JDinSeattle/forge-runtime/internal/application","Test":"TestModelFailureCircuitClassification/consumer_wrapper"}
{"Time":"2026-09-11T15:21:49.125809045-07:00","Action":"output","Package":"github.com/JDinSeattle/forge-runtime/internal/application","Test":"TestModelFailureCircuitClassification/consumer_wrapper","Output":"=== RUN   TestModelFailureCircuitClassification/consumer_wrapper\n"}
{"Time":"2026-09-11T15:21:49.12583604-07:00","Action":"output","Package":"github.com/JDinSeattle/forge-runtime/internal/application","Test":"TestModelFailureCircuitClassification/consumer_wrapper","Output":"--- PASS: TestModelFailureCircuitClassification/consumer_wrapper (0.00s)\n"}
{"Time":"2026-09-11T15:21:49.125842703-07:00","Action":"pass","Package":"github.com/JDinSeattle/forge-runtime/internal/application","Test":"TestModelFailureCircuitClassification/consumer_wrapper","Elapsed":0}
{"Time":"2026-09-11T15:21:49.125854609-07:00","Action":"run","Package":"github.com/JDinSeattle/forge-runtime/internal/application","Test":"TestModelFailureCircuitClassification/validation"}
{"Time":"2026-09-11T15:21:49.125859164-07:00","Action":"output","Package":"github.com/JDinSeattle/forge-runtime/internal/application","Test":"TestModelFailureCircuitClassification/validation","Output":"=== RUN   TestModelFailureCircuitClassification/validation\n"}
{"Time":"2026-09-11T15:21:49.125885421-07:00","Action":"output","Package":"github.com/JDinSeattle/forge-runtime/internal/application","Test":"TestModelFailureCircuitClassification/validation","Output":"--- PASS: TestModelFailureCircuitClassification/validation (0.00s)\n"}
{"Time":"2026-09-11T15:21:49.125900212-07:00","Action":"pass","Package":"github.com/JDinSeattle/forge-runtime/internal/application","Test":"TestModelFailureCircuitClassification/validation","Elapsed":0}
{"Time":"2026-09-11T15:21:49.125912224-07:00","Action":"run","Package":"github.com/JDinSeattle/forge-runtime/internal/application","Test":"TestModelFailureCircuitClassification/protocol"}
{"Time":"2026-09-11T15:21:49.125919004-07:00","Action":"output","Package":"github.com/JDinSeattle/forge-runtime/internal/application","Test":"TestModelFailureCircuitClassification/protocol","Output":"=== RUN   TestModelFailureCircuitClassification/protocol\n"}
{"Time":"2026-09-11T15:21:49.125943928-07:00","Action":"output","Package":"github.com/JDinSeattle/forge-runtime/internal/application","Test":"TestModelFailureCircuitClassification/protocol","Output":"--- PASS: TestModelFailureCircuitClassification/protocol (0.00s)\n"}
{"Time":"2026-09-11T15:21:49.125950722-07:00","Action":"pass","Package":"github.com/JDinSeattle/forge-runtime/internal/application","Test":"TestModelFailureCircuitClassification/protocol","Elapsed":0}
{"Time":"2026-09-11T15:21:49.125963322-07:00","Action":"run","Package":"github.com/JDinSeattle/forge-runtime/internal/application","Test":"TestModelFailureCircuitClassification/authentication"}
{"Time":"2026-09-11T15:21:49.125967751-07:00","Action":"output","Package":"github.com/JDinSeattle/forge-runtime/internal/application","Test":"TestModelFailureCircuitClassification/authentication","Output":"=== RUN   TestModelFailureCircuitClassification/authentication\n"}
{"Time":"2026-09-11T15:21:49.125990497-07:00","Action":"output","Package":"github.com/JDinSeattle/forge-runtime/internal/application","Test":"TestModelFailureCircuitClassification/authentication","Output":"--- PASS: TestModelFailureCircuitClassification/authentication (0.00s)\n"}
{"Time":"2026-09-11T15:21:49.126006496-07:00","Action":"pass","Package":"github.com/JDinSeattle/forge-runtime/internal/application","Test":"TestModelFailureCircuitClassification/authentication","Elapsed":0}
{"Time":"2026-09-11T15:21:49.126019334-07:00","Action":"run","Package":"github.com/JDinSeattle/forge-runtime/internal/application","Test":"TestModelFailureCircuitClassification/cancelled_transport"}
{"Time":"2026-09-11T15:21:49.126023595-07:00","Action":"output","Package":"github.com/JDinSeattle/forge-runtime/internal/application","Test":"TestModelFailureCircuitClassification/cancelled_transport","Output":"=== RUN   TestModelFailureCircuitClassification/cancelled_transport\n"}
{"Time":"2026-09-11T15:21:49.126045191-07:00","Action":"output","Package":"github.com/JDinSeattle/forge-runtime/internal/application","Test":"TestModelFailureCircuitClassification/cancelled_transport","Output":"--- PASS: TestModelFailureCircuitClassification/cancelled_transport (0.00s)\n"}
{"Time":"2026-09-11T15:21:49.126053563-07:00","Action":"pass","Package":"github.com/JDinSeattle/forge-runtime/internal/application","Test":"TestModelFailureCircuitClassification/cancelled_transport","Elapsed":0}
{"Time":"2026-09-11T15:21:49.126067953-07:00","Action":"run","Package":"github.com/JDinSeattle/forge-runtime/internal/application","Test":"TestModelFailureCircuitClassification/overloaded"}
{"Time":"2026-09-11T15:21:49.126072609-07:00","Action":"output","Package":"github.com/JDinSeattle/forge-runtime/internal/application","Test":"TestModelFailureCircuitClassification/overloaded","Output":"=== RUN   TestModelFailureCircuitClassification/overloaded\n"}
{"Time":"2026-09-11T15:21:49.126092673-07:00","Action":"output","Package":"github.com/JDinSeattle/forge-runtime/internal/application","Test":"TestModelFailureCircuitClassification/overloaded","Output":"--- PASS: TestModelFailureCircuitClassification/overloaded (0.00s)\n"}
{"Time":"2026-09-11T15:21:49.126101139-07:00","Action":"pass","Package":"github.com/JDinSeattle/forge-runtime/internal/application","Test":"TestModelFailureCircuitClassification/overloaded","Elapsed":0}
{"Time":"2026-09-11T15:21:49.126113852-07:00","Action":"run","Package":"github.com/JDinSeattle/forge-runtime/internal/application","Test":"TestModelFailureCircuitClassification/rate_limit"}
{"Time":"2026-09-11T15:21:49.126119004-07:00","Action":"output","Package":"github.com/JDinSeattle/forge-runtime/internal/application","Test":"TestModelFailureCircuitClassification/rate_limit","Output":"=== RUN   TestModelFailureCircuitClassification/rate_limit\n"}
{"Time":"2026-09-11T15:21:49.126179793-07:00","Action":"output","Package":"github.com/JDinSeattle/forge-runtime/internal/application","Test":"TestModelFailureCircuitClassification/rate_limit","Output":"--- PASS: TestModelFailureCircuitClassification/rate_limit (0.00s)\n"}
{"Time":"2026-09-11T15:21:49.126187761-07:00","Action":"pass","Package":"github.com/JDinSeattle/forge-runtime/internal/application","Test":"TestModelFailureCircuitClassification/rate_limit","Elapsed":0}
{"Time":"2026-09-11T15:21:49.126205205-07:00","Action":"output","Package":"github.com/JDinSeattle/forge-runtime/internal/application","Test":"TestModelFailureCircuitClassification","Output":"--- PASS: TestModelFailureCircuitClassification (0.00s)\n"}
{"Time":"2026-09-11T15:21:49.126213179-07:00","Action":"pass","Package":"github.com/JDinSeattle/forge-runtime/internal/application","Test":"TestModelFailureCircuitClassification","Elapsed":0}
{"Time":"2026-09-11T15:21:49.12622487-07:00","Action":"run","Package":"github.com/JDinSeattle/forge-runtime/internal/application","Test":"TestTextBatchPostgresTimerAndSize"}
{"Time":"2026-09-11T15:21:49.126229133-07:00","Action":"output","Package":"github.com/JDinSeattle/forge-runtime/internal/application","Test":"TestTextBatchPostgresTimerAndSize","Output":"=== RUN   TestTextBatchPostgresTimerAndSize\n"}
{"Time":"2026-09-11T15:21:49.126249008-07:00","Action":"run","Package":"github.com/JDinSeattle/forge-runtime/internal/application","Test":"TestTextBatchPostgresTimerAndSize/timer"}
{"Time":"2026-09-11T15:21:49.126253094-07:00","Action":"output","Package":"github.com/JDinSeattle/forge-runtime/internal/application","Test":"TestTextBatchPostgresTimerAndSize/timer","Output":"=== RUN   TestTextBatchPostgresTimerAndSize/timer\n"}
{"Time":"2026-09-11T15:21:49.174017535-07:00","Action":"output","Package":"github.com/JDinSeattle/forge-runtime/tests/review","Test":"TestReviewUnsupportedSnapshotHTTPAndOperatorRecovery","Output":"--- PASS: TestReviewUnsupportedSnapshotHTTPAndOperatorRecovery (0.61s)\n"}
{"Time":"2026-09-11T15:21:49.174051134-07:00","Action":"pass","Package":"github.com/JDinSeattle/forge-runtime/tests/review","Test":"TestReviewUnsupportedSnapshotHTTPAndOperatorRecovery","Elapsed":0.61}
{"Time":"2026-09-11T15:21:49.17405896-07:00","Action":"run","Package":"github.com/JDinSeattle/forge-runtime/tests/review","Test":"TestReviewUnsupportedSnapshotApprovalRefusesUnknownState"}
{"Time":"2026-09-11T15:21:49.174062678-07:00","Action":"output","Package":"github.com/JDinSeattle/forge-runtime/tests/review","Test":"TestReviewUnsupportedSnapshotApprovalRefusesUnknownState","Output":"=== RUN   TestReviewUnsupportedSnapshotApprovalRefusesUnknownState\n"}
{"Time":"2026-09-11T15:21:49.416559478-07:00","Action":"output","Package":"github.com/JDinSeattle/forge-runtime/internal/application","Test":"TestTextBatchPostgresTimerAndSize/timer","Output":"--- PASS: TestTextBatchPostgresTimerAndSize/timer (0.29s)\n"}
{"Time":"2026-09-11T15:21:49.416592378-07:00","Action":"pass","Package":"github.com/JDinSeattle/forge-runtime/internal/application","Test":"TestTextBatchPostgresTimerAndSize/timer","Elapsed":0.29}
{"Time":"2026-09-11T15:21:49.416599873-07:00","Action":"run","Package":"github.com/JDinSeattle/forge-runtime/internal/application","Test":"TestTextBatchPostgresTimerAndSize/size_and_encoding"}
{"Time":"2026-09-11T15:21:49.41662565-07:00","Action":"output","Package":"github.com/JDinSeattle/forge-runtime/internal/application","Test":"TestTextBatchPostgresTimerAndSize/size_and_encoding","Output":"=== RUN   TestTextBatchPostgresTimerAndSize/size_and_encoding\n"}
{"Time":"2026-09-11T15:21:49.490779662-07:00","Action":"output","Package":"github.com/JDinSeattle/forge-runtime/tests/review","Test":"TestReviewUnsupportedSnapshotApprovalRefusesUnknownState","Output":"--- PASS: TestReviewUnsupportedSnapshotApprovalRefusesUnknownState (0.32s)\n"}
{"Time":"2026-09-11T15:21:49.49081157-07:00","Action":"pass","Package":"github.com/JDinSeattle/forge-runtime/tests/review","Test":"TestReviewUnsupportedSnapshotApprovalRefusesUnknownState","Elapsed":0.32}
{"Time":"2026-09-11T15:21:49.490819658-07:00","Action":"run","Package":"github.com/JDinSeattle/forge-runtime/tests/review","Test":"TestReviewUnsupportedSnapshotMalformedHeadersRemainHeld"}
{"Time":"2026-09-11T15:21:49.49083027-07:00","Action":"output","Package":"github.com/JDinSeattle/forge-runtime/tests/review","Test":"TestReviewUnsupportedSnapshotMalformedHeadersRemainHeld","Output":"=== RUN   TestReviewUnsupportedSnapshotMalformedHeadersRemainHeld\n"}
{"Time":"2026-09-11T15:21:49.490837448-07:00","Action":"run","Package":"github.com/JDinSeattle/forge-runtime/tests/review","Test":"TestReviewUnsupportedSnapshotMalformedHeadersRemainHeld/null"}
{"Time":"2026-09-11T15:21:49.490840429-07:00","Action":"output","Package":"github.com/JDinSeattle/forge-runtime/tests/review","Test":"TestReviewUnsupportedSnapshotMalformedHeadersRemainHeld/null","Output":"=== RUN   TestReviewUnsupportedSnapshotMalformedHeadersRemainHeld/null\n"}
{"Time":"2026-09-11T15:21:49.751822887-07:00","Action":"output","Package":"github.com/JDinSeattle/forge-runtime/internal/application","Test":"TestTextBatchPostgresTimerAndSize/size_and_encoding","Output":"--- PASS: TestTextBatchPostgresTimerAndSize/size_and_encoding (0.34s)\n"}
{"Time":"2026-09-11T15:21:49.751854398-07:00","Action":"pass","Package":"github.com/JDinSeattle/forge-runtime/internal/application","Test":"TestTextBatchPostgresTimerAndSize/size_and_encoding","Elapsed":0.34}
{"Time":"2026-09-11T15:21:49.751869492-07:00","Action":"output","Package":"github.com/JDinSeattle/forge-runtime/internal/application","Test":"TestTextBatchPostgresTimerAndSize","Output":"--- PASS: TestTextBatchPostgresTimerAndSize (0.63s)\n"}
{"Time":"2026-09-11T15:21:49.751873483-07:00","Action":"pass","Package":"github.com/JDinSeattle/forge-runtime/internal/application","Test":"TestTextBatchPostgresTimerAndSize","Elapsed":0.63}
{"Time":"2026-09-11T15:21:49.751877569-07:00","Action":"run","Package":"github.com/JDinSeattle/forge-runtime/internal/application","Test":"TestTextBatchPostgresControlBypassesPausedText"}
{"Time":"2026-09-11T15:21:49.751881297-07:00","Action":"output","Package":"github.com/JDinSeattle/forge-runtime/internal/application","Test":"TestTextBatchPostgresControlBypassesPausedText","Output":"=== RUN   TestTextBatchPostgresControlBypassesPausedText\n"}
{"Time":"2026-09-11T15:21:49.76325179-07:00","Action":"output","Package":"github.com/JDinSeattle/forge-runtime/tests/review","Test":"TestReviewUnsupportedSnapshotMalformedHeadersRemainHeld/null","Output":"--- PASS: TestReviewUnsupportedSnapshotMalformedHeadersRemainHeld/null (0.27s)\n"}
{"Time":"2026-09-11T15:21:49.763281936-07:00","Action":"pass","Package":"github.com/JDinSeattle/forge-runtime/tests/review","Test":"TestReviewUnsupportedSnapshotMalformedHeadersRemainHeld/null","Elapsed":0.27}
{"Time":"2026-09-11T15:21:49.763288975-07:00","Action":"run","Package":"github.com/JDinSeattle/forge-runtime/tests/review","Test":"TestReviewUnsupportedSnapshotMalformedHeadersRemainHeld/1.5"}
{"Time":"2026-09-11T15:21:49.763293005-07:00","Action":"output","Package":"github.com/JDinSeattle/forge-runtime/tests/review","Test":"TestReviewUnsupportedSnapshotMalformedHeadersRemainHeld/1.5","Output":"=== RUN   TestReviewUnsupportedSnapshotMalformedHeadersRemainHeld/1.5\n"}
{"Time":"2026-09-11T15:21:49.999111321-07:00","Action":"output","Package":"github.com/JDinSeattle/forge-runtime/tests/review","Test":"TestReviewUnsupportedSnapshotMalformedHeadersRemainHeld/1.5","Output":"--- PASS: TestReviewUnsupportedSnapshotMalformedHeadersRemainHeld/1.5 (0.24s)\n"}
{"Time":"2026-09-11T15:21:49.999136675-07:00","Action":"pass","Package":"github.com/JDinSeattle/forge-runtime/tests/review","Test":"TestReviewUnsupportedSnapshotMalformedHeadersRemainHeld/1.5","Elapsed":0.24}
{"Time":"2026-09-11T15:21:49.999141589-07:00","Action":"run","Package":"github.com/JDinSeattle/forge-runtime/tests/review","Test":"TestReviewUnsupportedSnapshotMalformedHeadersRemainHeld/\"1\""}
{"Time":"2026-09-11T15:21:49.999143135-07:00","Action":"output","Package":"github.com/JDinSeattle/forge-runtime/tests/review","Test":"TestReviewUnsupportedSnapshotMalformedHeadersRemainHeld/\"1\"","Output":"=== RUN   TestReviewUnsupportedSnapshotMalformedHeadersRemainHeld/\"1\"\n"}
{"Time":"2026-09-11T15:21:50.020723579-07:00","Action":"output","Package":"github.com/JDinSeattle/forge-runtime/internal/application","Test":"TestTextBatchPostgresControlBypassesPausedText","Output":"--- PASS: TestTextBatchPostgresControlBypassesPausedText (0.27s)\n"}
{"Time":"2026-09-11T15:21:50.020745093-07:00","Action":"pass","Package":"github.com/JDinSeattle/forge-runtime/internal/application","Test":"TestTextBatchPostgresControlBypassesPausedText","Elapsed":0.27}
{"Time":"2026-09-11T15:21:50.020748823-07:00","Action":"run","Package":"github.com/JDinSeattle/forge-runtime/internal/application","Test":"TestTextBatchDriverPreservesCompleteModelArtifact"}
{"Time":"2026-09-11T15:21:50.02075024-07:00","Action":"output","Package":"github.com/JDinSeattle/forge-runtime/internal/application","Test":"TestTextBatchDriverPreservesCompleteModelArtifact","Output":"=== RUN   TestTextBatchDriverPreservesCompleteModelArtifact\n"}
{"Time":"2026-09-11T15:21:50.234639227-07:00","Action":"output","Package":"github.com/JDinSeattle/forge-runtime/tests/review","Test":"TestReviewUnsupportedSnapshotMalformedHeadersRemainHeld/\"1\"","Output":"--- PASS: TestReviewUnsupportedSnapshotMalformedHeadersRemainHeld/\"1\" (0.24s)\n"}
{"Time":"2026-09-11T15:21:50.234662601-07:00","Action":"pass","Package":"github.com/JDinSeattle/forge-runtime/tests/review","Test":"TestReviewUnsupportedSnapshotMalformedHeadersRemainHeld/\"1\"","Elapsed":0.24}
{"Time":"2026-09-11T15:21:50.234666964-07:00","Action":"run","Package":"github.com/JDinSeattle/forge-runtime/tests/review","Test":"TestReviewUnsupportedSnapshotMalformedHeadersRemainHeld/-1"}
{"Time":"2026-09-11T15:21:50.234671689-07:00","Action":"output","Package":"github.com/JDinSeattle/forge-runtime/tests/review","Test":"TestReviewUnsupportedSnapshotMalformedHeadersRemainHeld/-1","Output":"=== RUN   TestReviewUnsupportedSnapshotMalformedHeadersRemainHeld/-1\n"}
{"Time":"2026-09-11T15:21:50.594241273-07:00","Action":"output","Package":"github.com/JDinSeattle/forge-runtime/tests/review","Test":"TestReviewUnsupportedSnapshotMalformedHeadersRemainHeld/-1","Output":"--- PASS: TestReviewUnsupportedSnapshotMalformedHeadersRemainHeld/-1 (0.36s)\n"}
{"Time":"2026-09-11T15:21:50.594276393-07:00","Action":"pass","Package":"github.com/JDinSeattle/forge-runtime/tests/review","Test":"TestReviewUnsupportedSnapshotMalformedHeadersRemainHeld/-1","Elapsed":0.36}
{"Time":"2026-09-11T15:21:50.594282461-07:00","Action":"run","Package":"github.com/JDinSeattle/forge-runtime/tests/review","Test":"TestReviewUnsupportedSnapshotMalformedHeadersRemainHeld/999999999999999999999999999999999999999999999999999999999999999999999999"}
{"Time":"2026-09-11T15:21:50.594284031-07:00","Action":"output","Package":"github.com/JDinSeattle/forge-runtime/tests/review","Test":"TestReviewUnsupportedSnapshotMalformedHeadersRemainHeld/999999999999999999999999999999999999999999999999999999999999999999999999","Output":"=== RUN   TestReviewUnsupportedSnapshotMalformedHeadersRemainHeld/999999999999999999999999999999999999999999999999999999999999999999999999\n"}
{"Time":"2026-09-11T15:21:50.8291643-07:00","Action":"output","Package":"github.com/JDinSeattle/forge-runtime/tests/review","Test":"TestReviewUnsupportedSnapshotMalformedHeadersRemainHeld/999999999999999999999999999999999999999999999999999999999999999999999999","Output":"--- PASS: TestReviewUnsupportedSnapshotMalformedHeadersRemainHeld/999999999999999999999999999999999999999999999999999999999999999999999999 (0.23s)\n"}
{"Time":"2026-09-11T15:21:50.829197756-07:00","Action":"pass","Package":"github.com/JDinSeattle/forge-runtime/tests/review","Test":"TestReviewUnsupportedSnapshotMalformedHeadersRemainHeld/999999999999999999999999999999999999999999999999999999999999999999999999","Elapsed":0.23}
{"Time":"2026-09-11T15:21:50.829208819-07:00","Action":"output","Package":"github.com/JDinSeattle/forge-runtime/tests/review","Test":"TestReviewUnsupportedSnapshotMalformedHeadersRemainHeld","Output":"--- PASS: TestReviewUnsupportedSnapshotMalformedHeadersRemainHeld (1.34s)\n"}
{"Time":"2026-09-11T15:21:50.82921895-07:00","Action":"pass","Package":"github.com/JDinSeattle/forge-runtime/tests/review","Test":"TestReviewUnsupportedSnapshotMalformedHeadersRemainHeld","Elapsed":1.34}
{"Time":"2026-09-11T15:21:50.829223859-07:00","Action":"run","Package":"github.com/JDinSeattle/forge-runtime/tests/review","Test":"TestReviewUnsupportedSnapshotStopsCleanupAndRetentionOfTerminalEvidence"}
{"Time":"2026-09-11T15:21:50.829226691-07:00","Action":"output","Package":"github.com/JDinSeattle/forge-runtime/tests/review","Test":"TestReviewUnsupportedSnapshotStopsCleanupAndRetentionOfTerminalEvidence","Output":"=== RUN   TestReviewUnsupportedSnapshotStopsCleanupAndRetentionOfTerminalEvidence\n"}
{"Time":"2026-09-11T15:21:51.210675782-07:00","Action":"output","Package":"github.com/JDinSeattle/forge-runtime/tests/review","Test":"TestReviewUnsupportedSnapshotStopsCleanupAndRetentionOfTerminalEvidence","Output":"--- PASS: TestReviewUnsupportedSnapshotStopsCleanupAndRetentionOfTerminalEvidence (0.38s)\n"}
{"Time":"2026-09-11T15:21:51.210728566-07:00","Action":"pass","Package":"github.com/JDinSeattle/forge-runtime/tests/review","Test":"TestReviewUnsupportedSnapshotStopsCleanupAndRetentionOfTerminalEvidence","Elapsed":0.38}
{"Time":"2026-09-11T15:21:51.210733168-07:00","Action":"run","Package":"github.com/JDinSeattle/forge-runtime/tests/review","Test":"TestReviewUnsupportedSnapshotEndsExistingSSEGeneration"}
{"Time":"2026-09-11T15:21:51.210734655-07:00","Action":"output","Package":"github.com/JDinSeattle/forge-runtime/tests/review","Test":"TestReviewUnsupportedSnapshotEndsExistingSSEGeneration","Output":"=== RUN   TestReviewUnsupportedSnapshotEndsExistingSSEGeneration\n"}
{"Time":"2026-09-11T15:21:51.633734338-07:00","Action":"output","Package":"github.com/JDinSeattle/forge-runtime/tests/review","Test":"TestReviewUnsupportedSnapshotEndsExistingSSEGeneration","Output":"--- PASS: TestReviewUnsupportedSnapshotEndsExistingSSEGeneration (0.42s)\n"}
{"Time":"2026-09-11T15:21:51.633757676-07:00","Action":"pass","Package":"github.com/JDinSeattle/forge-runtime/tests/review","Test":"TestReviewUnsupportedSnapshotEndsExistingSSEGeneration","Elapsed":0.42}
{"Time":"2026-09-11T15:21:51.633763586-07:00","Action":"run","Package":"github.com/JDinSeattle/forge-runtime/tests/review","Test":"TestReviewHeartbeatRemainsAuthoritativeAcrossTransitions"}
{"Time":"2026-09-11T15:21:51.633765204-07:00","Action":"output","Package":"github.com/JDinSeattle/forge-runtime/tests/review","Test":"TestReviewHeartbeatRemainsAuthoritativeAcrossTransitions","Output":"=== RUN   TestReviewHeartbeatRemainsAuthoritativeAcrossTransitions\n"}
{"Time":"2026-09-11T15:21:52.060829319-07:00","Action":"output","Package":"github.com/JDinSeattle/forge-runtime/internal/application","Test":"TestTextBatchDriverPreservesCompleteModelArtifact","Output":"--- PASS: TestTextBatchDriverPreservesCompleteModelArtifact (2.04s)\n"}
{"Time":"2026-09-11T15:21:52.06087402-07:00","Action":"pass","Package":"github.com/JDinSeattle/forge-runtime/internal/application","Test":"TestTextBatchDriverPreservesCompleteModelArtifact","Elapsed":2.04}
{"Time":"2026-09-11T15:21:52.06088026-07:00","Action":"run","Package":"github.com/JDinSeattle/forge-runtime/internal/application","Test":"TestTextBatchConfigDefaultsAndBounds"}
{"Time":"2026-09-11T15:21:52.060882243-07:00","Action":"output","Package":"github.com/JDinSeattle/forge-runtime/internal/application","Test":"TestTextBatchConfigDefaultsAndBounds","Output":"=== RUN   TestTextBatchConfigDefaultsAndBounds\n"}
{"Time":"2026-09-11T15:21:52.060889869-07:00","Action":"output","Package":"github.com/JDinSeattle/forge-runtime/internal/application","Test":"TestTextBatchConfigDefaultsAndBounds","Output":"--- PASS: TestTextBatchConfigDefaultsAndBounds (0.00s)\n"}
{"Time":"2026-09-11T15:21:52.060898248-07:00","Action":"pass","Package":"github.com/JDinSeattle/forge-runtime/internal/application","Test":"TestTextBatchConfigDefaultsAndBounds","Elapsed":0}
{"Time":"2026-09-11T15:21:52.060911555-07:00","Action":"run","Package":"github.com/JDinSeattle/forge-runtime/internal/application","Test":"TestTextBatchExactUnicodeAndEscaping"}
{"Time":"2026-09-11T15:21:52.060917282-07:00","Action":"output","Package":"github.com/JDinSeattle/forge-runtime/internal/application","Test":"TestTextBatchExactUnicodeAndEscaping","Output":"=== RUN   TestTextBatchExactUnicodeAndEscaping\n"}
{"Time":"2026-09-11T15:21:52.06098946-07:00","Action":"run","Package":"github.com/JDinSeattle/forge-runtime/internal/application","Test":"TestTextBatchExactUnicodeAndEscaping/original_chinese_boundary"}
{"Time":"2026-09-11T15:21:52.060991966-07:00","Action":"output","Package":"github.com/JDinSeattle/forge-runtime/internal/application","Test":"TestTextBatchExactUnicodeAndEscaping/original_chinese_boundary","Output":"=== RUN   TestTextBatchExactUnicodeAndEscaping/original_chinese_boundary\n"}
{"Time":"2026-09-11T15:21:52.146333485-07:00","Action":"output","Package":"github.com/JDinSeattle/forge-runtime/internal/application","Test":"TestTextBatchExactUnicodeAndEscaping/original_chinese_boundary","Output":"--- PASS: TestTextBatchExactUnicodeAndEscaping/original_chinese_boundary (0.09s)\n"}
{"Time":"2026-09-11T15:21:52.146361651-07:00","Action":"pass","Package":"github.com/JDinSeattle/forge-runtime/internal/application","Test":"TestTextBatchExactUnicodeAndEscaping/original_chinese_boundary","Elapsed":0.09}
{"Time":"2026-09-11T15:21:52.146366858-07:00","Action":"run","Package":"github.com/JDinSeattle/forge-runtime/internal/application","Test":"TestTextBatchExactUnicodeAndEscaping/emoji_boundary"}
{"Time":"2026-09-11T15:21:52.146368582-07:00","Action":"output","Package":"github.com/JDinSeattle/forge-runtime/internal/application","Test":"TestTextBatchExactUnicodeAndEscaping/emoji_boundary","Output":"=== RUN   TestTextBatchExactUnicodeAndEscaping/emoji_boundary\n"}
{"Time":"2026-09-11T15:21:52.223195193-07:00","Action":"output","Package":"github.com/JDinSeattle/forge-runtime/internal/application","Test":"TestTextBatchExactUnicodeAndEscaping/emoji_boundary","Output":"--- PASS: TestTextBatchExactUnicodeAndEscaping/emoji_boundary (0.08s)\n"}
{"Time":"2026-09-11T15:21:52.223242635-07:00","Action":"pass","Package":"github.com/JDinSeattle/forge-runtime/internal/application","Test":"TestTextBatchExactUnicodeAndEscaping/emoji_boundary","Elapsed":0.08}
{"Time":"2026-09-11T15:21:52.22324744-07:00","Action":"run","Package":"github.com/JDinSeattle/forge-runtime/internal/application","Test":"TestTextBatchExactUnicodeAndEscaping/html_expansion"}
{"Time":"2026-09-11T15:21:52.22324902-07:00","Action":"output","Package":"github.com/JDinSeattle/forge-runtime/internal/application","Test":"TestTextBatchExactUnicodeAndEscaping/html_expansion","Output":"=== RUN   TestTextBatchExactUnicodeAndEscaping/html_expansion\n"}
{"Time":"2026-09-11T15:21:52.358740946-07:00","Action":"output","Package":"github.com/JDinSeattle/forge-runtime/internal/application","Test":"TestTextBatchExactUnicodeAndEscaping/html_expansion","Output":"--- PASS: TestTextBatchExactUnicodeAndEscaping/html_expansion (0.14s)\n"}
{"Time":"2026-09-11T15:21:52.358774435-07:00","Action":"pass","Package":"github.com/JDinSeattle/forge-runtime/internal/application","Test":"TestTextBatchExactUnicodeAndEscaping/html_expansion","Elapsed":0.14}
{"Time":"2026-09-11T15:21:52.358782607-07:00","Action":"run","Package":"github.com/JDinSeattle/forge-runtime/internal/application","Test":"TestTextBatchExactUnicodeAndEscaping/all_escaping"}
{"Time":"2026-09-11T15:21:52.358785574-07:00","Action":"output","Package":"github.com/JDinSeattle/forge-runtime/internal/application","Test":"TestTextBatchExactUnicodeAndEscaping/all_escaping","Output":"=== RUN   TestTextBatchExactUnicodeAndEscaping/all_escaping\n"}
{"Time":"2026-09-11T15:21:52.709318537-07:00","Action":"output","Package":"github.com/JDinSeattle/forge-runtime/internal/application","Test":"TestTextBatchExactUnicodeAndEscaping/all_escaping","Output":"--- PASS: TestTextBatchExactUnicodeAndEscaping/all_escaping (0.35s)\n"}
{"Time":"2026-09-11T15:21:52.709346025-07:00","Action":"pass","Package":"github.com/JDinSeattle/forge-runtime/internal/application","Test":"TestTextBatchExactUnicodeAndEscaping/all_escaping","Elapsed":0.35}
{"Time":"2026-09-11T15:21:52.70935921-07:00","Action":"output","Package":"github.com/JDinSeattle/forge-runtime/internal/application","Test":"TestTextBatchExactUnicodeAndEscaping","Output":"--- PASS: TestTextBatchExactUnicodeAndEscaping (0.65s)\n"}
{"Time":"2026-09-11T15:21:52.709361533-07:00","Action":"pass","Package":"github.com/JDinSeattle/forge-runtime/internal/application","Test":"TestTextBatchExactUnicodeAndEscaping","Elapsed":0.65}
{"Time":"2026-09-11T15:21:52.709364013-07:00","Action":"run","Package":"github.com/JDinSeattle/forge-runtime/internal/application","Test":"TestTextBatchCloseAndConsumerFailureNeverReplay"}
{"Time":"2026-09-11T15:21:52.709365767-07:00","Action":"output","Package":"github.com/JDinSeattle/forge-runtime/internal/application","Test":"TestTextBatchCloseAndConsumerFailureNeverReplay","Output":"=== RUN   TestTextBatchCloseAndConsumerFailureNeverReplay\n"}
{"Time":"2026-09-11T15:21:52.709379665-07:00","Action":"run","Package":"github.com/JDinSeattle/forge-runtime/internal/application","Test":"TestTextBatchCloseAndConsumerFailureNeverReplay/size"}
{"Time":"2026-09-11T15:21:52.709381192-07:00","Action":"output","Package":"github.com/JDinSeattle/forge-runtime/internal/application","Test":"TestTextBatchCloseAndConsumerFailureNeverReplay/size","Output":"=== RUN   TestTextBatchCloseAndConsumerFailureNeverReplay/size\n"}
{"Time":"2026-09-11T15:21:52.709522219-07:00","Action":"output","Package":"github.com/JDinSeattle/forge-runtime/internal/application","Test":"TestTextBatchCloseAndConsumerFailureNeverReplay/size","Output":"--- PASS: TestTextBatchCloseAndConsumerFailureNeverReplay/size (0.00s)\n"}
{"Time":"2026-09-11T15:21:52.709533602-07:00","Action":"pass","Package":"github.com/JDinSeattle/forge-runtime/internal/application","Test":"TestTextBatchCloseAndConsumerFailureNeverReplay/size","Elapsed":0}
{"Time":"2026-09-11T15:21:52.709536432-07:00","Action":"run","Package":"github.com/JDinSeattle/forge-runtime/internal/application","Test":"TestTextBatchCloseAndConsumerFailureNeverReplay/close"}
{"Time":"2026-09-11T15:21:52.709537982-07:00","Action":"output","Package":"github.com/JDinSeattle/forge-runtime/internal/application","Test":"TestTextBatchCloseAndConsumerFailureNeverReplay/close","Output":"=== RUN   TestTextBatchCloseAndConsumerFailureNeverReplay/close\n"}
{"Time":"2026-09-11T15:21:52.709640285-07:00","Action":"output","Package":"github.com/JDinSeattle/forge-runtime/internal/application","Test":"TestTextBatchCloseAndConsumerFailureNeverReplay/close","Output":"--- PASS: TestTextBatchCloseAndConsumerFailureNeverReplay/close (0.00s)\n"}
{"Time":"2026-09-11T15:21:52.709650852-07:00","Action":"pass","Package":"github.com/JDinSeattle/forge-runtime/internal/application","Test":"TestTextBatchCloseAndConsumerFailureNeverReplay/close","Elapsed":0}
{"Time":"2026-09-11T15:21:52.709653832-07:00","Action":"run","Package":"github.com/JDinSeattle/forge-runtime/internal/application","Test":"TestTextBatchCloseAndConsumerFailureNeverReplay/timer"}
{"Time":"2026-09-11T15:21:52.709655343-07:00","Action":"output","Package":"github.com/JDinSeattle/forge-runtime/internal/application","Test":"TestTextBatchCloseAndConsumerFailureNeverReplay/timer","Output":"=== RUN   TestTextBatchCloseAndConsumerFailureNeverReplay/timer\n"}
{"Time":"2026-09-11T15:21:52.719877741-07:00","Action":"output","Package":"github.com/JDinSeattle/forge-runtime/internal/application","Test":"TestTextBatchCloseAndConsumerFailureNeverReplay/timer","Output":"--- PASS: TestTextBatchCloseAndConsumerFailureNeverReplay/timer (0.01s)\n"}
{"Time":"2026-09-11T15:21:52.719902161-07:00","Action":"pass","Package":"github.com/JDinSeattle/forge-runtime/internal/application","Test":"TestTextBatchCloseAndConsumerFailureNeverReplay/timer","Elapsed":0.01}
{"Time":"2026-09-11T15:21:52.71990878-07:00","Action":"output","Package":"github.com/JDinSeattle/forge-runtime/internal/application","Test":"TestTextBatchCloseAndConsumerFailureNeverReplay","Output":"--- PASS: TestTextBatchCloseAndConsumerFailureNeverReplay (0.01s)\n"}
{"Time":"2026-09-11T15:21:52.719917331-07:00","Action":"pass","Package":"github.com/JDinSeattle/forge-runtime/internal/application","Test":"TestTextBatchCloseAndConsumerFailureNeverReplay","Elapsed":0.01}
{"Time":"2026-09-11T15:21:52.719920412-07:00","Action":"run","Package":"github.com/JDinSeattle/forge-runtime/internal/application","Test":"TestTextBatchRejectsInvalidUTF8WithoutReplacement"}
{"Time":"2026-09-11T15:21:52.719922736-07:00","Action":"output","Package":"github.com/JDinSeattle/forge-runtime/internal/application","Test":"TestTextBatchRejectsInvalidUTF8WithoutReplacement","Output":"=== RUN   TestTextBatchRejectsInvalidUTF8WithoutReplacement\n"}
{"Time":"2026-09-11T15:21:52.719972494-07:00","Action":"output","Package":"github.com/JDinSeattle/forge-runtime/internal/application","Test":"TestTextBatchRejectsInvalidUTF8WithoutReplacement","Output":"--- PASS: TestTextBatchRejectsInvalidUTF8WithoutReplacement (0.00s)\n"}
{"Time":"2026-09-11T15:21:52.719980814-07:00","Action":"pass","Package":"github.com/JDinSeattle/forge-runtime/internal/application","Test":"TestTextBatchRejectsInvalidUTF8WithoutReplacement","Elapsed":0}
{"Time":"2026-09-11T15:21:52.719998631-07:00","Action":"output","Package":"github.com/JDinSeattle/forge-runtime/internal/application","Output":"FAIL\n"}
{"Time":"2026-09-11T15:21:52.731114696-07:00","Action":"output","Package":"github.com/JDinSeattle/forge-runtime/internal/application","Output":"FAIL\tgithub.com/JDinSeattle/forge-runtime/internal/application\t32.530s\n"}
{"Time":"2026-09-11T15:21:52.731136536-07:00","Action":"fail","Package":"github.com/JDinSeattle/forge-runtime/internal/application","Elapsed":32.53}
{"Time":"2026-09-11T15:21:53.037680434-07:00","Action":"output","Package":"github.com/JDinSeattle/forge-runtime/tests/review","Test":"TestReviewHeartbeatRemainsAuthoritativeAcrossTransitions","Output":"--- PASS: TestReviewHeartbeatRemainsAuthoritativeAcrossTransitions (1.40s)\n"}
{"Time":"2026-09-11T15:21:53.037731001-07:00","Action":"pass","Package":"github.com/JDinSeattle/forge-runtime/tests/review","Test":"TestReviewHeartbeatRemainsAuthoritativeAcrossTransitions","Elapsed":1.4}
{"Time":"2026-09-11T15:21:53.037735901-07:00","Action":"run","Package":"github.com/JDinSeattle/forge-runtime/tests/review","Test":"TestReviewLeaseExpiryDuringEvidenceWaitFencesCommit"}
{"Time":"2026-09-11T15:21:53.037737555-07:00","Action":"output","Package":"github.com/JDinSeattle/forge-runtime/tests/review","Test":"TestReviewLeaseExpiryDuringEvidenceWaitFencesCommit","Output":"=== RUN   TestReviewLeaseExpiryDuringEvidenceWaitFencesCommit\n"}
{"Time":"2026-09-11T15:21:54.356703415-07:00","Action":"output","Package":"github.com/JDinSeattle/forge-runtime/tests/review","Test":"TestReviewLeaseExpiryDuringEvidenceWaitFencesCommit","Output":"--- PASS: TestReviewLeaseExpiryDuringEvidenceWaitFencesCommit (1.32s)\n"}
{"Time":"2026-09-11T15:21:54.356727005-07:00","Action":"pass","Package":"github.com/JDinSeattle/forge-runtime/tests/review","Test":"TestReviewLeaseExpiryDuringEvidenceWaitFencesCommit","Elapsed":1.32}
{"Time":"2026-09-11T15:21:54.356731168-07:00","Action":"run","Package":"github.com/JDinSeattle/forge-runtime/tests/review","Test":"TestReviewDeferredModelRunCanBeReclaimed"}
{"Time":"2026-09-11T15:21:54.356732438-07:00","Action":"output","Package":"github.com/JDinSeattle/forge-runtime/tests/review","Test":"TestReviewDeferredModelRunCanBeReclaimed","Output":"=== RUN   TestReviewDeferredModelRunCanBeReclaimed\n"}
{"Time":"2026-09-11T15:21:54.74471247-07:00","Action":"output","Package":"github.com/JDinSeattle/forge-runtime/tests/review","Test":"TestReviewDeferredModelRunCanBeReclaimed","Output":"--- PASS: TestReviewDeferredModelRunCanBeReclaimed (0.39s)\n"}
{"Time":"2026-09-11T15:21:54.744736676-07:00","Action":"pass","Package":"github.com/JDinSeattle/forge-runtime/tests/review","Test":"TestReviewDeferredModelRunCanBeReclaimed","Elapsed":0.39}
{"Time":"2026-09-11T15:21:54.744741518-07:00","Action":"run","Package":"github.com/JDinSeattle/forge-runtime/tests/review","Test":"TestReviewAPIRoleGuardChecksResolvedSchemaAndInheritedOwnership"}
{"Time":"2026-09-11T15:21:54.744746615-07:00","Action":"output","Package":"github.com/JDinSeattle/forge-runtime/tests/review","Test":"TestReviewAPIRoleGuardChecksResolvedSchemaAndInheritedOwnership","Output":"=== RUN   TestReviewAPIRoleGuardChecksResolvedSchemaAndInheritedOwnership\n"}
{"Time":"2026-09-11T15:21:55.011069296-07:00","Action":"output","Package":"github.com/JDinSeattle/forge-runtime/tests/review","Test":"TestReviewAPIRoleGuardChecksResolvedSchemaAndInheritedOwnership","Output":"--- PASS: TestReviewAPIRoleGuardChecksResolvedSchemaAndInheritedOwnership (0.27s)\n"}
{"Time":"2026-09-11T15:21:55.011098166-07:00","Action":"pass","Package":"github.com/JDinSeattle/forge-runtime/tests/review","Test":"TestReviewAPIRoleGuardChecksResolvedSchemaAndInheritedOwnership","Elapsed":0.27}
{"Time":"2026-09-11T15:21:55.011102327-07:00","Action":"run","Package":"github.com/JDinSeattle/forge-runtime/tests/review","Test":"TestReviewHTMLCharactersPreserveToolArgumentHashAcrossPersistence"}
{"Time":"2026-09-11T15:21:55.011104103-07:00","Action":"output","Package":"github.com/JDinSeattle/forge-runtime/tests/review","Test":"TestReviewHTMLCharactersPreserveToolArgumentHashAcrossPersistence","Output":"=== RUN   TestReviewHTMLCharactersPreserveToolArgumentHashAcrossPersistence\n"}
{"Time":"2026-09-11T15:21:55.347319834-07:00","Action":"output","Package":"github.com/JDinSeattle/forge-runtime/tests/review","Test":"TestReviewHTMLCharactersPreserveToolArgumentHashAcrossPersistence","Output":"--- PASS: TestReviewHTMLCharactersPreserveToolArgumentHashAcrossPersistence (0.34s)\n"}
{"Time":"2026-09-11T15:21:55.347342669-07:00","Action":"pass","Package":"github.com/JDinSeattle/forge-runtime/tests/review","Test":"TestReviewHTMLCharactersPreserveToolArgumentHashAcrossPersistence","Elapsed":0.34}
{"Time":"2026-09-11T15:21:55.347346921-07:00","Action":"run","Package":"github.com/JDinSeattle/forge-runtime/tests/review","Test":"TestRecoveryPostgresAdditiveUpgrade"}
{"Time":"2026-09-11T15:21:55.347348274-07:00","Action":"output","Package":"github.com/JDinSeattle/forge-runtime/tests/review","Test":"TestRecoveryPostgresAdditiveUpgrade","Output":"=== RUN   TestRecoveryPostgresAdditiveUpgrade\n"}
{"Time":"2026-09-11T15:21:55.586052182-07:00","Action":"output","Package":"github.com/JDinSeattle/forge-runtime/tests/review","Test":"TestRecoveryPostgresAdditiveUpgrade","Output":"    upgrade_test.go:150: private PostgreSQL schema upgraded 6 -\u003e 11 twice; original run columns, unknown effect, artifact metadata and snapshot bytes unchanged; new priority defaults to zero and holds are NULL\n"}
{"Time":"2026-09-11T15:21:55.627993798-07:00","Action":"output","Package":"github.com/JDinSeattle/forge-runtime/tests/review","Test":"TestRecoveryPostgresAdditiveUpgrade","Output":"--- PASS: TestRecoveryPostgresAdditiveUpgrade (0.28s)\n"}
{"Time":"2026-09-11T15:21:55.628025743-07:00","Action":"pass","Package":"github.com/JDinSeattle/forge-runtime/tests/review","Test":"TestRecoveryPostgresAdditiveUpgrade","Elapsed":0.28}
{"Time":"2026-09-11T15:21:55.628035178-07:00","Action":"run","Package":"github.com/JDinSeattle/forge-runtime/tests/review","Test":"TestRecoverySQLiteV3AdditiveUpgrade"}
{"Time":"2026-09-11T15:21:55.628038153-07:00","Action":"output","Package":"github.com/JDinSeattle/forge-runtime/tests/review","Test":"TestRecoverySQLiteV3AdditiveUpgrade","Output":"=== RUN   TestRecoverySQLiteV3AdditiveUpgrade\n"}
{"Time":"2026-09-11T15:21:56.204075831-07:00","Action":"output","Package":"github.com/JDinSeattle/forge-runtime/tests/review","Test":"TestRecoverySQLiteV3AdditiveUpgrade","Output":"    upgrade_test.go:311: real SQLite 3 -\u003e 4 migration preserved two immutable operations/receipt; missing legacy dispatch evidence stays unknown; zero new backend launches\n"}
{"Time":"2026-09-11T15:21:56.213373353-07:00","Action":"output","Package":"github.com/JDinSeattle/forge-runtime/tests/review","Test":"TestRecoverySQLiteV3AdditiveUpgrade","Output":"--- PASS: TestRecoverySQLiteV3AdditiveUpgrade (0.59s)\n"}
{"Time":"2026-09-11T15:21:56.213486377-07:00","Action":"pass","Package":"github.com/JDinSeattle/forge-runtime/tests/review","Test":"TestRecoverySQLiteV3AdditiveUpgrade","Elapsed":0.59}
{"Time":"2026-09-11T15:21:56.213509211-07:00","Action":"output","Package":"github.com/JDinSeattle/forge-runtime/tests/review","Output":"PASS\n"}
{"Time":"2026-09-11T15:21:57.227546178-07:00","Action":"output","Package":"github.com/JDinSeattle/forge-runtime/tests/review","Output":"ok  \tgithub.com/JDinSeattle/forge-runtime/tests/review\t36.276s\n"}
{"Time":"2026-09-11T15:21:57.22758489-07:00","Action":"pass","Package":"github.com/JDinSeattle/forge-runtime/tests/review","Elapsed":36.276}
