{"Time":"2026-09-11T14:27:05.22115291-07:00","Action":"start","Package":"github.com/JDinSeattle/forge-runtime/benchmarks"}
{"Time":"2026-09-11T14:27:05.221302372-07:00","Action":"start","Package":"github.com/JDinSeattle/forge-runtime/cmd/forge"}
{"Time":"2026-09-11T14:27:05.22132273-07:00","Action":"start","Package":"github.com/JDinSeattle/forge-runtime/cmd/forge-admin"}
{"Time":"2026-09-11T14:27:05.221352721-07:00","Action":"output","Package":"github.com/JDinSeattle/forge-runtime/cmd/forge-admin","Output":"?   \tgithub.com/JDinSeattle/forge-runtime/cmd/forge-admin\t[no test files]\n"}
{"Time":"2026-09-11T14:27:05.221359727-07:00","Action":"skip","Package":"github.com/JDinSeattle/forge-runtime/cmd/forge-admin","Elapsed":0}
{"Time":"2026-09-11T14:27:05.221366271-07:00","Action":"start","Package":"github.com/JDinSeattle/forge-runtime/cmd/forge-api"}
{"Time":"2026-09-11T14:27:05.221370986-07:00","Action":"output","Package":"github.com/JDinSeattle/forge-runtime/cmd/forge-api","Output":"?   \tgithub.com/JDinSeattle/forge-runtime/cmd/forge-api\t[no test files]\n"}
{"Time":"2026-09-11T14:27:05.221372893-07:00","Action":"skip","Package":"github.com/JDinSeattle/forge-runtime/cmd/forge-api","Elapsed":0}
{"Time":"2026-09-11T14:27:05.221375444-07:00","Action":"start","Package":"github.com/JDinSeattle/forge-runtime/cmd/forge-runner"}
{"Time":"2026-09-11T14:27:05.221467658-07:00","Action":"start","Package":"github.com/JDinSeattle/forge-runtime/cmd/forge-worker"}
{"Time":"2026-09-11T14:27:05.221494552-07:00","Action":"output","Package":"github.com/JDinSeattle/forge-runtime/cmd/forge-worker","Output":"?   \tgithub.com/JDinSeattle/forge-runtime/cmd/forge-worker\t[no test files]\n"}
{"Time":"2026-09-11T14:27:05.221498501-07:00","Action":"skip","Package":"github.com/JDinSeattle/forge-runtime/cmd/forge-worker","Elapsed":0}
{"Time":"2026-09-11T14:27:05.221502693-07:00","Action":"start","Package":"github.com/JDinSeattle/forge-runtime/db"}
{"Time":"2026-09-11T14:27:05.221508046-07:00","Action":"output","Package":"github.com/JDinSeattle/forge-runtime/db","Output":"?   \tgithub.com/JDinSeattle/forge-runtime/db\t[no test files]\n"}
{"Time":"2026-09-11T14:27:05.221511191-07:00","Action":"skip","Package":"github.com/JDinSeattle/forge-runtime/db","Elapsed":0}
{"Time":"2026-09-11T14:27:05.221514315-07:00","Action":"start","Package":"github.com/JDinSeattle/forge-runtime/internal/application"}
{"Time":"2026-09-11T14:27:05.221607902-07:00","Action":"start","Package":"github.com/JDinSeattle/forge-runtime/internal/artifact"}
{"Time":"2026-09-11T14:27:05.221701821-07:00","Action":"start","Package":"github.com/JDinSeattle/forge-runtime/internal/configuration"}
{"Time":"2026-09-11T14:27:05.221730175-07:00","Action":"output","Package":"github.com/JDinSeattle/forge-runtime/internal/configuration","Output":"?   \tgithub.com/JDinSeattle/forge-runtime/internal/configuration\t[no test files]\n"}
{"Time":"2026-09-11T14:27:05.221740145-07:00","Action":"skip","Package":"github.com/JDinSeattle/forge-runtime/internal/configuration","Elapsed":0}
{"Time":"2026-09-11T14:27:05.22174842-07:00","Action":"start","Package":"github.com/JDinSeattle/forge-runtime/internal/dependency"}
{"Time":"2026-09-11T14:27:05.221846668-07:00","Action":"start","Package":"github.com/JDinSeattle/forge-runtime/internal/domain"}
{"Time":"2026-09-11T14:27:05.22198045-07:00","Action":"start","Package":"github.com/JDinSeattle/forge-runtime/internal/eventstream"}
{"Time":"2026-09-11T14:27:05.222013379-07:00","Action":"output","Package":"github.com/JDinSeattle/forge-runtime/internal/eventstream","Output":"?   \tgithub.com/JDinSeattle/forge-runtime/internal/eventstream\t[no test files]\n"}
{"Time":"2026-09-11T14:27:05.222019766-07:00","Action":"skip","Package":"github.com/JDinSeattle/forge-runtime/internal/eventstream","Elapsed":0}
{"Time":"2026-09-11T14:27:05.222026637-07:00","Action":"start","Package":"github.com/JDinSeattle/forge-runtime/internal/httpapi"}
{"Time":"2026-09-11T14:27:05.222076976-07:00","Action":"start","Package":"github.com/JDinSeattle/forge-runtime/internal/httpcontract"}
{"Time":"2026-09-11T14:27:05.222094079-07:00","Action":"output","Package":"github.com/JDinSeattle/forge-runtime/internal/httpcontract","Output":"?   \tgithub.com/JDinSeattle/forge-runtime/internal/httpcontract\t[no test files]\n"}
{"Time":"2026-09-11T14:27:05.222108675-07:00","Action":"skip","Package":"github.com/JDinSeattle/forge-runtime/internal/httpcontract","Elapsed":0}
{"Time":"2026-09-11T14:27:05.222116488-07:00","Action":"start","Package":"github.com/JDinSeattle/forge-runtime/internal/localsetup"}
{"Time":"2026-09-11T14:27:05.222197604-07:00","Action":"start","Package":"github.com/JDinSeattle/forge-runtime/internal/persistence"}
{"Time":"2026-09-11T14:27:05.222312529-07:00","Action":"start","Package":"github.com/JDinSeattle/forge-runtime/internal/persistence/sqlgen"}
{"Time":"2026-09-11T14:27:05.222345232-07:00","Action":"output","Package":"github.com/JDinSeattle/forge-runtime/internal/persistence/sqlgen","Output":"?   \tgithub.com/JDinSeattle/forge-runtime/internal/persistence/sqlgen\t[no test files]\n"}
{"Time":"2026-09-11T14:27:05.222354684-07:00","Action":"skip","Package":"github.com/JDinSeattle/forge-runtime/internal/persistence/sqlgen","Elapsed":0}
{"Time":"2026-09-11T14:27:05.222361202-07:00","Action":"start","Package":"github.com/JDinSeattle/forge-runtime/internal/provider"}
{"Time":"2026-09-11T14:27:05.222402832-07:00","Action":"start","Package":"github.com/JDinSeattle/forge-runtime/internal/quota"}
{"Time":"2026-09-11T14:27:05.222446682-07:00","Action":"start","Package":"github.com/JDinSeattle/forge-runtime/internal/retention"}
{"Time":"2026-09-11T14:27:05.222536939-07:00","Action":"start","Package":"github.com/JDinSeattle/forge-runtime/internal/runner"}
{"Time":"2026-09-11T14:27:05.222621206-07:00","Action":"start","Package":"github.com/JDinSeattle/forge-runtime/internal/runnerclient"}
{"Time":"2026-09-11T14:27:05.222657238-07:00","Action":"start","Package":"github.com/JDinSeattle/forge-runtime/internal/runtime"}
{"Time":"2026-09-11T14:27:05.22275357-07:00","Action":"start","Package":"github.com/JDinSeattle/forge-runtime/internal/sandbox"}
{"Time":"2026-09-11T14:27:05.222803743-07:00","Action":"start","Package":"github.com/JDinSeattle/forge-runtime/internal/telemetry"}
{"Time":"2026-09-11T14:27:05.22288572-07:00","Action":"start","Package":"github.com/JDinSeattle/forge-runtime/internal/testdb"}
{"Time":"2026-09-11T14:27:05.222906697-07:00","Action":"output","Package":"github.com/JDinSeattle/forge-runtime/internal/testdb","Output":"?   \tgithub.com/JDinSeattle/forge-runtime/internal/testdb\t[no test files]\n"}
{"Time":"2026-09-11T14:27:05.222912883-07:00","Action":"skip","Package":"github.com/JDinSeattle/forge-runtime/internal/testdb","Elapsed":0}
{"Time":"2026-09-11T14:27:05.222920628-07:00","Action":"start","Package":"github.com/JDinSeattle/forge-runtime/internal/testutil"}
{"Time":"2026-09-11T14:27:05.222925864-07:00","Action":"output","Package":"github.com/JDinSeattle/forge-runtime/internal/testutil","Output":"?   \tgithub.com/JDinSeattle/forge-runtime/internal/testutil\t[no test files]\n"}
{"Time":"2026-09-11T14:27:05.222929483-07:00","Action":"skip","Package":"github.com/JDinSeattle/forge-runtime/internal/testutil","Elapsed":0}
{"Time":"2026-09-11T14:27:05.222935755-07:00","Action":"start","Package":"github.com/JDinSeattle/forge-runtime/proto/runner/v1"}
{"Time":"2026-09-11T14:27:05.22294796-07:00","Action":"output","Package":"github.com/JDinSeattle/forge-runtime/proto/runner/v1","Output":"?   \tgithub.com/JDinSeattle/forge-runtime/proto/runner/v1\t[no test files]\n"}
{"Time":"2026-09-11T14:27:05.222951949-07:00","Action":"skip","Package":"github.com/JDinSeattle/forge-runtime/proto/runner/v1","Elapsed":0}
{"Time":"2026-09-11T14:27:05.222957212-07:00","Action":"start","Package":"github.com/JDinSeattle/forge-runtime/scripts/evaluation"}
{"Time":"2026-09-11T14:27:05.222961815-07:00","Action":"output","Package":"github.com/JDinSeattle/forge-runtime/scripts/evaluation","Output":"?   \tgithub.com/JDinSeattle/forge-runtime/scripts/evaluation\t[no test files]\n"}
{"Time":"2026-09-11T14:27:05.222966171-07:00","Action":"skip","Package":"github.com/JDinSeattle/forge-runtime/scripts/evaluation","Elapsed":0}
{"Time":"2026-09-11T14:27:05.222977651-07:00","Action":"start","Package":"github.com/JDinSeattle/forge-runtime/scripts/faults/application"}
{"Time":"2026-09-11T14:27:05.223082961-07:00","Action":"start","Package":"github.com/JDinSeattle/forge-runtime/tests/client"}
{"Time":"2026-09-11T14:27:05.223125885-07:00","Action":"start","Package":"github.com/JDinSeattle/forge-runtime/tests/review"}
{"Time":"2026-09-11T14:27:05.232340755-07:00","Action":"run","Package":"github.com/JDinSeattle/forge-runtime/internal/artifact","Test":"TestPutDeadlineUnblocksClosableInputAndReleasesPublication"}
{"Time":"2026-09-11T14:27:05.232432526-07:00","Action":"output","Package":"github.com/JDinSeattle/forge-runtime/internal/artifact","Test":"TestPutDeadlineUnblocksClosableInputAndReleasesPublication","Output":"=== RUN   TestPutDeadlineUnblocksClosableInputAndReleasesPublication\n"}
{"Time":"2026-09-11T14:27:05.233347112-07:00","Action":"run","Package":"github.com/JDinSeattle/forge-runtime/internal/domain","Test":"TestCanonicalJSONPreservesArgumentHashInputs"}
{"Time":"2026-09-11T14:27:05.233372944-07:00","Action":"output","Package":"github.com/JDinSeattle/forge-runtime/internal/domain","Test":"TestCanonicalJSONPreservesArgumentHashInputs","Output":"=== RUN   TestCanonicalJSONPreservesArgumentHashInputs\n"}
{"Time":"2026-09-11T14:27:05.233838021-07:00","Action":"run","Package":"github.com/JDinSeattle/forge-runtime/internal/quota","Test":"TestRetryBudgetAndRetryAfter"}
{"Time":"2026-09-11T14:27:05.233852368-07:00","Action":"output","Package":"github.com/JDinSeattle/forge-runtime/internal/quota","Test":"TestRetryBudgetAndRetryAfter","Output":"=== RUN   TestRetryBudgetAndRetryAfter\n"}
{"Time":"2026-09-11T14:27:05.233915696-07:00","Action":"output","Package":"github.com/JDinSeattle/forge-runtime/internal/domain","Test":"TestCanonicalJSONPreservesArgumentHashInputs","Output":"--- PASS: TestCanonicalJSONPreservesArgumentHashInputs (0.00s)\n"}
{"Time":"2026-09-11T14:27:05.233942723-07:00","Action":"output","Package":"github.com/JDinSeattle/forge-runtime/internal/quota","Test":"TestRetryBudgetAndRetryAfter","Output":"--- PASS: TestRetryBudgetAndRetryAfter (0.00s)\n"}
{"Time":"2026-09-11T14:27:05.233949975-07:00","Action":"pass","Package":"github.com/JDinSeattle/forge-runtime/internal/quota","Test":"TestRetryBudgetAndRetryAfter","Elapsed":0}
{"Time":"2026-09-11T14:27:05.233957244-07:00","Action":"run","Package":"github.com/JDinSeattle/forge-runtime/internal/quota","Test":"TestReservationHashBindsPriceAndDeadline"}
{"Time":"2026-09-11T14:27:05.233959983-07:00","Action":"output","Package":"github.com/JDinSeattle/forge-runtime/internal/quota","Test":"TestReservationHashBindsPriceAndDeadline","Output":"=== RUN   TestReservationHashBindsPriceAndDeadline\n"}
{"Time":"2026-09-11T14:27:05.233965719-07:00","Action":"pass","Package":"github.com/JDinSeattle/forge-runtime/internal/domain","Test":"TestCanonicalJSONPreservesArgumentHashInputs","Elapsed":0}
{"Time":"2026-09-11T14:27:05.234010632-07:00","Action":"run","Package":"github.com/JDinSeattle/forge-runtime/internal/domain","Test":"TestDuplicateArgumentsCannotBeAdmitted"}
{"Time":"2026-09-11T14:27:05.234012675-07:00","Action":"output","Package":"github.com/JDinSeattle/forge-runtime/internal/domain","Test":"TestDuplicateArgumentsCannotBeAdmitted","Output":"=== RUN   TestDuplicateArgumentsCannotBeAdmitted\n"}
{"Time":"2026-09-11T14:27:05.234143925-07:00","Action":"output","Package":"github.com/JDinSeattle/forge-runtime/internal/domain","Test":"TestDuplicateArgumentsCannotBeAdmitted","Output":"--- PASS: TestDuplicateArgumentsCannotBeAdmitted (0.00s)\n"}
{"Time":"2026-09-11T14:27:05.234152399-07:00","Action":"output","Package":"github.com/JDinSeattle/forge-runtime/internal/quota","Test":"TestReservationHashBindsPriceAndDeadline","Output":"--- PASS: TestReservationHashBindsPriceAndDeadline (0.00s)\n"}
{"Time":"2026-09-11T14:27:05.234156042-07:00","Action":"pass","Package":"github.com/JDinSeattle/forge-runtime/internal/domain","Test":"TestDuplicateArgumentsCannotBeAdmitted","Elapsed":0}
{"Time":"2026-09-11T14:27:05.234166705-07:00","Action":"run","Package":"github.com/JDinSeattle/forge-runtime/internal/domain","Test":"TestMoneyDoesNotUnderReserveOrOverflow"}
{"Time":"2026-09-11T14:27:05.234168546-07:00","Action":"output","Package":"github.com/JDinSeattle/forge-runtime/internal/domain","Test":"TestMoneyDoesNotUnderReserveOrOverflow","Output":"=== RUN   TestMoneyDoesNotUnderReserveOrOverflow\n"}
{"Time":"2026-09-11T14:27:05.234172362-07:00","Action":"pass","Package":"github.com/JDinSeattle/forge-runtime/internal/quota","Test":"TestReservationHashBindsPriceAndDeadline","Elapsed":0}
{"Time":"2026-09-11T14:27:05.234174002-07:00","Action":"run","Package":"github.com/JDinSeattle/forge-runtime/internal/quota","Test":"TestSharedBudgetsAcrossTenantsAndIndependentPools"}
{"Time":"2026-09-11T14:27:05.234175184-07:00","Action":"output","Package":"github.com/JDinSeattle/forge-runtime/internal/quota","Test":"TestSharedBudgetsAcrossTenantsAndIndependentPools","Output":"=== RUN   TestSharedBudgetsAcrossTenantsAndIndependentPools\n"}
{"Time":"2026-09-11T14:27:05.234233059-07:00","Action":"output","Package":"github.com/JDinSeattle/forge-runtime/internal/domain","Test":"TestMoneyDoesNotUnderReserveOrOverflow","Output":"--- PASS: TestMoneyDoesNotUnderReserveOrOverflow (0.00s)\n"}
{"Time":"2026-09-11T14:27:05.234247743-07:00","Action":"pass","Package":"github.com/JDinSeattle/forge-runtime/internal/domain","Test":"TestMoneyDoesNotUnderReserveOrOverflow","Elapsed":0}
{"Time":"2026-09-11T14:27:05.234254514-07:00","Action":"run","Package":"github.com/JDinSeattle/forge-runtime/internal/domain","Test":"TestLeaseExpiryBoundary"}
{"Time":"2026-09-11T14:27:05.234257658-07:00","Action":"output","Package":"github.com/JDinSeattle/forge-runtime/internal/domain","Test":"TestLeaseExpiryBoundary","Output":"=== RUN   TestLeaseExpiryBoundary\n"}
{"Time":"2026-09-11T14:27:05.234281229-07:00","Action":"output","Package":"github.com/JDinSeattle/forge-runtime/internal/domain","Test":"TestLeaseExpiryBoundary","Output":"--- PASS: TestLeaseExpiryBoundary (0.00s)\n"}
{"Time":"2026-09-11T14:27:05.234288159-07:00","Action":"pass","Package":"github.com/JDinSeattle/forge-runtime/internal/domain","Test":"TestLeaseExpiryBoundary","Elapsed":0}
{"Time":"2026-09-11T14:27:05.234405066-07:00","Action":"run","Package":"github.com/JDinSeattle/forge-runtime/internal/domain","Test":"TestIDCannotBecomeFilesystemPath"}
{"Time":"2026-09-11T14:27:05.234420529-07:00","Action":"output","Package":"github.com/JDinSeattle/forge-runtime/internal/domain","Test":"TestIDCannotBecomeFilesystemPath","Output":"=== RUN   TestIDCannotBecomeFilesystemPath\n"}
{"Time":"2026-09-11T14:27:05.234425797-07:00","Action":"output","Package":"github.com/JDinSeattle/forge-runtime/internal/domain","Test":"TestIDCannotBecomeFilesystemPath","Output":"--- PASS: TestIDCannotBecomeFilesystemPath (0.00s)\n"}
{"Time":"2026-09-11T14:27:05.234430743-07:00","Action":"pass","Package":"github.com/JDinSeattle/forge-runtime/internal/domain","Test":"TestIDCannotBecomeFilesystemPath","Elapsed":0}
{"Time":"2026-09-11T14:27:05.234436321-07:00","Action":"run","Package":"github.com/JDinSeattle/forge-runtime/internal/domain","Test":"FuzzCostMatchesExactCeiling"}
{"Time":"2026-09-11T14:27:05.23443894-07:00","Action":"output","Package":"github.com/JDinSeattle/forge-runtime/internal/domain","Test":"FuzzCostMatchesExactCeiling","Output":"=== RUN   FuzzCostMatchesExactCeiling\n"}
{"Time":"2026-09-11T14:27:05.234881894-07:00","Action":"run","Package":"github.com/JDinSeattle/forge-runtime/internal/runner","Test":"TestCleanupGrantIsPurposeRestrictedAndLeaseBound"}
{"Time":"2026-09-11T14:27:05.234903743-07:00","Action":"output","Package":"github.com/JDinSeattle/forge-runtime/internal/runner","Test":"TestCleanupGrantIsPurposeRestrictedAndLeaseBound","Output":"=== RUN   TestCleanupGrantIsPurposeRestrictedAndLeaseBound\n"}
{"Time":"2026-09-11T14:27:05.23487667-07:00","Action":"run","Package":"github.com/JDinSeattle/forge-runtime/internal/domain","Test":"FuzzCostMatchesExactCeiling/seed#0"}
{"Time":"2026-09-11T14:27:05.234941025-07:00","Action":"output","Package":"github.com/JDinSeattle/forge-runtime/internal/domain","Test":"FuzzCostMatchesExactCeiling/seed#0","Output":"=== RUN   FuzzCostMatchesExactCeiling/seed#0\n"}
{"Time":"2026-09-11T14:27:05.234952486-07:00","Action":"output","Package":"github.com/JDinSeattle/forge-runtime/internal/domain","Test":"FuzzCostMatchesExactCeiling/seed#0","Output":"--- PASS: FuzzCostMatchesExactCeiling/seed#0 (0.00s)\n"}
{"Time":"2026-09-11T14:27:05.234955832-07:00","Action":"pass","Package":"github.com/JDinSeattle/forge-runtime/internal/domain","Test":"FuzzCostMatchesExactCeiling/seed#0","Elapsed":0}
{"Time":"2026-09-11T14:27:05.234968113-07:00","Action":"run","Package":"github.com/JDinSeattle/forge-runtime/internal/domain","Test":"FuzzCostMatchesExactCeiling/seed#1"}
{"Time":"2026-09-11T14:27:05.234971619-07:00","Action":"output","Package":"github.com/JDinSeattle/forge-runtime/internal/domain","Test":"FuzzCostMatchesExactCeiling/seed#1","Output":"=== RUN   FuzzCostMatchesExactCeiling/seed#1\n"}
{"Time":"2026-09-11T14:27:05.234974156-07:00","Action":"output","Package":"github.com/JDinSeattle/forge-runtime/internal/domain","Test":"FuzzCostMatchesExactCeiling/seed#1","Output":"--- PASS: FuzzCostMatchesExactCeiling/seed#1 (0.00s)\n"}
{"Time":"2026-09-11T14:27:05.234976746-07:00","Action":"pass","Package":"github.com/JDinSeattle/forge-runtime/internal/domain","Test":"FuzzCostMatchesExactCeiling/seed#1","Elapsed":0}
{"Time":"2026-09-11T14:27:05.23498072-07:00","Action":"run","Package":"github.com/JDinSeattle/forge-runtime/internal/domain","Test":"FuzzCostMatchesExactCeiling/seed#2"}
{"Time":"2026-09-11T14:27:05.234983094-07:00","Action":"output","Package":"github.com/JDinSeattle/forge-runtime/internal/domain","Test":"FuzzCostMatchesExactCeiling/seed#2","Output":"=== RUN   FuzzCostMatchesExactCeiling/seed#2\n"}
{"Time":"2026-09-11T14:27:05.234987143-07:00","Action":"output","Package":"github.com/JDinSeattle/forge-runtime/internal/domain","Test":"FuzzCostMatchesExactCeiling/seed#2","Output":"--- PASS: FuzzCostMatchesExactCeiling/seed#2 (0.00s)\n"}
{"Time":"2026-09-11T14:27:05.234991127-07:00","Action":"pass","Package":"github.com/JDinSeattle/forge-runtime/internal/domain","Test":"FuzzCostMatchesExactCeiling/seed#2","Elapsed":0}
{"Time":"2026-09-11T14:27:05.234993387-07:00","Action":"run","Package":"github.com/JDinSeattle/forge-runtime/internal/domain","Test":"FuzzCostMatchesExactCeiling/seed#3"}
{"Time":"2026-09-11T14:27:05.234995661-07:00","Action":"output","Package":"github.com/JDinSeattle/forge-runtime/internal/domain","Test":"FuzzCostMatchesExactCeiling/seed#3","Output":"=== RUN   FuzzCostMatchesExactCeiling/seed#3\n"}
{"Time":"2026-09-11T14:27:05.234998771-07:00","Action":"output","Package":"github.com/JDinSeattle/forge-runtime/internal/domain","Test":"FuzzCostMatchesExactCeiling/seed#3","Output":"--- PASS: FuzzCostMatchesExactCeiling/seed#3 (0.00s)\n"}
{"Time":"2026-09-11T14:27:05.23500114-07:00","Action":"pass","Package":"github.com/JDinSeattle/forge-runtime/internal/domain","Test":"FuzzCostMatchesExactCeiling/seed#3","Elapsed":0}
{"Time":"2026-09-11T14:27:05.235003928-07:00","Action":"output","Package":"github.com/JDinSeattle/forge-runtime/internal/domain","Test":"FuzzCostMatchesExactCeiling","Output":"--- PASS: FuzzCostMatchesExactCeiling (0.00s)\n"}
{"Time":"2026-09-11T14:27:05.23500725-07:00","Action":"pass","Package":"github.com/JDinSeattle/forge-runtime/internal/domain","Test":"FuzzCostMatchesExactCeiling","Elapsed":0}
{"Time":"2026-09-11T14:27:05.235009709-07:00","Action":"output","Package":"github.com/JDinSeattle/forge-runtime/internal/domain","Output":"PASS\n"}
{"Time":"2026-09-11T14:27:05.235160484-07:00","Action":"run","Package":"github.com/JDinSeattle/forge-runtime/internal/sandbox","Test":"TestDockerFailsClosedWithoutActualRootlessCgroupCapabilities"}
{"Time":"2026-09-11T14:27:05.235183826-07:00","Action":"output","Package":"github.com/JDinSeattle/forge-runtime/internal/sandbox","Test":"TestDockerFailsClosedWithoutActualRootlessCgroupCapabilities","Output":"=== RUN   TestDockerFailsClosedWithoutActualRootlessCgroupCapabilities\n"}
{"Time":"2026-09-11T14:27:05.235618039-07:00","Action":"output","Package":"github.com/JDinSeattle/forge-runtime/internal/sandbox","Test":"TestDockerFailsClosedWithoutActualRootlessCgroupCapabilities","Output":"--- PASS: TestDockerFailsClosedWithoutActualRootlessCgroupCapabilities (0.00s)\n"}
{"Time":"2026-09-11T14:27:05.2356656-07:00","Action":"pass","Package":"github.com/JDinSeattle/forge-runtime/internal/sandbox","Test":"TestDockerFailsClosedWithoutActualRootlessCgroupCapabilities","Elapsed":0}
{"Time":"2026-09-11T14:27:05.235701868-07:00","Action":"run","Package":"github.com/JDinSeattle/forge-runtime/internal/sandbox","Test":"TestBoundedLogWriterDrainsWithoutGrowing"}
{"Time":"2026-09-11T14:27:05.235717267-07:00","Action":"output","Package":"github.com/JDinSeattle/forge-runtime/internal/sandbox","Test":"TestBoundedLogWriterDrainsWithoutGrowing","Output":"=== RUN   TestBoundedLogWriterDrainsWithoutGrowing\n"}
{"Time":"2026-09-11T14:27:05.236106844-07:00","Action":"run","Package":"github.com/JDinSeattle/forge-runtime/internal/runnerclient","Test":"TestRealDockerRunnerIsolationQuotaAndCancellation"}
{"Time":"2026-09-11T14:27:05.236114854-07:00","Action":"output","Package":"github.com/JDinSeattle/forge-runtime/internal/runnerclient","Test":"TestRealDockerRunnerIsolationQuotaAndCancellation","Output":"=== RUN   TestRealDockerRunnerIsolationQuotaAndCancellation\n"}
{"Time":"2026-09-11T14:27:05.236213276-07:00","Action":"output","Package":"github.com/JDinSeattle/forge-runtime/internal/runnerclient","Test":"TestRealDockerRunnerIsolationQuotaAndCancellation","Output":"    docker_integration_test.go:31: set FORGE_REAL_RUNNER_CONFIG to an operator-owned real runner configuration\n"}
{"Time":"2026-09-11T14:27:05.236236685-07:00","Action":"output","Package":"github.com/JDinSeattle/forge-runtime/internal/runnerclient","Test":"TestRealDockerRunnerIsolationQuotaAndCancellation","Output":"--- SKIP: TestRealDockerRunnerIsolationQuotaAndCancellation (0.00s)\n"}
{"Time":"2026-09-11T14:27:05.236250762-07:00","Action":"skip","Package":"github.com/JDinSeattle/forge-runtime/internal/runnerclient","Test":"TestRealDockerRunnerIsolationQuotaAndCancellation","Elapsed":0}
{"Time":"2026-09-11T14:27:05.236257528-07:00","Action":"run","Package":"github.com/JDinSeattle/forge-runtime/internal/runnerclient","Test":"TestRealRunnerCrashMatrix"}
{"Time":"2026-09-11T14:27:05.236259814-07:00","Action":"output","Package":"github.com/JDinSeattle/forge-runtime/internal/runnerclient","Test":"TestRealRunnerCrashMatrix","Output":"=== RUN   TestRealRunnerCrashMatrix\n"}
{"Time":"2026-09-11T14:27:05.236293735-07:00","Action":"output","Package":"github.com/JDinSeattle/forge-runtime/internal/runner","Test":"TestCleanupGrantIsPurposeRestrictedAndLeaseBound","Output":"--- PASS: TestCleanupGrantIsPurposeRestrictedAndLeaseBound (0.00s)\n"}
{"Time":"2026-09-11T14:27:05.236299942-07:00","Action":"output","Package":"github.com/JDinSeattle/forge-runtime/internal/runnerclient","Test":"TestRealRunnerCrashMatrix","Output":"    fault_integration_test.go:94: requires quiesced real runner config, binary and evidence directory; see scripts/faults/README.md\n"}
{"Time":"2026-09-11T14:27:05.23632052-07:00","Action":"output","Package":"github.com/JDinSeattle/forge-runtime/internal/runnerclient","Test":"TestRealRunnerCrashMatrix","Output":"--- SKIP: TestRealRunnerCrashMatrix (0.00s)\n"}
{"Time":"2026-09-11T14:27:05.236325441-07:00","Action":"pass","Package":"github.com/JDinSeattle/forge-runtime/internal/runner","Test":"TestCleanupGrantIsPurposeRestrictedAndLeaseBound","Elapsed":0}
{"Time":"2026-09-11T14:27:05.236329901-07:00","Action":"skip","Package":"github.com/JDinSeattle/forge-runtime/internal/runnerclient","Test":"TestRealRunnerCrashMatrix","Elapsed":0}
{"Time":"2026-09-11T14:27:05.236334611-07:00","Action":"run","Package":"github.com/JDinSeattle/forge-runtime/internal/runnerclient","Test":"TestUDSContractAndPermissions"}
{"Time":"2026-09-11T14:27:05.236338298-07:00","Action":"output","Package":"github.com/JDinSeattle/forge-runtime/internal/runnerclient","Test":"TestUDSContractAndPermissions","Output":"=== RUN   TestUDSContractAndPermissions\n"}
{"Time":"2026-09-11T14:27:05.236348592-07:00","Action":"run","Package":"github.com/JDinSeattle/forge-runtime/internal/runner","Test":"TestConcurrentIdempotentPatchWritesExactlyOnce"}
{"Time":"2026-09-11T14:27:05.236351005-07:00","Action":"output","Package":"github.com/JDinSeattle/forge-runtime/internal/runner","Test":"TestConcurrentIdempotentPatchWritesExactlyOnce","Output":"=== RUN   TestConcurrentIdempotentPatchWritesExactlyOnce\n"}
{"Time":"2026-09-11T14:27:05.236648424-07:00","Action":"run","Package":"github.com/JDinSeattle/forge-runtime/internal/runtime","Test":"TestCapacityRejectionRequeuesOnlyUninitializedWork"}
{"Time":"2026-09-11T14:27:05.236669078-07:00","Action":"output","Package":"github.com/JDinSeattle/forge-runtime/internal/runtime","Test":"TestCapacityRejectionRequeuesOnlyUninitializedWork","Output":"=== RUN   TestCapacityRejectionRequeuesOnlyUninitializedWork\n"}
{"Time":"2026-09-11T14:27:05.236695841-07:00","Action":"run","Package":"github.com/JDinSeattle/forge-runtime/internal/dependency","Test":"TestDependencyBudgetsDoNotCancelParent"}
{"Time":"2026-09-11T14:27:05.236701844-07:00","Action":"output","Package":"github.com/JDinSeattle/forge-runtime/internal/dependency","Test":"TestDependencyBudgetsDoNotCancelParent","Output":"=== RUN   TestDependencyBudgetsDoNotCancelParent\n"}
{"Time":"2026-09-11T14:27:05.236726183-07:00","Action":"run","Package":"github.com/JDinSeattle/forge-runtime/cmd/forge","Test":"TestSubmitUncertaintyRetainsKeyWithoutAutomaticReplay"}
{"Time":"2026-09-11T14:27:05.236730153-07:00","Action":"output","Package":"github.com/JDinSeattle/forge-runtime/cmd/forge","Test":"TestSubmitUncertaintyRetainsKeyWithoutAutomaticReplay","Output":"=== RUN   TestSubmitUncertaintyRetainsKeyWithoutAutomaticReplay\n"}
{"Time":"2026-09-11T14:27:05.23684153-07:00","Action":"output","Package":"github.com/JDinSeattle/forge-runtime/internal/dependency","Test":"TestDependencyBudgetsDoNotCancelParent","Output":"--- PASS: TestDependencyBudgetsDoNotCancelParent (0.00s)\n"}
{"Time":"2026-09-11T14:27:05.236861399-07:00","Action":"pass","Package":"github.com/JDinSeattle/forge-runtime/internal/dependency","Test":"TestDependencyBudgetsDoNotCancelParent","Elapsed":0}
{"Time":"2026-09-11T14:27:05.23687115-07:00","Action":"run","Package":"github.com/JDinSeattle/forge-runtime/internal/dependency","Test":"TestTransactionOperationPreservesDeadlineCause"}
{"Time":"2026-09-11T14:27:05.236875707-07:00","Action":"output","Package":"github.com/JDinSeattle/forge-runtime/internal/dependency","Test":"TestTransactionOperationPreservesDeadlineCause","Output":"=== RUN   TestTransactionOperationPreservesDeadlineCause\n"}
{"Time":"2026-09-11T14:27:05.23721349-07:00","Action":"output","Package":"github.com/JDinSeattle/forge-runtime/internal/sandbox","Test":"TestBoundedLogWriterDrainsWithoutGrowing","Output":"--- PASS: TestBoundedLogWriterDrainsWithoutGrowing (0.00s)\n"}
{"Time":"2026-09-11T14:27:05.237234985-07:00","Action":"pass","Package":"github.com/JDinSeattle/forge-runtime/internal/sandbox","Test":"TestBoundedLogWriterDrainsWithoutGrowing","Elapsed":0}
{"Time":"2026-09-11T14:27:05.237241561-07:00","Action":"run","Package":"github.com/JDinSeattle/forge-runtime/internal/sandbox","Test":"TestDockerTmpfsExecutionIsExplicitAndKeepsFixedBounds"}
{"Time":"2026-09-11T14:27:05.237245869-07:00","Action":"output","Package":"github.com/JDinSeattle/forge-runtime/internal/sandbox","Test":"TestDockerTmpfsExecutionIsExplicitAndKeepsFixedBounds","Output":"=== RUN   TestDockerTmpfsExecutionIsExplicitAndKeepsFixedBounds\n"}
{"Time":"2026-09-11T14:27:05.237283335-07:00","Action":"run","Package":"github.com/JDinSeattle/forge-runtime/internal/sandbox","Test":"TestDockerTmpfsExecutionIsExplicitAndKeepsFixedBounds/false"}
{"Time":"2026-09-11T14:27:05.237299306-07:00","Action":"output","Package":"github.com/JDinSeattle/forge-runtime/internal/sandbox","Test":"TestDockerTmpfsExecutionIsExplicitAndKeepsFixedBounds/false","Output":"=== RUN   TestDockerTmpfsExecutionIsExplicitAndKeepsFixedBounds/false\n"}
{"Time":"2026-09-11T14:27:05.238339491-07:00","Action":"output","Package":"github.com/JDinSeattle/forge-runtime/internal/runtime","Test":"TestCapacityRejectionRequeuesOnlyUninitializedWork","Output":"--- PASS: TestCapacityRejectionRequeuesOnlyUninitializedWork (0.00s)\n"}
{"Time":"2026-09-11T14:27:05.238366123-07:00","Action":"pass","Package":"github.com/JDinSeattle/forge-runtime/internal/runtime","Test":"TestCapacityRejectionRequeuesOnlyUninitializedWork","Elapsed":0}
{"Time":"2026-09-11T14:27:05.238378332-07:00","Action":"run","Package":"github.com/JDinSeattle/forge-runtime/internal/runtime","Test":"TestPartialModelNeverDispatchesTools"}
{"Time":"2026-09-11T14:27:05.238382588-07:00","Action":"output","Package":"github.com/JDinSeattle/forge-runtime/internal/runtime","Test":"TestPartialModelNeverDispatchesTools","Output":"=== RUN   TestPartialModelNeverDispatchesTools\n"}
{"Time":"2026-09-11T14:27:05.238693258-07:00","Action":"output","Package":"github.com/JDinSeattle/forge-runtime/internal/runtime","Test":"TestPartialModelNeverDispatchesTools","Output":"--- PASS: TestPartialModelNeverDispatchesTools (0.00s)\n"}
{"Time":"2026-09-11T14:27:05.238711078-07:00","Action":"pass","Package":"github.com/JDinSeattle/forge-runtime/internal/runtime","Test":"TestPartialModelNeverDispatchesTools","Elapsed":0}
{"Time":"2026-09-11T14:27:05.238717696-07:00","Action":"run","Package":"github.com/JDinSeattle/forge-runtime/internal/runtime","Test":"TestOnlyCurrentUnexpiredLeaseMayAdvance"}
{"Time":"2026-09-11T14:27:05.238721559-07:00","Action":"output","Package":"github.com/JDinSeattle/forge-runtime/internal/runtime","Test":"TestOnlyCurrentUnexpiredLeaseMayAdvance","Output":"=== RUN   TestOnlyCurrentUnexpiredLeaseMayAdvance\n"}
{"Time":"2026-09-11T14:27:05.239232337-07:00","Action":"output","Package":"github.com/JDinSeattle/forge-runtime/internal/runtime","Test":"TestOnlyCurrentUnexpiredLeaseMayAdvance","Output":"--- PASS: TestOnlyCurrentUnexpiredLeaseMayAdvance (0.00s)\n"}
{"Time":"2026-09-11T14:27:05.239248667-07:00","Action":"pass","Package":"github.com/JDinSeattle/forge-runtime/internal/runtime","Test":"TestOnlyCurrentUnexpiredLeaseMayAdvance","Elapsed":0}
{"Time":"2026-09-11T14:27:05.239254071-07:00","Action":"run","Package":"github.com/JDinSeattle/forge-runtime/internal/runtime","Test":"TestToolArgumentIntegrityAndBatchUniqueness"}
{"Time":"2026-09-11T14:27:05.239257596-07:00","Action":"output","Package":"github.com/JDinSeattle/forge-runtime/internal/runtime","Test":"TestToolArgumentIntegrityAndBatchUniqueness","Output":"=== RUN   TestToolArgumentIntegrityAndBatchUniqueness\n"}
{"Time":"2026-09-11T14:27:05.23937095-07:00","Action":"run","Package":"github.com/JDinSeattle/forge-runtime/internal/runtime","Test":"TestToolArgumentIntegrityAndBatchUniqueness/hash_tampering"}
{"Time":"2026-09-11T14:27:05.239378259-07:00","Action":"output","Package":"github.com/JDinSeattle/forge-runtime/internal/runtime","Test":"TestToolArgumentIntegrityAndBatchUniqueness/hash_tampering","Output":"=== RUN   TestToolArgumentIntegrityAndBatchUniqueness/hash_tampering\n"}
{"Time":"2026-09-11T14:27:05.239585621-07:00","Action":"output","Package":"github.com/JDinSeattle/forge-runtime/internal/runtime","Test":"TestToolArgumentIntegrityAndBatchUniqueness/hash_tampering","Output":"--- PASS: TestToolArgumentIntegrityAndBatchUniqueness/hash_tampering (0.00s)\n"}
{"Time":"2026-09-11T14:27:05.23959979-07:00","Action":"pass","Package":"github.com/JDinSeattle/forge-runtime/internal/runtime","Test":"TestToolArgumentIntegrityAndBatchUniqueness/hash_tampering","Elapsed":0}
{"Time":"2026-09-11T14:27:05.239617438-07:00","Action":"run","Package":"github.com/JDinSeattle/forge-runtime/internal/runtime","Test":"TestToolArgumentIntegrityAndBatchUniqueness/duplicate_operation"}
{"Time":"2026-09-11T14:27:05.239622686-07:00","Action":"output","Package":"github.com/JDinSeattle/forge-runtime/internal/runtime","Test":"TestToolArgumentIntegrityAndBatchUniqueness/duplicate_operation","Output":"=== RUN   TestToolArgumentIntegrityAndBatchUniqueness/duplicate_operation\n"}
{"Time":"2026-09-11T14:27:05.239857359-07:00","Action":"output","Package":"github.com/JDinSeattle/forge-runtime/internal/runtime","Test":"TestToolArgumentIntegrityAndBatchUniqueness/duplicate_operation","Output":"--- PASS: TestToolArgumentIntegrityAndBatchUniqueness/duplicate_operation (0.00s)\n"}
{"Time":"2026-09-11T14:27:05.23986972-07:00","Action":"pass","Package":"github.com/JDinSeattle/forge-runtime/internal/runtime","Test":"TestToolArgumentIntegrityAndBatchUniqueness/duplicate_operation","Elapsed":0}
{"Time":"2026-09-11T14:27:05.240031386-07:00","Action":"output","Package":"github.com/JDinSeattle/forge-runtime/internal/runtime","Test":"TestToolArgumentIntegrityAndBatchUniqueness","Output":"--- PASS: TestToolArgumentIntegrityAndBatchUniqueness (0.00s)\n"}
{"Time":"2026-09-11T14:27:05.240081867-07:00","Action":"pass","Package":"github.com/JDinSeattle/forge-runtime/internal/runtime","Test":"TestToolArgumentIntegrityAndBatchUniqueness","Elapsed":0}
{"Time":"2026-09-11T14:27:05.240127345-07:00","Action":"run","Package":"github.com/JDinSeattle/forge-runtime/internal/runtime","Test":"TestSequentialBatchUsesReceiptRevisionAndStopsOnFailure"}
{"Time":"2026-09-11T14:27:05.240144578-07:00","Action":"output","Package":"github.com/JDinSeattle/forge-runtime/internal/runtime","Test":"TestSequentialBatchUsesReceiptRevisionAndStopsOnFailure","Output":"=== RUN   TestSequentialBatchUsesReceiptRevisionAndStopsOnFailure\n"}
{"Time":"2026-09-11T14:27:05.240446244-07:00","Action":"run","Package":"github.com/JDinSeattle/forge-runtime/cmd/forge-runner","Test":"TestFaultPlanRejectsUnsafeScopeAndLocation"}
{"Time":"2026-09-11T14:27:05.24045664-07:00","Action":"output","Package":"github.com/JDinSeattle/forge-runtime/cmd/forge-runner","Test":"TestFaultPlanRejectsUnsafeScopeAndLocation","Output":"=== RUN   TestFaultPlanRejectsUnsafeScopeAndLocation\n"}
{"Time":"2026-09-11T14:27:05.240481796-07:00","Action":"output","Package":"github.com/JDinSeattle/forge-runtime/internal/runtime","Test":"TestSequentialBatchUsesReceiptRevisionAndStopsOnFailure","Output":"--- PASS: TestSequentialBatchUsesReceiptRevisionAndStopsOnFailure (0.00s)\n"}
{"Time":"2026-09-11T14:27:05.240502058-07:00","Action":"pass","Package":"github.com/JDinSeattle/forge-runtime/internal/runtime","Test":"TestSequentialBatchUsesReceiptRevisionAndStopsOnFailure","Elapsed":0}
{"Time":"2026-09-11T14:27:05.240505391-07:00","Action":"run","Package":"github.com/JDinSeattle/forge-runtime/internal/runtime","Test":"TestUnknownEffectRecoveryNeverReplaysOperation"}
{"Time":"2026-09-11T14:27:05.240502614-07:00","Action":"run","Package":"github.com/JDinSeattle/forge-runtime/cmd/forge-runner","Test":"TestFaultPlanRejectsUnsafeScopeAndLocation/point"}
{"Time":"2026-09-11T14:27:05.240507477-07:00","Action":"output","Package":"github.com/JDinSeattle/forge-runtime/internal/runtime","Test":"TestUnknownEffectRecoveryNeverReplaysOperation","Output":"=== RUN   TestUnknownEffectRecoveryNeverReplaysOperation\n"}
{"Time":"2026-09-11T14:27:05.240512798-07:00","Action":"output","Package":"github.com/JDinSeattle/forge-runtime/cmd/forge-runner","Test":"TestFaultPlanRejectsUnsafeScopeAndLocation/point","Output":"=== RUN   TestFaultPlanRejectsUnsafeScopeAndLocation/point\n"}
{"Time":"2026-09-11T14:27:05.241178249-07:00","Action":"output","Package":"github.com/JDinSeattle/forge-runtime/cmd/forge-runner","Test":"TestFaultPlanRejectsUnsafeScopeAndLocation/point","Output":"--- PASS: TestFaultPlanRejectsUnsafeScopeAndLocation/point (0.00s)\n"}
{"Time":"2026-09-11T14:27:05.241237434-07:00","Action":"pass","Package":"github.com/JDinSeattle/forge-runtime/cmd/forge-runner","Test":"TestFaultPlanRejectsUnsafeScopeAndLocation/point","Elapsed":0}
{"Time":"2026-09-11T14:27:05.241275519-07:00","Action":"run","Package":"github.com/JDinSeattle/forge-runtime/cmd/forge-runner","Test":"TestFaultPlanRejectsUnsafeScopeAndLocation/operation"}
{"Time":"2026-09-11T14:27:05.241278498-07:00","Action":"output","Package":"github.com/JDinSeattle/forge-runtime/cmd/forge-runner","Test":"TestFaultPlanRejectsUnsafeScopeAndLocation/operation","Output":"=== RUN   TestFaultPlanRejectsUnsafeScopeAndLocation/operation\n"}
{"Time":"2026-09-11T14:27:05.241429129-07:00","Action":"output","Package":"github.com/JDinSeattle/forge-runtime/internal/sandbox","Test":"TestDockerTmpfsExecutionIsExplicitAndKeepsFixedBounds/false","Output":"--- PASS: TestDockerTmpfsExecutionIsExplicitAndKeepsFixedBounds/false (0.00s)\n"}
{"Time":"2026-09-11T14:27:05.241458565-07:00","Action":"pass","Package":"github.com/JDinSeattle/forge-runtime/internal/sandbox","Test":"TestDockerTmpfsExecutionIsExplicitAndKeepsFixedBounds/false","Elapsed":0}
{"Time":"2026-09-11T14:27:05.241478639-07:00","Action":"run","Package":"github.com/JDinSeattle/forge-runtime/internal/sandbox","Test":"TestDockerTmpfsExecutionIsExplicitAndKeepsFixedBounds/true"}
{"Time":"2026-09-11T14:27:05.241480987-07:00","Action":"output","Package":"github.com/JDinSeattle/forge-runtime/internal/sandbox","Test":"TestDockerTmpfsExecutionIsExplicitAndKeepsFixedBounds/true","Output":"=== RUN   TestDockerTmpfsExecutionIsExplicitAndKeepsFixedBounds/true\n"}
{"Time":"2026-09-11T14:27:05.241579647-07:00","Action":"output","Package":"github.com/JDinSeattle/forge-runtime/cmd/forge-runner","Test":"TestFaultPlanRejectsUnsafeScopeAndLocation/operation","Output":"--- PASS: TestFaultPlanRejectsUnsafeScopeAndLocation/operation (0.00s)\n"}
{"Time":"2026-09-11T14:27:05.24159002-07:00","Action":"pass","Package":"github.com/JDinSeattle/forge-runtime/cmd/forge-runner","Test":"TestFaultPlanRejectsUnsafeScopeAndLocation/operation","Elapsed":0}
{"Time":"2026-09-11T14:27:05.241598739-07:00","Action":"run","Package":"github.com/JDinSeattle/forge-runtime/cmd/forge-runner","Test":"TestFaultPlanRejectsUnsafeScopeAndLocation/epoch"}
{"Time":"2026-09-11T14:27:05.241601743-07:00","Action":"output","Package":"github.com/JDinSeattle/forge-runtime/cmd/forge-runner","Test":"TestFaultPlanRejectsUnsafeScopeAndLocation/epoch","Output":"=== RUN   TestFaultPlanRejectsUnsafeScopeAndLocation/epoch\n"}
{"Time":"2026-09-11T14:27:05.241691469-07:00","Action":"output","Package":"github.com/JDinSeattle/forge-runtime/internal/runtime","Test":"TestUnknownEffectRecoveryNeverReplaysOperation","Output":"--- PASS: TestUnknownEffectRecoveryNeverReplaysOperation (0.00s)\n"}
{"Time":"2026-09-11T14:27:05.241711287-07:00","Action":"pass","Package":"github.com/JDinSeattle/forge-runtime/internal/runtime","Test":"TestUnknownEffectRecoveryNeverReplaysOperation","Elapsed":0}
{"Time":"2026-09-11T14:27:05.241720277-07:00","Action":"run","Package":"github.com/JDinSeattle/forge-runtime/internal/runtime","Test":"TestAdoptionRequiresOldWriterStopEvidence"}
{"Time":"2026-09-11T14:27:05.241724693-07:00","Action":"output","Package":"github.com/JDinSeattle/forge-runtime/internal/runtime","Test":"TestAdoptionRequiresOldWriterStopEvidence","Output":"=== RUN   TestAdoptionRequiresOldWriterStopEvidence\n"}
{"Time":"2026-09-11T14:27:05.241781918-07:00","Action":"output","Package":"github.com/JDinSeattle/forge-runtime/cmd/forge-runner","Test":"TestFaultPlanRejectsUnsafeScopeAndLocation/epoch","Output":"--- PASS: TestFaultPlanRejectsUnsafeScopeAndLocation/epoch (0.00s)\n"}
{"Time":"2026-09-11T14:27:05.241788643-07:00","Action":"pass","Package":"github.com/JDinSeattle/forge-runtime/cmd/forge-runner","Test":"TestFaultPlanRejectsUnsafeScopeAndLocation/epoch","Elapsed":0}
{"Time":"2026-09-11T14:27:05.241791825-07:00","Action":"run","Package":"github.com/JDinSeattle/forge-runtime/cmd/forge-runner","Test":"TestFaultPlanRejectsUnsafeScopeAndLocation/expired"}
{"Time":"2026-09-11T14:27:05.24179447-07:00","Action":"output","Package":"github.com/JDinSeattle/forge-runtime/cmd/forge-runner","Test":"TestFaultPlanRejectsUnsafeScopeAndLocation/expired","Output":"=== RUN   TestFaultPlanRejectsUnsafeScopeAndLocation/expired\n"}
{"Time":"2026-09-11T14:27:05.241976997-07:00","Action":"output","Package":"github.com/JDinSeattle/forge-runtime/cmd/forge-runner","Test":"TestFaultPlanRejectsUnsafeScopeAndLocation/expired","Output":"--- PASS: TestFaultPlanRejectsUnsafeScopeAndLocation/expired (0.00s)\n"}
{"Time":"2026-09-11T14:27:05.241988213-07:00","Action":"pass","Package":"github.com/JDinSeattle/forge-runtime/cmd/forge-runner","Test":"TestFaultPlanRejectsUnsafeScopeAndLocation/expired","Elapsed":0}
{"Time":"2026-09-11T14:27:05.241991007-07:00","Action":"run","Package":"github.com/JDinSeattle/forge-runtime/cmd/forge-runner","Test":"TestFaultPlanRejectsUnsafeScopeAndLocation/long_expiry"}
{"Time":"2026-09-11T14:27:05.241994315-07:00","Action":"output","Package":"github.com/JDinSeattle/forge-runtime/cmd/forge-runner","Test":"TestFaultPlanRejectsUnsafeScopeAndLocation/long_expiry","Output":"=== RUN   TestFaultPlanRejectsUnsafeScopeAndLocation/long_expiry\n"}
{"Time":"2026-09-11T14:27:05.242193965-07:00","Action":"output","Package":"github.com/JDinSeattle/forge-runtime/cmd/forge-runner","Test":"TestFaultPlanRejectsUnsafeScopeAndLocation/long_expiry","Output":"--- PASS: TestFaultPlanRejectsUnsafeScopeAndLocation/long_expiry (0.00s)\n"}
{"Time":"2026-09-11T14:27:05.242201086-07:00","Action":"pass","Package":"github.com/JDinSeattle/forge-runtime/cmd/forge-runner","Test":"TestFaultPlanRejectsUnsafeScopeAndLocation/long_expiry","Elapsed":0}
{"Time":"2026-09-11T14:27:05.242209993-07:00","Action":"run","Package":"github.com/JDinSeattle/forge-runtime/cmd/forge-runner","Test":"TestFaultPlanRejectsUnsafeScopeAndLocation/long_delay"}
{"Time":"2026-09-11T14:27:05.242212131-07:00","Action":"output","Package":"github.com/JDinSeattle/forge-runtime/cmd/forge-runner","Test":"TestFaultPlanRejectsUnsafeScopeAndLocation/long_delay","Output":"=== RUN   TestFaultPlanRejectsUnsafeScopeAndLocation/long_delay\n"}
{"Time":"2026-09-11T14:27:05.242402155-07:00","Action":"output","Package":"github.com/JDinSeattle/forge-runtime/cmd/forge-runner","Test":"TestFaultPlanRejectsUnsafeScopeAndLocation/long_delay","Output":"--- PASS: TestFaultPlanRejectsUnsafeScopeAndLocation/long_delay (0.00s)\n"}
{"Time":"2026-09-11T14:27:05.242409122-07:00","Action":"pass","Package":"github.com/JDinSeattle/forge-runtime/cmd/forge-runner","Test":"TestFaultPlanRejectsUnsafeScopeAndLocation/long_delay","Elapsed":0}
{"Time":"2026-09-11T14:27:05.242420843-07:00","Action":"run","Package":"github.com/JDinSeattle/forge-runtime/cmd/forge-runner","Test":"TestFaultPlanRejectsUnsafeScopeAndLocation/public"}
{"Time":"2026-09-11T14:27:05.242424074-07:00","Action":"output","Package":"github.com/JDinSeattle/forge-runtime/cmd/forge-runner","Test":"TestFaultPlanRejectsUnsafeScopeAndLocation/public","Output":"=== RUN   TestFaultPlanRejectsUnsafeScopeAndLocation/public\n"}
{"Time":"2026-09-11T14:27:05.242524274-07:00","Action":"output","Package":"github.com/JDinSeattle/forge-runtime/internal/runtime","Test":"TestAdoptionRequiresOldWriterStopEvidence","Output":"--- PASS: TestAdoptionRequiresOldWriterStopEvidence (0.00s)\n"}
{"Time":"2026-09-11T14:27:05.242546428-07:00","Action":"pass","Package":"github.com/JDinSeattle/forge-runtime/internal/runtime","Test":"TestAdoptionRequiresOldWriterStopEvidence","Elapsed":0}
{"Time":"2026-09-11T14:27:05.242553146-07:00","Action":"run","Package":"github.com/JDinSeattle/forge-runtime/internal/runtime","Test":"TestCancellationRequiresSettledReceiptAndNeverLosesToCompletion"}
{"Time":"2026-09-11T14:27:05.242557139-07:00","Action":"output","Package":"github.com/JDinSeattle/forge-runtime/internal/runtime","Test":"TestCancellationRequiresSettledReceiptAndNeverLosesToCompletion","Output":"=== RUN   TestCancellationRequiresSettledReceiptAndNeverLosesToCompletion\n"}
{"Time":"2026-09-11T14:27:05.242592617-07:00","Action":"output","Package":"github.com/JDinSeattle/forge-runtime/cmd/forge-runner","Test":"TestFaultPlanRejectsUnsafeScopeAndLocation/public","Output":"--- PASS: TestFaultPlanRejectsUnsafeScopeAndLocation/public (0.00s)\n"}
{"Time":"2026-09-11T14:27:05.242616145-07:00","Action":"pass","Package":"github.com/JDinSeattle/forge-runtime/cmd/forge-runner","Test":"TestFaultPlanRejectsUnsafeScopeAndLocation/public","Elapsed":0}
{"Time":"2026-09-11T14:27:05.242621427-07:00","Action":"run","Package":"github.com/JDinSeattle/forge-runtime/cmd/forge-runner","Test":"TestFaultPlanRejectsUnsafeScopeAndLocation/symlink"}
{"Time":"2026-09-11T14:27:05.242631368-07:00","Action":"output","Package":"github.com/JDinSeattle/forge-runtime/cmd/forge-runner","Test":"TestFaultPlanRejectsUnsafeScopeAndLocation/symlink","Output":"=== RUN   TestFaultPlanRejectsUnsafeScopeAndLocation/symlink\n"}
{"Time":"2026-09-11T14:27:05.242809815-07:00","Action":"output","Package":"github.com/JDinSeattle/forge-runtime/cmd/forge-runner","Test":"TestFaultPlanRejectsUnsafeScopeAndLocation/symlink","Output":"--- PASS: TestFaultPlanRejectsUnsafeScopeAndLocation/symlink (0.00s)\n"}
{"Time":"2026-09-11T14:27:05.242826026-07:00","Action":"pass","Package":"github.com/JDinSeattle/forge-runtime/cmd/forge-runner","Test":"TestFaultPlanRejectsUnsafeScopeAndLocation/symlink","Elapsed":0}
{"Time":"2026-09-11T14:27:05.242831584-07:00","Action":"run","Package":"github.com/JDinSeattle/forge-runtime/cmd/forge-runner","Test":"TestFaultPlanRejectsUnsafeScopeAndLocation/outside"}
{"Time":"2026-09-11T14:27:05.242836008-07:00","Action":"output","Package":"github.com/JDinSeattle/forge-runtime/cmd/forge-runner","Test":"TestFaultPlanRejectsUnsafeScopeAndLocation/outside","Output":"=== RUN   TestFaultPlanRejectsUnsafeScopeAndLocation/outside\n"}
{"Time":"2026-09-11T14:27:05.242972258-07:00","Action":"output","Package":"github.com/JDinSeattle/forge-runtime/cmd/forge-runner","Test":"TestFaultPlanRejectsUnsafeScopeAndLocation/outside","Output":"--- PASS: TestFaultPlanRejectsUnsafeScopeAndLocation/outside (0.00s)\n"}
{"Time":"2026-09-11T14:27:05.242986657-07:00","Action":"pass","Package":"github.com/JDinSeattle/forge-runtime/cmd/forge-runner","Test":"TestFaultPlanRejectsUnsafeScopeAndLocation/outside","Elapsed":0}
{"Time":"2026-09-11T14:27:05.242996571-07:00","Action":"output","Package":"github.com/JDinSeattle/forge-runtime/cmd/forge-runner","Test":"TestFaultPlanRejectsUnsafeScopeAndLocation","Output":"--- PASS: TestFaultPlanRejectsUnsafeScopeAndLocation (0.00s)\n"}
{"Time":"2026-09-11T14:27:05.243005678-07:00","Action":"pass","Package":"github.com/JDinSeattle/forge-runtime/cmd/forge-runner","Test":"TestFaultPlanRejectsUnsafeScopeAndLocation","Elapsed":0}
{"Time":"2026-09-11T14:27:05.243013451-07:00","Action":"run","Package":"github.com/JDinSeattle/forge-runtime/cmd/forge-runner","Test":"TestFaultPlanExactScopeOneShotAcrossReload"}
{"Time":"2026-09-11T14:27:05.243016699-07:00","Action":"output","Package":"github.com/JDinSeattle/forge-runtime/cmd/forge-runner","Test":"TestFaultPlanExactScopeOneShotAcrossReload","Output":"=== RUN   TestFaultPlanExactScopeOneShotAcrossReload\n"}
{"Time":"2026-09-11T14:27:05.243743356-07:00","Action":"run","Package":"github.com/JDinSeattle/forge-runtime/internal/retention","Test":"TestJournalReferenceReaderProtectsOldReceiptsAndNewPinsFailsClosed"}
{"Time":"2026-09-11T14:27:05.243757609-07:00","Action":"output","Package":"github.com/JDinSeattle/forge-runtime/internal/retention","Test":"TestJournalReferenceReaderProtectsOldReceiptsAndNewPinsFailsClosed","Output":"=== RUN   TestJournalReferenceReaderProtectsOldReceiptsAndNewPinsFailsClosed\n"}
{"Time":"2026-09-11T14:27:05.244112396-07:00","Action":"output","Package":"github.com/JDinSeattle/forge-runtime/internal/runtime","Test":"TestCancellationRequiresSettledReceiptAndNeverLosesToCompletion","Output":"--- PASS: TestCancellationRequiresSettledReceiptAndNeverLosesToCompletion (0.00s)\n"}
{"Time":"2026-09-11T14:27:05.244128632-07:00","Action":"pass","Package":"github.com/JDinSeattle/forge-runtime/internal/runtime","Test":"TestCancellationRequiresSettledReceiptAndNeverLosesToCompletion","Elapsed":0}
{"Time":"2026-09-11T14:27:05.244150718-07:00","Action":"run","Package":"github.com/JDinSeattle/forge-runtime/internal/runtime","Test":"TestCancelBeforeClaimStillRequiresExplicitAcknowledgment"}
{"Time":"2026-09-11T14:27:05.244156925-07:00","Action":"output","Package":"github.com/JDinSeattle/forge-runtime/internal/runtime","Test":"TestCancelBeforeClaimStillRequiresExplicitAcknowledgment","Output":"=== RUN   TestCancelBeforeClaimStillRequiresExplicitAcknowledgment\n"}
{"Time":"2026-09-11T14:27:05.24420516-07:00","Action":"run","Package":"github.com/JDinSeattle/forge-runtime/internal/persistence","Test":"TestConcurrentSubmitAndCursor"}
{"Time":"2026-09-11T14:27:05.244214259-07:00","Action":"output","Package":"github.com/JDinSeattle/forge-runtime/internal/persistence","Test":"TestConcurrentSubmitAndCursor","Output":"=== RUN   TestConcurrentSubmitAndCursor\n"}
{"Time":"2026-09-11T14:27:05.244233955-07:00","Action":"output","Package":"github.com/JDinSeattle/forge-runtime/internal/runtime","Test":"TestCancelBeforeClaimStillRequiresExplicitAcknowledgment","Output":"--- PASS: TestCancelBeforeClaimStillRequiresExplicitAcknowledgment (0.00s)\n"}
{"Time":"2026-09-11T14:27:05.244239318-07:00","Action":"pass","Package":"github.com/JDinSeattle/forge-runtime/internal/runtime","Test":"TestCancelBeforeClaimStillRequiresExplicitAcknowledgment","Elapsed":0}
{"Time":"2026-09-11T14:27:05.24424247-07:00","Action":"run","Package":"github.com/JDinSeattle/forge-runtime/internal/runtime","Test":"TestApprovalBoundToAllOperationInputs"}
{"Time":"2026-09-11T14:27:05.244245789-07:00","Action":"output","Package":"github.com/JDinSeattle/forge-runtime/internal/runtime","Test":"TestApprovalBoundToAllOperationInputs","Output":"=== RUN   TestApprovalBoundToAllOperationInputs\n"}
{"Time":"2026-09-11T14:27:05.244382648-07:00","Action":"run","Package":"github.com/JDinSeattle/forge-runtime/internal/runtime","Test":"TestApprovalBoundToAllOperationInputs/already_granted"}
{"Time":"2026-09-11T14:27:05.244398152-07:00","Action":"output","Package":"github.com/JDinSeattle/forge-runtime/internal/runtime","Test":"TestApprovalBoundToAllOperationInputs/already_granted","Output":"=== RUN   TestApprovalBoundToAllOperationInputs/already_granted\n"}
{"Time":"2026-09-11T14:27:05.244619323-07:00","Action":"output","Package":"github.com/JDinSeattle/forge-runtime/internal/runtime","Test":"TestApprovalBoundToAllOperationInputs/already_granted","Output":"--- PASS: TestApprovalBoundToAllOperationInputs/already_granted (0.00s)\n"}
{"Time":"2026-09-11T14:27:05.244629694-07:00","Action":"pass","Package":"github.com/JDinSeattle/forge-runtime/internal/runtime","Test":"TestApprovalBoundToAllOperationInputs/already_granted","Elapsed":0}
{"Time":"2026-09-11T14:27:05.244645998-07:00","Action":"run","Package":"github.com/JDinSeattle/forge-runtime/internal/runtime","Test":"TestApprovalBoundToAllOperationInputs/operation"}
{"Time":"2026-09-11T14:27:05.244650985-07:00","Action":"output","Package":"github.com/JDinSeattle/forge-runtime/internal/runtime","Test":"TestApprovalBoundToAllOperationInputs/operation","Output":"=== RUN   TestApprovalBoundToAllOperationInputs/operation\n"}
{"Time":"2026-09-11T14:27:05.244866103-07:00","Action":"output","Package":"github.com/JDinSeattle/forge-runtime/internal/runtime","Test":"TestApprovalBoundToAllOperationInputs/operation","Output":"--- PASS: TestApprovalBoundToAllOperationInputs/operation (0.00s)\n"}
{"Time":"2026-09-11T14:27:05.244882726-07:00","Action":"pass","Package":"github.com/JDinSeattle/forge-runtime/internal/runtime","Test":"TestApprovalBoundToAllOperationInputs/operation","Elapsed":0}
{"Time":"2026-09-11T14:27:05.244887739-07:00","Action":"run","Package":"github.com/JDinSeattle/forge-runtime/internal/runtime","Test":"TestApprovalBoundToAllOperationInputs/arguments"}
{"Time":"2026-09-11T14:27:05.244891764-07:00","Action":"output","Package":"github.com/JDinSeattle/forge-runtime/internal/runtime","Test":"TestApprovalBoundToAllOperationInputs/arguments","Output":"=== RUN   TestApprovalBoundToAllOperationInputs/arguments\n"}
{"Time":"2026-09-11T14:27:05.244912914-07:00","Action":"output","Package":"github.com/JDinSeattle/forge-runtime/cmd/forge-runner","Test":"TestFaultPlanExactScopeOneShotAcrossReload","Output":"--- PASS: TestFaultPlanExactScopeOneShotAcrossReload (0.00s)\n"}
{"Time":"2026-09-11T14:27:05.24492665-07:00","Action":"pass","Package":"github.com/JDinSeattle/forge-runtime/cmd/forge-runner","Test":"TestFaultPlanExactScopeOneShotAcrossReload","Elapsed":0}
{"Time":"2026-09-11T14:27:05.244931628-07:00","Action":"output","Package":"github.com/JDinSeattle/forge-runtime/cmd/forge-runner","Output":"PASS\n"}
{"Time":"2026-09-11T14:27:05.245131922-07:00","Action":"output","Package":"github.com/JDinSeattle/forge-runtime/internal/runtime","Test":"TestApprovalBoundToAllOperationInputs/arguments","Output":"--- PASS: TestApprovalBoundToAllOperationInputs/arguments (0.00s)\n"}
{"Time":"2026-09-11T14:27:05.245144802-07:00","Action":"pass","Package":"github.com/JDinSeattle/forge-runtime/internal/runtime","Test":"TestApprovalBoundToAllOperationInputs/arguments","Elapsed":0}
{"Time":"2026-09-11T14:27:05.245163806-07:00","Action":"run","Package":"github.com/JDinSeattle/forge-runtime/internal/runtime","Test":"TestApprovalBoundToAllOperationInputs/revision"}
{"Time":"2026-09-11T14:27:05.245167222-07:00","Action":"output","Package":"github.com/JDinSeattle/forge-runtime/internal/runtime","Test":"TestApprovalBoundToAllOperationInputs/revision","Output":"=== RUN   TestApprovalBoundToAllOperationInputs/revision\n"}
{"Time":"2026-09-11T14:27:05.245382897-07:00","Action":"run","Package":"github.com/JDinSeattle/forge-runtime/internal/telemetry","Test":"TestHTTPMiddlewarePreservesFlushErrorAfterRequestCancellation"}
{"Time":"2026-09-11T14:27:05.245420395-07:00","Action":"output","Package":"github.com/JDinSeattle/forge-runtime/internal/telemetry","Test":"TestHTTPMiddlewarePreservesFlushErrorAfterRequestCancellation","Output":"=== RUN   TestHTTPMiddlewarePreservesFlushErrorAfterRequestCancellation\n"}
{"Time":"2026-09-11T14:27:05.245453838-07:00","Action":"output","Package":"github.com/JDinSeattle/forge-runtime/internal/runtime","Test":"TestApprovalBoundToAllOperationInputs/revision","Output":"--- PASS: TestApprovalBoundToAllOperationInputs/revision (0.00s)\n"}
{"Time":"2026-09-11T14:27:05.245459825-07:00","Action":"pass","Package":"github.com/JDinSeattle/forge-runtime/internal/runtime","Test":"TestApprovalBoundToAllOperationInputs/revision","Elapsed":0}
{"Time":"2026-09-11T14:27:05.245464392-07:00","Action":"run","Package":"github.com/JDinSeattle/forge-runtime/internal/runtime","Test":"TestApprovalBoundToAllOperationInputs/policy"}
{"Time":"2026-09-11T14:27:05.245468151-07:00","Action":"output","Package":"github.com/JDinSeattle/forge-runtime/internal/runtime","Test":"TestApprovalBoundToAllOperationInputs/policy","Output":"=== RUN   TestApprovalBoundToAllOperationInputs/policy\n"}
{"Time":"2026-09-11T14:27:05.245498251-07:00","Action":"output","Package":"github.com/JDinSeattle/forge-runtime/internal/sandbox","Test":"TestDockerTmpfsExecutionIsExplicitAndKeepsFixedBounds/true","Output":"--- PASS: TestDockerTmpfsExecutionIsExplicitAndKeepsFixedBounds/true (0.00s)\n"}
{"Time":"2026-09-11T14:27:05.245517758-07:00","Action":"pass","Package":"github.com/JDinSeattle/forge-runtime/internal/sandbox","Test":"TestDockerTmpfsExecutionIsExplicitAndKeepsFixedBounds/true","Elapsed":0}
{"Time":"2026-09-11T14:27:05.245528019-07:00","Action":"output","Package":"github.com/JDinSeattle/forge-runtime/internal/sandbox","Test":"TestDockerTmpfsExecutionIsExplicitAndKeepsFixedBounds","Output":"--- PASS: TestDockerTmpfsExecutionIsExplicitAndKeepsFixedBounds (0.01s)\n"}
{"Time":"2026-09-11T14:27:05.245535741-07:00","Action":"pass","Package":"github.com/JDinSeattle/forge-runtime/internal/sandbox","Test":"TestDockerTmpfsExecutionIsExplicitAndKeepsFixedBounds","Elapsed":0.01}
{"Time":"2026-09-11T14:27:05.245560121-07:00","Action":"run","Package":"github.com/JDinSeattle/forge-runtime/internal/sandbox","Test":"TestCreatedDockerCancellationRequiresDurableNoDispatchProof"}
{"Time":"2026-09-11T14:27:05.245564975-07:00","Action":"output","Package":"github.com/JDinSeattle/forge-runtime/internal/sandbox","Test":"TestCreatedDockerCancellationRequiresDurableNoDispatchProof","Output":"=== RUN   TestCreatedDockerCancellationRequiresDurableNoDispatchProof\n"}
{"Time":"2026-09-11T14:27:05.245591758-07:00","Action":"run","Package":"github.com/JDinSeattle/forge-runtime/internal/sandbox","Test":"TestCreatedDockerCancellationRequiresDurableNoDispatchProof/false"}
{"Time":"2026-09-11T14:27:05.24560385-07:00","Action":"output","Package":"github.com/JDinSeattle/forge-runtime/internal/sandbox","Test":"TestCreatedDockerCancellationRequiresDurableNoDispatchProof/false","Output":"=== RUN   TestCreatedDockerCancellationRequiresDurableNoDispatchProof/false\n"}
{"Time":"2026-09-11T14:27:05.245695054-07:00","Action":"output","Package":"github.com/JDinSeattle/forge-runtime/internal/runtime","Test":"TestApprovalBoundToAllOperationInputs/policy","Output":"--- PASS: TestApprovalBoundToAllOperationInputs/policy (0.00s)\n"}
{"Time":"2026-09-11T14:27:05.245708528-07:00","Action":"pass","Package":"github.com/JDinSeattle/forge-runtime/internal/runtime","Test":"TestApprovalBoundToAllOperationInputs/policy","Elapsed":0}
{"Time":"2026-09-11T14:27:05.245728467-07:00","Action":"run","Package":"github.com/JDinSeattle/forge-runtime/internal/runtime","Test":"TestApprovalBoundToAllOperationInputs/version"}
{"Time":"2026-09-11T14:27:05.245734745-07:00","Action":"output","Package":"github.com/JDinSeattle/forge-runtime/internal/runtime","Test":"TestApprovalBoundToAllOperationInputs/version","Output":"=== RUN   TestApprovalBoundToAllOperationInputs/version\n"}
{"Time":"2026-09-11T14:27:05.245928353-07:00","Action":"output","Package":"github.com/JDinSeattle/forge-runtime/internal/runtime","Test":"TestApprovalBoundToAllOperationInputs/version","Output":"--- PASS: TestApprovalBoundToAllOperationInputs/version (0.00s)\n"}
{"Time":"2026-09-11T14:27:05.245940796-07:00","Action":"pass","Package":"github.com/JDinSeattle/forge-runtime/internal/runtime","Test":"TestApprovalBoundToAllOperationInputs/version","Elapsed":0}
{"Time":"2026-09-11T14:27:05.246093679-07:00","Action":"run","Package":"github.com/JDinSeattle/forge-runtime/internal/httpapi","Test":"TestDependencyErrorsSeparateAvailabilityFromPermanentFailures"}
{"Time":"2026-09-11T14:27:05.246113078-07:00","Action":"output","Package":"github.com/JDinSeattle/forge-runtime/internal/httpapi","Test":"TestDependencyErrorsSeparateAvailabilityFromPermanentFailures","Output":"=== RUN   TestDependencyErrorsSeparateAvailabilityFromPermanentFailures\n"}
{"Time":"2026-09-11T14:27:05.246216175-07:00","Action":"run","Package":"github.com/JDinSeattle/forge-runtime/internal/httpapi","Test":"TestDependencyErrorsSeparateAvailabilityFromPermanentFailures/connection"}
{"Time":"2026-09-11T14:27:05.246230155-07:00","Action":"output","Package":"github.com/JDinSeattle/forge-runtime/internal/httpapi","Test":"TestDependencyErrorsSeparateAvailabilityFromPermanentFailures/connection","Output":"=== RUN   TestDependencyErrorsSeparateAvailabilityFromPermanentFailures/connection\n"}
{"Time":"2026-09-11T14:27:05.246250226-07:00","Action":"output","Package":"github.com/JDinSeattle/forge-runtime/internal/runtime","Test":"TestApprovalBoundToAllOperationInputs","Output":"--- PASS: TestApprovalBoundToAllOperationInputs (0.00s)\n"}
{"Time":"2026-09-11T14:27:05.246287611-07:00","Action":"pass","Package":"github.com/JDinSeattle/forge-runtime/internal/runtime","Test":"TestApprovalBoundToAllOperationInputs","Elapsed":0}
{"Time":"2026-09-11T14:27:05.24632415-07:00","Action":"run","Package":"github.com/JDinSeattle/forge-runtime/internal/runtime","Test":"TestVerificationDistinguishesTargetProofFromRegressionOnly"}
{"Time":"2026-09-11T14:27:05.246329101-07:00","Action":"output","Package":"github.com/JDinSeattle/forge-runtime/internal/runtime","Test":"TestVerificationDistinguishesTargetProofFromRegressionOnly","Output":"=== RUN   TestVerificationDistinguishesTargetProofFromRegressionOnly\n"}
{"Time":"2026-09-11T14:27:05.246427277-07:00","Action":"run","Package":"github.com/JDinSeattle/forge-runtime/internal/runtime","Test":"TestVerificationDistinguishesTargetProofFromRegressionOnly/target_and_regression"}
{"Time":"2026-09-11T14:27:05.246432777-07:00","Action":"output","Package":"github.com/JDinSeattle/forge-runtime/internal/runtime","Test":"TestVerificationDistinguishesTargetProofFromRegressionOnly/target_and_regression","Output":"=== RUN   TestVerificationDistinguishesTargetProofFromRegressionOnly/target_and_regression\n"}
{"Time":"2026-09-11T14:27:05.246466277-07:00","Action":"output","Package":"github.com/JDinSeattle/forge-runtime/internal/httpapi","Test":"TestDependencyErrorsSeparateAvailabilityFromPermanentFailures/connection","Output":"--- PASS: TestDependencyErrorsSeparateAvailabilityFromPermanentFailures/connection (0.00s)\n"}
{"Time":"2026-09-11T14:27:05.246519229-07:00","Action":"pass","Package":"github.com/JDinSeattle/forge-runtime/internal/httpapi","Test":"TestDependencyErrorsSeparateAvailabilityFromPermanentFailures/connection","Elapsed":0}
{"Time":"2026-09-11T14:27:05.246586251-07:00","Action":"run","Package":"github.com/JDinSeattle/forge-runtime/internal/httpapi","Test":"TestDependencyErrorsSeparateAvailabilityFromPermanentFailures/lost_response"}
{"Time":"2026-09-11T14:27:05.246600689-07:00","Action":"output","Package":"github.com/JDinSeattle/forge-runtime/internal/httpapi","Test":"TestDependencyErrorsSeparateAvailabilityFromPermanentFailures/lost_response","Output":"=== RUN   TestDependencyErrorsSeparateAvailabilityFromPermanentFailures/lost_response\n"}
{"Time":"2026-09-11T14:27:05.246748666-07:00","Action":"output","Package":"github.com/JDinSeattle/forge-runtime/internal/httpapi","Test":"TestDependencyErrorsSeparateAvailabilityFromPermanentFailures/lost_response","Output":"--- PASS: TestDependencyErrorsSeparateAvailabilityFromPermanentFailures/lost_response (0.00s)\n"}
{"Time":"2026-09-11T14:27:05.246761003-07:00","Action":"pass","Package":"github.com/JDinSeattle/forge-runtime/internal/httpapi","Test":"TestDependencyErrorsSeparateAvailabilityFromPermanentFailures/lost_response","Elapsed":0}
{"Time":"2026-09-11T14:27:05.246764775-07:00","Action":"run","Package":"github.com/JDinSeattle/forge-runtime/internal/httpapi","Test":"TestDependencyErrorsSeparateAvailabilityFromPermanentFailures/restart"}
{"Time":"2026-09-11T14:27:05.24676691-07:00","Action":"output","Package":"github.com/JDinSeattle/forge-runtime/internal/httpapi","Test":"TestDependencyErrorsSeparateAvailabilityFromPermanentFailures/restart","Output":"=== RUN   TestDependencyErrorsSeparateAvailabilityFromPermanentFailures/restart\n"}
{"Time":"2026-09-11T14:27:05.24677331-07:00","Action":"output","Package":"github.com/JDinSeattle/forge-runtime/internal/runtime","Test":"TestVerificationDistinguishesTargetProofFromRegressionOnly/target_and_regression","Output":"--- PASS: TestVerificationDistinguishesTargetProofFromRegressionOnly/target_and_regression (0.00s)\n"}
{"Time":"2026-09-11T14:27:05.246776691-07:00","Action":"pass","Package":"github.com/JDinSeattle/forge-runtime/internal/runtime","Test":"TestVerificationDistinguishesTargetProofFromRegressionOnly/target_and_regression","Elapsed":0}
{"Time":"2026-09-11T14:27:05.246805797-07:00","Action":"run","Package":"github.com/JDinSeattle/forge-runtime/internal/runtime","Test":"TestVerificationDistinguishesTargetProofFromRegressionOnly/regression_only"}
{"Time":"2026-09-11T14:27:05.246818848-07:00","Action":"output","Package":"github.com/JDinSeattle/forge-runtime/internal/runtime","Test":"TestVerificationDistinguishesTargetProofFromRegressionOnly/regression_only","Output":"=== RUN   TestVerificationDistinguishesTargetProofFromRegressionOnly/regression_only\n"}
{"Time":"2026-09-11T14:27:05.24684928-07:00","Action":"output","Package":"github.com/JDinSeattle/forge-runtime/internal/httpapi","Test":"TestDependencyErrorsSeparateAvailabilityFromPermanentFailures/restart","Output":"--- PASS: TestDependencyErrorsSeparateAvailabilityFromPermanentFailures/restart (0.00s)\n"}
{"Time":"2026-09-11T14:27:05.246857572-07:00","Action":"pass","Package":"github.com/JDinSeattle/forge-runtime/internal/httpapi","Test":"TestDependencyErrorsSeparateAvailabilityFromPermanentFailures/restart","Elapsed":0}
{"Time":"2026-09-11T14:27:05.246868947-07:00","Action":"run","Package":"github.com/JDinSeattle/forge-runtime/internal/httpapi","Test":"TestDependencyErrorsSeparateAvailabilityFromPermanentFailures/timeout"}
{"Time":"2026-09-11T14:27:05.246871088-07:00","Action":"output","Package":"github.com/JDinSeattle/forge-runtime/internal/httpapi","Test":"TestDependencyErrorsSeparateAvailabilityFromPermanentFailures/timeout","Output":"=== RUN   TestDependencyErrorsSeparateAvailabilityFromPermanentFailures/timeout\n"}
{"Time":"2026-09-11T14:27:05.246948928-07:00","Action":"output","Package":"github.com/JDinSeattle/forge-runtime/internal/httpapi","Test":"TestDependencyErrorsSeparateAvailabilityFromPermanentFailures/timeout","Output":"--- PASS: TestDependencyErrorsSeparateAvailabilityFromPermanentFailures/timeout (0.00s)\n"}
{"Time":"2026-09-11T14:27:05.246956028-07:00","Action":"output","Package":"github.com/JDinSeattle/forge-runtime/internal/runtime","Test":"TestVerificationDistinguishesTargetProofFromRegressionOnly/regression_only","Output":"--- PASS: TestVerificationDistinguishesTargetProofFromRegressionOnly/regression_only (0.00s)\n"}
{"Time":"2026-09-11T14:27:05.246959705-07:00","Action":"pass","Package":"github.com/JDinSeattle/forge-runtime/internal/httpapi","Test":"TestDependencyErrorsSeparateAvailabilityFromPermanentFailures/timeout","Elapsed":0}
{"Time":"2026-09-11T14:27:05.246965185-07:00","Action":"pass","Package":"github.com/JDinSeattle/forge-runtime/internal/runtime","Test":"TestVerificationDistinguishesTargetProofFromRegressionOnly/regression_only","Elapsed":0}
{"Time":"2026-09-11T14:27:05.246969904-07:00","Action":"run","Package":"github.com/JDinSeattle/forge-runtime/internal/httpapi","Test":"TestDependencyErrorsSeparateAvailabilityFromPermanentFailures/sql_bug"}
{"Time":"2026-09-11T14:27:05.246972477-07:00","Action":"output","Package":"github.com/JDinSeattle/forge-runtime/internal/httpapi","Test":"TestDependencyErrorsSeparateAvailabilityFromPermanentFailures/sql_bug","Output":"=== RUN   TestDependencyErrorsSeparateAvailabilityFromPermanentFailures/sql_bug\n"}
{"Time":"2026-09-11T14:27:05.246982962-07:00","Action":"run","Package":"github.com/JDinSeattle/forge-runtime/internal/runtime","Test":"TestVerificationDistinguishesTargetProofFromRegressionOnly/target_without_baseline"}
{"Time":"2026-09-11T14:27:05.246985712-07:00","Action":"output","Package":"github.com/JDinSeattle/forge-runtime/internal/runtime","Test":"TestVerificationDistinguishesTargetProofFromRegressionOnly/target_without_baseline","Output":"=== RUN   TestVerificationDistinguishesTargetProofFromRegressionOnly/target_without_baseline\n"}
{"Time":"2026-09-11T14:27:05.247044085-07:00","Action":"output","Package":"github.com/JDinSeattle/forge-runtime/internal/httpapi","Test":"TestDependencyErrorsSeparateAvailabilityFromPermanentFailures/sql_bug","Output":"--- PASS: TestDependencyErrorsSeparateAvailabilityFromPermanentFailures/sql_bug (0.00s)\n"}
{"Time":"2026-09-11T14:27:05.247055239-07:00","Action":"pass","Package":"github.com/JDinSeattle/forge-runtime/internal/httpapi","Test":"TestDependencyErrorsSeparateAvailabilityFromPermanentFailures/sql_bug","Elapsed":0}
{"Time":"2026-09-11T14:27:05.24707616-07:00","Action":"run","Package":"github.com/JDinSeattle/forge-runtime/internal/httpapi","Test":"TestDependencyErrorsSeparateAvailabilityFromPermanentFailures/database_authentication"}
{"Time":"2026-09-11T14:27:05.24708014-07:00","Action":"output","Package":"github.com/JDinSeattle/forge-runtime/internal/httpapi","Test":"TestDependencyErrorsSeparateAvailabilityFromPermanentFailures/database_authentication","Output":"=== RUN   TestDependencyErrorsSeparateAvailabilityFromPermanentFailures/database_authentication\n"}
{"Time":"2026-09-11T14:27:05.247143256-07:00","Action":"output","Package":"github.com/JDinSeattle/forge-runtime/internal/runtime","Test":"TestVerificationDistinguishesTargetProofFromRegressionOnly/target_without_baseline","Output":"--- PASS: TestVerificationDistinguishesTargetProofFromRegressionOnly/target_without_baseline (0.00s)\n"}
{"Time":"2026-09-11T14:27:05.247161298-07:00","Action":"pass","Package":"github.com/JDinSeattle/forge-runtime/internal/runtime","Test":"TestVerificationDistinguishesTargetProofFromRegressionOnly/target_without_baseline","Elapsed":0}
{"Time":"2026-09-11T14:27:05.247167119-07:00","Action":"run","Package":"github.com/JDinSeattle/forge-runtime/internal/runtime","Test":"TestVerificationDistinguishesTargetProofFromRegressionOnly/target_still_broken"}
{"Time":"2026-09-11T14:27:05.247184752-07:00","Action":"output","Package":"github.com/JDinSeattle/forge-runtime/internal/runtime","Test":"TestVerificationDistinguishesTargetProofFromRegressionOnly/target_still_broken","Output":"=== RUN   TestVerificationDistinguishesTargetProofFromRegressionOnly/target_still_broken\n"}
{"Time":"2026-09-11T14:27:05.247196235-07:00","Action":"output","Package":"github.com/JDinSeattle/forge-runtime/internal/httpapi","Test":"TestDependencyErrorsSeparateAvailabilityFromPermanentFailures/database_authentication","Output":"--- PASS: TestDependencyErrorsSeparateAvailabilityFromPermanentFailures/database_authentication (0.00s)\n"}
{"Time":"2026-09-11T14:27:05.247200845-07:00","Action":"pass","Package":"github.com/JDinSeattle/forge-runtime/internal/httpapi","Test":"TestDependencyErrorsSeparateAvailabilityFromPermanentFailures/database_authentication","Elapsed":0}
{"Time":"2026-09-11T14:27:05.247204328-07:00","Action":"output","Package":"github.com/JDinSeattle/forge-runtime/internal/httpapi","Test":"TestDependencyErrorsSeparateAvailabilityFromPermanentFailures","Output":"--- PASS: TestDependencyErrorsSeparateAvailabilityFromPermanentFailures (0.00s)\n"}
{"Time":"2026-09-11T14:27:05.247208222-07:00","Action":"pass","Package":"github.com/JDinSeattle/forge-runtime/internal/httpapi","Test":"TestDependencyErrorsSeparateAvailabilityFromPermanentFailures","Elapsed":0}
{"Time":"2026-09-11T14:27:05.247212545-07:00","Action":"run","Package":"github.com/JDinSeattle/forge-runtime/internal/httpapi","Test":"TestReadinessClassifiesActualDatabaseTransportLoss"}
{"Time":"2026-09-11T14:27:05.247215276-07:00","Action":"output","Package":"github.com/JDinSeattle/forge-runtime/internal/httpapi","Test":"TestReadinessClassifiesActualDatabaseTransportLoss","Output":"=== RUN   TestReadinessClassifiesActualDatabaseTransportLoss\n"}
{"Time":"2026-09-11T14:27:05.24722137-07:00","Action":"output","Package":"github.com/JDinSeattle/forge-runtime/internal/runtime","Test":"TestVerificationDistinguishesTargetProofFromRegressionOnly/target_still_broken","Output":"--- PASS: TestVerificationDistinguishesTargetProofFromRegressionOnly/target_still_broken (0.00s)\n"}
{"Time":"2026-09-11T14:27:05.247229615-07:00","Action":"pass","Package":"github.com/JDinSeattle/forge-runtime/internal/runtime","Test":"TestVerificationDistinguishesTargetProofFromRegressionOnly/target_still_broken","Elapsed":0}
{"Time":"2026-09-11T14:27:05.24725493-07:00","Action":"run","Package":"github.com/JDinSeattle/forge-runtime/internal/runtime","Test":"TestVerificationDistinguishesTargetProofFromRegressionOnly/regression_broken"}
{"Time":"2026-09-11T14:27:05.247267391-07:00","Action":"output","Package":"github.com/JDinSeattle/forge-runtime/internal/runtime","Test":"TestVerificationDistinguishesTargetProofFromRegressionOnly/regression_broken","Output":"=== RUN   TestVerificationDistinguishesTargetProofFromRegressionOnly/regression_broken\n"}
{"Time":"2026-09-11T14:27:05.247296993-07:00","Action":"output","Package":"github.com/JDinSeattle/forge-runtime/internal/runtime","Test":"TestVerificationDistinguishesTargetProofFromRegressionOnly/regression_broken","Output":"--- PASS: TestVerificationDistinguishesTargetProofFromRegressionOnly/regression_broken (0.00s)\n"}
{"Time":"2026-09-11T14:27:05.247304474-07:00","Action":"pass","Package":"github.com/JDinSeattle/forge-runtime/internal/runtime","Test":"TestVerificationDistinguishesTargetProofFromRegressionOnly/regression_broken","Elapsed":0}
{"Time":"2026-09-11T14:27:05.247330676-07:00","Action":"output","Package":"github.com/JDinSeattle/forge-runtime/internal/runtime","Test":"TestVerificationDistinguishesTargetProofFromRegressionOnly","Output":"--- PASS: TestVerificationDistinguishesTargetProofFromRegressionOnly (0.00s)\n"}
{"Time":"2026-09-11T14:27:05.24734272-07:00","Action":"pass","Package":"github.com/JDinSeattle/forge-runtime/internal/runtime","Test":"TestVerificationDistinguishesTargetProofFromRegressionOnly","Elapsed":0}
{"Time":"2026-09-11T14:27:05.247356638-07:00","Action":"run","Package":"github.com/JDinSeattle/forge-runtime/internal/runtime","Test":"TestModelCannotForgeVerificationOrUseOldRevision"}
{"Time":"2026-09-11T14:27:05.247365866-07:00","Action":"output","Package":"github.com/JDinSeattle/forge-runtime/internal/runtime","Test":"TestModelCannotForgeVerificationOrUseOldRevision","Output":"=== RUN   TestModelCannotForgeVerificationOrUseOldRevision\n"}
{"Time":"2026-09-11T14:27:05.247581317-07:00","Action":"output","Package":"github.com/JDinSeattle/forge-runtime/internal/sandbox","Test":"TestCreatedDockerCancellationRequiresDurableNoDispatchProof/false","Output":"--- PASS: TestCreatedDockerCancellationRequiresDurableNoDispatchProof/false (0.00s)\n"}
{"Time":"2026-09-11T14:27:05.247595675-07:00","Action":"pass","Package":"github.com/JDinSeattle/forge-runtime/internal/sandbox","Test":"TestCreatedDockerCancellationRequiresDurableNoDispatchProof/false","Elapsed":0}
{"Time":"2026-09-11T14:27:05.247603113-07:00","Action":"output","Package":"github.com/JDinSeattle/forge-runtime/internal/runtime","Test":"TestModelCannotForgeVerificationOrUseOldRevision","Output":"--- PASS: TestModelCannotForgeVerificationOrUseOldRevision (0.00s)\n"}
{"Time":"2026-09-11T14:27:05.247625287-07:00","Action":"run","Package":"github.com/JDinSeattle/forge-runtime/internal/sandbox","Test":"TestCreatedDockerCancellationRequiresDurableNoDispatchProof/true"}
{"Time":"2026-09-11T14:27:05.24762882-07:00","Action":"output","Package":"github.com/JDinSeattle/forge-runtime/internal/sandbox","Test":"TestCreatedDockerCancellationRequiresDurableNoDispatchProof/true","Output":"=== RUN   TestCreatedDockerCancellationRequiresDurableNoDispatchProof/true\n"}
{"Time":"2026-09-11T14:27:05.24763366-07:00","Action":"pass","Package":"github.com/JDinSeattle/forge-runtime/internal/runtime","Test":"TestModelCannotForgeVerificationOrUseOldRevision","Elapsed":0}
{"Time":"2026-09-11T14:27:05.247655808-07:00","Action":"run","Package":"github.com/JDinSeattle/forge-runtime/internal/runtime","Test":"TestBudgetStopsBeforeNewWorkAndWaitsForAcknowledgement"}
{"Time":"2026-09-11T14:27:05.247660081-07:00","Action":"output","Package":"github.com/JDinSeattle/forge-runtime/internal/runtime","Test":"TestBudgetStopsBeforeNewWorkAndWaitsForAcknowledgement","Output":"=== RUN   TestBudgetStopsBeforeNewWorkAndWaitsForAcknowledgement\n"}
{"Time":"2026-09-11T14:27:05.247705712-07:00","Action":"output","Package":"github.com/JDinSeattle/forge-runtime/internal/runtime","Test":"TestBudgetStopsBeforeNewWorkAndWaitsForAcknowledgement","Output":"--- PASS: TestBudgetStopsBeforeNewWorkAndWaitsForAcknowledgement (0.00s)\n"}
{"Time":"2026-09-11T14:27:05.247769816-07:00","Action":"pass","Package":"github.com/JDinSeattle/forge-runtime/internal/runtime","Test":"TestBudgetStopsBeforeNewWorkAndWaitsForAcknowledgement","Elapsed":0}
{"Time":"2026-09-11T14:27:05.247818549-07:00","Action":"run","Package":"github.com/JDinSeattle/forge-runtime/internal/runtime","Test":"TestReducerOutputsDoNotAliasPersistedInputOrEvent"}
{"Time":"2026-09-11T14:27:05.247823497-07:00","Action":"output","Package":"github.com/JDinSeattle/forge-runtime/internal/runtime","Test":"TestReducerOutputsDoNotAliasPersistedInputOrEvent","Output":"=== RUN   TestReducerOutputsDoNotAliasPersistedInputOrEvent\n"}
{"Time":"2026-09-11T14:27:05.247878781-07:00","Action":"output","Package":"github.com/JDinSeattle/forge-runtime/cmd/forge","Test":"TestSubmitUncertaintyRetainsKeyWithoutAutomaticReplay","Output":"--- PASS: TestSubmitUncertaintyRetainsKeyWithoutAutomaticReplay (0.01s)\n"}
{"Time":"2026-09-11T14:27:05.247899278-07:00","Action":"pass","Package":"github.com/JDinSeattle/forge-runtime/cmd/forge","Test":"TestSubmitUncertaintyRetainsKeyWithoutAutomaticReplay","Elapsed":0.01}
{"Time":"2026-09-11T14:27:05.24793293-07:00","Action":"run","Package":"github.com/JDinSeattle/forge-runtime/cmd/forge","Test":"TestExplicitIdempotencyKeyBindsBody"}
{"Time":"2026-09-11T14:27:05.247939021-07:00","Action":"output","Package":"github.com/JDinSeattle/forge-runtime/cmd/forge","Test":"TestExplicitIdempotencyKeyBindsBody","Output":"=== RUN   TestExplicitIdempotencyKeyBindsBody\n"}
{"Time":"2026-09-11T14:27:05.248610256-07:00","Action":"output","Package":"github.com/JDinSeattle/forge-runtime/internal/runtime","Test":"TestReducerOutputsDoNotAliasPersistedInputOrEvent","Output":"--- PASS: TestReducerOutputsDoNotAliasPersistedInputOrEvent (0.00s)\n"}
{"Time":"2026-09-11T14:27:05.248625502-07:00","Action":"pass","Package":"github.com/JDinSeattle/forge-runtime/internal/runtime","Test":"TestReducerOutputsDoNotAliasPersistedInputOrEvent","Elapsed":0}
{"Time":"2026-09-11T14:27:05.248645543-07:00","Action":"run","Package":"github.com/JDinSeattle/forge-runtime/internal/runtime","Test":"TestMalformedSnapshotsFailClosedBeforeCommands"}
{"Time":"2026-09-11T14:27:05.248648071-07:00","Action":"output","Package":"github.com/JDinSeattle/forge-runtime/internal/runtime","Test":"TestMalformedSnapshotsFailClosedBeforeCommands","Output":"=== RUN   TestMalformedSnapshotsFailClosedBeforeCommands\n"}
{"Time":"2026-09-11T14:27:05.248691172-07:00","Action":"run","Package":"github.com/JDinSeattle/forge-runtime/internal/runtime","Test":"TestMalformedSnapshotsFailClosedBeforeCommands/nonterminal_stopped_stage"}
{"Time":"2026-09-11T14:27:05.24869447-07:00","Action":"output","Package":"github.com/JDinSeattle/forge-runtime/internal/runtime","Test":"TestMalformedSnapshotsFailClosedBeforeCommands/nonterminal_stopped_stage","Output":"=== RUN   TestMalformedSnapshotsFailClosedBeforeCommands/nonterminal_stopped_stage\n"}
{"Time":"2026-09-11T14:27:05.248923128-07:00","Action":"output","Package":"github.com/JDinSeattle/forge-runtime/internal/runtime","Test":"TestMalformedSnapshotsFailClosedBeforeCommands/nonterminal_stopped_stage","Output":"--- PASS: TestMalformedSnapshotsFailClosedBeforeCommands/nonterminal_stopped_stage (0.00s)\n"}
{"Time":"2026-09-11T14:27:05.248948826-07:00","Action":"pass","Package":"github.com/JDinSeattle/forge-runtime/internal/runtime","Test":"TestMalformedSnapshotsFailClosedBeforeCommands/nonterminal_stopped_stage","Elapsed":0}
{"Time":"2026-09-11T14:27:05.248957755-07:00","Action":"run","Package":"github.com/JDinSeattle/forge-runtime/internal/runtime","Test":"TestMalformedSnapshotsFailClosedBeforeCommands/running_without_authority"}
{"Time":"2026-09-11T14:27:05.248962753-07:00","Action":"output","Package":"github.com/JDinSeattle/forge-runtime/internal/runtime","Test":"TestMalformedSnapshotsFailClosedBeforeCommands/running_without_authority","Output":"=== RUN   TestMalformedSnapshotsFailClosedBeforeCommands/running_without_authority\n"}
{"Time":"2026-09-11T14:27:05.249116685-07:00","Action":"output","Package":"github.com/JDinSeattle/forge-runtime/internal/runtime","Test":"TestMalformedSnapshotsFailClosedBeforeCommands/running_without_authority","Output":"--- PASS: TestMalformedSnapshotsFailClosedBeforeCommands/running_without_authority (0.00s)\n"}
{"Time":"2026-09-11T14:27:05.249126464-07:00","Action":"pass","Package":"github.com/JDinSeattle/forge-runtime/internal/runtime","Test":"TestMalformedSnapshotsFailClosedBeforeCommands/running_without_authority","Elapsed":0}
{"Time":"2026-09-11T14:27:05.249143718-07:00","Action":"run","Package":"github.com/JDinSeattle/forge-runtime/internal/runtime","Test":"TestMalformedSnapshotsFailClosedBeforeCommands/reconciliation_at_executable_stage"}
{"Time":"2026-09-11T14:27:05.249150081-07:00","Action":"output","Package":"github.com/JDinSeattle/forge-runtime/internal/runtime","Test":"TestMalformedSnapshotsFailClosedBeforeCommands/reconciliation_at_executable_stage","Output":"=== RUN   TestMalformedSnapshotsFailClosedBeforeCommands/reconciliation_at_executable_stage\n"}
{"Time":"2026-09-11T14:27:05.249223575-07:00","Action":"output","Package":"github.com/JDinSeattle/forge-runtime/internal/telemetry","Test":"TestHTTPMiddlewarePreservesFlushErrorAfterRequestCancellation","Output":"--- PASS: TestHTTPMiddlewarePreservesFlushErrorAfterRequestCancellation (0.00s)\n"}
{"Time":"2026-09-11T14:27:05.249233711-07:00","Action":"pass","Package":"github.com/JDinSeattle/forge-runtime/internal/telemetry","Test":"TestHTTPMiddlewarePreservesFlushErrorAfterRequestCancellation","Elapsed":0}
{"Time":"2026-09-11T14:27:05.249249666-07:00","Action":"run","Package":"github.com/JDinSeattle/forge-runtime/internal/telemetry","Test":"TestHTTPMiddlewarePlainResponseWriterDoesNotInventFlushing"}
{"Time":"2026-09-11T14:27:05.249252005-07:00","Action":"output","Package":"github.com/JDinSeattle/forge-runtime/internal/telemetry","Test":"TestHTTPMiddlewarePlainResponseWriterDoesNotInventFlushing","Output":"=== RUN   TestHTTPMiddlewarePlainResponseWriterDoesNotInventFlushing\n"}
{"Time":"2026-09-11T14:27:05.249288392-07:00","Action":"output","Package":"github.com/JDinSeattle/forge-runtime/internal/runtime","Test":"TestMalformedSnapshotsFailClosedBeforeCommands/reconciliation_at_executable_stage","Output":"--- PASS: TestMalformedSnapshotsFailClosedBeforeCommands/reconciliation_at_executable_stage (0.00s)\n"}
{"Time":"2026-09-11T14:27:05.249298225-07:00","Action":"pass","Package":"github.com/JDinSeattle/forge-runtime/internal/runtime","Test":"TestMalformedSnapshotsFailClosedBeforeCommands/reconciliation_at_executable_stage","Elapsed":0}
{"Time":"2026-09-11T14:27:05.249324568-07:00","Action":"run","Package":"github.com/JDinSeattle/forge-runtime/internal/runtime","Test":"TestMalformedSnapshotsFailClosedBeforeCommands/approval_without_effect"}
{"Time":"2026-09-11T14:27:05.249329314-07:00","Action":"output","Package":"github.com/JDinSeattle/forge-runtime/internal/runtime","Test":"TestMalformedSnapshotsFailClosedBeforeCommands/approval_without_effect","Output":"=== RUN   TestMalformedSnapshotsFailClosedBeforeCommands/approval_without_effect\n"}
{"Time":"2026-09-11T14:27:05.249517127-07:00","Action":"output","Package":"github.com/JDinSeattle/forge-runtime/internal/runtime","Test":"TestMalformedSnapshotsFailClosedBeforeCommands/approval_without_effect","Output":"--- PASS: TestMalformedSnapshotsFailClosedBeforeCommands/approval_without_effect (0.00s)\n"}
{"Time":"2026-09-11T14:27:05.249527973-07:00","Action":"pass","Package":"github.com/JDinSeattle/forge-runtime/internal/runtime","Test":"TestMalformedSnapshotsFailClosedBeforeCommands/approval_without_effect","Elapsed":0}
{"Time":"2026-09-11T14:27:05.249537344-07:00","Action":"run","Package":"github.com/JDinSeattle/forge-runtime/internal/runtime","Test":"TestMalformedSnapshotsFailClosedBeforeCommands/unknown_snapshot_schema"}
{"Time":"2026-09-11T14:27:05.249540863-07:00","Action":"output","Package":"github.com/JDinSeattle/forge-runtime/internal/runtime","Test":"TestMalformedSnapshotsFailClosedBeforeCommands/unknown_snapshot_schema","Output":"=== RUN   TestMalformedSnapshotsFailClosedBeforeCommands/unknown_snapshot_schema\n"}
{"Time":"2026-09-11T14:27:05.249701976-07:00","Action":"output","Package":"github.com/JDinSeattle/forge-runtime/internal/runtime","Test":"TestMalformedSnapshotsFailClosedBeforeCommands/unknown_snapshot_schema","Output":"--- PASS: TestMalformedSnapshotsFailClosedBeforeCommands/unknown_snapshot_schema (0.00s)\n"}
{"Time":"2026-09-11T14:27:05.249709843-07:00","Action":"pass","Package":"github.com/JDinSeattle/forge-runtime/internal/runtime","Test":"TestMalformedSnapshotsFailClosedBeforeCommands/unknown_snapshot_schema","Elapsed":0}
{"Time":"2026-09-11T14:27:05.249726814-07:00","Action":"run","Package":"github.com/JDinSeattle/forge-runtime/internal/runtime","Test":"TestMalformedSnapshotsFailClosedBeforeCommands/nonterminal_stop_target"}
{"Time":"2026-09-11T14:27:05.249731836-07:00","Action":"output","Package":"github.com/JDinSeattle/forge-runtime/internal/runtime","Test":"TestMalformedSnapshotsFailClosedBeforeCommands/nonterminal_stop_target","Output":"=== RUN   TestMalformedSnapshotsFailClosedBeforeCommands/nonterminal_stop_target\n"}
{"Time":"2026-09-11T14:27:05.24987351-07:00","Action":"output","Package":"github.com/JDinSeattle/forge-runtime/internal/runtime","Test":"TestMalformedSnapshotsFailClosedBeforeCommands/nonterminal_stop_target","Output":"--- PASS: TestMalformedSnapshotsFailClosedBeforeCommands/nonterminal_stop_target (0.00s)\n"}
{"Time":"2026-09-11T14:27:05.249888346-07:00","Action":"pass","Package":"github.com/JDinSeattle/forge-runtime/internal/runtime","Test":"TestMalformedSnapshotsFailClosedBeforeCommands/nonterminal_stop_target","Elapsed":0}
{"Time":"2026-09-11T14:27:05.250243541-07:00","Action":"output","Package":"github.com/JDinSeattle/forge-runtime/internal/runtime","Test":"TestMalformedSnapshotsFailClosedBeforeCommands","Output":"--- PASS: TestMalformedSnapshotsFailClosedBeforeCommands (0.00s)\n"}
{"Time":"2026-09-11T14:27:05.250256563-07:00","Action":"pass","Package":"github.com/JDinSeattle/forge-runtime/internal/runtime","Test":"TestMalformedSnapshotsFailClosedBeforeCommands","Elapsed":0}
{"Time":"2026-09-11T14:27:05.250267438-07:00","Action":"output","Package":"github.com/JDinSeattle/forge-runtime/internal/sandbox","Test":"TestCreatedDockerCancellationRequiresDurableNoDispatchProof/true","Output":"--- PASS: TestCreatedDockerCancellationRequiresDurableNoDispatchProof/true (0.00s)\n"}
{"Time":"2026-09-11T14:27:05.250272288-07:00","Action":"pass","Package":"github.com/JDinSeattle/forge-runtime/internal/sandbox","Test":"TestCreatedDockerCancellationRequiresDurableNoDispatchProof/true","Elapsed":0}
{"Time":"2026-09-11T14:27:05.250294914-07:00","Action":"output","Package":"github.com/JDinSeattle/forge-runtime/internal/sandbox","Test":"TestCreatedDockerCancellationRequiresDurableNoDispatchProof","Output":"--- PASS: TestCreatedDockerCancellationRequiresDurableNoDispatchProof (0.00s)\n"}
{"Time":"2026-09-11T14:27:05.250302805-07:00","Action":"pass","Package":"github.com/JDinSeattle/forge-runtime/internal/sandbox","Test":"TestCreatedDockerCancellationRequiresDurableNoDispatchProof","Elapsed":0}
{"Time":"2026-09-11T14:27:05.250309417-07:00","Action":"run","Package":"github.com/JDinSeattle/forge-runtime/internal/runtime","Test":"FuzzTerminalIsMonotonic"}
{"Time":"2026-09-11T14:27:05.25031287-07:00","Action":"output","Package":"github.com/JDinSeattle/forge-runtime/internal/runtime","Test":"FuzzTerminalIsMonotonic","Output":"=== RUN   FuzzTerminalIsMonotonic\n"}
{"Time":"2026-09-11T14:27:05.250318073-07:00","Action":"run","Package":"github.com/JDinSeattle/forge-runtime/internal/sandbox","Test":"TestOrdinaryDirectoryIsNotAQuota"}
{"Time":"2026-09-11T14:27:05.250321803-07:00","Action":"output","Package":"github.com/JDinSeattle/forge-runtime/internal/sandbox","Test":"TestOrdinaryDirectoryIsNotAQuota","Output":"=== RUN   TestOrdinaryDirectoryIsNotAQuota\n"}
{"Time":"2026-09-11T14:27:05.250370276-07:00","Action":"run","Package":"github.com/JDinSeattle/forge-runtime/internal/runtime","Test":"FuzzTerminalIsMonotonic/seed#0"}
{"Time":"2026-09-11T14:27:05.250384867-07:00","Action":"output","Package":"github.com/JDinSeattle/forge-runtime/internal/runtime","Test":"FuzzTerminalIsMonotonic/seed#0","Output":"=== RUN   FuzzTerminalIsMonotonic/seed#0\n"}
{"Time":"2026-09-11T14:27:05.250440782-07:00","Action":"output","Package":"github.com/JDinSeattle/forge-runtime/internal/sandbox","Test":"TestOrdinaryDirectoryIsNotAQuota","Output":"--- PASS: TestOrdinaryDirectoryIsNotAQuota (0.00s)\n"}
{"Time":"2026-09-11T14:27:05.250448296-07:00","Action":"pass","Package":"github.com/JDinSeattle/forge-runtime/internal/sandbox","Test":"TestOrdinaryDirectoryIsNotAQuota","Elapsed":0}
{"Time":"2026-09-11T14:27:05.250457362-07:00","Action":"output","Package":"github.com/JDinSeattle/forge-runtime/internal/sandbox","Output":"PASS\n"}
{"Time":"2026-09-11T14:27:05.250487242-07:00","Action":"output","Package":"github.com/JDinSeattle/forge-runtime/internal/runtime","Test":"FuzzTerminalIsMonotonic/seed#0","Output":"--- PASS: FuzzTerminalIsMonotonic/seed#0 (0.00s)\n"}
{"Time":"2026-09-11T14:27:05.25049343-07:00","Action":"pass","Package":"github.com/JDinSeattle/forge-runtime/internal/runtime","Test":"FuzzTerminalIsMonotonic/seed#0","Elapsed":0}
{"Time":"2026-09-11T14:27:05.250510397-07:00","Action":"run","Package":"github.com/JDinSeattle/forge-runtime/internal/runtime","Test":"FuzzTerminalIsMonotonic/seed#1"}
{"Time":"2026-09-11T14:27:05.250515003-07:00","Action":"output","Package":"github.com/JDinSeattle/forge-runtime/internal/runtime","Test":"FuzzTerminalIsMonotonic/seed#1","Output":"=== RUN   FuzzTerminalIsMonotonic/seed#1\n"}
{"Time":"2026-09-11T14:27:05.250593846-07:00","Action":"output","Package":"github.com/JDinSeattle/forge-runtime/internal/runtime","Test":"FuzzTerminalIsMonotonic/seed#1","Output":"--- PASS: FuzzTerminalIsMonotonic/seed#1 (0.00s)\n"}
{"Time":"2026-09-11T14:27:05.250600329-07:00","Action":"pass","Package":"github.com/JDinSeattle/forge-runtime/internal/runtime","Test":"FuzzTerminalIsMonotonic/seed#1","Elapsed":0}
{"Time":"2026-09-11T14:27:05.250611828-07:00","Action":"output","Package":"github.com/JDinSeattle/forge-runtime/internal/runtime","Test":"FuzzTerminalIsMonotonic","Output":"--- PASS: FuzzTerminalIsMonotonic (0.00s)\n"}
{"Time":"2026-09-11T14:27:05.250617501-07:00","Action":"pass","Package":"github.com/JDinSeattle/forge-runtime/internal/runtime","Test":"FuzzTerminalIsMonotonic","Elapsed":0}
{"Time":"2026-09-11T14:27:05.250622386-07:00","Action":"run","Package":"github.com/JDinSeattle/forge-runtime/internal/runtime","Test":"FuzzMalformedSnapshotCannotPanic"}
{"Time":"2026-09-11T14:27:05.250625891-07:00","Action":"output","Package":"github.com/JDinSeattle/forge-runtime/internal/runtime","Test":"FuzzMalformedSnapshotCannotPanic","Output":"=== RUN   FuzzMalformedSnapshotCannotPanic\n"}
{"Time":"2026-09-11T14:27:05.250727731-07:00","Action":"run","Package":"github.com/JDinSeattle/forge-runtime/internal/runtime","Test":"FuzzMalformedSnapshotCannotPanic/seed#0"}
{"Time":"2026-09-11T14:27:05.250739888-07:00","Action":"output","Package":"github.com/JDinSeattle/forge-runtime/internal/runtime","Test":"FuzzMalformedSnapshotCannotPanic/seed#0","Output":"=== RUN   FuzzMalformedSnapshotCannotPanic/seed#0\n"}
{"Time":"2026-09-11T14:27:05.250845412-07:00","Action":"output","Package":"github.com/JDinSeattle/forge-runtime/internal/runtime","Test":"FuzzMalformedSnapshotCannotPanic/seed#0","Output":"--- PASS: FuzzMalformedSnapshotCannotPanic/seed#0 (0.00s)\n"}
{"Time":"2026-09-11T14:27:05.250848589-07:00","Action":"pass","Package":"github.com/JDinSeattle/forge-runtime/internal/runtime","Test":"FuzzMalformedSnapshotCannotPanic/seed#0","Elapsed":0}
{"Time":"2026-09-11T14:27:05.250862236-07:00","Action":"run","Package":"github.com/JDinSeattle/forge-runtime/internal/runtime","Test":"FuzzMalformedSnapshotCannotPanic/seed#1"}
{"Time":"2026-09-11T14:27:05.2508643-07:00","Action":"output","Package":"github.com/JDinSeattle/forge-runtime/internal/runtime","Test":"FuzzMalformedSnapshotCannotPanic/seed#1","Output":"=== RUN   FuzzMalformedSnapshotCannotPanic/seed#1\n"}
{"Time":"2026-09-11T14:27:05.250916035-07:00","Action":"output","Package":"github.com/JDinSeattle/forge-runtime/internal/runtime","Test":"FuzzMalformedSnapshotCannotPanic/seed#1","Output":"--- PASS: FuzzMalformedSnapshotCannotPanic/seed#1 (0.00s)\n"}
{"Time":"2026-09-11T14:27:05.250921992-07:00","Action":"pass","Package":"github.com/JDinSeattle/forge-runtime/internal/runtime","Test":"FuzzMalformedSnapshotCannotPanic/seed#1","Elapsed":0}
{"Time":"2026-09-11T14:27:05.250932865-07:00","Action":"run","Package":"github.com/JDinSeattle/forge-runtime/internal/runtime","Test":"FuzzMalformedSnapshotCannotPanic/seed#2"}
{"Time":"2026-09-11T14:27:05.250935151-07:00","Action":"output","Package":"github.com/JDinSeattle/forge-runtime/internal/runtime","Test":"FuzzMalformedSnapshotCannotPanic/seed#2","Output":"=== RUN   FuzzMalformedSnapshotCannotPanic/seed#2\n"}
{"Time":"2026-09-11T14:27:05.251028496-07:00","Action":"output","Package":"github.com/JDinSeattle/forge-runtime/internal/runtime","Test":"FuzzMalformedSnapshotCannotPanic/seed#2","Output":"--- PASS: FuzzMalformedSnapshotCannotPanic/seed#2 (0.00s)\n"}
{"Time":"2026-09-11T14:27:05.251036929-07:00","Action":"pass","Package":"github.com/JDinSeattle/forge-runtime/internal/runtime","Test":"FuzzMalformedSnapshotCannotPanic/seed#2","Elapsed":0}
{"Time":"2026-09-11T14:27:05.251041856-07:00","Action":"output","Package":"github.com/JDinSeattle/forge-runtime/internal/runtime","Test":"FuzzMalformedSnapshotCannotPanic","Output":"--- PASS: FuzzMalformedSnapshotCannotPanic (0.00s)\n"}
{"Time":"2026-09-11T14:27:05.251045528-07:00","Action":"pass","Package":"github.com/JDinSeattle/forge-runtime/internal/runtime","Test":"FuzzMalformedSnapshotCannotPanic","Elapsed":0}
{"Time":"2026-09-11T14:27:05.251052014-07:00","Action":"output","Package":"github.com/JDinSeattle/forge-runtime/internal/runtime","Output":"PASS\n"}
{"Time":"2026-09-11T14:27:05.251063948-07:00","Action":"output","Package":"github.com/JDinSeattle/forge-runtime/internal/telemetry","Test":"TestHTTPMiddlewarePlainResponseWriterDoesNotInventFlushing","Output":"--- PASS: TestHTTPMiddlewarePlainResponseWriterDoesNotInventFlushing (0.00s)\n"}
{"Time":"2026-09-11T14:27:05.251069535-07:00","Action":"pass","Package":"github.com/JDinSeattle/forge-runtime/internal/telemetry","Test":"TestHTTPMiddlewarePlainResponseWriterDoesNotInventFlushing","Elapsed":0}
{"Time":"2026-09-11T14:27:05.251097499-07:00","Action":"run","Package":"github.com/JDinSeattle/forge-runtime/internal/telemetry","Test":"TestHTTPMiddlewareKeepsExistingWriterCapabilities"}
{"Time":"2026-09-11T14:27:05.251109807-07:00","Action":"output","Package":"github.com/JDinSeattle/forge-runtime/internal/telemetry","Test":"TestHTTPMiddlewareKeepsExistingWriterCapabilities","Output":"=== RUN   TestHTTPMiddlewareKeepsExistingWriterCapabilities\n"}
{"Time":"2026-09-11T14:27:05.251119685-07:00","Action":"run","Package":"github.com/JDinSeattle/forge-runtime/internal/telemetry","Test":"TestHTTPMiddlewareKeepsExistingWriterCapabilities/1"}
{"Time":"2026-09-11T14:27:05.251124004-07:00","Action":"output","Package":"github.com/JDinSeattle/forge-runtime/internal/telemetry","Test":"TestHTTPMiddlewareKeepsExistingWriterCapabilities/1","Output":"=== RUN   TestHTTPMiddlewareKeepsExistingWriterCapabilities/1\n"}
{"Time":"2026-09-11T14:27:05.251938341-07:00","Action":"output","Package":"github.com/JDinSeattle/forge-runtime/internal/httpapi","Test":"TestReadinessClassifiesActualDatabaseTransportLoss","Output":"--- PASS: TestReadinessClassifiesActualDatabaseTransportLoss (0.00s)\n"}
{"Time":"2026-09-11T14:27:05.251961542-07:00","Action":"pass","Package":"github.com/JDinSeattle/forge-runtime/internal/httpapi","Test":"TestReadinessClassifiesActualDatabaseTransportLoss","Elapsed":0}
{"Time":"2026-09-11T14:27:05.251968641-07:00","Action":"run","Package":"github.com/JDinSeattle/forge-runtime/internal/httpapi","Test":"TestSSESurvivesIndependentDatabaseDeadline"}
{"Time":"2026-09-11T14:27:05.251972194-07:00","Action":"output","Package":"github.com/JDinSeattle/forge-runtime/internal/httpapi","Test":"TestSSESurvivesIndependentDatabaseDeadline","Output":"=== RUN   TestSSESurvivesIndependentDatabaseDeadline\n"}
{"Time":"2026-09-11T14:27:05.253755311-07:00","Action":"output","Package":"github.com/JDinSeattle/forge-runtime/internal/telemetry","Test":"TestHTTPMiddlewareKeepsExistingWriterCapabilities/1","Output":"--- PASS: TestHTTPMiddlewareKeepsExistingWriterCapabilities/1 (0.00s)\n"}
{"Time":"2026-09-11T14:27:05.253789574-07:00","Action":"pass","Package":"github.com/JDinSeattle/forge-runtime/internal/telemetry","Test":"TestHTTPMiddlewareKeepsExistingWriterCapabilities/1","Elapsed":0}
{"Time":"2026-09-11T14:27:05.253797622-07:00","Action":"run","Package":"github.com/JDinSeattle/forge-runtime/internal/telemetry","Test":"TestHTTPMiddlewareKeepsExistingWriterCapabilities/2"}
{"Time":"2026-09-11T14:27:05.253800734-07:00","Action":"output","Package":"github.com/JDinSeattle/forge-runtime/internal/telemetry","Test":"TestHTTPMiddlewareKeepsExistingWriterCapabilities/2","Output":"=== RUN   TestHTTPMiddlewareKeepsExistingWriterCapabilities/2\n"}
{"Time":"2026-09-11T14:27:05.254675714-07:00","Action":"output","Package":"github.com/JDinSeattle/forge-runtime/cmd/forge","Test":"TestExplicitIdempotencyKeyBindsBody","Output":"--- PASS: TestExplicitIdempotencyKeyBindsBody (0.01s)\n"}
{"Time":"2026-09-11T14:27:05.254701233-07:00","Action":"pass","Package":"github.com/JDinSeattle/forge-runtime/cmd/forge","Test":"TestExplicitIdempotencyKeyBindsBody","Elapsed":0.01}
{"Time":"2026-09-11T14:27:05.254729044-07:00","Action":"run","Package":"github.com/JDinSeattle/forge-runtime/cmd/forge","Test":"TestWatchReconnectDeduplicatesAndStopsAtFinished"}
{"Time":"2026-09-11T14:27:05.254742527-07:00","Action":"output","Package":"github.com/JDinSeattle/forge-runtime/cmd/forge","Test":"TestWatchReconnectDeduplicatesAndStopsAtFinished","Output":"=== RUN   TestWatchReconnectDeduplicatesAndStopsAtFinished\n"}
{"Time":"2026-09-11T14:27:05.255579061-07:00","Action":"run","Package":"github.com/JDinSeattle/forge-runtime/internal/provider","Test":"TestOpenAIResponsesContractAndNativeContinuation"}
{"Time":"2026-09-11T14:27:05.255597043-07:00","Action":"output","Package":"github.com/JDinSeattle/forge-runtime/internal/provider","Test":"TestOpenAIResponsesContractAndNativeContinuation","Output":"=== RUN   TestOpenAIResponsesContractAndNativeContinuation\n"}
{"Time":"2026-09-11T14:27:05.256432493-07:00","Action":"output","Package":"github.com/JDinSeattle/forge-runtime/internal/telemetry","Test":"TestHTTPMiddlewareKeepsExistingWriterCapabilities/2","Output":"--- PASS: TestHTTPMiddlewareKeepsExistingWriterCapabilities/2 (0.00s)\n"}
{"Time":"2026-09-11T14:27:05.256450489-07:00","Action":"pass","Package":"github.com/JDinSeattle/forge-runtime/internal/telemetry","Test":"TestHTTPMiddlewareKeepsExistingWriterCapabilities/2","Elapsed":0}
{"Time":"2026-09-11T14:27:05.256455876-07:00","Action":"output","Package":"github.com/JDinSeattle/forge-runtime/internal/telemetry","Test":"TestHTTPMiddlewareKeepsExistingWriterCapabilities","Output":"--- PASS: TestHTTPMiddlewareKeepsExistingWriterCapabilities (0.01s)\n"}
{"Time":"2026-09-11T14:27:05.256458568-07:00","Action":"pass","Package":"github.com/JDinSeattle/forge-runtime/internal/telemetry","Test":"TestHTTPMiddlewareKeepsExistingWriterCapabilities","Elapsed":0.01}
{"Time":"2026-09-11T14:27:05.256462361-07:00","Action":"run","Package":"github.com/JDinSeattle/forge-runtime/internal/telemetry","Test":"TestQueueTraceContinuityAndSSEWriter"}
{"Time":"2026-09-11T14:27:05.256464577-07:00","Action":"output","Package":"github.com/JDinSeattle/forge-runtime/internal/telemetry","Test":"TestQueueTraceContinuityAndSSEWriter","Output":"=== RUN   TestQueueTraceContinuityAndSSEWriter\n"}
{"Time":"2026-09-11T14:27:05.256461189-07:00","Action":"run","Package":"github.com/JDinSeattle/forge-runtime/tests/client","Test":"TestSchemaMatchesActualGoWireModelsAndGeneratedTypes"}
{"Time":"2026-09-11T14:27:05.256481253-07:00","Action":"output","Package":"github.com/JDinSeattle/forge-runtime/tests/client","Test":"TestSchemaMatchesActualGoWireModelsAndGeneratedTypes","Output":"=== RUN   TestSchemaMatchesActualGoWireModelsAndGeneratedTypes\n"}
{"Time":"2026-09-11T14:27:05.256746754-07:00","Action":"output","Package":"github.com/JDinSeattle/forge-runtime/cmd/forge","Test":"TestWatchReconnectDeduplicatesAndStopsAtFinished","Output":"--- PASS: TestWatchReconnectDeduplicatesAndStopsAtFinished (0.00s)\n"}
{"Time":"2026-09-11T14:27:05.256761703-07:00","Action":"pass","Package":"github.com/JDinSeattle/forge-runtime/cmd/forge","Test":"TestWatchReconnectDeduplicatesAndStopsAtFinished","Elapsed":0}
{"Time":"2026-09-11T14:27:05.256770644-07:00","Action":"run","Package":"github.com/JDinSeattle/forge-runtime/cmd/forge","Test":"TestWatchExpiredCursorFetchesSnapshot"}
{"Time":"2026-09-11T14:27:05.256774037-07:00","Action":"output","Package":"github.com/JDinSeattle/forge-runtime/cmd/forge","Test":"TestWatchExpiredCursorFetchesSnapshot","Output":"=== RUN   TestWatchExpiredCursorFetchesSnapshot\n"}
{"Time":"2026-09-11T14:27:05.258257369-07:00","Action":"output","Package":"github.com/JDinSeattle/forge-runtime/internal/retention","Test":"TestJournalReferenceReaderProtectsOldReceiptsAndNewPinsFailsClosed","Output":"--- PASS: TestJournalReferenceReaderProtectsOldReceiptsAndNewPinsFailsClosed (0.01s)\n"}
{"Time":"2026-09-11T14:27:05.258281424-07:00","Action":"pass","Package":"github.com/JDinSeattle/forge-runtime/internal/retention","Test":"TestJournalReferenceReaderProtectsOldReceiptsAndNewPinsFailsClosed","Elapsed":0.01}
{"Time":"2026-09-11T14:27:05.258286136-07:00","Action":"run","Package":"github.com/JDinSeattle/forge-runtime/internal/retention","Test":"TestCrossStoreOrphanCollectionPublicationRaces"}
{"Time":"2026-09-11T14:27:05.25829349-07:00","Action":"output","Package":"github.com/JDinSeattle/forge-runtime/internal/retention","Test":"TestCrossStoreOrphanCollectionPublicationRaces","Output":"=== RUN   TestCrossStoreOrphanCollectionPublicationRaces\n"}
{"Time":"2026-09-11T14:27:05.258638518-07:00","Action":"run","Package":"github.com/JDinSeattle/forge-runtime/internal/application","Test":"TestPrepareCapacityRequeuesAtomically"}
{"Time":"2026-09-11T14:27:05.258660999-07:00","Action":"output","Package":"github.com/JDinSeattle/forge-runtime/internal/application","Test":"TestPrepareCapacityRequeuesAtomically","Output":"=== RUN   TestPrepareCapacityRequeuesAtomically\n"}
{"Time":"2026-09-11T14:27:05.259014235-07:00","Action":"run","Package":"github.com/JDinSeattle/forge-runtime/tests/review","Test":"TestReviewFixedRunnerClaimAndTakeoverRemainOnAssignedTransport"}
{"Time":"2026-09-11T14:27:05.259029461-07:00","Action":"output","Package":"github.com/JDinSeattle/forge-runtime/tests/review","Test":"TestReviewFixedRunnerClaimAndTakeoverRemainOnAssignedTransport","Output":"=== RUN   TestReviewFixedRunnerClaimAndTakeoverRemainOnAssignedTransport\n"}
{"Time":"2026-09-11T14:27:05.259908318-07:00","Action":"run","Package":"github.com/JDinSeattle/forge-runtime/benchmarks","Test":"TestSubmissionResponseLossEvidence"}
{"Time":"2026-09-11T14:27:05.25992896-07:00","Action":"output","Package":"github.com/JDinSeattle/forge-runtime/benchmarks","Test":"TestSubmissionResponseLossEvidence","Output":"=== RUN   TestSubmissionResponseLossEvidence\n"}
{"Time":"2026-09-11T14:27:05.259974503-07:00","Action":"output","Package":"github.com/JDinSeattle/forge-runtime/benchmarks","Test":"TestSubmissionResponseLossEvidence","Output":"    api_fault_test.go:199: set FORGE_RUN_API_FAULT=1 and FORGE_TEST_DATABASE_URL\n"}
{"Time":"2026-09-11T14:27:05.260045439-07:00","Action":"output","Package":"github.com/JDinSeattle/forge-runtime/benchmarks","Test":"TestSubmissionResponseLossEvidence","Output":"--- SKIP: TestSubmissionResponseLossEvidence (0.00s)\n"}
{"Time":"2026-09-11T14:27:05.260063287-07:00","Action":"skip","Package":"github.com/JDinSeattle/forge-runtime/benchmarks","Test":"TestSubmissionResponseLossEvidence","Elapsed":0}
{"Time":"2026-09-11T14:27:05.260070033-07:00","Action":"run","Package":"github.com/JDinSeattle/forge-runtime/benchmarks","Test":"TestSubmissionDropFixtureRequiresDurabilityAndIsScoped"}
{"Time":"2026-09-11T14:27:05.26007316-07:00","Action":"output","Package":"github.com/JDinSeattle/forge-runtime/benchmarks","Test":"TestSubmissionDropFixtureRequiresDurabilityAndIsScoped","Output":"=== RUN   TestSubmissionDropFixtureRequiresDurabilityAndIsScoped\n"}
{"Time":"2026-09-11T14:27:05.260482699-07:00","Action":"output","Package":"github.com/JDinSeattle/forge-runtime/benchmarks","Test":"TestSubmissionDropFixtureRequiresDurabilityAndIsScoped","Output":"--- PASS: TestSubmissionDropFixtureRequiresDurabilityAndIsScoped (0.00s)\n"}
{"Time":"2026-09-11T14:27:05.260493616-07:00","Action":"pass","Package":"github.com/JDinSeattle/forge-runtime/benchmarks","Test":"TestSubmissionDropFixtureRequiresDurabilityAndIsScoped","Elapsed":0}
{"Time":"2026-09-11T14:27:05.260498121-07:00","Action":"run","Package":"github.com/JDinSeattle/forge-runtime/benchmarks","Test":"TestSubmissionDropFixtureNeverLosesResponseWithoutCommitProof"}
{"Time":"2026-09-11T14:27:05.260505655-07:00","Action":"output","Package":"github.com/JDinSeattle/forge-runtime/benchmarks","Test":"TestSubmissionDropFixtureNeverLosesResponseWithoutCommitProof","Output":"=== RUN   TestSubmissionDropFixtureNeverLosesResponseWithoutCommitProof\n"}
{"Time":"2026-09-11T14:27:05.260509234-07:00","Action":"output","Package":"github.com/JDinSeattle/forge-runtime/benchmarks","Test":"TestSubmissionDropFixtureNeverLosesResponseWithoutCommitProof","Output":"--- PASS: TestSubmissionDropFixtureNeverLosesResponseWithoutCommitProof (0.00s)\n"}
{"Time":"2026-09-11T14:27:05.260512775-07:00","Action":"pass","Package":"github.com/JDinSeattle/forge-runtime/benchmarks","Test":"TestSubmissionDropFixtureNeverLosesResponseWithoutCommitProof","Elapsed":0}
{"Time":"2026-09-11T14:27:05.260521019-07:00","Action":"run","Package":"github.com/JDinSeattle/forge-runtime/benchmarks","Test":"TestSSEConnectionChurnEvidence"}
{"Time":"2026-09-11T14:27:05.26052377-07:00","Action":"output","Package":"github.com/JDinSeattle/forge-runtime/benchmarks","Test":"TestSSEConnectionChurnEvidence","Output":"=== RUN   TestSSEConnectionChurnEvidence\n"}
{"Time":"2026-09-11T14:27:05.260527102-07:00","Action":"output","Package":"github.com/JDinSeattle/forge-runtime/benchmarks","Test":"TestSSEConnectionChurnEvidence","Output":"    churn_test.go:52: set FORGE_RUN_BENCHMARK=1 and FORGE_TEST_DATABASE_URL\n"}
{"Time":"2026-09-11T14:27:05.260529806-07:00","Action":"output","Package":"github.com/JDinSeattle/forge-runtime/benchmarks","Test":"TestSSEConnectionChurnEvidence","Output":"--- SKIP: TestSSEConnectionChurnEvidence (0.00s)\n"}
{"Time":"2026-09-11T14:27:05.260532315-07:00","Action":"skip","Package":"github.com/JDinSeattle/forge-runtime/benchmarks","Test":"TestSSEConnectionChurnEvidence","Elapsed":0}
{"Time":"2026-09-11T14:27:05.260537062-07:00","Action":"run","Package":"github.com/JDinSeattle/forge-runtime/benchmarks","Test":"TestHTTPMetadataEvidence"}
{"Time":"2026-09-11T14:27:05.260540144-07:00","Action":"output","Package":"github.com/JDinSeattle/forge-runtime/benchmarks","Test":"TestHTTPMetadataEvidence","Output":"=== RUN   TestHTTPMetadataEvidence\n"}
{"Time":"2026-09-11T14:27:05.260542684-07:00","Action":"output","Package":"github.com/JDinSeattle/forge-runtime/benchmarks","Test":"TestHTTPMetadataEvidence","Output":"    http_test.go:31: opt-in fixed HTTP workload\n"}
{"Time":"2026-09-11T14:27:05.260547458-07:00","Action":"output","Package":"github.com/JDinSeattle/forge-runtime/benchmarks","Test":"TestHTTPMetadataEvidence","Output":"--- SKIP: TestHTTPMetadataEvidence (0.00s)\n"}
{"Time":"2026-09-11T14:27:05.260550012-07:00","Action":"skip","Package":"github.com/JDinSeattle/forge-runtime/benchmarks","Test":"TestHTTPMetadataEvidence","Elapsed":0}
{"Time":"2026-09-11T14:27:05.260552553-07:00","Action":"run","Package":"github.com/JDinSeattle/forge-runtime/benchmarks","Test":"TestK6MetadataEvidence"}
{"Time":"2026-09-11T14:27:05.260554734-07:00","Action":"output","Package":"github.com/JDinSeattle/forge-runtime/benchmarks","Test":"TestK6MetadataEvidence","Output":"=== RUN   TestK6MetadataEvidence\n"}
{"Time":"2026-09-11T14:27:05.260557324-07:00","Action":"output","Package":"github.com/JDinSeattle/forge-runtime/benchmarks","Test":"TestK6MetadataEvidence","Output":"    k6_test.go:22: opt-in actual k6 loopback workload\n"}
{"Time":"2026-09-11T14:27:05.260560576-07:00","Action":"output","Package":"github.com/JDinSeattle/forge-runtime/benchmarks","Test":"TestK6MetadataEvidence","Output":"--- SKIP: TestK6MetadataEvidence (0.00s)\n"}
{"Time":"2026-09-11T14:27:05.260565519-07:00","Action":"skip","Package":"github.com/JDinSeattle/forge-runtime/benchmarks","Test":"TestK6MetadataEvidence","Elapsed":0}
{"Time":"2026-09-11T14:27:05.260571086-07:00","Action":"run","Package":"github.com/JDinSeattle/forge-runtime/benchmarks","Test":"TestNativeStreamInterruptedLedgerEvidence"}
{"Time":"2026-09-11T14:27:05.260573216-07:00","Action":"output","Package":"github.com/JDinSeattle/forge-runtime/benchmarks","Test":"TestNativeStreamInterruptedLedgerEvidence","Output":"=== RUN   TestNativeStreamInterruptedLedgerEvidence\n"}
{"Time":"2026-09-11T14:27:05.260599574-07:00","Action":"output","Package":"github.com/JDinSeattle/forge-runtime/benchmarks","Test":"TestNativeStreamInterruptedLedgerEvidence","Output":"    model_stream_fault_test.go:293: set FORGE_RUN_MODEL_STREAM_FAULT=1 and FORGE_TEST_DATABASE_URL for local native HTTP/private PG acceptance\n"}
{"Time":"2026-09-11T14:27:05.260610295-07:00","Action":"output","Package":"github.com/JDinSeattle/forge-runtime/benchmarks","Test":"TestNativeStreamInterruptedLedgerEvidence","Output":"--- SKIP: TestNativeStreamInterruptedLedgerEvidence (0.00s)\n"}
{"Time":"2026-09-11T14:27:05.260613834-07:00","Action":"skip","Package":"github.com/JDinSeattle/forge-runtime/benchmarks","Test":"TestNativeStreamInterruptedLedgerEvidence","Elapsed":0}
{"Time":"2026-09-11T14:27:05.260618205-07:00","Action":"run","Package":"github.com/JDinSeattle/forge-runtime/benchmarks","Test":"TestInterruptedLedgerOracleRejectsReleasedExpense"}
{"Time":"2026-09-11T14:27:05.26062004-07:00","Action":"output","Package":"github.com/JDinSeattle/forge-runtime/benchmarks","Test":"TestInterruptedLedgerOracleRejectsReleasedExpense","Output":"=== RUN   TestInterruptedLedgerOracleRejectsReleasedExpense\n"}
{"Time":"2026-09-11T14:27:05.260626063-07:00","Action":"output","Package":"github.com/JDinSeattle/forge-runtime/cmd/forge","Test":"TestWatchExpiredCursorFetchesSnapshot","Output":"--- PASS: TestWatchExpiredCursorFetchesSnapshot (0.00s)\n"}
{"Time":"2026-09-11T14:27:05.26063661-07:00","Action":"pass","Package":"github.com/JDinSeattle/forge-runtime/cmd/forge","Test":"TestWatchExpiredCursorFetchesSnapshot","Elapsed":0}
{"Time":"2026-09-11T14:27:05.260656829-07:00","Action":"run","Package":"github.com/JDinSeattle/forge-runtime/cmd/forge","Test":"TestSSEBoundsAndPartialFrame"}
{"Time":"2026-09-11T14:27:05.260669083-07:00","Action":"output","Package":"github.com/JDinSeattle/forge-runtime/cmd/forge","Test":"TestSSEBoundsAndPartialFrame","Output":"=== RUN   TestSSEBoundsAndPartialFrame\n"}
{"Time":"2026-09-11T14:27:05.26076941-07:00","Action":"output","Package":"github.com/JDinSeattle/forge-runtime/benchmarks","Test":"TestInterruptedLedgerOracleRejectsReleasedExpense","Output":"--- PASS: TestInterruptedLedgerOracleRejectsReleasedExpense (0.00s)\n"}
{"Time":"2026-09-11T14:27:05.260775929-07:00","Action":"pass","Package":"github.com/JDinSeattle/forge-runtime/benchmarks","Test":"TestInterruptedLedgerOracleRejectsReleasedExpense","Elapsed":0}
{"Time":"2026-09-11T14:27:05.260782367-07:00","Action":"run","Package":"github.com/JDinSeattle/forge-runtime/benchmarks","Test":"TestSchedulerCompetitionEvidence"}
{"Time":"2026-09-11T14:27:05.260785122-07:00","Action":"output","Package":"github.com/JDinSeattle/forge-runtime/benchmarks","Test":"TestSchedulerCompetitionEvidence","Output":"=== RUN   TestSchedulerCompetitionEvidence\n"}
{"Time":"2026-09-11T14:27:05.260806345-07:00","Action":"output","Package":"github.com/JDinSeattle/forge-runtime/benchmarks","Test":"TestSchedulerCompetitionEvidence","Output":"    scheduler_test.go:66: set FORGE_RUN_BENCHMARK=1 and FORGE_TEST_DATABASE_URL for scoped benchmark\n"}
{"Time":"2026-09-11T14:27:05.260824704-07:00","Action":"output","Package":"github.com/JDinSeattle/forge-runtime/benchmarks","Test":"TestSchedulerCompetitionEvidence","Output":"--- SKIP: TestSchedulerCompetitionEvidence (0.00s)\n"}
{"Time":"2026-09-11T14:27:05.260831272-07:00","Action":"skip","Package":"github.com/JDinSeattle/forge-runtime/benchmarks","Test":"TestSchedulerCompetitionEvidence","Elapsed":0}
{"Time":"2026-09-11T14:27:05.260835869-07:00","Action":"run","Package":"github.com/JDinSeattle/forge-runtime/benchmarks","Test":"TestSSEP02IsolationEvidence"}
{"Time":"2026-09-11T14:27:05.260839777-07:00","Action":"output","Package":"github.com/JDinSeattle/forge-runtime/benchmarks","Test":"TestSSEP02IsolationEvidence","Output":"=== RUN   TestSSEP02IsolationEvidence\n"}
{"Time":"2026-09-11T14:27:05.260859461-07:00","Action":"output","Package":"github.com/JDinSeattle/forge-runtime/benchmarks","Test":"TestSSEP02IsolationEvidence","Output":"    sse_p02_test.go:247: set FORGE_RUN_P02_SSE=1 and FORGE_TEST_DATABASE_URL\n"}
{"Time":"2026-09-11T14:27:05.260871752-07:00","Action":"output","Package":"github.com/JDinSeattle/forge-runtime/benchmarks","Test":"TestSSEP02IsolationEvidence","Output":"--- SKIP: TestSSEP02IsolationEvidence (0.00s)\n"}
{"Time":"2026-09-11T14:27:05.260875624-07:00","Action":"skip","Package":"github.com/JDinSeattle/forge-runtime/benchmarks","Test":"TestSSEP02IsolationEvidence","Elapsed":0}
{"Time":"2026-09-11T14:27:05.260880745-07:00","Action":"run","Package":"github.com/JDinSeattle/forge-runtime/benchmarks","Test":"TestSSESustainedChurnEvidence"}
{"Time":"2026-09-11T14:27:05.260888288-07:00","Action":"output","Package":"github.com/JDinSeattle/forge-runtime/benchmarks","Test":"TestSSESustainedChurnEvidence","Output":"=== RUN   TestSSESustainedChurnEvidence\n"}
{"Time":"2026-09-11T14:27:05.260920814-07:00","Action":"output","Package":"github.com/JDinSeattle/forge-runtime/benchmarks","Test":"TestSSESustainedChurnEvidence","Output":"    sse_plateau_test.go:36: set FORGE_RUN_SUSTAINED_SSE=1 and FORGE_TEST_DATABASE_URL\n"}
{"Time":"2026-09-11T14:27:05.260933397-07:00","Action":"output","Package":"github.com/JDinSeattle/forge-runtime/benchmarks","Test":"TestSSESustainedChurnEvidence","Output":"--- SKIP: TestSSESustainedChurnEvidence (0.00s)\n"}
{"Time":"2026-09-11T14:27:05.260939463-07:00","Action":"skip","Package":"github.com/JDinSeattle/forge-runtime/benchmarks","Test":"TestSSESustainedChurnEvidence","Elapsed":0}
{"Time":"2026-09-11T14:27:05.26094474-07:00","Action":"run","Package":"github.com/JDinSeattle/forge-runtime/benchmarks","Test":"TestSSESteadyStateEvidence"}
{"Time":"2026-09-11T14:27:05.260947182-07:00","Action":"output","Package":"github.com/JDinSeattle/forge-runtime/benchmarks","Test":"TestSSESteadyStateEvidence","Output":"=== RUN   TestSSESteadyStateEvidence\n"}
{"Time":"2026-09-11T14:27:05.260965482-07:00","Action":"output","Package":"github.com/JDinSeattle/forge-runtime/benchmarks","Test":"TestSSESteadyStateEvidence","Output":"    sse_plateau_test.go:36: set FORGE_RUN_SUSTAINED_SSE=1 and FORGE_TEST_DATABASE_URL\n"}
{"Time":"2026-09-11T14:27:05.26097613-07:00","Action":"output","Package":"github.com/JDinSeattle/forge-runtime/benchmarks","Test":"TestSSESteadyStateEvidence","Output":"--- SKIP: TestSSESteadyStateEvidence (0.00s)\n"}
{"Time":"2026-09-11T14:27:05.260979652-07:00","Action":"skip","Package":"github.com/JDinSeattle/forge-runtime/benchmarks","Test":"TestSSESteadyStateEvidence","Elapsed":0}
{"Time":"2026-09-11T14:27:05.260988918-07:00","Action":"run","Package":"github.com/JDinSeattle/forge-runtime/benchmarks","Test":"TestSSESteadyStateOracle"}
{"Time":"2026-09-11T14:27:05.260991821-07:00","Action":"output","Package":"github.com/JDinSeattle/forge-runtime/benchmarks","Test":"TestSSESteadyStateOracle","Output":"=== RUN   TestSSESteadyStateOracle\n"}
{"Time":"2026-09-11T14:27:05.261788447-07:00","Action":"output","Package":"github.com/JDinSeattle/forge-runtime/benchmarks","Test":"TestSSESteadyStateOracle","Output":"--- PASS: TestSSESteadyStateOracle (0.00s)\n"}
{"Time":"2026-09-11T14:27:05.261810054-07:00","Action":"pass","Package":"github.com/JDinSeattle/forge-runtime/benchmarks","Test":"TestSSESteadyStateOracle","Elapsed":0}
{"Time":"2026-09-11T14:27:05.261872213-07:00","Action":"run","Package":"github.com/JDinSeattle/forge-runtime/benchmarks","Test":"TestSSEBackpressureEvidence"}
{"Time":"2026-09-11T14:27:05.261877665-07:00","Action":"output","Package":"github.com/JDinSeattle/forge-runtime/benchmarks","Test":"TestSSEBackpressureEvidence","Output":"=== RUN   TestSSEBackpressureEvidence\n"}
{"Time":"2026-09-11T14:27:05.26200983-07:00","Action":"output","Package":"github.com/JDinSeattle/forge-runtime/benchmarks","Test":"TestSSEBackpressureEvidence","Output":"    sse_sustained_test.go:428: set FORGE_RUN_SUSTAINED_SSE=1 and FORGE_TEST_DATABASE_URL\n"}
{"Time":"2026-09-11T14:27:05.26202848-07:00","Action":"output","Package":"github.com/JDinSeattle/forge-runtime/benchmarks","Test":"TestSSEBackpressureEvidence","Output":"--- SKIP: TestSSEBackpressureEvidence (0.00s)\n"}
{"Time":"2026-09-11T14:27:05.262070761-07:00","Action":"skip","Package":"github.com/JDinSeattle/forge-runtime/benchmarks","Test":"TestSSEBackpressureEvidence","Elapsed":0}
{"Time":"2026-09-11T14:27:05.262111828-07:00","Action":"run","Package":"github.com/JDinSeattle/forge-runtime/benchmarks","Test":"TestSSEPlateauOracle"}
{"Time":"2026-09-11T14:27:05.262119907-07:00","Action":"output","Package":"github.com/JDinSeattle/forge-runtime/benchmarks","Test":"TestSSEPlateauOracle","Output":"=== RUN   TestSSEPlateauOracle\n"}
{"Time":"2026-09-11T14:27:05.262166116-07:00","Action":"output","Package":"github.com/JDinSeattle/forge-runtime/benchmarks","Test":"TestSSEPlateauOracle","Output":"--- PASS: TestSSEPlateauOracle (0.00s)\n"}
{"Time":"2026-09-11T14:27:05.262181602-07:00","Action":"pass","Package":"github.com/JDinSeattle/forge-runtime/benchmarks","Test":"TestSSEPlateauOracle","Elapsed":0}
{"Time":"2026-09-11T14:27:05.262186017-07:00","Action":"run","Package":"github.com/JDinSeattle/forge-runtime/benchmarks","Test":"TestSSEFanoutEvidence"}
{"Time":"2026-09-11T14:27:05.262188589-07:00","Action":"output","Package":"github.com/JDinSeattle/forge-runtime/benchmarks","Test":"TestSSEFanoutEvidence","Output":"=== RUN   TestSSEFanoutEvidence\n"}
{"Time":"2026-09-11T14:27:05.262252322-07:00","Action":"output","Package":"github.com/JDinSeattle/forge-runtime/benchmarks","Test":"TestSSEFanoutEvidence","Output":"    sse_test.go:148: set FORGE_RUN_BENCHMARK=1 and FORGE_TEST_DATABASE_URL\n"}
{"Time":"2026-09-11T14:27:05.262277562-07:00","Action":"output","Package":"github.com/JDinSeattle/forge-runtime/benchmarks","Test":"TestSSEFanoutEvidence","Output":"--- SKIP: TestSSEFanoutEvidence (0.00s)\n"}
{"Time":"2026-09-11T14:27:05.262286425-07:00","Action":"skip","Package":"github.com/JDinSeattle/forge-runtime/benchmarks","Test":"TestSSEFanoutEvidence","Elapsed":0}
{"Time":"2026-09-11T14:27:05.262450259-07:00","Action":"run","Package":"github.com/JDinSeattle/forge-runtime/benchmarks","Test":"TestTerminalSimulationEvidence"}
{"Time":"2026-09-11T14:27:05.262459237-07:00","Action":"output","Package":"github.com/JDinSeattle/forge-runtime/benchmarks","Test":"TestTerminalSimulationEvidence","Output":"=== RUN   TestTerminalSimulationEvidence\n"}
{"Time":"2026-09-11T14:27:05.262463234-07:00","Action":"output","Package":"github.com/JDinSeattle/forge-runtime/benchmarks","Test":"TestTerminalSimulationEvidence","Output":"    terminal_test.go:86: set FORGE_RUN_TERMINAL_BENCHMARK=1 and the dedicated loopback database\n"}
{"Time":"2026-09-11T14:27:05.26246734-07:00","Action":"output","Package":"github.com/JDinSeattle/forge-runtime/benchmarks","Test":"TestTerminalSimulationEvidence","Output":"--- SKIP: TestTerminalSimulationEvidence (0.00s)\n"}
{"Time":"2026-09-11T14:27:05.262470808-07:00","Action":"skip","Package":"github.com/JDinSeattle/forge-runtime/benchmarks","Test":"TestTerminalSimulationEvidence","Elapsed":0}
{"Time":"2026-09-11T14:27:05.262474068-07:00","Action":"output","Package":"github.com/JDinSeattle/forge-runtime/benchmarks","Output":"PASS\n"}
{"Time":"2026-09-11T14:27:05.264641196-07:00","Action":"run","Package":"github.com/JDinSeattle/forge-runtime/cmd/forge","Test":"TestSSEBoundsAndPartialFrame/partial"}
{"Time":"2026-09-11T14:27:05.264670674-07:00","Action":"output","Package":"github.com/JDinSeattle/forge-runtime/cmd/forge","Test":"TestSSEBoundsAndPartialFrame/partial","Output":"=== RUN   TestSSEBoundsAndPartialFrame/partial\n"}
{"Time":"2026-09-11T14:27:05.26464436-07:00","Action":"output","Package":"github.com/JDinSeattle/forge-runtime/internal/telemetry","Test":"TestQueueTraceContinuityAndSSEWriter","Output":"--- PASS: TestQueueTraceContinuityAndSSEWriter (0.01s)\n"}
{"Time":"2026-09-11T14:27:05.264683527-07:00","Action":"pass","Package":"github.com/JDinSeattle/forge-runtime/internal/telemetry","Test":"TestQueueTraceContinuityAndSSEWriter","Elapsed":0.01}
{"Time":"2026-09-11T14:27:05.264690263-07:00","Action":"run","Package":"github.com/JDinSeattle/forge-runtime/internal/telemetry","Test":"TestUntrustedDimensionsCollapseAndEndIsConcurrentSafe"}
{"Time":"2026-09-11T14:27:05.264693578-07:00","Action":"output","Package":"github.com/JDinSeattle/forge-runtime/internal/telemetry","Test":"TestUntrustedDimensionsCollapseAndEndIsConcurrentSafe","Output":"=== RUN   TestUntrustedDimensionsCollapseAndEndIsConcurrentSafe\n"}
{"Time":"2026-09-11T14:27:05.264713781-07:00","Action":"output","Package":"github.com/JDinSeattle/forge-runtime/cmd/forge","Test":"TestSSEBoundsAndPartialFrame/partial","Output":"--- PASS: TestSSEBoundsAndPartialFrame/partial (0.00s)\n"}
{"Time":"2026-09-11T14:27:05.264744604-07:00","Action":"pass","Package":"github.com/JDinSeattle/forge-runtime/cmd/forge","Test":"TestSSEBoundsAndPartialFrame/partial","Elapsed":0}
{"Time":"2026-09-11T14:27:05.264807253-07:00","Action":"run","Package":"github.com/JDinSeattle/forge-runtime/cmd/forge","Test":"TestSSEBoundsAndPartialFrame/oversize"}
{"Time":"2026-09-11T14:27:05.264811667-07:00","Action":"output","Package":"github.com/JDinSeattle/forge-runtime/cmd/forge","Test":"TestSSEBoundsAndPartialFrame/oversize","Output":"=== RUN   TestSSEBoundsAndPartialFrame/oversize\n"}
{"Time":"2026-09-11T14:27:05.265915828-07:00","Action":"run","Package":"github.com/JDinSeattle/forge-runtime/internal/localsetup","Test":"TestEnvironmentURLSurvivesShellSource"}
{"Time":"2026-09-11T14:27:05.265955283-07:00","Action":"output","Package":"github.com/JDinSeattle/forge-runtime/internal/localsetup","Test":"TestEnvironmentURLSurvivesShellSource","Output":"=== RUN   TestEnvironmentURLSurvivesShellSource\n"}
{"Time":"2026-09-11T14:27:05.26618142-07:00","Action":"output","Package":"github.com/JDinSeattle/forge-runtime/internal/provider","Test":"TestOpenAIResponsesContractAndNativeContinuation","Output":"--- PASS: TestOpenAIResponsesContractAndNativeContinuation (0.01s)\n"}
{"Time":"2026-09-11T14:27:05.266205693-07:00","Action":"pass","Package":"github.com/JDinSeattle/forge-runtime/internal/provider","Test":"TestOpenAIResponsesContractAndNativeContinuation","Elapsed":0.01}
{"Time":"2026-09-11T14:27:05.26622254-07:00","Action":"run","Package":"github.com/JDinSeattle/forge-runtime/internal/provider","Test":"TestAnthropicMessagesContractAndNativeContinuation"}
{"Time":"2026-09-11T14:27:05.266235115-07:00","Action":"output","Package":"github.com/JDinSeattle/forge-runtime/internal/provider","Test":"TestAnthropicMessagesContractAndNativeContinuation","Output":"=== RUN   TestAnthropicMessagesContractAndNativeContinuation\n"}
{"Time":"2026-09-11T14:27:05.266750749-07:00","Action":"run","Package":"github.com/JDinSeattle/forge-runtime/scripts/faults/application","Test":"TestApplicationFaultWorkerProcess"}
{"Time":"2026-09-11T14:27:05.266795692-07:00","Action":"output","Package":"github.com/JDinSeattle/forge-runtime/scripts/faults/application","Test":"TestApplicationFaultWorkerProcess","Output":"=== RUN   TestApplicationFaultWorkerProcess\n"}
{"Time":"2026-09-11T14:27:05.266829554-07:00","Action":"output","Package":"github.com/JDinSeattle/forge-runtime/scripts/faults/application","Test":"TestApplicationFaultWorkerProcess","Output":"    application_test.go:158: subprocess entry point only\n"}
{"Time":"2026-09-11T14:27:05.266848235-07:00","Action":"output","Package":"github.com/JDinSeattle/forge-runtime/scripts/faults/application","Test":"TestApplicationFaultWorkerProcess","Output":"--- SKIP: TestApplicationFaultWorkerProcess (0.00s)\n"}
{"Time":"2026-09-11T14:27:05.26686462-07:00","Action":"skip","Package":"github.com/JDinSeattle/forge-runtime/scripts/faults/application","Test":"TestApplicationFaultWorkerProcess","Elapsed":0}
{"Time":"2026-09-11T14:27:05.266881574-07:00","Action":"run","Package":"github.com/JDinSeattle/forge-runtime/scripts/faults/application","Test":"TestRealApplicationFaultMatrix"}
{"Time":"2026-09-11T14:27:05.266897024-07:00","Action":"output","Package":"github.com/JDinSeattle/forge-runtime/scripts/faults/application","Test":"TestRealApplicationFaultMatrix","Output":"=== RUN   TestRealApplicationFaultMatrix\n"}
{"Time":"2026-09-11T14:27:05.266912822-07:00","Action":"output","Package":"github.com/JDinSeattle/forge-runtime/scripts/faults/application","Test":"TestRealApplicationFaultMatrix","Output":"    application_test.go:443: operator opt-in requires quiesced real runner/pool and isolated loopback PostgreSQL\n"}
{"Time":"2026-09-11T14:27:05.266929202-07:00","Action":"output","Package":"github.com/JDinSeattle/forge-runtime/scripts/faults/application","Test":"TestRealApplicationFaultMatrix","Output":"--- SKIP: TestRealApplicationFaultMatrix (0.00s)\n"}
{"Time":"2026-09-11T14:27:05.266944988-07:00","Action":"skip","Package":"github.com/JDinSeattle/forge-runtime/scripts/faults/application","Test":"TestRealApplicationFaultMatrix","Elapsed":0}
{"Time":"2026-09-11T14:27:05.266966388-07:00","Action":"run","Package":"github.com/JDinSeattle/forge-runtime/scripts/faults/application","Test":"TestApplicationFixturePreflight"}
{"Time":"2026-09-11T14:27:05.266982151-07:00","Action":"output","Package":"github.com/JDinSeattle/forge-runtime/scripts/faults/application","Test":"TestApplicationFixturePreflight","Output":"=== RUN   TestApplicationFixturePreflight\n"}
{"Time":"2026-09-11T14:27:05.26701308-07:00","Action":"run","Package":"github.com/JDinSeattle/forge-runtime/scripts/faults/application","Test":"TestApplicationFixturePreflight/F05"}
{"Time":"2026-09-11T14:27:05.26702894-07:00","Action":"output","Package":"github.com/JDinSeattle/forge-runtime/scripts/faults/application","Test":"TestApplicationFixturePreflight/F05","Output":"=== RUN   TestApplicationFixturePreflight/F05\n"}
{"Time":"2026-09-11T14:27:05.267799806-07:00","Action":"output","Package":"github.com/JDinSeattle/forge-runtime/scripts/faults/application","Test":"TestApplicationFixturePreflight/F05","Output":"--- PASS: TestApplicationFixturePreflight/F05 (0.00s)\n"}
{"Time":"2026-09-11T14:27:05.26782133-07:00","Action":"pass","Package":"github.com/JDinSeattle/forge-runtime/scripts/faults/application","Test":"TestApplicationFixturePreflight/F05","Elapsed":0}
{"Time":"2026-09-11T14:27:05.267824627-07:00","Action":"run","Package":"github.com/JDinSeattle/forge-runtime/scripts/faults/application","Test":"TestApplicationFixturePreflight/F07"}
{"Time":"2026-09-11T14:27:05.267826318-07:00","Action":"output","Package":"github.com/JDinSeattle/forge-runtime/scripts/faults/application","Test":"TestApplicationFixturePreflight/F07","Output":"=== RUN   TestApplicationFixturePreflight/F07\n"}
{"Time":"2026-09-11T14:27:05.268031654-07:00","Action":"run","Package":"github.com/JDinSeattle/forge-runtime/tests/client","Test":"TestSchemaMatchesActualGoWireModelsAndGeneratedTypes/Artifact"}
{"Time":"2026-09-11T14:27:05.268034815-07:00","Action":"output","Package":"github.com/JDinSeattle/forge-runtime/tests/client","Test":"TestSchemaMatchesActualGoWireModelsAndGeneratedTypes/Artifact","Output":"=== RUN   TestSchemaMatchesActualGoWireModelsAndGeneratedTypes/Artifact\n"}
{"Time":"2026-09-11T14:27:05.268346573-07:00","Action":"output","Package":"github.com/JDinSeattle/forge-runtime/scripts/faults/application","Test":"TestApplicationFixturePreflight/F07","Output":"--- PASS: TestApplicationFixturePreflight/F07 (0.00s)\n"}
{"Time":"2026-09-11T14:27:05.268355548-07:00","Action":"pass","Package":"github.com/JDinSeattle/forge-runtime/scripts/faults/application","Test":"TestApplicationFixturePreflight/F07","Elapsed":0}
{"Time":"2026-09-11T14:27:05.268364361-07:00","Action":"run","Package":"github.com/JDinSeattle/forge-runtime/scripts/faults/application","Test":"TestApplicationFixturePreflight/F08"}
{"Time":"2026-09-11T14:27:05.268366643-07:00","Action":"output","Package":"github.com/JDinSeattle/forge-runtime/scripts/faults/application","Test":"TestApplicationFixturePreflight/F08","Output":"=== RUN   TestApplicationFixturePreflight/F08\n"}
{"Time":"2026-09-11T14:27:05.268398578-07:00","Action":"output","Package":"github.com/JDinSeattle/forge-runtime/internal/telemetry","Test":"TestUntrustedDimensionsCollapseAndEndIsConcurrentSafe","Output":"--- PASS: TestUntrustedDimensionsCollapseAndEndIsConcurrentSafe (0.00s)\n"}
{"Time":"2026-09-11T14:27:05.268416202-07:00","Action":"pass","Package":"github.com/JDinSeattle/forge-runtime/internal/telemetry","Test":"TestUntrustedDimensionsCollapseAndEndIsConcurrentSafe","Elapsed":0}
{"Time":"2026-09-11T14:27:05.268426383-07:00","Action":"output","Package":"github.com/JDinSeattle/forge-runtime/internal/localsetup","Test":"TestEnvironmentURLSurvivesShellSource","Output":"--- PASS: TestEnvironmentURLSurvivesShellSource (0.00s)\n"}
{"Time":"2026-09-11T14:27:05.268440565-07:00","Action":"pass","Package":"github.com/JDinSeattle/forge-runtime/internal/localsetup","Test":"TestEnvironmentURLSurvivesShellSource","Elapsed":0}
{"Time":"2026-09-11T14:27:05.268445942-07:00","Action":"run","Package":"github.com/JDinSeattle/forge-runtime/internal/telemetry","Test":"TestUnmatchedPathsNeverBecomeLabels"}
{"Time":"2026-09-11T14:27:05.268454069-07:00","Action":"output","Package":"github.com/JDinSeattle/forge-runtime/internal/telemetry","Test":"TestUnmatchedPathsNeverBecomeLabels","Output":"=== RUN   TestUnmatchedPathsNeverBecomeLabels\n"}
{"Time":"2026-09-11T14:27:05.268460315-07:00","Action":"run","Package":"github.com/JDinSeattle/forge-runtime/internal/localsetup","Test":"TestFixtureProfilesPreservePythonAndSeparateTrustedGoVerifier"}
{"Time":"2026-09-11T14:27:05.268465055-07:00","Action":"output","Package":"github.com/JDinSeattle/forge-runtime/internal/localsetup","Test":"TestFixtureProfilesPreservePythonAndSeparateTrustedGoVerifier","Output":"=== RUN   TestFixtureProfilesPreservePythonAndSeparateTrustedGoVerifier\n"}
{"Time":"2026-09-11T14:27:05.268921315-07:00","Action":"output","Package":"github.com/JDinSeattle/forge-runtime/scripts/faults/application","Test":"TestApplicationFixturePreflight/F08","Output":"--- PASS: TestApplicationFixturePreflight/F08 (0.00s)\n"}
{"Time":"2026-09-11T14:27:05.268929075-07:00","Action":"pass","Package":"github.com/JDinSeattle/forge-runtime/scripts/faults/application","Test":"TestApplicationFixturePreflight/F08","Elapsed":0}
{"Time":"2026-09-11T14:27:05.268941834-07:00","Action":"output","Package":"github.com/JDinSeattle/forge-runtime/scripts/faults/application","Test":"TestApplicationFixturePreflight","Output":"--- PASS: TestApplicationFixturePreflight (0.00s)\n"}
{"Time":"2026-09-11T14:27:05.268958085-07:00","Action":"pass","Package":"github.com/JDinSeattle/forge-runtime/scripts/faults/application","Test":"TestApplicationFixturePreflight","Elapsed":0}
{"Time":"2026-09-11T14:27:05.268967727-07:00","Action":"run","Package":"github.com/JDinSeattle/forge-runtime/scripts/faults/application","Test":"TestApplicationContinuationWorkerProcess"}
{"Time":"2026-09-11T14:27:05.268970567-07:00","Action":"output","Package":"github.com/JDinSeattle/forge-runtime/scripts/faults/application","Test":"TestApplicationContinuationWorkerProcess","Output":"=== RUN   TestApplicationContinuationWorkerProcess\n"}
{"Time":"2026-09-11T14:27:05.268999097-07:00","Action":"output","Package":"github.com/JDinSeattle/forge-runtime/scripts/faults/application","Test":"TestApplicationContinuationWorkerProcess","Output":"    continuation_test.go:66: private subprocess entry point only\n"}
{"Time":"2026-09-11T14:27:05.269014564-07:00","Action":"output","Package":"github.com/JDinSeattle/forge-runtime/scripts/faults/application","Test":"TestApplicationContinuationWorkerProcess","Output":"--- SKIP: TestApplicationContinuationWorkerProcess (0.00s)\n"}
{"Time":"2026-09-11T14:27:05.269018411-07:00","Action":"skip","Package":"github.com/JDinSeattle/forge-runtime/scripts/faults/application","Test":"TestApplicationContinuationWorkerProcess","Elapsed":0}
{"Time":"2026-09-11T14:27:05.269030897-07:00","Action":"run","Package":"github.com/JDinSeattle/forge-runtime/scripts/faults/application","Test":"TestRealApplicationContinuationMatrix"}
{"Time":"2026-09-11T14:27:05.269033668-07:00","Action":"output","Package":"github.com/JDinSeattle/forge-runtime/scripts/faults/application","Test":"TestRealApplicationContinuationMatrix","Output":"=== RUN   TestRealApplicationContinuationMatrix\n"}
{"Time":"2026-09-11T14:27:05.269062954-07:00","Action":"output","Package":"github.com/JDinSeattle/forge-runtime/scripts/faults/application","Test":"TestRealApplicationContinuationMatrix","Output":"    continuation_test.go:247: operator opt-in requires quiesced original runner/pool\n"}
{"Time":"2026-09-11T14:27:05.269075482-07:00","Action":"output","Package":"github.com/JDinSeattle/forge-runtime/scripts/faults/application","Test":"TestRealApplicationContinuationMatrix","Output":"--- SKIP: TestRealApplicationContinuationMatrix (0.00s)\n"}
{"Time":"2026-09-11T14:27:05.269080994-07:00","Action":"skip","Package":"github.com/JDinSeattle/forge-runtime/scripts/faults/application","Test":"TestRealApplicationContinuationMatrix","Elapsed":0}
{"Time":"2026-09-11T14:27:05.269086602-07:00","Action":"run","Package":"github.com/JDinSeattle/forge-runtime/scripts/faults/application","Test":"TestApplicationContinuationPreflight"}
{"Time":"2026-09-11T14:27:05.269096094-07:00","Action":"output","Package":"github.com/JDinSeattle/forge-runtime/scripts/faults/application","Test":"TestApplicationContinuationPreflight","Output":"=== RUN   TestApplicationContinuationPreflight\n"}
{"Time":"2026-09-11T14:27:05.269545182-07:00","Action":"output","Package":"github.com/JDinSeattle/forge-runtime/internal/localsetup","Test":"TestFixtureProfilesPreservePythonAndSeparateTrustedGoVerifier","Output":"--- PASS: TestFixtureProfilesPreservePythonAndSeparateTrustedGoVerifier (0.00s)\n"}
{"Time":"2026-09-11T14:27:05.269564056-07:00","Action":"pass","Package":"github.com/JDinSeattle/forge-runtime/internal/localsetup","Test":"TestFixtureProfilesPreservePythonAndSeparateTrustedGoVerifier","Elapsed":0}
{"Time":"2026-09-11T14:27:05.269571501-07:00","Action":"run","Package":"github.com/JDinSeattle/forge-runtime/internal/localsetup","Test":"TestGoDemoPatchBindsBaselineAndProducesExpectedSnapshot"}
{"Time":"2026-09-11T14:27:05.269573211-07:00","Action":"output","Package":"github.com/JDinSeattle/forge-runtime/internal/localsetup","Test":"TestGoDemoPatchBindsBaselineAndProducesExpectedSnapshot","Output":"=== RUN   TestGoDemoPatchBindsBaselineAndProducesExpectedSnapshot\n"}
{"Time":"2026-09-11T14:27:05.269692189-07:00","Action":"output","Package":"github.com/JDinSeattle/forge-runtime/scripts/faults/application","Test":"TestApplicationContinuationPreflight","Output":"--- PASS: TestApplicationContinuationPreflight (0.00s)\n"}
{"Time":"2026-09-11T14:27:05.269701683-07:00","Action":"pass","Package":"github.com/JDinSeattle/forge-runtime/scripts/faults/application","Test":"TestApplicationContinuationPreflight","Elapsed":0}
{"Time":"2026-09-11T14:27:05.269705034-07:00","Action":"run","Package":"github.com/JDinSeattle/forge-runtime/scripts/faults/application","Test":"TestRecoverApplicationContinuation"}
{"Time":"2026-09-11T14:27:05.269707027-07:00","Action":"output","Package":"github.com/JDinSeattle/forge-runtime/scripts/faults/application","Test":"TestRecoverApplicationContinuation","Output":"=== RUN   TestRecoverApplicationContinuation\n"}
{"Time":"2026-09-11T14:27:05.269729789-07:00","Action":"output","Package":"github.com/JDinSeattle/forge-runtime/scripts/faults/application","Test":"TestRecoverApplicationContinuation","Output":"    continuation_test.go:596: explicit retained recovery-descriptor.json required\n"}
{"Time":"2026-09-11T14:27:05.269751207-07:00","Action":"output","Package":"github.com/JDinSeattle/forge-runtime/scripts/faults/application","Test":"TestRecoverApplicationContinuation","Output":"--- SKIP: TestRecoverApplicationContinuation (0.00s)\n"}
{"Time":"2026-09-11T14:27:05.269755387-07:00","Action":"skip","Package":"github.com/JDinSeattle/forge-runtime/scripts/faults/application","Test":"TestRecoverApplicationContinuation","Elapsed":0}
{"Time":"2026-09-11T14:27:05.269763619-07:00","Action":"output","Package":"github.com/JDinSeattle/forge-runtime/tests/client","Test":"TestSchemaMatchesActualGoWireModelsAndGeneratedTypes/Artifact","Output":"--- PASS: TestSchemaMatchesActualGoWireModelsAndGeneratedTypes/Artifact (0.00s)\n"}
{"Time":"2026-09-11T14:27:05.269780779-07:00","Action":"pass","Package":"github.com/JDinSeattle/forge-runtime/tests/client","Test":"TestSchemaMatchesActualGoWireModelsAndGeneratedTypes/Artifact","Elapsed":0}
{"Time":"2026-09-11T14:27:05.269784494-07:00","Action":"run","Package":"github.com/JDinSeattle/forge-runtime/scripts/faults/application","Test":"TestRecoverApplicationNetwork"}
{"Time":"2026-09-11T14:27:05.269787991-07:00","Action":"output","Package":"github.com/JDinSeattle/forge-runtime/scripts/faults/application","Test":"TestRecoverApplicationNetwork","Output":"=== RUN   TestRecoverApplicationNetwork\n"}
{"Time":"2026-09-11T14:27:05.26979168-07:00","Action":"output","Package":"github.com/JDinSeattle/forge-runtime/scripts/faults/application","Test":"TestRecoverApplicationNetwork","Output":"    network_recovery_test.go:24: explicit original network case recovery-descriptor.json required\n"}
{"Time":"2026-09-11T14:27:05.269798779-07:00","Action":"run","Package":"github.com/JDinSeattle/forge-runtime/tests/client","Test":"TestSchemaMatchesActualGoWireModelsAndGeneratedTypes/Event"}
{"Time":"2026-09-11T14:27:05.269801928-07:00","Action":"output","Package":"github.com/JDinSeattle/forge-runtime/tests/client","Test":"TestSchemaMatchesActualGoWireModelsAndGeneratedTypes/Event","Output":"=== RUN   TestSchemaMatchesActualGoWireModelsAndGeneratedTypes/Event\n"}
{"Time":"2026-09-11T14:27:05.269806461-07:00","Action":"output","Package":"github.com/JDinSeattle/forge-runtime/scripts/faults/application","Test":"TestRecoverApplicationNetwork","Output":"--- SKIP: TestRecoverApplicationNetwork (0.00s)\n"}
{"Time":"2026-09-11T14:27:05.269810791-07:00","Action":"skip","Package":"github.com/JDinSeattle/forge-runtime/scripts/faults/application","Test":"TestRecoverApplicationNetwork","Elapsed":0}
{"Time":"2026-09-11T14:27:05.269816267-07:00","Action":"run","Package":"github.com/JDinSeattle/forge-runtime/scripts/faults/application","Test":"TestApplicationNetworkWorkerProcess"}
{"Time":"2026-09-11T14:27:05.269819197-07:00","Action":"output","Package":"github.com/JDinSeattle/forge-runtime/scripts/faults/application","Test":"TestApplicationNetworkWorkerProcess","Output":"=== RUN   TestApplicationNetworkWorkerProcess\n"}
{"Time":"2026-09-11T14:27:05.269837757-07:00","Action":"output","Package":"github.com/JDinSeattle/forge-runtime/scripts/faults/application","Test":"TestApplicationNetworkWorkerProcess","Output":"    network_test.go:88: private network-matrix worker only\n"}
{"Time":"2026-09-11T14:27:05.269850012-07:00","Action":"output","Package":"github.com/JDinSeattle/forge-runtime/scripts/faults/application","Test":"TestApplicationNetworkWorkerProcess","Output":"--- SKIP: TestApplicationNetworkWorkerProcess (0.00s)\n"}
{"Time":"2026-09-11T14:27:05.269857303-07:00","Action":"skip","Package":"github.com/JDinSeattle/forge-runtime/scripts/faults/application","Test":"TestApplicationNetworkWorkerProcess","Elapsed":0}
{"Time":"2026-09-11T14:27:05.2698644-07:00","Action":"run","Package":"github.com/JDinSeattle/forge-runtime/scripts/faults/application","Test":"TestApplicationNetworkAPIProcess"}
{"Time":"2026-09-11T14:27:05.269867272-07:00","Action":"output","Package":"github.com/JDinSeattle/forge-runtime/scripts/faults/application","Test":"TestApplicationNetworkAPIProcess","Output":"=== RUN   TestApplicationNetworkAPIProcess\n"}
{"Time":"2026-09-11T14:27:05.269894003-07:00","Action":"output","Package":"github.com/JDinSeattle/forge-runtime/scripts/faults/application","Test":"TestApplicationNetworkAPIProcess","Output":"    network_test.go:127: private real HTTP/SSE process only\n"}
{"Time":"2026-09-11T14:27:05.269907553-07:00","Action":"output","Package":"github.com/JDinSeattle/forge-runtime/scripts/faults/application","Test":"TestApplicationNetworkAPIProcess","Output":"--- SKIP: TestApplicationNetworkAPIProcess (0.00s)\n"}
{"Time":"2026-09-11T14:27:05.269922137-07:00","Action":"skip","Package":"github.com/JDinSeattle/forge-runtime/scripts/faults/application","Test":"TestApplicationNetworkAPIProcess","Elapsed":0}
{"Time":"2026-09-11T14:27:05.269939274-07:00","Action":"run","Package":"github.com/JDinSeattle/forge-runtime/scripts/faults/application","Test":"TestRealApplicationNetworkMatrix"}
{"Time":"2026-09-11T14:27:05.269941944-07:00","Action":"output","Package":"github.com/JDinSeattle/forge-runtime/scripts/faults/application","Test":"TestRealApplicationNetworkMatrix","Output":"=== RUN   TestRealApplicationNetworkMatrix\n"}
{"Time":"2026-09-11T14:27:05.270294522-07:00","Action":"output","Package":"github.com/JDinSeattle/forge-runtime/scripts/faults/application","Test":"TestRealApplicationNetworkMatrix","Output":"    network_test.go:402: operator opt-in requires quiesced original runner/pool\n"}
{"Time":"2026-09-11T14:27:05.270314729-07:00","Action":"output","Package":"github.com/JDinSeattle/forge-runtime/scripts/faults/application","Test":"TestRealApplicationNetworkMatrix","Output":"--- SKIP: TestRealApplicationNetworkMatrix (0.00s)\n"}
{"Time":"2026-09-11T14:27:05.270485708-07:00","Action":"skip","Package":"github.com/JDinSeattle/forge-runtime/scripts/faults/application","Test":"TestRealApplicationNetworkMatrix","Elapsed":0}
{"Time":"2026-09-11T14:27:05.270495546-07:00","Action":"run","Package":"github.com/JDinSeattle/forge-runtime/scripts/faults/application","Test":"TestApplicationNetworkPreflight"}
{"Time":"2026-09-11T14:27:05.270497512-07:00","Action":"output","Package":"github.com/JDinSeattle/forge-runtime/scripts/faults/application","Test":"TestApplicationNetworkPreflight","Output":"=== RUN   TestApplicationNetworkPreflight\n"}
{"Time":"2026-09-11T14:27:05.270531697-07:00","Action":"output","Package":"github.com/JDinSeattle/forge-runtime/scripts/faults/application","Test":"TestApplicationNetworkPreflight","Output":"--- PASS: TestApplicationNetworkPreflight (0.00s)\n"}
{"Time":"2026-09-11T14:27:05.270541541-07:00","Action":"pass","Package":"github.com/JDinSeattle/forge-runtime/scripts/faults/application","Test":"TestApplicationNetworkPreflight","Elapsed":0}
{"Time":"2026-09-11T14:27:05.270550919-07:00","Action":"run","Package":"github.com/JDinSeattle/forge-runtime/scripts/faults/application","Test":"TestApplicationNetworkAPIPrivilegePreflight"}
{"Time":"2026-09-11T14:27:05.270553986-07:00","Action":"output","Package":"github.com/JDinSeattle/forge-runtime/scripts/faults/application","Test":"TestApplicationNetworkAPIPrivilegePreflight","Output":"=== RUN   TestApplicationNetworkAPIPrivilegePreflight\n"}
{"Time":"2026-09-11T14:27:05.270580231-07:00","Action":"output","Package":"github.com/JDinSeattle/forge-runtime/scripts/faults/application","Test":"TestApplicationNetworkAPIPrivilegePreflight","Output":"    network_test.go:711: explicit private PG/API preflight required; no runner process used\n"}
{"Time":"2026-09-11T14:27:05.270594581-07:00","Action":"output","Package":"github.com/JDinSeattle/forge-runtime/scripts/faults/application","Test":"TestApplicationNetworkAPIPrivilegePreflight","Output":"--- SKIP: TestApplicationNetworkAPIPrivilegePreflight (0.00s)\n"}
{"Time":"2026-09-11T14:27:05.270602556-07:00","Action":"skip","Package":"github.com/JDinSeattle/forge-runtime/scripts/faults/application","Test":"TestApplicationNetworkAPIPrivilegePreflight","Elapsed":0}
{"Time":"2026-09-11T14:27:05.270613936-07:00","Action":"run","Package":"github.com/JDinSeattle/forge-runtime/scripts/faults/application","Test":"TestFixtureProxyCutsExistingAndNewConnections"}
{"Time":"2026-09-11T14:27:05.27061719-07:00","Action":"output","Package":"github.com/JDinSeattle/forge-runtime/scripts/faults/application","Test":"TestFixtureProxyCutsExistingAndNewConnections","Output":"=== RUN   TestFixtureProxyCutsExistingAndNewConnections\n"}
{"Time":"2026-09-11T14:27:05.270700926-07:00","Action":"output","Package":"github.com/JDinSeattle/forge-runtime/tests/client","Test":"TestSchemaMatchesActualGoWireModelsAndGeneratedTypes/Event","Output":"--- PASS: TestSchemaMatchesActualGoWireModelsAndGeneratedTypes/Event (0.00s)\n"}
{"Time":"2026-09-11T14:27:05.270713887-07:00","Action":"pass","Package":"github.com/JDinSeattle/forge-runtime/tests/client","Test":"TestSchemaMatchesActualGoWireModelsAndGeneratedTypes/Event","Elapsed":0}
{"Time":"2026-09-11T14:27:05.270727795-07:00","Action":"run","Package":"github.com/JDinSeattle/forge-runtime/tests/client","Test":"TestSchemaMatchesActualGoWireModelsAndGeneratedTypes/APIError"}
{"Time":"2026-09-11T14:27:05.270730103-07:00","Action":"output","Package":"github.com/JDinSeattle/forge-runtime/tests/client","Test":"TestSchemaMatchesActualGoWireModelsAndGeneratedTypes/APIError","Output":"=== RUN   TestSchemaMatchesActualGoWireModelsAndGeneratedTypes/APIError\n"}
{"Time":"2026-09-11T14:27:05.270941713-07:00","Action":"output","Package":"github.com/JDinSeattle/forge-runtime/cmd/forge","Test":"TestSSEBoundsAndPartialFrame/oversize","Output":"--- PASS: TestSSEBoundsAndPartialFrame/oversize (0.01s)\n"}
{"Time":"2026-09-11T14:27:05.270960444-07:00","Action":"pass","Package":"github.com/JDinSeattle/forge-runtime/cmd/forge","Test":"TestSSEBoundsAndPartialFrame/oversize","Elapsed":0.01}
{"Time":"2026-09-11T14:27:05.270984505-07:00","Action":"output","Package":"github.com/JDinSeattle/forge-runtime/internal/localsetup","Test":"TestGoDemoPatchBindsBaselineAndProducesExpectedSnapshot","Output":"--- PASS: TestGoDemoPatchBindsBaselineAndProducesExpectedSnapshot (0.00s)\n"}
{"Time":"2026-09-11T14:27:05.27099331-07:00","Action":"pass","Package":"github.com/JDinSeattle/forge-runtime/internal/localsetup","Test":"TestGoDemoPatchBindsBaselineAndProducesExpectedSnapshot","Elapsed":0}
{"Time":"2026-09-11T14:27:05.271000545-07:00","Action":"run","Package":"github.com/JDinSeattle/forge-runtime/cmd/forge","Test":"TestSSEBoundsAndPartialFrame/identity"}
{"Time":"2026-09-11T14:27:05.271005323-07:00","Action":"output","Package":"github.com/JDinSeattle/forge-runtime/cmd/forge","Test":"TestSSEBoundsAndPartialFrame/identity","Output":"=== RUN   TestSSEBoundsAndPartialFrame/identity\n"}
{"Time":"2026-09-11T14:27:05.271028345-07:00","Action":"output","Package":"github.com/JDinSeattle/forge-runtime/internal/localsetup","Output":"PASS\n"}
{"Time":"2026-09-11T14:27:05.271134562-07:00","Action":"output","Package":"github.com/JDinSeattle/forge-runtime/tests/client","Test":"TestSchemaMatchesActualGoWireModelsAndGeneratedTypes/APIError","Output":"--- PASS: TestSchemaMatchesActualGoWireModelsAndGeneratedTypes/APIError (0.00s)\n"}
{"Time":"2026-09-11T14:27:05.271141175-07:00","Action":"output","Package":"github.com/JDinSeattle/forge-runtime/cmd/forge","Test":"TestSSEBoundsAndPartialFrame/identity","Output":"--- PASS: TestSSEBoundsAndPartialFrame/identity (0.00s)\n"}
{"Time":"2026-09-11T14:27:05.271144212-07:00","Action":"pass","Package":"github.com/JDinSeattle/forge-runtime/tests/client","Test":"TestSchemaMatchesActualGoWireModelsAndGeneratedTypes/APIError","Elapsed":0}
{"Time":"2026-09-11T14:27:05.271156432-07:00","Action":"pass","Package":"github.com/JDinSeattle/forge-runtime/cmd/forge","Test":"TestSSEBoundsAndPartialFrame/identity","Elapsed":0}
{"Time":"2026-09-11T14:27:05.271163317-07:00","Action":"run","Package":"github.com/JDinSeattle/forge-runtime/tests/client","Test":"TestSchemaMatchesActualGoWireModelsAndGeneratedTypes/Run"}
{"Time":"2026-09-11T14:27:05.271173816-07:00","Action":"output","Package":"github.com/JDinSeattle/forge-runtime/tests/client","Test":"TestSchemaMatchesActualGoWireModelsAndGeneratedTypes/Run","Output":"=== RUN   TestSchemaMatchesActualGoWireModelsAndGeneratedTypes/Run\n"}
{"Time":"2026-09-11T14:27:05.271175139-07:00","Action":"run","Package":"github.com/JDinSeattle/forge-runtime/cmd/forge","Test":"TestSSEBoundsAndPartialFrame/gap"}
{"Time":"2026-09-11T14:27:05.271184554-07:00","Action":"output","Package":"github.com/JDinSeattle/forge-runtime/cmd/forge","Test":"TestSSEBoundsAndPartialFrame/gap","Output":"=== RUN   TestSSEBoundsAndPartialFrame/gap\n"}
{"Time":"2026-09-11T14:27:05.271258022-07:00","Action":"output","Package":"github.com/JDinSeattle/forge-runtime/cmd/forge","Test":"TestSSEBoundsAndPartialFrame/gap","Output":"--- PASS: TestSSEBoundsAndPartialFrame/gap (0.00s)\n"}
{"Time":"2026-09-11T14:27:05.271266132-07:00","Action":"pass","Package":"github.com/JDinSeattle/forge-runtime/cmd/forge","Test":"TestSSEBoundsAndPartialFrame/gap","Elapsed":0}
{"Time":"2026-09-11T14:27:05.27128873-07:00","Action":"run","Package":"github.com/JDinSeattle/forge-runtime/cmd/forge","Test":"TestSSEBoundsAndPartialFrame/heartbeat"}
{"Time":"2026-09-11T14:27:05.27129367-07:00","Action":"output","Package":"github.com/JDinSeattle/forge-runtime/cmd/forge","Test":"TestSSEBoundsAndPartialFrame/heartbeat","Output":"=== RUN   TestSSEBoundsAndPartialFrame/heartbeat\n"}
{"Time":"2026-09-11T14:27:05.271419709-07:00","Action":"output","Package":"github.com/JDinSeattle/forge-runtime/cmd/forge","Test":"TestSSEBoundsAndPartialFrame/heartbeat","Output":"--- PASS: TestSSEBoundsAndPartialFrame/heartbeat (0.00s)\n"}
{"Time":"2026-09-11T14:27:05.271434457-07:00","Action":"pass","Package":"github.com/JDinSeattle/forge-runtime/cmd/forge","Test":"TestSSEBoundsAndPartialFrame/heartbeat","Elapsed":0}
{"Time":"2026-09-11T14:27:05.271457079-07:00","Action":"output","Package":"github.com/JDinSeattle/forge-runtime/cmd/forge","Test":"TestSSEBoundsAndPartialFrame","Output":"--- PASS: TestSSEBoundsAndPartialFrame (0.01s)\n"}
{"Time":"2026-09-11T14:27:05.271471536-07:00","Action":"pass","Package":"github.com/JDinSeattle/forge-runtime/cmd/forge","Test":"TestSSEBoundsAndPartialFrame","Elapsed":0.01}
{"Time":"2026-09-11T14:27:05.271487406-07:00","Action":"run","Package":"github.com/JDinSeattle/forge-runtime/cmd/forge","Test":"TestCredentialRedirectIsRefused"}
{"Time":"2026-09-11T14:27:05.271491966-07:00","Action":"output","Package":"github.com/JDinSeattle/forge-runtime/cmd/forge","Test":"TestCredentialRedirectIsRefused","Output":"=== RUN   TestCredentialRedirectIsRefused\n"}
{"Time":"2026-09-11T14:27:05.271500213-07:00","Action":"output","Package":"github.com/JDinSeattle/forge-runtime/scripts/faults/application","Test":"TestFixtureProxyCutsExistingAndNewConnections","Output":"--- PASS: TestFixtureProxyCutsExistingAndNewConnections (0.00s)\n"}
{"Time":"2026-09-11T14:27:05.271507566-07:00","Action":"pass","Package":"github.com/JDinSeattle/forge-runtime/scripts/faults/application","Test":"TestFixtureProxyCutsExistingAndNewConnections","Elapsed":0}
{"Time":"2026-09-11T14:27:05.271527633-07:00","Action":"output","Package":"github.com/JDinSeattle/forge-runtime/scripts/faults/application","Output":"PASS\n"}
{"Time":"2026-09-11T14:27:05.272894587-07:00","Action":"output","Package":"github.com/JDinSeattle/forge-runtime/cmd/forge","Test":"TestCredentialRedirectIsRefused","Output":"--- PASS: TestCredentialRedirectIsRefused (0.00s)\n"}
{"Time":"2026-09-11T14:27:05.272910968-07:00","Action":"pass","Package":"github.com/JDinSeattle/forge-runtime/cmd/forge","Test":"TestCredentialRedirectIsRefused","Elapsed":0}
{"Time":"2026-09-11T14:27:05.272916379-07:00","Action":"run","Package":"github.com/JDinSeattle/forge-runtime/cmd/forge","Test":"TestDownloadRejectsCorruptionAndPreservesDestination"}
{"Time":"2026-09-11T14:27:05.272919678-07:00","Action":"output","Package":"github.com/JDinSeattle/forge-runtime/cmd/forge","Test":"TestDownloadRejectsCorruptionAndPreservesDestination","Output":"=== RUN   TestDownloadRejectsCorruptionAndPreservesDestination\n"}
{"Time":"2026-09-11T14:27:05.273844859-07:00","Action":"output","Package":"github.com/JDinSeattle/forge-runtime/internal/provider","Test":"TestAnthropicMessagesContractAndNativeContinuation","Output":"--- PASS: TestAnthropicMessagesContractAndNativeContinuation (0.01s)\n"}
{"Time":"2026-09-11T14:27:05.273864622-07:00","Action":"pass","Package":"github.com/JDinSeattle/forge-runtime/internal/provider","Test":"TestAnthropicMessagesContractAndNativeContinuation","Elapsed":0.01}
{"Time":"2026-09-11T14:27:05.27387161-07:00","Action":"run","Package":"github.com/JDinSeattle/forge-runtime/internal/provider","Test":"TestAdaptersAbortAfterToolCompletionWithoutTerminalEvent"}
{"Time":"2026-09-11T14:27:05.273874915-07:00","Action":"output","Package":"github.com/JDinSeattle/forge-runtime/internal/provider","Test":"TestAdaptersAbortAfterToolCompletionWithoutTerminalEvent","Output":"=== RUN   TestAdaptersAbortAfterToolCompletionWithoutTerminalEvent\n"}
{"Time":"2026-09-11T14:27:05.273912077-07:00","Action":"run","Package":"github.com/JDinSeattle/forge-runtime/internal/provider","Test":"TestAdaptersAbortAfterToolCompletionWithoutTerminalEvent/openai"}
{"Time":"2026-09-11T14:27:05.273926406-07:00","Action":"output","Package":"github.com/JDinSeattle/forge-runtime/internal/provider","Test":"TestAdaptersAbortAfterToolCompletionWithoutTerminalEvent/openai","Output":"=== RUN   TestAdaptersAbortAfterToolCompletionWithoutTerminalEvent/openai\n"}
{"Time":"2026-09-11T14:27:05.275565666-07:00","Action":"output","Package":"github.com/JDinSeattle/forge-runtime/tests/client","Test":"TestSchemaMatchesActualGoWireModelsAndGeneratedTypes/Run","Output":"--- PASS: TestSchemaMatchesActualGoWireModelsAndGeneratedTypes/Run (0.00s)\n"}
{"Time":"2026-09-11T14:27:05.275587149-07:00","Action":"pass","Package":"github.com/JDinSeattle/forge-runtime/tests/client","Test":"TestSchemaMatchesActualGoWireModelsAndGeneratedTypes/Run","Elapsed":0}
{"Time":"2026-09-11T14:27:05.275596782-07:00","Action":"run","Package":"github.com/JDinSeattle/forge-runtime/tests/client","Test":"TestSchemaMatchesActualGoWireModelsAndGeneratedTypes/State"}
{"Time":"2026-09-11T14:27:05.275598702-07:00","Action":"output","Package":"github.com/JDinSeattle/forge-runtime/tests/client","Test":"TestSchemaMatchesActualGoWireModelsAndGeneratedTypes/State","Output":"=== RUN   TestSchemaMatchesActualGoWireModelsAndGeneratedTypes/State\n"}
{"Time":"2026-09-11T14:27:05.275684356-07:00","Action":"output","Package":"github.com/JDinSeattle/forge-runtime/cmd/forge","Test":"TestDownloadRejectsCorruptionAndPreservesDestination","Output":"--- PASS: TestDownloadRejectsCorruptionAndPreservesDestination (0.00s)\n"}
{"Time":"2026-09-11T14:27:05.27570628-07:00","Action":"pass","Package":"github.com/JDinSeattle/forge-runtime/cmd/forge","Test":"TestDownloadRejectsCorruptionAndPreservesDestination","Elapsed":0}
{"Time":"2026-09-11T14:27:05.27571207-07:00","Action":"run","Package":"github.com/JDinSeattle/forge-runtime/cmd/forge","Test":"TestApprovalUsesSavedBindingInsteadOfFetchingNewPermission"}
{"Time":"2026-09-11T14:27:05.275716802-07:00","Action":"output","Package":"github.com/JDinSeattle/forge-runtime/cmd/forge","Test":"TestApprovalUsesSavedBindingInsteadOfFetchingNewPermission","Output":"=== RUN   TestApprovalUsesSavedBindingInsteadOfFetchingNewPermission\n"}
{"Time":"2026-09-11T14:27:05.276139467-07:00","Action":"output","Package":"github.com/JDinSeattle/forge-runtime/internal/provider","Test":"TestAdaptersAbortAfterToolCompletionWithoutTerminalEvent/openai","Output":"--- PASS: TestAdaptersAbortAfterToolCompletionWithoutTerminalEvent/openai (0.00s)\n"}
{"Time":"2026-09-11T14:27:05.276150083-07:00","Action":"pass","Package":"github.com/JDinSeattle/forge-runtime/internal/provider","Test":"TestAdaptersAbortAfterToolCompletionWithoutTerminalEvent/openai","Elapsed":0}
{"Time":"2026-09-11T14:27:05.276156859-07:00","Action":"run","Package":"github.com/JDinSeattle/forge-runtime/internal/provider","Test":"TestAdaptersAbortAfterToolCompletionWithoutTerminalEvent/anthropic"}
{"Time":"2026-09-11T14:27:05.276159346-07:00","Action":"output","Package":"github.com/JDinSeattle/forge-runtime/internal/provider","Test":"TestAdaptersAbortAfterToolCompletionWithoutTerminalEvent/anthropic","Output":"=== RUN   TestAdaptersAbortAfterToolCompletionWithoutTerminalEvent/anthropic\n"}
{"Time":"2026-09-11T14:27:05.277568223-07:00","Action":"output","Package":"github.com/JDinSeattle/forge-runtime/cmd/forge","Test":"TestApprovalUsesSavedBindingInsteadOfFetchingNewPermission","Output":"--- PASS: TestApprovalUsesSavedBindingInsteadOfFetchingNewPermission (0.00s)\n"}
{"Time":"2026-09-11T14:27:05.277593588-07:00","Action":"pass","Package":"github.com/JDinSeattle/forge-runtime/cmd/forge","Test":"TestApprovalUsesSavedBindingInsteadOfFetchingNewPermission","Elapsed":0}
{"Time":"2026-09-11T14:27:05.27760081-07:00","Action":"run","Package":"github.com/JDinSeattle/forge-runtime/cmd/forge","Test":"TestSnapshotPreservesLargeNumbersInToolArguments"}
{"Time":"2026-09-11T14:27:05.277604298-07:00","Action":"output","Package":"github.com/JDinSeattle/forge-runtime/cmd/forge","Test":"TestSnapshotPreservesLargeNumbersInToolArguments","Output":"=== RUN   TestSnapshotPreservesLargeNumbersInToolArguments\n"}
{"Time":"2026-09-11T14:27:05.277800863-07:00","Action":"output","Package":"github.com/JDinSeattle/forge-runtime/cmd/forge","Test":"TestSnapshotPreservesLargeNumbersInToolArguments","Output":"--- PASS: TestSnapshotPreservesLargeNumbersInToolArguments (0.00s)\n"}
{"Time":"2026-09-11T14:27:05.277809356-07:00","Action":"pass","Package":"github.com/JDinSeattle/forge-runtime/cmd/forge","Test":"TestSnapshotPreservesLargeNumbersInToolArguments","Elapsed":0}
{"Time":"2026-09-11T14:27:05.277829476-07:00","Action":"run","Package":"github.com/JDinSeattle/forge-runtime/cmd/forge","Test":"TestSubmitParentBindingIsIncludedInIdempotencyReceipt"}
{"Time":"2026-09-11T14:27:05.277840838-07:00","Action":"output","Package":"github.com/JDinSeattle/forge-runtime/cmd/forge","Test":"TestSubmitParentBindingIsIncludedInIdempotencyReceipt","Output":"=== RUN   TestSubmitParentBindingIsIncludedInIdempotencyReceipt\n"}
{"Time":"2026-09-11T14:27:05.277971725-07:00","Action":"output","Package":"github.com/JDinSeattle/forge-runtime/internal/provider","Test":"TestAdaptersAbortAfterToolCompletionWithoutTerminalEvent/anthropic","Output":"--- PASS: TestAdaptersAbortAfterToolCompletionWithoutTerminalEvent/anthropic (0.00s)\n"}
{"Time":"2026-09-11T14:27:05.27798495-07:00","Action":"pass","Package":"github.com/JDinSeattle/forge-runtime/internal/provider","Test":"TestAdaptersAbortAfterToolCompletionWithoutTerminalEvent/anthropic","Elapsed":0}
{"Time":"2026-09-11T14:27:05.277994065-07:00","Action":"output","Package":"github.com/JDinSeattle/forge-runtime/internal/provider","Test":"TestAdaptersAbortAfterToolCompletionWithoutTerminalEvent","Output":"--- PASS: TestAdaptersAbortAfterToolCompletionWithoutTerminalEvent (0.00s)\n"}
{"Time":"2026-09-11T14:27:05.278006134-07:00","Action":"pass","Package":"github.com/JDinSeattle/forge-runtime/internal/provider","Test":"TestAdaptersAbortAfterToolCompletionWithoutTerminalEvent","Elapsed":0}
{"Time":"2026-09-11T14:27:05.278015004-07:00","Action":"run","Package":"github.com/JDinSeattle/forge-runtime/internal/provider","Test":"TestAdaptersDisableSDKRetriesAndRespectHTTPErrorMetadata"}
{"Time":"2026-09-11T14:27:05.278016605-07:00","Action":"output","Package":"github.com/JDinSeattle/forge-runtime/internal/provider","Test":"TestAdaptersDisableSDKRetriesAndRespectHTTPErrorMetadata","Output":"=== RUN   TestAdaptersDisableSDKRetriesAndRespectHTTPErrorMetadata\n"}
{"Time":"2026-09-11T14:27:05.278030566-07:00","Action":"run","Package":"github.com/JDinSeattle/forge-runtime/internal/provider","Test":"TestAdaptersDisableSDKRetriesAndRespectHTTPErrorMetadata/openai"}
{"Time":"2026-09-11T14:27:05.278032659-07:00","Action":"output","Package":"github.com/JDinSeattle/forge-runtime/internal/provider","Test":"TestAdaptersDisableSDKRetriesAndRespectHTTPErrorMetadata/openai","Output":"=== RUN   TestAdaptersDisableSDKRetriesAndRespectHTTPErrorMetadata/openai\n"}
{"Time":"2026-09-11T14:27:05.278348906-07:00","Action":"output","Package":"github.com/JDinSeattle/forge-runtime/tests/client","Test":"TestSchemaMatchesActualGoWireModelsAndGeneratedTypes/State","Output":"--- PASS: TestSchemaMatchesActualGoWireModelsAndGeneratedTypes/State (0.00s)\n"}
{"Time":"2026-09-11T14:27:05.278411417-07:00","Action":"pass","Package":"github.com/JDinSeattle/forge-runtime/tests/client","Test":"TestSchemaMatchesActualGoWireModelsAndGeneratedTypes/State","Elapsed":0}
{"Time":"2026-09-11T14:27:05.278513985-07:00","Action":"run","Package":"github.com/JDinSeattle/forge-runtime/tests/client","Test":"TestSchemaMatchesActualGoWireModelsAndGeneratedTypes/Budget"}
{"Time":"2026-09-11T14:27:05.278527347-07:00","Action":"output","Package":"github.com/JDinSeattle/forge-runtime/tests/client","Test":"TestSchemaMatchesActualGoWireModelsAndGeneratedTypes/Budget","Output":"=== RUN   TestSchemaMatchesActualGoWireModelsAndGeneratedTypes/Budget\n"}
{"Time":"2026-09-11T14:27:05.279336322-07:00","Action":"output","Package":"github.com/JDinSeattle/forge-runtime/internal/provider","Test":"TestAdaptersDisableSDKRetriesAndRespectHTTPErrorMetadata/openai","Output":"--- PASS: TestAdaptersDisableSDKRetriesAndRespectHTTPErrorMetadata/openai (0.00s)\n"}
{"Time":"2026-09-11T14:27:05.279352764-07:00","Action":"pass","Package":"github.com/JDinSeattle/forge-runtime/internal/provider","Test":"TestAdaptersDisableSDKRetriesAndRespectHTTPErrorMetadata/openai","Elapsed":0}
{"Time":"2026-09-11T14:27:05.27936053-07:00","Action":"output","Package":"github.com/JDinSeattle/forge-runtime/tests/client","Test":"TestSchemaMatchesActualGoWireModelsAndGeneratedTypes/Budget","Output":"--- PASS: TestSchemaMatchesActualGoWireModelsAndGeneratedTypes/Budget (0.00s)\n"}
{"Time":"2026-09-11T14:27:05.279365436-07:00","Action":"run","Package":"github.com/JDinSeattle/forge-runtime/internal/provider","Test":"TestAdaptersDisableSDKRetriesAndRespectHTTPErrorMetadata/anthropic"}
{"Time":"2026-09-11T14:27:05.279370944-07:00","Action":"output","Package":"github.com/JDinSeattle/forge-runtime/internal/provider","Test":"TestAdaptersDisableSDKRetriesAndRespectHTTPErrorMetadata/anthropic","Output":"=== RUN   TestAdaptersDisableSDKRetriesAndRespectHTTPErrorMetadata/anthropic\n"}
{"Time":"2026-09-11T14:27:05.279374309-07:00","Action":"pass","Package":"github.com/JDinSeattle/forge-runtime/tests/client","Test":"TestSchemaMatchesActualGoWireModelsAndGeneratedTypes/Budget","Elapsed":0}
{"Time":"2026-09-11T14:27:05.279384629-07:00","Action":"run","Package":"github.com/JDinSeattle/forge-runtime/tests/client","Test":"TestSchemaMatchesActualGoWireModelsAndGeneratedTypes/Project"}
{"Time":"2026-09-11T14:27:05.279386475-07:00","Action":"output","Package":"github.com/JDinSeattle/forge-runtime/tests/client","Test":"TestSchemaMatchesActualGoWireModelsAndGeneratedTypes/Project","Output":"=== RUN   TestSchemaMatchesActualGoWireModelsAndGeneratedTypes/Project\n"}
{"Time":"2026-09-11T14:27:05.279434785-07:00","Action":"output","Package":"github.com/JDinSeattle/forge-runtime/internal/artifact","Test":"TestPutDeadlineUnblocksClosableInputAndReleasesPublication","Output":"--- PASS: TestPutDeadlineUnblocksClosableInputAndReleasesPublication (0.05s)\n"}
{"Time":"2026-09-11T14:27:05.279447005-07:00","Action":"pass","Package":"github.com/JDinSeattle/forge-runtime/internal/artifact","Test":"TestPutDeadlineUnblocksClosableInputAndReleasesPublication","Elapsed":0.05}
{"Time":"2026-09-11T14:27:05.279461319-07:00","Action":"run","Package":"github.com/JDinSeattle/forge-runtime/internal/artifact","Test":"TestArtifactReaderCancellationClosesOnceAndUnblocksRead"}
{"Time":"2026-09-11T14:27:05.279463096-07:00","Action":"output","Package":"github.com/JDinSeattle/forge-runtime/internal/artifact","Test":"TestArtifactReaderCancellationClosesOnceAndUnblocksRead","Output":"=== RUN   TestArtifactReaderCancellationClosesOnceAndUnblocksRead\n"}
{"Time":"2026-09-11T14:27:05.280299262-07:00","Action":"output","Package":"github.com/JDinSeattle/forge-runtime/tests/client","Test":"TestSchemaMatchesActualGoWireModelsAndGeneratedTypes/Project","Output":"--- PASS: TestSchemaMatchesActualGoWireModelsAndGeneratedTypes/Project (0.00s)\n"}
{"Time":"2026-09-11T14:27:05.280324847-07:00","Action":"pass","Package":"github.com/JDinSeattle/forge-runtime/tests/client","Test":"TestSchemaMatchesActualGoWireModelsAndGeneratedTypes/Project","Elapsed":0}
{"Time":"2026-09-11T14:27:05.280330295-07:00","Action":"run","Package":"github.com/JDinSeattle/forge-runtime/tests/client","Test":"TestSchemaMatchesActualGoWireModelsAndGeneratedTypes/Submit"}
{"Time":"2026-09-11T14:27:05.2803336-07:00","Action":"output","Package":"github.com/JDinSeattle/forge-runtime/tests/client","Test":"TestSchemaMatchesActualGoWireModelsAndGeneratedTypes/Submit","Output":"=== RUN   TestSchemaMatchesActualGoWireModelsAndGeneratedTypes/Submit\n"}
{"Time":"2026-09-11T14:27:05.281312646-07:00","Action":"output","Package":"github.com/JDinSeattle/forge-runtime/internal/provider","Test":"TestAdaptersDisableSDKRetriesAndRespectHTTPErrorMetadata/anthropic","Output":"--- PASS: TestAdaptersDisableSDKRetriesAndRespectHTTPErrorMetadata/anthropic (0.00s)\n"}
{"Time":"2026-09-11T14:27:05.281326715-07:00","Action":"pass","Package":"github.com/JDinSeattle/forge-runtime/internal/provider","Test":"TestAdaptersDisableSDKRetriesAndRespectHTTPErrorMetadata/anthropic","Elapsed":0}
{"Time":"2026-09-11T14:27:05.281584212-07:00","Action":"output","Package":"github.com/JDinSeattle/forge-runtime/internal/provider","Test":"TestAdaptersDisableSDKRetriesAndRespectHTTPErrorMetadata","Output":"--- PASS: TestAdaptersDisableSDKRetriesAndRespectHTTPErrorMetadata (0.00s)\n"}
{"Time":"2026-09-11T14:27:05.281589215-07:00","Action":"pass","Package":"github.com/JDinSeattle/forge-runtime/internal/provider","Test":"TestAdaptersDisableSDKRetriesAndRespectHTTPErrorMetadata","Elapsed":0}
{"Time":"2026-09-11T14:27:05.281601453-07:00","Action":"run","Package":"github.com/JDinSeattle/forge-runtime/internal/provider","Test":"TestOpenAIFinalToolMismatchRejected"}
{"Time":"2026-09-11T14:27:05.281606482-07:00","Action":"output","Package":"github.com/JDinSeattle/forge-runtime/internal/provider","Test":"TestOpenAIFinalToolMismatchRejected","Output":"=== RUN   TestOpenAIFinalToolMismatchRejected\n"}
{"Time":"2026-09-11T14:27:05.281789135-07:00","Action":"output","Package":"github.com/JDinSeattle/forge-runtime/tests/client","Test":"TestSchemaMatchesActualGoWireModelsAndGeneratedTypes/Submit","Output":"--- PASS: TestSchemaMatchesActualGoWireModelsAndGeneratedTypes/Submit (0.00s)\n"}
{"Time":"2026-09-11T14:27:05.281804909-07:00","Action":"pass","Package":"github.com/JDinSeattle/forge-runtime/tests/client","Test":"TestSchemaMatchesActualGoWireModelsAndGeneratedTypes/Submit","Elapsed":0}
{"Time":"2026-09-11T14:27:05.281836512-07:00","Action":"run","Package":"github.com/JDinSeattle/forge-runtime/tests/client","Test":"TestSchemaMatchesActualGoWireModelsAndGeneratedTypes/Approval"}
{"Time":"2026-09-11T14:27:05.28184268-07:00","Action":"output","Package":"github.com/JDinSeattle/forge-runtime/tests/client","Test":"TestSchemaMatchesActualGoWireModelsAndGeneratedTypes/Approval","Output":"=== RUN   TestSchemaMatchesActualGoWireModelsAndGeneratedTypes/Approval\n"}
{"Time":"2026-09-11T14:27:05.283252636-07:00","Action":"output","Package":"github.com/JDinSeattle/forge-runtime/tests/client","Test":"TestSchemaMatchesActualGoWireModelsAndGeneratedTypes/Approval","Output":"--- PASS: TestSchemaMatchesActualGoWireModelsAndGeneratedTypes/Approval (0.00s)\n"}
{"Time":"2026-09-11T14:27:05.283282934-07:00","Action":"pass","Package":"github.com/JDinSeattle/forge-runtime/tests/client","Test":"TestSchemaMatchesActualGoWireModelsAndGeneratedTypes/Approval","Elapsed":0}
{"Time":"2026-09-11T14:27:05.283436246-07:00","Action":"output","Package":"github.com/JDinSeattle/forge-runtime/internal/provider","Test":"TestOpenAIFinalToolMismatchRejected","Output":"--- PASS: TestOpenAIFinalToolMismatchRejected (0.00s)\n"}
{"Time":"2026-09-11T14:27:05.283458965-07:00","Action":"pass","Package":"github.com/JDinSeattle/forge-runtime/internal/provider","Test":"TestOpenAIFinalToolMismatchRejected","Elapsed":0}
{"Time":"2026-09-11T14:27:05.283465064-07:00","Action":"run","Package":"github.com/JDinSeattle/forge-runtime/internal/provider","Test":"TestAnthropicOverloadInsideSuccessfulHTTPStream"}
{"Time":"2026-09-11T14:27:05.283468416-07:00","Action":"output","Package":"github.com/JDinSeattle/forge-runtime/internal/provider","Test":"TestAnthropicOverloadInsideSuccessfulHTTPStream","Output":"=== RUN   TestAnthropicOverloadInsideSuccessfulHTTPStream\n"}
{"Time":"2026-09-11T14:27:05.284488882-07:00","Action":"output","Package":"github.com/JDinSeattle/forge-runtime/tests/client","Test":"TestSchemaMatchesActualGoWireModelsAndGeneratedTypes","Output":"--- PASS: TestSchemaMatchesActualGoWireModelsAndGeneratedTypes (0.03s)\n"}
{"Time":"2026-09-11T14:27:05.28451592-07:00","Action":"pass","Package":"github.com/JDinSeattle/forge-runtime/tests/client","Test":"TestSchemaMatchesActualGoWireModelsAndGeneratedTypes","Elapsed":0.03}
{"Time":"2026-09-11T14:27:05.284524455-07:00","Action":"run","Package":"github.com/JDinSeattle/forge-runtime/tests/client","Test":"TestSchemaRejectsMalformedBudgetsAndUnknownRequestProperties"}
{"Time":"2026-09-11T14:27:05.28452808-07:00","Action":"output","Package":"github.com/JDinSeattle/forge-runtime/tests/client","Test":"TestSchemaRejectsMalformedBudgetsAndUnknownRequestProperties","Output":"=== RUN   TestSchemaRejectsMalformedBudgetsAndUnknownRequestProperties\n"}
{"Time":"2026-09-11T14:27:05.284540233-07:00","Action":"output","Package":"github.com/JDinSeattle/forge-runtime/cmd/forge","Test":"TestSubmitParentBindingIsIncludedInIdempotencyReceipt","Output":"--- PASS: TestSubmitParentBindingIsIncludedInIdempotencyReceipt (0.01s)\n"}
{"Time":"2026-09-11T14:27:05.284546253-07:00","Action":"pass","Package":"github.com/JDinSeattle/forge-runtime/cmd/forge","Test":"TestSubmitParentBindingIsIncludedInIdempotencyReceipt","Elapsed":0.01}
{"Time":"2026-09-11T14:27:05.284558276-07:00","Action":"run","Package":"github.com/JDinSeattle/forge-runtime/cmd/forge","Test":"FuzzEventCursorOnlyAcknowledgesPrintedContiguousFrames"}
{"Time":"2026-09-11T14:27:05.284562971-07:00","Action":"output","Package":"github.com/JDinSeattle/forge-runtime/cmd/forge","Test":"FuzzEventCursorOnlyAcknowledgesPrintedContiguousFrames","Output":"=== RUN   FuzzEventCursorOnlyAcknowledgesPrintedContiguousFrames\n"}
{"Time":"2026-09-11T14:27:05.284607275-07:00","Action":"run","Package":"github.com/JDinSeattle/forge-runtime/cmd/forge","Test":"FuzzEventCursorOnlyAcknowledgesPrintedContiguousFrames/seed#0"}
{"Time":"2026-09-11T14:27:05.284622607-07:00","Action":"output","Package":"github.com/JDinSeattle/forge-runtime/cmd/forge","Test":"FuzzEventCursorOnlyAcknowledgesPrintedContiguousFrames/seed#0","Output":"=== RUN   FuzzEventCursorOnlyAcknowledgesPrintedContiguousFrames/seed#0\n"}
{"Time":"2026-09-11T14:27:05.284743064-07:00","Action":"output","Package":"github.com/JDinSeattle/forge-runtime/cmd/forge","Test":"FuzzEventCursorOnlyAcknowledgesPrintedContiguousFrames/seed#0","Output":"--- PASS: FuzzEventCursorOnlyAcknowledgesPrintedContiguousFrames/seed#0 (0.00s)\n"}
{"Time":"2026-09-11T14:27:05.284760061-07:00","Action":"pass","Package":"github.com/JDinSeattle/forge-runtime/cmd/forge","Test":"FuzzEventCursorOnlyAcknowledgesPrintedContiguousFrames/seed#0","Elapsed":0}
{"Time":"2026-09-11T14:27:05.284765876-07:00","Action":"run","Package":"github.com/JDinSeattle/forge-runtime/cmd/forge","Test":"FuzzEventCursorOnlyAcknowledgesPrintedContiguousFrames/seed#1"}
{"Time":"2026-09-11T14:27:05.284768909-07:00","Action":"output","Package":"github.com/JDinSeattle/forge-runtime/cmd/forge","Test":"FuzzEventCursorOnlyAcknowledgesPrintedContiguousFrames/seed#1","Output":"=== RUN   FuzzEventCursorOnlyAcknowledgesPrintedContiguousFrames/seed#1\n"}
{"Time":"2026-09-11T14:27:05.284861477-07:00","Action":"output","Package":"github.com/JDinSeattle/forge-runtime/cmd/forge","Test":"FuzzEventCursorOnlyAcknowledgesPrintedContiguousFrames/seed#1","Output":"--- PASS: FuzzEventCursorOnlyAcknowledgesPrintedContiguousFrames/seed#1 (0.00s)\n"}
{"Time":"2026-09-11T14:27:05.284880149-07:00","Action":"pass","Package":"github.com/JDinSeattle/forge-runtime/cmd/forge","Test":"FuzzEventCursorOnlyAcknowledgesPrintedContiguousFrames/seed#1","Elapsed":0}
{"Time":"2026-09-11T14:27:05.284886836-07:00","Action":"run","Package":"github.com/JDinSeattle/forge-runtime/cmd/forge","Test":"FuzzEventCursorOnlyAcknowledgesPrintedContiguousFrames/seed#2"}
{"Time":"2026-09-11T14:27:05.284890252-07:00","Action":"output","Package":"github.com/JDinSeattle/forge-runtime/cmd/forge","Test":"FuzzEventCursorOnlyAcknowledgesPrintedContiguousFrames/seed#2","Output":"=== RUN   FuzzEventCursorOnlyAcknowledgesPrintedContiguousFrames/seed#2\n"}
{"Time":"2026-09-11T14:27:05.284903665-07:00","Action":"output","Package":"github.com/JDinSeattle/forge-runtime/cmd/forge","Test":"FuzzEventCursorOnlyAcknowledgesPrintedContiguousFrames/seed#2","Output":"--- PASS: FuzzEventCursorOnlyAcknowledgesPrintedContiguousFrames/seed#2 (0.00s)\n"}
{"Time":"2026-09-11T14:27:05.284914008-07:00","Action":"pass","Package":"github.com/JDinSeattle/forge-runtime/cmd/forge","Test":"FuzzEventCursorOnlyAcknowledgesPrintedContiguousFrames/seed#2","Elapsed":0}
{"Time":"2026-09-11T14:27:05.284918867-07:00","Action":"run","Package":"github.com/JDinSeattle/forge-runtime/cmd/forge","Test":"FuzzEventCursorOnlyAcknowledgesPrintedContiguousFrames/seed#3"}
{"Time":"2026-09-11T14:27:05.28492153-07:00","Action":"output","Package":"github.com/JDinSeattle/forge-runtime/cmd/forge","Test":"FuzzEventCursorOnlyAcknowledgesPrintedContiguousFrames/seed#3","Output":"=== RUN   FuzzEventCursorOnlyAcknowledgesPrintedContiguousFrames/seed#3\n"}
{"Time":"2026-09-11T14:27:05.284963201-07:00","Action":"output","Package":"github.com/JDinSeattle/forge-runtime/cmd/forge","Test":"FuzzEventCursorOnlyAcknowledgesPrintedContiguousFrames/seed#3","Output":"--- PASS: FuzzEventCursorOnlyAcknowledgesPrintedContiguousFrames/seed#3 (0.00s)\n"}
{"Time":"2026-09-11T14:27:05.28498306-07:00","Action":"pass","Package":"github.com/JDinSeattle/forge-runtime/cmd/forge","Test":"FuzzEventCursorOnlyAcknowledgesPrintedContiguousFrames/seed#3","Elapsed":0}
{"Time":"2026-09-11T14:27:05.284988374-07:00","Action":"run","Package":"github.com/JDinSeattle/forge-runtime/cmd/forge","Test":"FuzzEventCursorOnlyAcknowledgesPrintedContiguousFrames/seed#4"}
{"Time":"2026-09-11T14:27:05.284990452-07:00","Action":"output","Package":"github.com/JDinSeattle/forge-runtime/cmd/forge","Test":"FuzzEventCursorOnlyAcknowledgesPrintedContiguousFrames/seed#4","Output":"=== RUN   FuzzEventCursorOnlyAcknowledgesPrintedContiguousFrames/seed#4\n"}
{"Time":"2026-09-11T14:27:05.285020822-07:00","Action":"output","Package":"github.com/JDinSeattle/forge-runtime/cmd/forge","Test":"FuzzEventCursorOnlyAcknowledgesPrintedContiguousFrames/seed#4","Output":"--- PASS: FuzzEventCursorOnlyAcknowledgesPrintedContiguousFrames/seed#4 (0.00s)\n"}
{"Time":"2026-09-11T14:27:05.285030556-07:00","Action":"pass","Package":"github.com/JDinSeattle/forge-runtime/cmd/forge","Test":"FuzzEventCursorOnlyAcknowledgesPrintedContiguousFrames/seed#4","Elapsed":0}
{"Time":"2026-09-11T14:27:05.285037592-07:00","Action":"output","Package":"github.com/JDinSeattle/forge-runtime/internal/provider","Test":"TestAnthropicOverloadInsideSuccessfulHTTPStream","Output":"--- PASS: TestAnthropicOverloadInsideSuccessfulHTTPStream (0.00s)\n"}
{"Time":"2026-09-11T14:27:05.28504176-07:00","Action":"pass","Package":"github.com/JDinSeattle/forge-runtime/internal/provider","Test":"TestAnthropicOverloadInsideSuccessfulHTTPStream","Elapsed":0}
{"Time":"2026-09-11T14:27:05.285046088-07:00","Action":"run","Package":"github.com/JDinSeattle/forge-runtime/cmd/forge","Test":"FuzzEventCursorOnlyAcknowledgesPrintedContiguousFrames/seed#5"}
{"Time":"2026-09-11T14:27:05.2850491-07:00","Action":"output","Package":"github.com/JDinSeattle/forge-runtime/cmd/forge","Test":"FuzzEventCursorOnlyAcknowledgesPrintedContiguousFrames/seed#5","Output":"=== RUN   FuzzEventCursorOnlyAcknowledgesPrintedContiguousFrames/seed#5\n"}
{"Time":"2026-09-11T14:27:05.285053365-07:00","Action":"run","Package":"github.com/JDinSeattle/forge-runtime/internal/provider","Test":"TestAdaptersBoundToolArgumentsAtWireBoundary"}
{"Time":"2026-09-11T14:27:05.285055814-07:00","Action":"output","Package":"github.com/JDinSeattle/forge-runtime/internal/provider","Test":"TestAdaptersBoundToolArgumentsAtWireBoundary","Output":"=== RUN   TestAdaptersBoundToolArgumentsAtWireBoundary\n"}
{"Time":"2026-09-11T14:27:05.285083245-07:00","Action":"run","Package":"github.com/JDinSeattle/forge-runtime/internal/provider","Test":"TestAdaptersBoundToolArgumentsAtWireBoundary/openai"}
{"Time":"2026-09-11T14:27:05.285086541-07:00","Action":"output","Package":"github.com/JDinSeattle/forge-runtime/internal/provider","Test":"TestAdaptersBoundToolArgumentsAtWireBoundary/openai","Output":"=== RUN   TestAdaptersBoundToolArgumentsAtWireBoundary/openai\n"}
{"Time":"2026-09-11T14:27:05.285094938-07:00","Action":"output","Package":"github.com/JDinSeattle/forge-runtime/cmd/forge","Test":"FuzzEventCursorOnlyAcknowledgesPrintedContiguousFrames/seed#5","Output":"--- PASS: FuzzEventCursorOnlyAcknowledgesPrintedContiguousFrames/seed#5 (0.00s)\n"}
{"Time":"2026-09-11T14:27:05.285106421-07:00","Action":"pass","Package":"github.com/JDinSeattle/forge-runtime/cmd/forge","Test":"FuzzEventCursorOnlyAcknowledgesPrintedContiguousFrames/seed#5","Elapsed":0}
{"Time":"2026-09-11T14:27:05.285141749-07:00","Action":"run","Package":"github.com/JDinSeattle/forge-runtime/cmd/forge","Test":"FuzzEventCursorOnlyAcknowledgesPrintedContiguousFrames/seed#6"}
{"Time":"2026-09-11T14:27:05.285144556-07:00","Action":"output","Package":"github.com/JDinSeattle/forge-runtime/cmd/forge","Test":"FuzzEventCursorOnlyAcknowledgesPrintedContiguousFrames/seed#6","Output":"=== RUN   FuzzEventCursorOnlyAcknowledgesPrintedContiguousFrames/seed#6\n"}
{"Time":"2026-09-11T14:27:05.285259495-07:00","Action":"output","Package":"github.com/JDinSeattle/forge-runtime/cmd/forge","Test":"FuzzEventCursorOnlyAcknowledgesPrintedContiguousFrames/seed#6","Output":"--- PASS: FuzzEventCursorOnlyAcknowledgesPrintedContiguousFrames/seed#6 (0.00s)\n"}
{"Time":"2026-09-11T14:27:05.285272615-07:00","Action":"pass","Package":"github.com/JDinSeattle/forge-runtime/cmd/forge","Test":"FuzzEventCursorOnlyAcknowledgesPrintedContiguousFrames/seed#6","Elapsed":0}
{"Time":"2026-09-11T14:27:05.285293353-07:00","Action":"run","Package":"github.com/JDinSeattle/forge-runtime/cmd/forge","Test":"FuzzEventCursorOnlyAcknowledgesPrintedContiguousFrames/seed#7"}
{"Time":"2026-09-11T14:27:05.285296396-07:00","Action":"output","Package":"github.com/JDinSeattle/forge-runtime/cmd/forge","Test":"FuzzEventCursorOnlyAcknowledgesPrintedContiguousFrames/seed#7","Output":"=== RUN   FuzzEventCursorOnlyAcknowledgesPrintedContiguousFrames/seed#7\n"}
{"Time":"2026-09-11T14:27:05.285341872-07:00","Action":"output","Package":"github.com/JDinSeattle/forge-runtime/cmd/forge","Test":"FuzzEventCursorOnlyAcknowledgesPrintedContiguousFrames/seed#7","Output":"--- PASS: FuzzEventCursorOnlyAcknowledgesPrintedContiguousFrames/seed#7 (0.00s)\n"}
{"Time":"2026-09-11T14:27:05.285351461-07:00","Action":"pass","Package":"github.com/JDinSeattle/forge-runtime/cmd/forge","Test":"FuzzEventCursorOnlyAcknowledgesPrintedContiguousFrames/seed#7","Elapsed":0}
{"Time":"2026-09-11T14:27:05.285382756-07:00","Action":"output","Package":"github.com/JDinSeattle/forge-runtime/cmd/forge","Test":"FuzzEventCursorOnlyAcknowledgesPrintedContiguousFrames","Output":"--- PASS: FuzzEventCursorOnlyAcknowledgesPrintedContiguousFrames (0.00s)\n"}
{"Time":"2026-09-11T14:27:05.285496222-07:00","Action":"pass","Package":"github.com/JDinSeattle/forge-runtime/cmd/forge","Test":"FuzzEventCursorOnlyAcknowledgesPrintedContiguousFrames","Elapsed":0}
{"Time":"2026-09-11T14:27:05.285501422-07:00","Action":"output","Package":"github.com/JDinSeattle/forge-runtime/cmd/forge","Output":"PASS\n"}
{"Time":"2026-09-11T14:27:05.286484549-07:00","Action":"output","Package":"github.com/JDinSeattle/forge-runtime/internal/provider","Test":"TestAdaptersBoundToolArgumentsAtWireBoundary/openai","Output":"--- PASS: TestAdaptersBoundToolArgumentsAtWireBoundary/openai (0.00s)\n"}
{"Time":"2026-09-11T14:27:05.286529105-07:00","Action":"pass","Package":"github.com/JDinSeattle/forge-runtime/internal/provider","Test":"TestAdaptersBoundToolArgumentsAtWireBoundary/openai","Elapsed":0}
{"Time":"2026-09-11T14:27:05.286551918-07:00","Action":"run","Package":"github.com/JDinSeattle/forge-runtime/internal/provider","Test":"TestAdaptersBoundToolArgumentsAtWireBoundary/anthropic"}
{"Time":"2026-09-11T14:27:05.286554446-07:00","Action":"output","Package":"github.com/JDinSeattle/forge-runtime/internal/provider","Test":"TestAdaptersBoundToolArgumentsAtWireBoundary/anthropic","Output":"=== RUN   TestAdaptersBoundToolArgumentsAtWireBoundary/anthropic\n"}
{"Time":"2026-09-11T14:27:05.289130742-07:00","Action":"output","Package":"github.com/JDinSeattle/forge-runtime/internal/provider","Test":"TestAdaptersBoundToolArgumentsAtWireBoundary/anthropic","Output":"--- PASS: TestAdaptersBoundToolArgumentsAtWireBoundary/anthropic (0.00s)\n"}
{"Time":"2026-09-11T14:27:05.289154854-07:00","Action":"pass","Package":"github.com/JDinSeattle/forge-runtime/internal/provider","Test":"TestAdaptersBoundToolArgumentsAtWireBoundary/anthropic","Elapsed":0}
{"Time":"2026-09-11T14:27:05.289161272-07:00","Action":"output","Package":"github.com/JDinSeattle/forge-runtime/internal/provider","Test":"TestAdaptersBoundToolArgumentsAtWireBoundary","Output":"--- PASS: TestAdaptersBoundToolArgumentsAtWireBoundary (0.00s)\n"}
{"Time":"2026-09-11T14:27:05.289163055-07:00","Action":"pass","Package":"github.com/JDinSeattle/forge-runtime/internal/provider","Test":"TestAdaptersBoundToolArgumentsAtWireBoundary","Elapsed":0}
{"Time":"2026-09-11T14:27:05.289164667-07:00","Action":"run","Package":"github.com/JDinSeattle/forge-runtime/internal/provider","Test":"TestParallelAssemblyDoesNotReleasePartialCalls"}
{"Time":"2026-09-11T14:27:05.289168466-07:00","Action":"output","Package":"github.com/JDinSeattle/forge-runtime/internal/provider","Test":"TestParallelAssemblyDoesNotReleasePartialCalls","Output":"=== RUN   TestParallelAssemblyDoesNotReleasePartialCalls\n"}
{"Time":"2026-09-11T14:27:05.289498073-07:00","Action":"output","Package":"github.com/JDinSeattle/forge-runtime/internal/provider","Test":"TestParallelAssemblyDoesNotReleasePartialCalls","Output":"--- PASS: TestParallelAssemblyDoesNotReleasePartialCalls (0.00s)\n"}
{"Time":"2026-09-11T14:27:05.289506216-07:00","Action":"pass","Package":"github.com/JDinSeattle/forge-runtime/internal/provider","Test":"TestParallelAssemblyDoesNotReleasePartialCalls","Elapsed":0}
{"Time":"2026-09-11T14:27:05.289514993-07:00","Action":"run","Package":"github.com/JDinSeattle/forge-runtime/internal/provider","Test":"TestFailedAttemptWithCompletedToolReturnsNoExecutableCall"}
{"Time":"2026-09-11T14:27:05.289516347-07:00","Action":"output","Package":"github.com/JDinSeattle/forge-runtime/internal/provider","Test":"TestFailedAttemptWithCompletedToolReturnsNoExecutableCall","Output":"=== RUN   TestFailedAttemptWithCompletedToolReturnsNoExecutableCall\n"}
{"Time":"2026-09-11T14:27:05.289955292-07:00","Action":"output","Package":"github.com/JDinSeattle/forge-runtime/internal/provider","Test":"TestFailedAttemptWithCompletedToolReturnsNoExecutableCall","Output":"--- PASS: TestFailedAttemptWithCompletedToolReturnsNoExecutableCall (0.00s)\n"}
{"Time":"2026-09-11T14:27:05.289979587-07:00","Action":"pass","Package":"github.com/JDinSeattle/forge-runtime/internal/provider","Test":"TestFailedAttemptWithCompletedToolReturnsNoExecutableCall","Elapsed":0}
{"Time":"2026-09-11T14:27:05.289985855-07:00","Action":"run","Package":"github.com/JDinSeattle/forge-runtime/internal/provider","Test":"TestArgumentBoundsAndSchema"}
{"Time":"2026-09-11T14:27:05.289989932-07:00","Action":"output","Package":"github.com/JDinSeattle/forge-runtime/internal/provider","Test":"TestArgumentBoundsAndSchema","Output":"=== RUN   TestArgumentBoundsAndSchema\n"}
{"Time":"2026-09-11T14:27:05.290015324-07:00","Action":"run","Package":"github.com/JDinSeattle/forge-runtime/internal/provider","Test":"TestArgumentBoundsAndSchema/syntax"}
{"Time":"2026-09-11T14:27:05.290021247-07:00","Action":"output","Package":"github.com/JDinSeattle/forge-runtime/internal/provider","Test":"TestArgumentBoundsAndSchema/syntax","Output":"=== RUN   TestArgumentBoundsAndSchema/syntax\n"}
{"Time":"2026-09-11T14:27:05.290336463-07:00","Action":"output","Package":"github.com/JDinSeattle/forge-runtime/internal/provider","Test":"TestArgumentBoundsAndSchema/syntax","Output":"--- PASS: TestArgumentBoundsAndSchema/syntax (0.00s)\n"}
{"Time":"2026-09-11T14:27:05.290350589-07:00","Action":"pass","Package":"github.com/JDinSeattle/forge-runtime/internal/provider","Test":"TestArgumentBoundsAndSchema/syntax","Elapsed":0}
{"Time":"2026-09-11T14:27:05.290358076-07:00","Action":"run","Package":"github.com/JDinSeattle/forge-runtime/internal/provider","Test":"TestArgumentBoundsAndSchema/duplicate_key"}
{"Time":"2026-09-11T14:27:05.290360598-07:00","Action":"output","Package":"github.com/JDinSeattle/forge-runtime/internal/provider","Test":"TestArgumentBoundsAndSchema/duplicate_key","Output":"=== RUN   TestArgumentBoundsAndSchema/duplicate_key\n"}
{"Time":"2026-09-11T14:27:05.290702999-07:00","Action":"output","Package":"github.com/JDinSeattle/forge-runtime/internal/provider","Test":"TestArgumentBoundsAndSchema/duplicate_key","Output":"--- PASS: TestArgumentBoundsAndSchema/duplicate_key (0.00s)\n"}
{"Time":"2026-09-11T14:27:05.290717292-07:00","Action":"pass","Package":"github.com/JDinSeattle/forge-runtime/internal/provider","Test":"TestArgumentBoundsAndSchema/duplicate_key","Elapsed":0}
{"Time":"2026-09-11T14:27:05.290725042-07:00","Action":"run","Package":"github.com/JDinSeattle/forge-runtime/internal/provider","Test":"TestArgumentBoundsAndSchema/required"}
{"Time":"2026-09-11T14:27:05.290726576-07:00","Action":"output","Package":"github.com/JDinSeattle/forge-runtime/internal/provider","Test":"TestArgumentBoundsAndSchema/required","Output":"=== RUN   TestArgumentBoundsAndSchema/required\n"}
{"Time":"2026-09-11T14:27:05.291100888-07:00","Action":"output","Package":"github.com/JDinSeattle/forge-runtime/internal/provider","Test":"TestArgumentBoundsAndSchema/required","Output":"--- PASS: TestArgumentBoundsAndSchema/required (0.00s)\n"}
{"Time":"2026-09-11T14:27:05.291128303-07:00","Action":"pass","Package":"github.com/JDinSeattle/forge-runtime/internal/provider","Test":"TestArgumentBoundsAndSchema/required","Elapsed":0}
{"Time":"2026-09-11T14:27:05.291147961-07:00","Action":"run","Package":"github.com/JDinSeattle/forge-runtime/internal/provider","Test":"TestArgumentBoundsAndSchema/wrong_type"}
{"Time":"2026-09-11T14:27:05.291157579-07:00","Action":"output","Package":"github.com/JDinSeattle/forge-runtime/internal/provider","Test":"TestArgumentBoundsAndSchema/wrong_type","Output":"=== RUN   TestArgumentBoundsAndSchema/wrong_type\n"}
{"Time":"2026-09-11T14:27:05.291561188-07:00","Action":"output","Package":"github.com/JDinSeattle/forge-runtime/internal/provider","Test":"TestArgumentBoundsAndSchema/wrong_type","Output":"--- PASS: TestArgumentBoundsAndSchema/wrong_type (0.00s)\n"}
{"Time":"2026-09-11T14:27:05.291576691-07:00","Action":"pass","Package":"github.com/JDinSeattle/forge-runtime/internal/provider","Test":"TestArgumentBoundsAndSchema/wrong_type","Elapsed":0}
{"Time":"2026-09-11T14:27:05.291586871-07:00","Action":"run","Package":"github.com/JDinSeattle/forge-runtime/internal/provider","Test":"TestArgumentBoundsAndSchema/additional"}
{"Time":"2026-09-11T14:27:05.291591687-07:00","Action":"output","Package":"github.com/JDinSeattle/forge-runtime/internal/provider","Test":"TestArgumentBoundsAndSchema/additional","Output":"=== RUN   TestArgumentBoundsAndSchema/additional\n"}
{"Time":"2026-09-11T14:27:05.291916216-07:00","Action":"output","Package":"github.com/JDinSeattle/forge-runtime/internal/provider","Test":"TestArgumentBoundsAndSchema/additional","Output":"--- PASS: TestArgumentBoundsAndSchema/additional (0.00s)\n"}
{"Time":"2026-09-11T14:27:05.29192524-07:00","Action":"pass","Package":"github.com/JDinSeattle/forge-runtime/internal/provider","Test":"TestArgumentBoundsAndSchema/additional","Elapsed":0}
{"Time":"2026-09-11T14:27:05.291941915-07:00","Action":"run","Package":"github.com/JDinSeattle/forge-runtime/internal/provider","Test":"TestArgumentBoundsAndSchema/depth"}
{"Time":"2026-09-11T14:27:05.291947167-07:00","Action":"output","Package":"github.com/JDinSeattle/forge-runtime/internal/provider","Test":"TestArgumentBoundsAndSchema/depth","Output":"=== RUN   TestArgumentBoundsAndSchema/depth\n"}
{"Time":"2026-09-11T14:27:05.292254958-07:00","Action":"output","Package":"github.com/JDinSeattle/forge-runtime/internal/provider","Test":"TestArgumentBoundsAndSchema/depth","Output":"--- PASS: TestArgumentBoundsAndSchema/depth (0.00s)\n"}
{"Time":"2026-09-11T14:27:05.292274158-07:00","Action":"pass","Package":"github.com/JDinSeattle/forge-runtime/internal/provider","Test":"TestArgumentBoundsAndSchema/depth","Elapsed":0}
{"Time":"2026-09-11T14:27:05.292277162-07:00","Action":"run","Package":"github.com/JDinSeattle/forge-runtime/internal/provider","Test":"TestArgumentBoundsAndSchema/size"}
{"Time":"2026-09-11T14:27:05.292278981-07:00","Action":"output","Package":"github.com/JDinSeattle/forge-runtime/internal/provider","Test":"TestArgumentBoundsAndSchema/size","Output":"=== RUN   TestArgumentBoundsAndSchema/size\n"}
{"Time":"2026-09-11T14:27:05.292590013-07:00","Action":"output","Package":"github.com/JDinSeattle/forge-runtime/internal/provider","Test":"TestArgumentBoundsAndSchema/size","Output":"--- PASS: TestArgumentBoundsAndSchema/size (0.00s)\n"}
{"Time":"2026-09-11T14:27:05.292601692-07:00","Action":"pass","Package":"github.com/JDinSeattle/forge-runtime/internal/provider","Test":"TestArgumentBoundsAndSchema/size","Elapsed":0}
{"Time":"2026-09-11T14:27:05.292615058-07:00","Action":"run","Package":"github.com/JDinSeattle/forge-runtime/internal/provider","Test":"TestArgumentBoundsAndSchema/trailing"}
{"Time":"2026-09-11T14:27:05.292626337-07:00","Action":"output","Package":"github.com/JDinSeattle/forge-runtime/internal/provider","Test":"TestArgumentBoundsAndSchema/trailing","Output":"=== RUN   TestArgumentBoundsAndSchema/trailing\n"}
{"Time":"2026-09-11T14:27:05.292934335-07:00","Action":"output","Package":"github.com/JDinSeattle/forge-runtime/internal/provider","Test":"TestArgumentBoundsAndSchema/trailing","Output":"--- PASS: TestArgumentBoundsAndSchema/trailing (0.00s)\n"}
{"Time":"2026-09-11T14:27:05.292945001-07:00","Action":"pass","Package":"github.com/JDinSeattle/forge-runtime/internal/provider","Test":"TestArgumentBoundsAndSchema/trailing","Elapsed":0}
{"Time":"2026-09-11T14:27:05.292962689-07:00","Action":"run","Package":"github.com/JDinSeattle/forge-runtime/internal/provider","Test":"TestArgumentBoundsAndSchema/array"}
{"Time":"2026-09-11T14:27:05.29296758-07:00","Action":"output","Package":"github.com/JDinSeattle/forge-runtime/internal/provider","Test":"TestArgumentBoundsAndSchema/array","Output":"=== RUN   TestArgumentBoundsAndSchema/array\n"}
{"Time":"2026-09-11T14:27:05.29325779-07:00","Action":"output","Package":"github.com/JDinSeattle/forge-runtime/internal/provider","Test":"TestArgumentBoundsAndSchema/array","Output":"--- PASS: TestArgumentBoundsAndSchema/array (0.00s)\n"}
{"Time":"2026-09-11T14:27:05.293272328-07:00","Action":"pass","Package":"github.com/JDinSeattle/forge-runtime/internal/provider","Test":"TestArgumentBoundsAndSchema/array","Elapsed":0}
{"Time":"2026-09-11T14:27:05.293287301-07:00","Action":"output","Package":"github.com/JDinSeattle/forge-runtime/internal/provider","Test":"TestArgumentBoundsAndSchema","Output":"--- PASS: TestArgumentBoundsAndSchema (0.00s)\n"}
{"Time":"2026-09-11T14:27:05.293303627-07:00","Action":"pass","Package":"github.com/JDinSeattle/forge-runtime/internal/provider","Test":"TestArgumentBoundsAndSchema","Elapsed":0}
{"Time":"2026-09-11T14:27:05.29332099-07:00","Action":"run","Package":"github.com/JDinSeattle/forge-runtime/internal/provider","Test":"TestCallLimitUnknownToolAndDuplicateID"}
{"Time":"2026-09-11T14:27:05.293326553-07:00","Action":"output","Package":"github.com/JDinSeattle/forge-runtime/internal/provider","Test":"TestCallLimitUnknownToolAndDuplicateID","Output":"=== RUN   TestCallLimitUnknownToolAndDuplicateID\n"}
{"Time":"2026-09-11T14:27:05.293353917-07:00","Action":"run","Package":"github.com/JDinSeattle/forge-runtime/internal/provider","Test":"TestCallLimitUnknownToolAndDuplicateID/limit"}
{"Time":"2026-09-11T14:27:05.293367318-07:00","Action":"output","Package":"github.com/JDinSeattle/forge-runtime/internal/provider","Test":"TestCallLimitUnknownToolAndDuplicateID/limit","Output":"=== RUN   TestCallLimitUnknownToolAndDuplicateID/limit\n"}
{"Time":"2026-09-11T14:27:05.293660217-07:00","Action":"output","Package":"github.com/JDinSeattle/forge-runtime/internal/provider","Test":"TestCallLimitUnknownToolAndDuplicateID/limit","Output":"--- PASS: TestCallLimitUnknownToolAndDuplicateID/limit (0.00s)\n"}
{"Time":"2026-09-11T14:27:05.293681167-07:00","Action":"pass","Package":"github.com/JDinSeattle/forge-runtime/internal/provider","Test":"TestCallLimitUnknownToolAndDuplicateID/limit","Elapsed":0}
{"Time":"2026-09-11T14:27:05.293702827-07:00","Action":"run","Package":"github.com/JDinSeattle/forge-runtime/internal/provider","Test":"TestCallLimitUnknownToolAndDuplicateID/unknown"}
{"Time":"2026-09-11T14:27:05.293712871-07:00","Action":"output","Package":"github.com/JDinSeattle/forge-runtime/internal/provider","Test":"TestCallLimitUnknownToolAndDuplicateID/unknown","Output":"=== RUN   TestCallLimitUnknownToolAndDuplicateID/unknown\n"}
{"Time":"2026-09-11T14:27:05.293986655-07:00","Action":"output","Package":"github.com/JDinSeattle/forge-runtime/internal/provider","Test":"TestCallLimitUnknownToolAndDuplicateID/unknown","Output":"--- PASS: TestCallLimitUnknownToolAndDuplicateID/unknown (0.00s)\n"}
{"Time":"2026-09-11T14:27:05.294001579-07:00","Action":"pass","Package":"github.com/JDinSeattle/forge-runtime/internal/provider","Test":"TestCallLimitUnknownToolAndDuplicateID/unknown","Elapsed":0}
{"Time":"2026-09-11T14:27:05.294013662-07:00","Action":"run","Package":"github.com/JDinSeattle/forge-runtime/internal/provider","Test":"TestCallLimitUnknownToolAndDuplicateID/duplicate"}
{"Time":"2026-09-11T14:27:05.294020533-07:00","Action":"output","Package":"github.com/JDinSeattle/forge-runtime/internal/provider","Test":"TestCallLimitUnknownToolAndDuplicateID/duplicate","Output":"=== RUN   TestCallLimitUnknownToolAndDuplicateID/duplicate\n"}
{"Time":"2026-09-11T14:27:05.294295933-07:00","Action":"output","Package":"github.com/JDinSeattle/forge-runtime/internal/provider","Test":"TestCallLimitUnknownToolAndDuplicateID/duplicate","Output":"--- PASS: TestCallLimitUnknownToolAndDuplicateID/duplicate (0.00s)\n"}
{"Time":"2026-09-11T14:27:05.294311286-07:00","Action":"pass","Package":"github.com/JDinSeattle/forge-runtime/internal/provider","Test":"TestCallLimitUnknownToolAndDuplicateID/duplicate","Elapsed":0}
{"Time":"2026-09-11T14:27:05.294318013-07:00","Action":"output","Package":"github.com/JDinSeattle/forge-runtime/internal/provider","Test":"TestCallLimitUnknownToolAndDuplicateID","Output":"--- PASS: TestCallLimitUnknownToolAndDuplicateID (0.00s)\n"}
{"Time":"2026-09-11T14:27:05.294348401-07:00","Action":"pass","Package":"github.com/JDinSeattle/forge-runtime/internal/provider","Test":"TestCallLimitUnknownToolAndDuplicateID","Elapsed":0}
{"Time":"2026-09-11T14:27:05.29436472-07:00","Action":"run","Package":"github.com/JDinSeattle/forge-runtime/internal/provider","Test":"TestSchemaRemoteReferencesRejectedWithoutHTTP"}
{"Time":"2026-09-11T14:27:05.29437117-07:00","Action":"output","Package":"github.com/JDinSeattle/forge-runtime/internal/provider","Test":"TestSchemaRemoteReferencesRejectedWithoutHTTP","Output":"=== RUN   TestSchemaRemoteReferencesRejectedWithoutHTTP\n"}
{"Time":"2026-09-11T14:27:05.294489051-07:00","Action":"output","Package":"github.com/JDinSeattle/forge-runtime/internal/provider","Test":"TestSchemaRemoteReferencesRejectedWithoutHTTP","Output":"--- PASS: TestSchemaRemoteReferencesRejectedWithoutHTTP (0.00s)\n"}
{"Time":"2026-09-11T14:27:05.294501096-07:00","Action":"pass","Package":"github.com/JDinSeattle/forge-runtime/internal/provider","Test":"TestSchemaRemoteReferencesRejectedWithoutHTTP","Elapsed":0}
{"Time":"2026-09-11T14:27:05.294506732-07:00","Action":"run","Package":"github.com/JDinSeattle/forge-runtime/internal/provider","Test":"TestConsumerCancellationAndModelCapabilityValidation"}
{"Time":"2026-09-11T14:27:05.2945101-07:00","Action":"output","Package":"github.com/JDinSeattle/forge-runtime/internal/provider","Test":"TestConsumerCancellationAndModelCapabilityValidation","Output":"=== RUN   TestConsumerCancellationAndModelCapabilityValidation\n"}
{"Time":"2026-09-11T14:27:05.294812183-07:00","Action":"output","Package":"github.com/JDinSeattle/forge-runtime/internal/provider","Test":"TestConsumerCancellationAndModelCapabilityValidation","Output":"--- PASS: TestConsumerCancellationAndModelCapabilityValidation (0.00s)\n"}
{"Time":"2026-09-11T14:27:05.294832035-07:00","Action":"pass","Package":"github.com/JDinSeattle/forge-runtime/internal/provider","Test":"TestConsumerCancellationAndModelCapabilityValidation","Elapsed":0}
{"Time":"2026-09-11T14:27:05.294858322-07:00","Action":"run","Package":"github.com/JDinSeattle/forge-runtime/internal/provider","Test":"TestRetryAfterAndHTTPMapping"}
{"Time":"2026-09-11T14:27:05.29487452-07:00","Action":"output","Package":"github.com/JDinSeattle/forge-runtime/internal/provider","Test":"TestRetryAfterAndHTTPMapping","Output":"=== RUN   TestRetryAfterAndHTTPMapping\n"}
{"Time":"2026-09-11T14:27:05.294936452-07:00","Action":"output","Package":"github.com/JDinSeattle/forge-runtime/internal/provider","Test":"TestRetryAfterAndHTTPMapping","Output":"--- PASS: TestRetryAfterAndHTTPMapping (0.00s)\n"}
{"Time":"2026-09-11T14:27:05.294948574-07:00","Action":"pass","Package":"github.com/JDinSeattle/forge-runtime/internal/provider","Test":"TestRetryAfterAndHTTPMapping","Elapsed":0}
{"Time":"2026-09-11T14:27:05.294972323-07:00","Action":"run","Package":"github.com/JDinSeattle/forge-runtime/internal/provider","Test":"FuzzToolArgumentDecoderIsUnambiguousAndBounded"}
{"Time":"2026-09-11T14:27:05.294983274-07:00","Action":"output","Package":"github.com/JDinSeattle/forge-runtime/internal/provider","Test":"FuzzToolArgumentDecoderIsUnambiguousAndBounded","Output":"=== RUN   FuzzToolArgumentDecoderIsUnambiguousAndBounded\n"}
{"Time":"2026-09-11T14:27:05.295078818-07:00","Action":"run","Package":"github.com/JDinSeattle/forge-runtime/internal/provider","Test":"FuzzToolArgumentDecoderIsUnambiguousAndBounded/seed#0"}
{"Time":"2026-09-11T14:27:05.29508885-07:00","Action":"output","Package":"github.com/JDinSeattle/forge-runtime/internal/provider","Test":"FuzzToolArgumentDecoderIsUnambiguousAndBounded/seed#0","Output":"=== RUN   FuzzToolArgumentDecoderIsUnambiguousAndBounded/seed#0\n"}
{"Time":"2026-09-11T14:27:05.295227684-07:00","Action":"output","Package":"github.com/JDinSeattle/forge-runtime/internal/provider","Test":"FuzzToolArgumentDecoderIsUnambiguousAndBounded/seed#0","Output":"--- PASS: FuzzToolArgumentDecoderIsUnambiguousAndBounded/seed#0 (0.00s)\n"}
{"Time":"2026-09-11T14:27:05.295249532-07:00","Action":"pass","Package":"github.com/JDinSeattle/forge-runtime/internal/provider","Test":"FuzzToolArgumentDecoderIsUnambiguousAndBounded/seed#0","Elapsed":0}
{"Time":"2026-09-11T14:27:05.295261142-07:00","Action":"run","Package":"github.com/JDinSeattle/forge-runtime/internal/provider","Test":"FuzzToolArgumentDecoderIsUnambiguousAndBounded/seed#1"}
{"Time":"2026-09-11T14:27:05.29526397-07:00","Action":"output","Package":"github.com/JDinSeattle/forge-runtime/internal/provider","Test":"FuzzToolArgumentDecoderIsUnambiguousAndBounded/seed#1","Output":"=== RUN   FuzzToolArgumentDecoderIsUnambiguousAndBounded/seed#1\n"}
{"Time":"2026-09-11T14:27:05.295450345-07:00","Action":"output","Package":"github.com/JDinSeattle/forge-runtime/internal/provider","Test":"FuzzToolArgumentDecoderIsUnambiguousAndBounded/seed#1","Output":"--- PASS: FuzzToolArgumentDecoderIsUnambiguousAndBounded/seed#1 (0.00s)\n"}
{"Time":"2026-09-11T14:27:05.295465616-07:00","Action":"pass","Package":"github.com/JDinSeattle/forge-runtime/internal/provider","Test":"FuzzToolArgumentDecoderIsUnambiguousAndBounded/seed#1","Elapsed":0}
{"Time":"2026-09-11T14:27:05.295471243-07:00","Action":"run","Package":"github.com/JDinSeattle/forge-runtime/internal/provider","Test":"FuzzToolArgumentDecoderIsUnambiguousAndBounded/seed#2"}
{"Time":"2026-09-11T14:27:05.295475337-07:00","Action":"output","Package":"github.com/JDinSeattle/forge-runtime/internal/provider","Test":"FuzzToolArgumentDecoderIsUnambiguousAndBounded/seed#2","Output":"=== RUN   FuzzToolArgumentDecoderIsUnambiguousAndBounded/seed#2\n"}
{"Time":"2026-09-11T14:27:05.296346304-07:00","Action":"output","Package":"github.com/JDinSeattle/forge-runtime/internal/provider","Test":"FuzzToolArgumentDecoderIsUnambiguousAndBounded/seed#2","Output":"--- PASS: FuzzToolArgumentDecoderIsUnambiguousAndBounded/seed#2 (0.00s)\n"}
{"Time":"2026-09-11T14:27:05.296369591-07:00","Action":"pass","Package":"github.com/JDinSeattle/forge-runtime/internal/provider","Test":"FuzzToolArgumentDecoderIsUnambiguousAndBounded/seed#2","Elapsed":0}
{"Time":"2026-09-11T14:27:05.29637575-07:00","Action":"run","Package":"github.com/JDinSeattle/forge-runtime/internal/provider","Test":"FuzzToolArgumentDecoderIsUnambiguousAndBounded/seed#3"}
{"Time":"2026-09-11T14:27:05.296383936-07:00","Action":"output","Package":"github.com/JDinSeattle/forge-runtime/internal/provider","Test":"FuzzToolArgumentDecoderIsUnambiguousAndBounded/seed#3","Output":"=== RUN   FuzzToolArgumentDecoderIsUnambiguousAndBounded/seed#3\n"}
{"Time":"2026-09-11T14:27:05.296388172-07:00","Action":"output","Package":"github.com/JDinSeattle/forge-runtime/internal/provider","Test":"FuzzToolArgumentDecoderIsUnambiguousAndBounded/seed#3","Output":"--- PASS: FuzzToolArgumentDecoderIsUnambiguousAndBounded/seed#3 (0.00s)\n"}
{"Time":"2026-09-11T14:27:05.296443463-07:00","Action":"pass","Package":"github.com/JDinSeattle/forge-runtime/internal/provider","Test":"FuzzToolArgumentDecoderIsUnambiguousAndBounded/seed#3","Elapsed":0}
{"Time":"2026-09-11T14:27:05.296454575-07:00","Action":"run","Package":"github.com/JDinSeattle/forge-runtime/internal/provider","Test":"FuzzToolArgumentDecoderIsUnambiguousAndBounded/seed#4"}
{"Time":"2026-09-11T14:27:05.296458911-07:00","Action":"output","Package":"github.com/JDinSeattle/forge-runtime/internal/provider","Test":"FuzzToolArgumentDecoderIsUnambiguousAndBounded/seed#4","Output":"=== RUN   FuzzToolArgumentDecoderIsUnambiguousAndBounded/seed#4\n"}
{"Time":"2026-09-11T14:27:05.296462859-07:00","Action":"output","Package":"github.com/JDinSeattle/forge-runtime/internal/provider","Test":"FuzzToolArgumentDecoderIsUnambiguousAndBounded/seed#4","Output":"--- PASS: FuzzToolArgumentDecoderIsUnambiguousAndBounded/seed#4 (0.00s)\n"}
{"Time":"2026-09-11T14:27:05.296466632-07:00","Action":"pass","Package":"github.com/JDinSeattle/forge-runtime/internal/provider","Test":"FuzzToolArgumentDecoderIsUnambiguousAndBounded/seed#4","Elapsed":0}
{"Time":"2026-09-11T14:27:05.296470508-07:00","Action":"run","Package":"github.com/JDinSeattle/forge-runtime/internal/provider","Test":"FuzzToolArgumentDecoderIsUnambiguousAndBounded/seed#5"}
{"Time":"2026-09-11T14:27:05.296476331-07:00","Action":"output","Package":"github.com/JDinSeattle/forge-runtime/internal/provider","Test":"FuzzToolArgumentDecoderIsUnambiguousAndBounded/seed#5","Output":"=== RUN   FuzzToolArgumentDecoderIsUnambiguousAndBounded/seed#5\n"}
{"Time":"2026-09-11T14:27:05.296480342-07:00","Action":"output","Package":"github.com/JDinSeattle/forge-runtime/internal/provider","Test":"FuzzToolArgumentDecoderIsUnambiguousAndBounded/seed#5","Output":"--- PASS: FuzzToolArgumentDecoderIsUnambiguousAndBounded/seed#5 (0.00s)\n"}
{"Time":"2026-09-11T14:27:05.296484033-07:00","Action":"pass","Package":"github.com/JDinSeattle/forge-runtime/internal/provider","Test":"FuzzToolArgumentDecoderIsUnambiguousAndBounded/seed#5","Elapsed":0}
{"Time":"2026-09-11T14:27:05.296487682-07:00","Action":"run","Package":"github.com/JDinSeattle/forge-runtime/internal/provider","Test":"FuzzToolArgumentDecoderIsUnambiguousAndBounded/seed#6"}
{"Time":"2026-09-11T14:27:05.296490909-07:00","Action":"output","Package":"github.com/JDinSeattle/forge-runtime/internal/provider","Test":"FuzzToolArgumentDecoderIsUnambiguousAndBounded/seed#6","Output":"=== RUN   FuzzToolArgumentDecoderIsUnambiguousAndBounded/seed#6\n"}
{"Time":"2026-09-11T14:27:05.29649481-07:00","Action":"output","Package":"github.com/JDinSeattle/forge-runtime/internal/provider","Test":"FuzzToolArgumentDecoderIsUnambiguousAndBounded/seed#6","Output":"--- PASS: FuzzToolArgumentDecoderIsUnambiguousAndBounded/seed#6 (0.00s)\n"}
{"Time":"2026-09-11T14:27:05.296497983-07:00","Action":"pass","Package":"github.com/JDinSeattle/forge-runtime/internal/provider","Test":"FuzzToolArgumentDecoderIsUnambiguousAndBounded/seed#6","Elapsed":0}
{"Time":"2026-09-11T14:27:05.296501109-07:00","Action":"run","Package":"github.com/JDinSeattle/forge-runtime/internal/provider","Test":"FuzzToolArgumentDecoderIsUnambiguousAndBounded/seed#7"}
{"Time":"2026-09-11T14:27:05.296504265-07:00","Action":"output","Package":"github.com/JDinSeattle/forge-runtime/internal/provider","Test":"FuzzToolArgumentDecoderIsUnambiguousAndBounded/seed#7","Output":"=== RUN   FuzzToolArgumentDecoderIsUnambiguousAndBounded/seed#7\n"}
{"Time":"2026-09-11T14:27:05.296508065-07:00","Action":"output","Package":"github.com/JDinSeattle/forge-runtime/internal/provider","Test":"FuzzToolArgumentDecoderIsUnambiguousAndBounded/seed#7","Output":"--- PASS: FuzzToolArgumentDecoderIsUnambiguousAndBounded/seed#7 (0.00s)\n"}
{"Time":"2026-09-11T14:27:05.296517981-07:00","Action":"pass","Package":"github.com/JDinSeattle/forge-runtime/internal/provider","Test":"FuzzToolArgumentDecoderIsUnambiguousAndBounded/seed#7","Elapsed":0}
{"Time":"2026-09-11T14:27:05.296521283-07:00","Action":"run","Package":"github.com/JDinSeattle/forge-runtime/internal/provider","Test":"FuzzToolArgumentDecoderIsUnambiguousAndBounded/seed#8"}
{"Time":"2026-09-11T14:27:05.296524271-07:00","Action":"output","Package":"github.com/JDinSeattle/forge-runtime/internal/provider","Test":"FuzzToolArgumentDecoderIsUnambiguousAndBounded/seed#8","Output":"=== RUN   FuzzToolArgumentDecoderIsUnambiguousAndBounded/seed#8\n"}
{"Time":"2026-09-11T14:27:05.296531993-07:00","Action":"output","Package":"github.com/JDinSeattle/forge-runtime/internal/provider","Test":"FuzzToolArgumentDecoderIsUnambiguousAndBounded/seed#8","Output":"--- PASS: FuzzToolArgumentDecoderIsUnambiguousAndBounded/seed#8 (0.00s)\n"}
{"Time":"2026-09-11T14:27:05.2965364-07:00","Action":"pass","Package":"github.com/JDinSeattle/forge-runtime/internal/provider","Test":"FuzzToolArgumentDecoderIsUnambiguousAndBounded/seed#8","Elapsed":0}
{"Time":"2026-09-11T14:27:05.296539781-07:00","Action":"run","Package":"github.com/JDinSeattle/forge-runtime/internal/provider","Test":"FuzzToolArgumentDecoderIsUnambiguousAndBounded/seed#9"}
{"Time":"2026-09-11T14:27:05.296542973-07:00","Action":"output","Package":"github.com/JDinSeattle/forge-runtime/internal/provider","Test":"FuzzToolArgumentDecoderIsUnambiguousAndBounded/seed#9","Output":"=== RUN   FuzzToolArgumentDecoderIsUnambiguousAndBounded/seed#9\n"}
{"Time":"2026-09-11T14:27:05.296547642-07:00","Action":"output","Package":"github.com/JDinSeattle/forge-runtime/internal/provider","Test":"FuzzToolArgumentDecoderIsUnambiguousAndBounded/seed#9","Output":"--- PASS: FuzzToolArgumentDecoderIsUnambiguousAndBounded/seed#9 (0.00s)\n"}
{"Time":"2026-09-11T14:27:05.296551424-07:00","Action":"pass","Package":"github.com/JDinSeattle/forge-runtime/internal/provider","Test":"FuzzToolArgumentDecoderIsUnambiguousAndBounded/seed#9","Elapsed":0}
{"Time":"2026-09-11T14:27:05.296554539-07:00","Action":"output","Package":"github.com/JDinSeattle/forge-runtime/internal/provider","Test":"FuzzToolArgumentDecoderIsUnambiguousAndBounded","Output":"--- PASS: FuzzToolArgumentDecoderIsUnambiguousAndBounded (0.00s)\n"}
{"Time":"2026-09-11T14:27:05.29655801-07:00","Action":"pass","Package":"github.com/JDinSeattle/forge-runtime/internal/provider","Test":"FuzzToolArgumentDecoderIsUnambiguousAndBounded","Elapsed":0}
{"Time":"2026-09-11T14:27:05.29656126-07:00","Action":"output","Package":"github.com/JDinSeattle/forge-runtime/internal/provider","Output":"PASS\n"}
{"Time":"2026-09-11T14:27:05.30057665-07:00","Action":"output","Package":"github.com/JDinSeattle/forge-runtime/tests/client","Test":"TestSchemaRejectsMalformedBudgetsAndUnknownRequestProperties","Output":"--- PASS: TestSchemaRejectsMalformedBudgetsAndUnknownRequestProperties (0.02s)\n"}
{"Time":"2026-09-11T14:27:05.300644776-07:00","Action":"pass","Package":"github.com/JDinSeattle/forge-runtime/tests/client","Test":"TestSchemaRejectsMalformedBudgetsAndUnknownRequestProperties","Elapsed":0.02}
{"Time":"2026-09-11T14:27:05.300660692-07:00","Action":"run","Package":"github.com/JDinSeattle/forge-runtime/tests/client","Test":"TestEveryHTTPRouteHasMatchingContractOperation"}
{"Time":"2026-09-11T14:27:05.300664156-07:00","Action":"output","Package":"github.com/JDinSeattle/forge-runtime/tests/client","Test":"TestEveryHTTPRouteHasMatchingContractOperation","Output":"=== RUN   TestEveryHTTPRouteHasMatchingContractOperation\n"}
{"Time":"2026-09-11T14:27:05.310355467-07:00","Action":"output","Package":"github.com/JDinSeattle/forge-runtime/internal/artifact","Test":"TestArtifactReaderCancellationClosesOnceAndUnblocksRead","Output":"--- PASS: TestArtifactReaderCancellationClosesOnceAndUnblocksRead (0.03s)\n"}
{"Time":"2026-09-11T14:27:05.310433525-07:00","Action":"pass","Package":"github.com/JDinSeattle/forge-runtime/internal/artifact","Test":"TestArtifactReaderCancellationClosesOnceAndUnblocksRead","Elapsed":0.03}
{"Time":"2026-09-11T14:27:05.310458795-07:00","Action":"run","Package":"github.com/JDinSeattle/forge-runtime/internal/artifact","Test":"TestLocalOpenBudgetLivesUntilReaderClose"}
{"Time":"2026-09-11T14:27:05.310462403-07:00","Action":"output","Package":"github.com/JDinSeattle/forge-runtime/internal/artifact","Test":"TestLocalOpenBudgetLivesUntilReaderClose","Output":"=== RUN   TestLocalOpenBudgetLivesUntilReaderClose\n"}
{"Time":"2026-09-11T14:27:05.311249027-07:00","Action":"output","Package":"github.com/JDinSeattle/forge-runtime/internal/telemetry","Test":"TestUnmatchedPathsNeverBecomeLabels","Output":"--- PASS: TestUnmatchedPathsNeverBecomeLabels (0.04s)\n"}
{"Time":"2026-09-11T14:27:05.311288156-07:00","Action":"pass","Package":"github.com/JDinSeattle/forge-runtime/internal/telemetry","Test":"TestUnmatchedPathsNeverBecomeLabels","Elapsed":0.04}
{"Time":"2026-09-11T14:27:05.311294968-07:00","Action":"run","Package":"github.com/JDinSeattle/forge-runtime/internal/telemetry","Test":"TestPanicEndsSpanWithoutRecordingPayload"}
{"Time":"2026-09-11T14:27:05.311298437-07:00","Action":"output","Package":"github.com/JDinSeattle/forge-runtime/internal/telemetry","Test":"TestPanicEndsSpanWithoutRecordingPayload","Output":"=== RUN   TestPanicEndsSpanWithoutRecordingPayload\n"}
{"Time":"2026-09-11T14:27:05.313115734-07:00","Action":"output","Package":"github.com/JDinSeattle/forge-runtime/internal/telemetry","Test":"TestPanicEndsSpanWithoutRecordingPayload","Output":"--- PASS: TestPanicEndsSpanWithoutRecordingPayload (0.00s)\n"}
{"Time":"2026-09-11T14:27:05.313154046-07:00","Action":"pass","Package":"github.com/JDinSeattle/forge-runtime/internal/telemetry","Test":"TestPanicEndsSpanWithoutRecordingPayload","Elapsed":0}
{"Time":"2026-09-11T14:27:05.313164007-07:00","Action":"run","Package":"github.com/JDinSeattle/forge-runtime/internal/telemetry","Test":"TestSetupIsolationAndInvalidTraceparent"}
{"Time":"2026-09-11T14:27:05.313167692-07:00","Action":"output","Package":"github.com/JDinSeattle/forge-runtime/internal/telemetry","Test":"TestSetupIsolationAndInvalidTraceparent","Output":"=== RUN   TestSetupIsolationAndInvalidTraceparent\n"}
{"Time":"2026-09-11T14:27:05.317241503-07:00","Action":"output","Package":"github.com/JDinSeattle/forge-runtime/internal/telemetry","Test":"TestSetupIsolationAndInvalidTraceparent","Output":"--- PASS: TestSetupIsolationAndInvalidTraceparent (0.00s)\n"}
{"Time":"2026-09-11T14:27:05.317340499-07:00","Action":"pass","Package":"github.com/JDinSeattle/forge-runtime/internal/telemetry","Test":"TestSetupIsolationAndInvalidTraceparent","Elapsed":0}
{"Time":"2026-09-11T14:27:05.317351687-07:00","Action":"run","Package":"github.com/JDinSeattle/forge-runtime/internal/telemetry","Test":"TestOperationalSnapshotsAndSSECleanup"}
{"Time":"2026-09-11T14:27:05.317355935-07:00","Action":"output","Package":"github.com/JDinSeattle/forge-runtime/internal/telemetry","Test":"TestOperationalSnapshotsAndSSECleanup","Output":"=== RUN   TestOperationalSnapshotsAndSSECleanup\n"}
{"Time":"2026-09-11T14:27:05.317446324-07:00","Action":"output","Package":"github.com/JDinSeattle/forge-runtime/tests/client","Test":"TestEveryHTTPRouteHasMatchingContractOperation","Output":"--- PASS: TestEveryHTTPRouteHasMatchingContractOperation (0.02s)\n"}
{"Time":"2026-09-11T14:27:05.317505794-07:00","Action":"pass","Package":"github.com/JDinSeattle/forge-runtime/tests/client","Test":"TestEveryHTTPRouteHasMatchingContractOperation","Elapsed":0.02}
{"Time":"2026-09-11T14:27:05.317518012-07:00","Action":"run","Package":"github.com/JDinSeattle/forge-runtime/tests/client","Test":"TestActualUnauthenticatedFailureHasTypedErrorContract"}
{"Time":"2026-09-11T14:27:05.317522494-07:00","Action":"output","Package":"github.com/JDinSeattle/forge-runtime/tests/client","Test":"TestActualUnauthenticatedFailureHasTypedErrorContract","Output":"=== RUN   TestActualUnauthenticatedFailureHasTypedErrorContract\n"}
{"Time":"2026-09-11T14:27:05.319238735-07:00","Action":"output","Package":"github.com/JDinSeattle/forge-runtime/internal/telemetry","Test":"TestOperationalSnapshotsAndSSECleanup","Output":"--- PASS: TestOperationalSnapshotsAndSSECleanup (0.00s)\n"}
{"Time":"2026-09-11T14:27:05.319279446-07:00","Action":"pass","Package":"github.com/JDinSeattle/forge-runtime/internal/telemetry","Test":"TestOperationalSnapshotsAndSSECleanup","Elapsed":0}
{"Time":"2026-09-11T14:27:05.319285047-07:00","Action":"output","Package":"github.com/JDinSeattle/forge-runtime/internal/telemetry","Output":"PASS\n"}
{"Time":"2026-09-11T14:27:05.329451278-07:00","Action":"output","Package":"github.com/JDinSeattle/forge-runtime/tests/client","Test":"TestActualUnauthenticatedFailureHasTypedErrorContract","Output":"--- PASS: TestActualUnauthenticatedFailureHasTypedErrorContract (0.01s)\n"}
{"Time":"2026-09-11T14:27:05.329531117-07:00","Action":"pass","Package":"github.com/JDinSeattle/forge-runtime/tests/client","Test":"TestActualUnauthenticatedFailureHasTypedErrorContract","Elapsed":0.01}
{"Time":"2026-09-11T14:27:05.329559695-07:00","Action":"output","Package":"github.com/JDinSeattle/forge-runtime/tests/client","Output":"PASS\n"}
{"Time":"2026-09-11T14:27:05.331395561-07:00","Action":"output","Package":"github.com/JDinSeattle/forge-runtime/internal/runnerclient","Test":"TestUDSContractAndPermissions","Output":"--- PASS: TestUDSContractAndPermissions (0.09s)\n"}
{"Time":"2026-09-11T14:27:05.331429531-07:00","Action":"pass","Package":"github.com/JDinSeattle/forge-runtime/internal/runnerclient","Test":"TestUDSContractAndPermissions","Elapsed":0.09}
{"Time":"2026-09-11T14:27:05.33143807-07:00","Action":"run","Package":"github.com/JDinSeattle/forge-runtime/internal/runnerclient","Test":"TestStartTimeoutInspectsSameIDWithoutResubmission"}
{"Time":"2026-09-11T14:27:05.331441994-07:00","Action":"output","Package":"github.com/JDinSeattle/forge-runtime/internal/runnerclient","Test":"TestStartTimeoutInspectsSameIDWithoutResubmission","Output":"=== RUN   TestStartTimeoutInspectsSameIDWithoutResubmission\n"}
{"Time":"2026-09-11T14:27:05.331492023-07:00","Action":"run","Package":"github.com/JDinSeattle/forge-runtime/internal/runnerclient","Test":"TestStartTimeoutInspectsSameIDWithoutResubmission/accepted"}
{"Time":"2026-09-11T14:27:05.331506993-07:00","Action":"output","Package":"github.com/JDinSeattle/forge-runtime/internal/runnerclient","Test":"TestStartTimeoutInspectsSameIDWithoutResubmission/accepted","Output":"=== RUN   TestStartTimeoutInspectsSameIDWithoutResubmission/accepted\n"}
{"Time":"2026-09-11T14:27:05.350570683-07:00","Action":"output","Package":"github.com/JDinSeattle/forge-runtime/internal/dependency","Test":"TestTransactionOperationPreservesDeadlineCause","Output":"--- PASS: TestTransactionOperationPreservesDeadlineCause (0.11s)\n"}
{"Time":"2026-09-11T14:27:05.350594609-07:00","Action":"pass","Package":"github.com/JDinSeattle/forge-runtime/internal/dependency","Test":"TestTransactionOperationPreservesDeadlineCause","Elapsed":0.11}
{"Time":"2026-09-11T14:27:05.350603973-07:00","Action":"run","Package":"github.com/JDinSeattle/forge-runtime/internal/dependency","Test":"TestTransactionOperationPropagatesExplicitCancellation"}
{"Time":"2026-09-11T14:27:05.350605337-07:00","Action":"output","Package":"github.com/JDinSeattle/forge-runtime/internal/dependency","Test":"TestTransactionOperationPropagatesExplicitCancellation","Output":"=== RUN   TestTransactionOperationPropagatesExplicitCancellation\n"}
{"Time":"2026-09-11T14:27:05.350836335-07:00","Action":"output","Package":"github.com/JDinSeattle/forge-runtime/internal/dependency","Test":"TestTransactionOperationPropagatesExplicitCancellation","Output":"--- PASS: TestTransactionOperationPropagatesExplicitCancellation (0.00s)\n"}
{"Time":"2026-09-11T14:27:05.35085577-07:00","Action":"pass","Package":"github.com/JDinSeattle/forge-runtime/internal/dependency","Test":"TestTransactionOperationPropagatesExplicitCancellation","Elapsed":0}
{"Time":"2026-09-11T14:27:05.350875322-07:00","Action":"output","Package":"github.com/JDinSeattle/forge-runtime/internal/dependency","Output":"PASS\n"}
{"Time":"2026-09-11T14:27:05.36784395-07:00","Action":"output","Package":"github.com/JDinSeattle/forge-runtime/internal/artifact","Test":"TestLocalOpenBudgetLivesUntilReaderClose","Output":"--- PASS: TestLocalOpenBudgetLivesUntilReaderClose (0.06s)\n"}
{"Time":"2026-09-11T14:27:05.367867641-07:00","Action":"pass","Package":"github.com/JDinSeattle/forge-runtime/internal/artifact","Test":"TestLocalOpenBudgetLivesUntilReaderClose","Elapsed":0.06}
{"Time":"2026-09-11T14:27:05.367873277-07:00","Action":"run","Package":"github.com/JDinSeattle/forge-runtime/internal/artifact","Test":"TestJournalRegistrationIsAtomicAndRefusesOmittedAuthorities"}
{"Time":"2026-09-11T14:27:05.367877237-07:00","Action":"output","Package":"github.com/JDinSeattle/forge-runtime/internal/artifact","Test":"TestJournalRegistrationIsAtomicAndRefusesOmittedAuthorities","Output":"=== RUN   TestJournalRegistrationIsAtomicAndRefusesOmittedAuthorities\n"}
{"Time":"2026-09-11T14:27:05.369998561-07:00","Action":"output","Package":"github.com/JDinSeattle/forge-runtime/internal/runner","Test":"TestConcurrentIdempotentPatchWritesExactlyOnce","Output":"--- PASS: TestConcurrentIdempotentPatchWritesExactlyOnce (0.13s)\n"}
{"Time":"2026-09-11T14:27:05.370005737-07:00","Action":"pass","Package":"github.com/JDinSeattle/forge-runtime/internal/runner","Test":"TestConcurrentIdempotentPatchWritesExactlyOnce","Elapsed":0.13}
{"Time":"2026-09-11T14:27:05.370019237-07:00","Action":"run","Package":"github.com/JDinSeattle/forge-runtime/internal/runner","Test":"TestAppliedPatchReceiptWindowRecoversWithoutReplay"}
{"Time":"2026-09-11T14:27:05.37002191-07:00","Action":"output","Package":"github.com/JDinSeattle/forge-runtime/internal/runner","Test":"TestAppliedPatchReceiptWindowRecoversWithoutReplay","Output":"=== RUN   TestAppliedPatchReceiptWindowRecoversWithoutReplay\n"}
{"Time":"2026-09-11T14:27:05.37596474-07:00","Action":"output","Package":"github.com/JDinSeattle/forge-runtime/internal/artifact","Test":"TestJournalRegistrationIsAtomicAndRefusesOmittedAuthorities","Output":"--- PASS: TestJournalRegistrationIsAtomicAndRefusesOmittedAuthorities (0.01s)\n"}
{"Time":"2026-09-11T14:27:05.376001149-07:00","Action":"pass","Package":"github.com/JDinSeattle/forge-runtime/internal/artifact","Test":"TestJournalRegistrationIsAtomicAndRefusesOmittedAuthorities","Elapsed":0.01}
{"Time":"2026-09-11T14:27:05.376009934-07:00","Action":"run","Package":"github.com/JDinSeattle/forge-runtime/internal/artifact","Test":"TestImmutableConcurrentPutOwnershipAndCorruption"}
{"Time":"2026-09-11T14:27:05.376013192-07:00","Action":"output","Package":"github.com/JDinSeattle/forge-runtime/internal/artifact","Test":"TestImmutableConcurrentPutOwnershipAndCorruption","Output":"=== RUN   TestImmutableConcurrentPutOwnershipAndCorruption\n"}
{"Time":"2026-09-11T14:27:05.384168832-07:00","Action":"output","Package":"github.com/JDinSeattle/forge-runtime/internal/runnerclient","Test":"TestStartTimeoutInspectsSameIDWithoutResubmission/accepted","Output":"--- PASS: TestStartTimeoutInspectsSameIDWithoutResubmission/accepted (0.05s)\n"}
{"Time":"2026-09-11T14:27:05.384200966-07:00","Action":"pass","Package":"github.com/JDinSeattle/forge-runtime/internal/runnerclient","Test":"TestStartTimeoutInspectsSameIDWithoutResubmission/accepted","Elapsed":0.05}
{"Time":"2026-09-11T14:27:05.384208676-07:00","Action":"run","Package":"github.com/JDinSeattle/forge-runtime/internal/runnerclient","Test":"TestStartTimeoutInspectsSameIDWithoutResubmission/unknown"}
{"Time":"2026-09-11T14:27:05.384211952-07:00","Action":"output","Package":"github.com/JDinSeattle/forge-runtime/internal/runnerclient","Test":"TestStartTimeoutInspectsSameIDWithoutResubmission/unknown","Output":"=== RUN   TestStartTimeoutInspectsSameIDWithoutResubmission/unknown\n"}
{"Time":"2026-09-11T14:27:05.388505823-07:00","Action":"output","Package":"github.com/JDinSeattle/forge-runtime/internal/artifact","Test":"TestImmutableConcurrentPutOwnershipAndCorruption","Output":"--- PASS: TestImmutableConcurrentPutOwnershipAndCorruption (0.01s)\n"}
{"Time":"2026-09-11T14:27:05.388534826-07:00","Action":"pass","Package":"github.com/JDinSeattle/forge-runtime/internal/artifact","Test":"TestImmutableConcurrentPutOwnershipAndCorruption","Elapsed":0.01}
{"Time":"2026-09-11T14:27:05.388542162-07:00","Action":"run","Package":"github.com/JDinSeattle/forge-runtime/internal/artifact","Test":"TestArtifactByteLimitAndContextDoNotPublishObjects"}
{"Time":"2026-09-11T14:27:05.388545354-07:00","Action":"output","Package":"github.com/JDinSeattle/forge-runtime/internal/artifact","Test":"TestArtifactByteLimitAndContextDoNotPublishObjects","Output":"=== RUN   TestArtifactByteLimitAndContextDoNotPublishObjects\n"}
{"Time":"2026-09-11T14:27:05.393023646-07:00","Action":"output","Package":"github.com/JDinSeattle/forge-runtime/internal/artifact","Test":"TestArtifactByteLimitAndContextDoNotPublishObjects","Output":"--- PASS: TestArtifactByteLimitAndContextDoNotPublishObjects (0.00s)\n"}
{"Time":"2026-09-11T14:27:05.39304704-07:00","Action":"pass","Package":"github.com/JDinSeattle/forge-runtime/internal/artifact","Test":"TestArtifactByteLimitAndContextDoNotPublishObjects","Elapsed":0}
{"Time":"2026-09-11T14:27:05.393050896-07:00","Action":"run","Package":"github.com/JDinSeattle/forge-runtime/internal/artifact","Test":"TestCollectionExcludesOldDeduplicatingPublisherAndPreservesCommittedReference"}
{"Time":"2026-09-11T14:27:05.393052574-07:00","Action":"output","Package":"github.com/JDinSeattle/forge-runtime/internal/artifact","Test":"TestCollectionExcludesOldDeduplicatingPublisherAndPreservesCommittedReference","Output":"=== RUN   TestCollectionExcludesOldDeduplicatingPublisherAndPreservesCommittedReference\n"}
{"Time":"2026-09-11T14:27:05.431837088-07:00","Action":"output","Package":"github.com/JDinSeattle/forge-runtime/internal/runner","Test":"TestAppliedPatchReceiptWindowRecoversWithoutReplay","Output":"--- PASS: TestAppliedPatchReceiptWindowRecoversWithoutReplay (0.06s)\n"}
{"Time":"2026-09-11T14:27:05.431870574-07:00","Action":"pass","Package":"github.com/JDinSeattle/forge-runtime/internal/runner","Test":"TestAppliedPatchReceiptWindowRecoversWithoutReplay","Elapsed":0.06}
{"Time":"2026-09-11T14:27:05.431879198-07:00","Action":"run","Package":"github.com/JDinSeattle/forge-runtime/internal/runner","Test":"TestPartialMultiFilePatchRemainsUnknownAndBlocksAdoption"}
{"Time":"2026-09-11T14:27:05.431883506-07:00","Action":"output","Package":"github.com/JDinSeattle/forge-runtime/internal/runner","Test":"TestPartialMultiFilePatchRemainsUnknownAndBlocksAdoption","Output":"=== RUN   TestPartialMultiFilePatchRemainsUnknownAndBlocksAdoption\n"}
{"Time":"2026-09-11T14:27:05.436970182-07:00","Action":"output","Package":"github.com/JDinSeattle/forge-runtime/internal/runnerclient","Test":"TestStartTimeoutInspectsSameIDWithoutResubmission/unknown","Output":"--- PASS: TestStartTimeoutInspectsSameIDWithoutResubmission/unknown (0.05s)\n"}
{"Time":"2026-09-11T14:27:05.436996532-07:00","Action":"pass","Package":"github.com/JDinSeattle/forge-runtime/internal/runnerclient","Test":"TestStartTimeoutInspectsSameIDWithoutResubmission/unknown","Elapsed":0.05}
{"Time":"2026-09-11T14:27:05.437004189-07:00","Action":"output","Package":"github.com/JDinSeattle/forge-runtime/internal/runnerclient","Test":"TestStartTimeoutInspectsSameIDWithoutResubmission","Output":"--- PASS: TestStartTimeoutInspectsSameIDWithoutResubmission (0.11s)\n"}
{"Time":"2026-09-11T14:27:05.43700924-07:00","Action":"pass","Package":"github.com/JDinSeattle/forge-runtime/internal/runnerclient","Test":"TestStartTimeoutInspectsSameIDWithoutResubmission","Elapsed":0.11}
{"Time":"2026-09-11T14:27:05.4370323-07:00","Action":"run","Package":"github.com/JDinSeattle/forge-runtime/internal/runnerclient","Test":"TestRemoteRequiresVerifiedMutualIdentity"}
{"Time":"2026-09-11T14:27:05.43703808-07:00","Action":"output","Package":"github.com/JDinSeattle/forge-runtime/internal/runnerclient","Test":"TestRemoteRequiresVerifiedMutualIdentity","Output":"=== RUN   TestRemoteRequiresVerifiedMutualIdentity\n"}
{"Time":"2026-09-11T14:27:05.46802369-07:00","Action":"output","Package":"github.com/JDinSeattle/forge-runtime/internal/artifact","Test":"TestCollectionExcludesOldDeduplicatingPublisherAndPreservesCommittedReference","Output":"--- PASS: TestCollectionExcludesOldDeduplicatingPublisherAndPreservesCommittedReference (0.07s)\n"}
{"Time":"2026-09-11T14:27:05.468049699-07:00","Action":"pass","Package":"github.com/JDinSeattle/forge-runtime/internal/artifact","Test":"TestCollectionExcludesOldDeduplicatingPublisherAndPreservesCommittedReference","Elapsed":0.07}
{"Time":"2026-09-11T14:27:05.468054941-07:00","Action":"run","Package":"github.com/JDinSeattle/forge-runtime/internal/artifact","Test":"TestCollectionFailsClosedAndCollectsOnlyAgedRecognizedNames"}
{"Time":"2026-09-11T14:27:05.468060416-07:00","Action":"output","Package":"github.com/JDinSeattle/forge-runtime/internal/artifact","Test":"TestCollectionFailsClosedAndCollectsOnlyAgedRecognizedNames","Output":"=== RUN   TestCollectionFailsClosedAndCollectsOnlyAgedRecognizedNames\n"}
{"Time":"2026-09-11T14:27:05.47624357-07:00","Action":"output","Package":"github.com/JDinSeattle/forge-runtime/internal/artifact","Test":"TestCollectionFailsClosedAndCollectsOnlyAgedRecognizedNames","Output":"--- PASS: TestCollectionFailsClosedAndCollectsOnlyAgedRecognizedNames (0.01s)\n"}
{"Time":"2026-09-11T14:27:05.476283539-07:00","Action":"pass","Package":"github.com/JDinSeattle/forge-runtime/internal/artifact","Test":"TestCollectionFailsClosedAndCollectsOnlyAgedRecognizedNames","Elapsed":0.01}
{"Time":"2026-09-11T14:27:05.476291969-07:00","Action":"run","Package":"github.com/JDinSeattle/forge-runtime/internal/artifact","Test":"TestPublicationLockSurvivesAcrossProcessesAndReleasesOnDeath"}
{"Time":"2026-09-11T14:27:05.47629531-07:00","Action":"output","Package":"github.com/JDinSeattle/forge-runtime/internal/artifact","Test":"TestPublicationLockSurvivesAcrossProcessesAndReleasesOnDeath","Output":"=== RUN   TestPublicationLockSurvivesAcrossProcessesAndReleasesOnDeath\n"}
{"Time":"2026-09-11T14:27:05.504196528-07:00","Action":"output","Package":"github.com/JDinSeattle/forge-runtime/internal/runner","Test":"TestPartialMultiFilePatchRemainsUnknownAndBlocksAdoption","Output":"--- PASS: TestPartialMultiFilePatchRemainsUnknownAndBlocksAdoption (0.07s)\n"}
{"Time":"2026-09-11T14:27:05.504304081-07:00","Action":"pass","Package":"github.com/JDinSeattle/forge-runtime/internal/runner","Test":"TestPartialMultiFilePatchRemainsUnknownAndBlocksAdoption","Elapsed":0.07}
{"Time":"2026-09-11T14:27:05.504316042-07:00","Action":"run","Package":"github.com/JDinSeattle/forge-runtime/internal/runner","Test":"TestUnknownStartDoesNotCreateAnotherJob"}
{"Time":"2026-09-11T14:27:05.504319191-07:00","Action":"output","Package":"github.com/JDinSeattle/forge-runtime/internal/runner","Test":"TestUnknownStartDoesNotCreateAnotherJob","Output":"=== RUN   TestUnknownStartDoesNotCreateAnotherJob\n"}
{"Time":"2026-09-11T14:27:05.56450708-07:00","Action":"output","Package":"github.com/JDinSeattle/forge-runtime/internal/artifact","Test":"TestPublicationLockSurvivesAcrossProcessesAndReleasesOnDeath","Output":"--- PASS: TestPublicationLockSurvivesAcrossProcessesAndReleasesOnDeath (0.09s)\n"}
{"Time":"2026-09-11T14:27:05.564533549-07:00","Action":"pass","Package":"github.com/JDinSeattle/forge-runtime/internal/artifact","Test":"TestPublicationLockSurvivesAcrossProcessesAndReleasesOnDeath","Elapsed":0.09}
{"Time":"2026-09-11T14:27:05.564537646-07:00","Action":"output","Package":"github.com/JDinSeattle/forge-runtime/internal/artifact","Output":"PASS\n"}
{"Time":"2026-09-11T14:27:05.572974195-07:00","Action":"output","Package":"github.com/JDinSeattle/forge-runtime/internal/application","Test":"TestPrepareCapacityRequeuesAtomically","Output":"    capacity_integration_test.go:125: capacity_requeue snapshot={\"kind\":\"capacity_rejected\",\"expected_version\":2,\"owner\":\"capacity-worker\",\"epoch\":1,\"at\":\"2026-09-11T14:27:05.566123-07:00\",\"not_before\":\"2026-09-11T14:27:06.566123-07:00\"} allocation_state=released runner=runner workspace=run_UB6XUSGLMXRXMTIEKVGGVJLMYK\n"}
{"Time":"2026-09-11T14:27:05.579457486-07:00","Action":"output","Package":"github.com/JDinSeattle/forge-runtime/internal/runner","Test":"TestUnknownStartDoesNotCreateAnotherJob","Output":"--- PASS: TestUnknownStartDoesNotCreateAnotherJob (0.08s)\n"}
{"Time":"2026-09-11T14:27:05.579488599-07:00","Action":"pass","Package":"github.com/JDinSeattle/forge-runtime/internal/runner","Test":"TestUnknownStartDoesNotCreateAnotherJob","Elapsed":0.08}
{"Time":"2026-09-11T14:27:05.57949663-07:00","Action":"run","Package":"github.com/JDinSeattle/forge-runtime/internal/runner","Test":"TestScopeAndPathBoundaries"}
{"Time":"2026-09-11T14:27:05.579507053-07:00","Action":"output","Package":"github.com/JDinSeattle/forge-runtime/internal/runner","Test":"TestScopeAndPathBoundaries","Output":"=== RUN   TestScopeAndPathBoundaries\n"}
{"Time":"2026-09-11T14:27:05.595877165-07:00","Action":"output","Package":"github.com/JDinSeattle/forge-runtime/internal/persistence","Test":"TestConcurrentSubmitAndCursor","Output":"--- PASS: TestConcurrentSubmitAndCursor (0.35s)\n"}
{"Time":"2026-09-11T14:27:05.595903039-07:00","Action":"pass","Package":"github.com/JDinSeattle/forge-runtime/internal/persistence","Test":"TestConcurrentSubmitAndCursor","Elapsed":0.35}
{"Time":"2026-09-11T14:27:05.595907454-07:00","Action":"run","Package":"github.com/JDinSeattle/forge-runtime/internal/persistence","Test":"TestClaimFencingAndCapacity"}
{"Time":"2026-09-11T14:27:05.595908803-07:00","Action":"output","Package":"github.com/JDinSeattle/forge-runtime/internal/persistence","Test":"TestClaimFencingAndCapacity","Output":"=== RUN   TestClaimFencingAndCapacity\n"}
{"Time":"2026-09-11T14:27:05.598684779-07:00","Action":"output","Package":"github.com/JDinSeattle/forge-runtime/internal/quota","Test":"TestSharedBudgetsAcrossTenantsAndIndependentPools","Output":"--- PASS: TestSharedBudgetsAcrossTenantsAndIndependentPools (0.36s)\n"}
{"Time":"2026-09-11T14:27:05.59869735-07:00","Action":"pass","Package":"github.com/JDinSeattle/forge-runtime/internal/quota","Test":"TestSharedBudgetsAcrossTenantsAndIndependentPools","Elapsed":0.36}
{"Time":"2026-09-11T14:27:05.598705461-07:00","Action":"run","Package":"github.com/JDinSeattle/forge-runtime/internal/quota","Test":"TestGlobalAdmissionAndIdempotencyAcrossStoreInstances"}
{"Time":"2026-09-11T14:27:05.598707123-07:00","Action":"output","Package":"github.com/JDinSeattle/forge-runtime/internal/quota","Test":"TestGlobalAdmissionAndIdempotencyAcrossStoreInstances","Output":"=== RUN   TestGlobalAdmissionAndIdempotencyAcrossStoreInstances\n"}
{"Time":"2026-09-11T14:27:05.619536527-07:00","Action":"output","Package":"github.com/JDinSeattle/forge-runtime/internal/runner","Test":"TestScopeAndPathBoundaries","Output":"--- PASS: TestScopeAndPathBoundaries (0.04s)\n"}
{"Time":"2026-09-11T14:27:05.619560223-07:00","Action":"pass","Package":"github.com/JDinSeattle/forge-runtime/internal/runner","Test":"TestScopeAndPathBoundaries","Elapsed":0.04}
{"Time":"2026-09-11T14:27:05.619564374-07:00","Action":"run","Package":"github.com/JDinSeattle/forge-runtime/internal/runner","Test":"TestGrantExpiryPermissionAndLeaseMargin"}
{"Time":"2026-09-11T14:27:05.619565822-07:00","Action":"output","Package":"github.com/JDinSeattle/forge-runtime/internal/runner","Test":"TestGrantExpiryPermissionAndLeaseMargin","Output":"=== RUN   TestGrantExpiryPermissionAndLeaseMargin\n"}
{"Time":"2026-09-11T14:27:05.619701759-07:00","Action":"output","Package":"github.com/JDinSeattle/forge-runtime/internal/runner","Test":"TestGrantExpiryPermissionAndLeaseMargin","Output":"--- PASS: TestGrantExpiryPermissionAndLeaseMargin (0.00s)\n"}
{"Time":"2026-09-11T14:27:05.619709589-07:00","Action":"pass","Package":"github.com/JDinSeattle/forge-runtime/internal/runner","Test":"TestGrantExpiryPermissionAndLeaseMargin","Elapsed":0}
{"Time":"2026-09-11T14:27:05.619717547-07:00","Action":"run","Package":"github.com/JDinSeattle/forge-runtime/internal/runner","Test":"TestFencedAdoptionCancelsOldJobBeforeNewWrites"}
{"Time":"2026-09-11T14:27:05.619719096-07:00","Action":"output","Package":"github.com/JDinSeattle/forge-runtime/internal/runner","Test":"TestFencedAdoptionCancelsOldJobBeforeNewWrites","Output":"=== RUN   TestFencedAdoptionCancelsOldJobBeforeNewWrites\n"}
{"Time":"2026-09-11T14:27:05.623664498-07:00","Action":"output","Package":"github.com/JDinSeattle/forge-runtime/tests/review","Test":"TestReviewFixedRunnerClaimAndTakeoverRemainOnAssignedTransport","Output":"--- PASS: TestReviewFixedRunnerClaimAndTakeoverRemainOnAssignedTransport (0.36s)\n"}
{"Time":"2026-09-11T14:27:05.623695551-07:00","Action":"pass","Package":"github.com/JDinSeattle/forge-runtime/tests/review","Test":"TestReviewFixedRunnerClaimAndTakeoverRemainOnAssignedTransport","Elapsed":0.36}
{"Time":"2026-09-11T14:27:05.623709276-07:00","Action":"run","Package":"github.com/JDinSeattle/forge-runtime/tests/review","Test":"TestReviewFailedVerifierDiagnosticsEnableNextRepair"}
{"Time":"2026-09-11T14:27:05.623713322-07:00","Action":"output","Package":"github.com/JDinSeattle/forge-runtime/tests/review","Test":"TestReviewFailedVerifierDiagnosticsEnableNextRepair","Output":"=== RUN   TestReviewFailedVerifierDiagnosticsEnableNextRepair\n"}
{"Time":"2026-09-11T14:27:05.623740098-07:00","Action":"run","Package":"github.com/JDinSeattle/forge-runtime/tests/review","Test":"TestReviewFailedVerifierDiagnosticsEnableNextRepair/native_false"}
{"Time":"2026-09-11T14:27:05.623747302-07:00","Action":"output","Package":"github.com/JDinSeattle/forge-runtime/tests/review","Test":"TestReviewFailedVerifierDiagnosticsEnableNextRepair/native_false","Output":"=== RUN   TestReviewFailedVerifierDiagnosticsEnableNextRepair/native_false\n"}
{"Time":"2026-09-11T14:27:05.632770651-07:00","Action":"output","Package":"github.com/JDinSeattle/forge-runtime/internal/retention","Test":"TestCrossStoreOrphanCollectionPublicationRaces","Output":"    objects_test.go:244: READY refs=2, runner-only refs=1, old orphan deleted=1; both GC/publication orderings preserved consistency\n"}
{"Time":"2026-09-11T14:27:05.703133503-07:00","Action":"output","Package":"github.com/JDinSeattle/forge-runtime/internal/runner","Test":"TestFencedAdoptionCancelsOldJobBeforeNewWrites","Output":"--- PASS: TestFencedAdoptionCancelsOldJobBeforeNewWrites (0.08s)\n"}
{"Time":"2026-09-11T14:27:05.703169843-07:00","Action":"pass","Package":"github.com/JDinSeattle/forge-runtime/internal/runner","Test":"TestFencedAdoptionCancelsOldJobBeforeNewWrites","Elapsed":0.08}
{"Time":"2026-09-11T14:27:05.703176879-07:00","Action":"run","Package":"github.com/JDinSeattle/forge-runtime/internal/runner","Test":"TestStableDaemonJobRecoveredAcrossJournalReopen"}
{"Time":"2026-09-11T14:27:05.703180862-07:00","Action":"output","Package":"github.com/JDinSeattle/forge-runtime/internal/runner","Test":"TestStableDaemonJobRecoveredAcrossJournalReopen","Output":"=== RUN   TestStableDaemonJobRecoveredAcrossJournalReopen\n"}
{"Time":"2026-09-11T14:27:05.735005101-07:00","Action":"output","Package":"github.com/JDinSeattle/forge-runtime/internal/retention","Test":"TestCrossStoreOrphanCollectionPublicationRaces","Output":"--- PASS: TestCrossStoreOrphanCollectionPublicationRaces (0.48s)\n"}
{"Time":"2026-09-11T14:27:05.735028999-07:00","Action":"pass","Package":"github.com/JDinSeattle/forge-runtime/internal/retention","Test":"TestCrossStoreOrphanCollectionPublicationRaces","Elapsed":0.48}
{"Time":"2026-09-11T14:27:05.735036599-07:00","Action":"output","Package":"github.com/JDinSeattle/forge-runtime/internal/retention","Output":"PASS\n"}
{"Time":"2026-09-11T14:27:05.760957841-07:00","Action":"output","Package":"github.com/JDinSeattle/forge-runtime/internal/runner","Test":"TestStableDaemonJobRecoveredAcrossJournalReopen","Output":"--- PASS: TestStableDaemonJobRecoveredAcrossJournalReopen (0.06s)\n"}
{"Time":"2026-09-11T14:27:05.760993421-07:00","Action":"pass","Package":"github.com/JDinSeattle/forge-runtime/internal/runner","Test":"TestStableDaemonJobRecoveredAcrossJournalReopen","Elapsed":0.06}
{"Time":"2026-09-11T14:27:05.761001399-07:00","Action":"run","Package":"github.com/JDinSeattle/forge-runtime/internal/runner","Test":"TestSnapshotReleasePreserveReceiptAndCloseAdmission"}
{"Time":"2026-09-11T14:27:05.761004869-07:00","Action":"output","Package":"github.com/JDinSeattle/forge-runtime/internal/runner","Test":"TestSnapshotReleasePreserveReceiptAndCloseAdmission","Output":"=== RUN   TestSnapshotReleasePreserveReceiptAndCloseAdmission\n"}
{"Time":"2026-09-11T14:27:05.81325416-07:00","Action":"output","Package":"github.com/JDinSeattle/forge-runtime/internal/runner","Test":"TestSnapshotReleasePreserveReceiptAndCloseAdmission","Output":"--- PASS: TestSnapshotReleasePreserveReceiptAndCloseAdmission (0.05s)\n"}
{"Time":"2026-09-11T14:27:05.813285581-07:00","Action":"pass","Package":"github.com/JDinSeattle/forge-runtime/internal/runner","Test":"TestSnapshotReleasePreserveReceiptAndCloseAdmission","Elapsed":0.05}
{"Time":"2026-09-11T14:27:05.813290436-07:00","Action":"run","Package":"github.com/JDinSeattle/forge-runtime/internal/runner","Test":"TestWorkspaceLockExcludesOtherProcesses"}
{"Time":"2026-09-11T14:27:05.813292588-07:00","Action":"output","Package":"github.com/JDinSeattle/forge-runtime/internal/runner","Test":"TestWorkspaceLockExcludesOtherProcesses","Output":"=== RUN   TestWorkspaceLockExcludesOtherProcesses\n"}
{"Time":"2026-09-11T14:27:05.947720793-07:00","Action":"output","Package":"github.com/JDinSeattle/forge-runtime/internal/persistence","Test":"TestClaimFencingAndCapacity","Output":"--- PASS: TestClaimFencingAndCapacity (0.35s)\n"}
{"Time":"2026-09-11T14:27:05.947747289-07:00","Action":"pass","Package":"github.com/JDinSeattle/forge-runtime/internal/persistence","Test":"TestClaimFencingAndCapacity","Elapsed":0.35}
{"Time":"2026-09-11T14:27:05.947751951-07:00","Action":"run","Package":"github.com/JDinSeattle/forge-runtime/internal/persistence","Test":"TestControlAndReadyEvidence"}
{"Time":"2026-09-11T14:27:05.947753381-07:00","Action":"output","Package":"github.com/JDinSeattle/forge-runtime/internal/persistence","Test":"TestControlAndReadyEvidence","Output":"=== RUN   TestControlAndReadyEvidence\n"}
{"Time":"2026-09-11T14:27:06.087159238-07:00","Action":"output","Package":"github.com/JDinSeattle/forge-runtime/internal/runnerclient","Test":"TestRemoteRequiresVerifiedMutualIdentity","Output":"--- PASS: TestRemoteRequiresVerifiedMutualIdentity (0.65s)\n"}
{"Time":"2026-09-11T14:27:06.087193368-07:00","Action":"pass","Package":"github.com/JDinSeattle/forge-runtime/internal/runnerclient","Test":"TestRemoteRequiresVerifiedMutualIdentity","Elapsed":0.65}
{"Time":"2026-09-11T14:27:06.08720293-07:00","Action":"run","Package":"github.com/JDinSeattle/forge-runtime/internal/runnerclient","Test":"TestOversizedResultUsesDurableReceiptReference"}
{"Time":"2026-09-11T14:27:06.087206451-07:00","Action":"output","Package":"github.com/JDinSeattle/forge-runtime/internal/runnerclient","Test":"TestOversizedResultUsesDurableReceiptReference","Output":"=== RUN   TestOversizedResultUsesDurableReceiptReference\n"}
{"Time":"2026-09-11T14:27:06.090487748-07:00","Action":"output","Package":"github.com/JDinSeattle/forge-runtime/internal/runnerclient","Test":"TestOversizedResultUsesDurableReceiptReference","Output":"--- PASS: TestOversizedResultUsesDurableReceiptReference (0.00s)\n"}
{"Time":"2026-09-11T14:27:06.090517783-07:00","Action":"pass","Package":"github.com/JDinSeattle/forge-runtime/internal/runnerclient","Test":"TestOversizedResultUsesDurableReceiptReference","Elapsed":0}
{"Time":"2026-09-11T14:27:06.090521572-07:00","Action":"output","Package":"github.com/JDinSeattle/forge-runtime/internal/runnerclient","Output":"PASS\n"}
{"Time":"2026-09-11T14:27:06.096041545-07:00","Action":"output","Package":"github.com/JDinSeattle/forge-runtime/internal/quota","Test":"TestGlobalAdmissionAndIdempotencyAcrossStoreInstances","Output":"--- PASS: TestGlobalAdmissionAndIdempotencyAcrossStoreInstances (0.50s)\n"}
{"Time":"2026-09-11T14:27:06.096067323-07:00","Action":"pass","Package":"github.com/JDinSeattle/forge-runtime/internal/quota","Test":"TestGlobalAdmissionAndIdempotencyAcrossStoreInstances","Elapsed":0.5}
{"Time":"2026-09-11T14:27:06.096090019-07:00","Action":"run","Package":"github.com/JDinSeattle/forge-runtime/internal/quota","Test":"TestSettlementExactlyOnceAndActualOverage"}
{"Time":"2026-09-11T14:27:06.096094715-07:00","Action":"output","Package":"github.com/JDinSeattle/forge-runtime/internal/quota","Test":"TestSettlementExactlyOnceAndActualOverage","Output":"=== RUN   TestSettlementExactlyOnceAndActualOverage\n"}
{"Time":"2026-09-11T14:27:06.221523957-07:00","Action":"output","Package":"github.com/JDinSeattle/forge-runtime/internal/persistence","Test":"TestControlAndReadyEvidence","Output":"--- PASS: TestControlAndReadyEvidence (0.27s)\n"}
{"Time":"2026-09-11T14:27:06.221553846-07:00","Action":"pass","Package":"github.com/JDinSeattle/forge-runtime/internal/persistence","Test":"TestControlAndReadyEvidence","Elapsed":0.27}
{"Time":"2026-09-11T14:27:06.221558494-07:00","Action":"run","Package":"github.com/JDinSeattle/forge-runtime/internal/persistence","Test":"TestSubmitWithoutParentPreservesPreRetryIdempotencyHashInput"}
{"Time":"2026-09-11T14:27:06.22156003-07:00","Action":"output","Package":"github.com/JDinSeattle/forge-runtime/internal/persistence","Test":"TestSubmitWithoutParentPreservesPreRetryIdempotencyHashInput","Output":"=== RUN   TestSubmitWithoutParentPreservesPreRetryIdempotencyHashInput\n"}
{"Time":"2026-09-11T14:27:06.221603651-07:00","Action":"output","Package":"github.com/JDinSeattle/forge-runtime/internal/persistence","Test":"TestSubmitWithoutParentPreservesPreRetryIdempotencyHashInput","Output":"--- PASS: TestSubmitWithoutParentPreservesPreRetryIdempotencyHashInput (0.00s)\n"}
{"Time":"2026-09-11T14:27:06.22160763-07:00","Action":"pass","Package":"github.com/JDinSeattle/forge-runtime/internal/persistence","Test":"TestSubmitWithoutParentPreservesPreRetryIdempotencyHashInput","Elapsed":0}
{"Time":"2026-09-11T14:27:06.221613772-07:00","Action":"run","Package":"github.com/JDinSeattle/forge-runtime/internal/persistence","Test":"TestDatabaseDefaultDeadlineReleasesBlockedRead"}
{"Time":"2026-09-11T14:27:06.221615908-07:00","Action":"output","Package":"github.com/JDinSeattle/forge-runtime/internal/persistence","Test":"TestDatabaseDefaultDeadlineReleasesBlockedRead","Output":"=== RUN   TestDatabaseDefaultDeadlineReleasesBlockedRead\n"}
{"Time":"2026-09-11T14:27:06.235978928-07:00","Action":"output","Package":"github.com/JDinSeattle/forge-runtime/internal/domain","Output":"ok  \tgithub.com/JDinSeattle/forge-runtime/internal/domain\t1.014s\n"}
{"Time":"2026-09-11T14:27:06.236008784-07:00","Action":"pass","Package":"github.com/JDinSeattle/forge-runtime/internal/domain","Elapsed":1.014}
{"Time":"2026-09-11T14:27:06.246744603-07:00","Action":"output","Package":"github.com/JDinSeattle/forge-runtime/cmd/forge-runner","Output":"ok  \tgithub.com/JDinSeattle/forge-runtime/cmd/forge-runner\t1.025s\n"}
{"Time":"2026-09-11T14:27:06.246768336-07:00","Action":"pass","Package":"github.com/JDinSeattle/forge-runtime/cmd/forge-runner","Elapsed":1.025}
{"Time":"2026-09-11T14:27:06.251844874-07:00","Action":"output","Package":"github.com/JDinSeattle/forge-runtime/internal/sandbox","Output":"ok  \tgithub.com/JDinSeattle/forge-runtime/internal/sandbox\t1.029s\n"}
{"Time":"2026-09-11T14:27:06.251863911-07:00","Action":"pass","Package":"github.com/JDinSeattle/forge-runtime/internal/sandbox","Elapsed":1.029}
{"Time":"2026-09-11T14:27:06.252561976-07:00","Action":"output","Package":"github.com/JDinSeattle/forge-runtime/internal/runtime","Output":"ok  \tgithub.com/JDinSeattle/forge-runtime/internal/runtime\t1.030s\n"}
{"Time":"2026-09-11T14:27:06.252580305-07:00","Action":"pass","Package":"github.com/JDinSeattle/forge-runtime/internal/runtime","Elapsed":1.03}
{"Time":"2026-09-11T14:27:06.265746189-07:00","Action":"output","Package":"github.com/JDinSeattle/forge-runtime/benchmarks","Output":"ok  \tgithub.com/JDinSeattle/forge-runtime/benchmarks\t1.044s\n"}
{"Time":"2026-09-11T14:27:06.265784306-07:00","Action":"pass","Package":"github.com/JDinSeattle/forge-runtime/benchmarks","Elapsed":1.045}
{"Time":"2026-09-11T14:27:06.273929249-07:00","Action":"output","Package":"github.com/JDinSeattle/forge-runtime/internal/localsetup","Output":"ok  \tgithub.com/JDinSeattle/forge-runtime/internal/localsetup\t1.052s\n"}
{"Time":"2026-09-11T14:27:06.273962497-07:00","Action":"pass","Package":"github.com/JDinSeattle/forge-runtime/internal/localsetup","Elapsed":1.052}
{"Time":"2026-09-11T14:27:06.275421461-07:00","Action":"output","Package":"github.com/JDinSeattle/forge-runtime/scripts/faults/application","Output":"ok  \tgithub.com/JDinSeattle/forge-runtime/scripts/faults/application\t1.052s\n"}
{"Time":"2026-09-11T14:27:06.275447998-07:00","Action":"pass","Package":"github.com/JDinSeattle/forge-runtime/scripts/faults/application","Elapsed":1.052}
{"Time":"2026-09-11T14:27:06.288012915-07:00","Action":"output","Package":"github.com/JDinSeattle/forge-runtime/cmd/forge","Output":"ok  \tgithub.com/JDinSeattle/forge-runtime/cmd/forge\t1.067s\n"}
{"Time":"2026-09-11T14:27:06.288044764-07:00","Action":"pass","Package":"github.com/JDinSeattle/forge-runtime/cmd/forge","Elapsed":1.067}
{"Time":"2026-09-11T14:27:06.30394145-07:00","Action":"output","Package":"github.com/JDinSeattle/forge-runtime/internal/provider","Output":"ok  \tgithub.com/JDinSeattle/forge-runtime/internal/provider\t1.082s\n"}
{"Time":"2026-09-11T14:27:06.303987453-07:00","Action":"pass","Package":"github.com/JDinSeattle/forge-runtime/internal/provider","Elapsed":1.082}
{"Time":"2026-09-11T14:27:06.326991623-07:00","Action":"output","Package":"github.com/JDinSeattle/forge-runtime/internal/telemetry","Output":"ok  \tgithub.com/JDinSeattle/forge-runtime/internal/telemetry\t1.104s\n"}
{"Time":"2026-09-11T14:27:06.327044658-07:00","Action":"pass","Package":"github.com/JDinSeattle/forge-runtime/internal/telemetry","Elapsed":1.104}
{"Time":"2026-09-11T14:27:06.333197299-07:00","Action":"output","Package":"github.com/JDinSeattle/forge-runtime/tests/client","Output":"ok  \tgithub.com/JDinSeattle/forge-runtime/tests/client\t1.110s\n"}
{"Time":"2026-09-11T14:27:06.333223336-07:00","Action":"pass","Package":"github.com/JDinSeattle/forge-runtime/tests/client","Elapsed":1.11}
{"Time":"2026-09-11T14:27:06.352143813-07:00","Action":"output","Package":"github.com/JDinSeattle/forge-runtime/internal/dependency","Output":"ok  \tgithub.com/JDinSeattle/forge-runtime/internal/dependency\t1.130s\n"}
{"Time":"2026-09-11T14:27:06.352176105-07:00","Action":"pass","Package":"github.com/JDinSeattle/forge-runtime/internal/dependency","Elapsed":1.13}
{"Time":"2026-09-11T14:27:06.44519084-07:00","Action":"output","Package":"github.com/JDinSeattle/forge-runtime/internal/quota","Test":"TestSettlementExactlyOnceAndActualOverage","Output":"--- PASS: TestSettlementExactlyOnceAndActualOverage (0.35s)\n"}
{"Time":"2026-09-11T14:27:06.445219135-07:00","Action":"pass","Package":"github.com/JDinSeattle/forge-runtime/internal/quota","Test":"TestSettlementExactlyOnceAndActualOverage","Elapsed":0.35}
{"Time":"2026-09-11T14:27:06.445236447-07:00","Action":"run","Package":"github.com/JDinSeattle/forge-runtime/internal/quota","Test":"TestUnknownRetainsTokenAndCostAcrossExpiryAndWindowRotation"}
{"Time":"2026-09-11T14:27:06.445238164-07:00","Action":"output","Package":"github.com/JDinSeattle/forge-runtime/internal/quota","Test":"TestUnknownRetainsTokenAndCostAcrossExpiryAndWindowRotation","Output":"=== RUN   TestUnknownRetainsTokenAndCostAcrossExpiryAndWindowRotation\n"}
{"Time":"2026-09-11T14:27:06.566431779-07:00","Action":"output","Package":"github.com/JDinSeattle/forge-runtime/internal/artifact","Output":"ok  \tgithub.com/JDinSeattle/forge-runtime/internal/artifact\t1.345s\n"}
{"Time":"2026-09-11T14:27:06.566455167-07:00","Action":"pass","Package":"github.com/JDinSeattle/forge-runtime/internal/artifact","Elapsed":1.345}
{"Time":"2026-09-11T14:27:06.597415624-07:00","Action":"output","Package":"github.com/JDinSeattle/forge-runtime/internal/application","Test":"TestPrepareCapacityRequeuesAtomically","Output":"    capacity_integration_test.go:172: capacity_requeue snapshot={\"kind\":\"capacity_rejected\",\"expected_version\":4,\"owner\":\"retry-worker\",\"epoch\":2,\"at\":\"2026-09-11T14:27:06.587907-07:00\",\"not_before\":\"2026-09-11T14:27:07.587907-07:00\"} allocation_state=released runner=runner workspace=run_UB6XUSGLMXRXMTIEKVGGVJLMYK\n"}
{"Time":"2026-09-11T14:27:06.703489477-07:00","Action":"output","Package":"github.com/JDinSeattle/forge-runtime/internal/quota","Test":"TestUnknownRetainsTokenAndCostAcrossExpiryAndWindowRotation","Output":"--- PASS: TestUnknownRetainsTokenAndCostAcrossExpiryAndWindowRotation (0.26s)\n"}
{"Time":"2026-09-11T14:27:06.703516229-07:00","Action":"pass","Package":"github.com/JDinSeattle/forge-runtime/internal/quota","Test":"TestUnknownRetainsTokenAndCostAcrossExpiryAndWindowRotation","Elapsed":0.26}
{"Time":"2026-09-11T14:27:06.703524178-07:00","Action":"run","Package":"github.com/JDinSeattle/forge-runtime/internal/quota","Test":"TestCircuitSharedSingleProbeAndCrashAfterSettlement"}
{"Time":"2026-09-11T14:27:06.703526194-07:00","Action":"output","Package":"github.com/JDinSeattle/forge-runtime/internal/quota","Test":"TestCircuitSharedSingleProbeAndCrashAfterSettlement","Output":"=== RUN   TestCircuitSharedSingleProbeAndCrashAfterSettlement\n"}
{"Time":"2026-09-11T14:27:06.739827988-07:00","Action":"output","Package":"github.com/JDinSeattle/forge-runtime/internal/retention","Output":"ok  \tgithub.com/JDinSeattle/forge-runtime/internal/retention\t1.517s\n"}
{"Time":"2026-09-11T14:27:06.739859759-07:00","Action":"pass","Package":"github.com/JDinSeattle/forge-runtime/internal/retention","Elapsed":1.517}
{"Time":"2026-09-11T14:27:06.877558912-07:00","Action":"output","Package":"github.com/JDinSeattle/forge-runtime/internal/runner","Test":"TestWorkspaceLockExcludesOtherProcesses","Output":"--- PASS: TestWorkspaceLockExcludesOtherProcesses (1.06s)\n"}
{"Time":"2026-09-11T14:27:06.877619478-07:00","Action":"pass","Package":"github.com/JDinSeattle/forge-runtime/internal/runner","Test":"TestWorkspaceLockExcludesOtherProcesses","Elapsed":1.06}
{"Time":"2026-09-11T14:27:06.877635714-07:00","Action":"run","Package":"github.com/JDinSeattle/forge-runtime/internal/runner","Test":"TestGrantRecheckedAfterWaitingForWorkspaceLock"}
{"Time":"2026-09-11T14:27:06.877643408-07:00","Action":"output","Package":"github.com/JDinSeattle/forge-runtime/internal/runner","Test":"TestGrantRecheckedAfterWaitingForWorkspaceLock","Output":"=== RUN   TestGrantRecheckedAfterWaitingForWorkspaceLock\n"}
{"Time":"2026-09-11T14:27:06.928650901-07:00","Action":"output","Package":"github.com/JDinSeattle/forge-runtime/internal/runner","Test":"TestGrantRecheckedAfterWaitingForWorkspaceLock","Output":"--- PASS: TestGrantRecheckedAfterWaitingForWorkspaceLock (0.05s)\n"}
{"Time":"2026-09-11T14:27:06.928678688-07:00","Action":"pass","Package":"github.com/JDinSeattle/forge-runtime/internal/runner","Test":"TestGrantRecheckedAfterWaitingForWorkspaceLock","Elapsed":0.05}
{"Time":"2026-09-11T14:27:06.928683278-07:00","Action":"run","Package":"github.com/JDinSeattle/forge-runtime/internal/runner","Test":"TestExecutableModeSurvivesImportAndAppearsInDiff"}
{"Time":"2026-09-11T14:27:06.928684744-07:00","Action":"output","Package":"github.com/JDinSeattle/forge-runtime/internal/runner","Test":"TestExecutableModeSurvivesImportAndAppearsInDiff","Output":"=== RUN   TestExecutableModeSurvivesImportAndAppearsInDiff\n"}
{"Time":"2026-09-11T14:27:06.976105824-07:00","Action":"output","Package":"github.com/JDinSeattle/forge-runtime/internal/runner","Test":"TestExecutableModeSurvivesImportAndAppearsInDiff","Output":"--- PASS: TestExecutableModeSurvivesImportAndAppearsInDiff (0.05s)\n"}
{"Time":"2026-09-11T14:27:06.97613775-07:00","Action":"pass","Package":"github.com/JDinSeattle/forge-runtime/internal/runner","Test":"TestExecutableModeSurvivesImportAndAppearsInDiff","Elapsed":0.05}
{"Time":"2026-09-11T14:27:06.976147435-07:00","Action":"run","Package":"github.com/JDinSeattle/forge-runtime/internal/runner","Test":"TestInterruptedInitializationResumesOnlyPinnedSource"}
{"Time":"2026-09-11T14:27:06.976150849-07:00","Action":"output","Package":"github.com/JDinSeattle/forge-runtime/internal/runner","Test":"TestInterruptedInitializationResumesOnlyPinnedSource","Output":"=== RUN   TestInterruptedInitializationResumesOnlyPinnedSource\n"}
{"Time":"2026-09-11T14:27:06.976154711-07:00","Action":"run","Package":"github.com/JDinSeattle/forge-runtime/internal/runner","Test":"TestInterruptedInitializationResumesOnlyPinnedSource/after_volume_lease"}
{"Time":"2026-09-11T14:27:06.976157355-07:00","Action":"output","Package":"github.com/JDinSeattle/forge-runtime/internal/runner","Test":"TestInterruptedInitializationResumesOnlyPinnedSource/after_volume_lease","Output":"=== RUN   TestInterruptedInitializationResumesOnlyPinnedSource/after_volume_lease\n"}
{"Time":"2026-09-11T14:27:07.018445628-07:00","Action":"output","Package":"github.com/JDinSeattle/forge-runtime/internal/quota","Test":"TestCircuitSharedSingleProbeAndCrashAfterSettlement","Output":"--- PASS: TestCircuitSharedSingleProbeAndCrashAfterSettlement (0.31s)\n"}
{"Time":"2026-09-11T14:27:07.018489425-07:00","Action":"pass","Package":"github.com/JDinSeattle/forge-runtime/internal/quota","Test":"TestCircuitSharedSingleProbeAndCrashAfterSettlement","Elapsed":0.31}
{"Time":"2026-09-11T14:27:07.018498248-07:00","Action":"output","Package":"github.com/JDinSeattle/forge-runtime/internal/quota","Output":"PASS\n"}
{"Time":"2026-09-11T14:27:07.035561917-07:00","Action":"output","Package":"github.com/JDinSeattle/forge-runtime/internal/runner","Test":"TestInterruptedInitializationResumesOnlyPinnedSource/after_volume_lease","Output":"--- PASS: TestInterruptedInitializationResumesOnlyPinnedSource/after_volume_lease (0.06s)\n"}
{"Time":"2026-09-11T14:27:07.035591544-07:00","Action":"pass","Package":"github.com/JDinSeattle/forge-runtime/internal/runner","Test":"TestInterruptedInitializationResumesOnlyPinnedSource/after_volume_lease","Elapsed":0.06}
{"Time":"2026-09-11T14:27:07.035601022-07:00","Action":"run","Package":"github.com/JDinSeattle/forge-runtime/internal/runner","Test":"TestInterruptedInitializationResumesOnlyPinnedSource/after_import_file"}
{"Time":"2026-09-11T14:27:07.03560433-07:00","Action":"output","Package":"github.com/JDinSeattle/forge-runtime/internal/runner","Test":"TestInterruptedInitializationResumesOnlyPinnedSource/after_import_file","Output":"=== RUN   TestInterruptedInitializationResumesOnlyPinnedSource/after_import_file\n"}
{"Time":"2026-09-11T14:27:07.036816933-07:00","Action":"run","Package":"github.com/JDinSeattle/forge-runtime/tests/review","Test":"TestReviewFailedVerifierDiagnosticsEnableNextRepair/native_false/cleanup_after_snapshot_publication"}
{"Time":"2026-09-11T14:27:07.036838905-07:00","Action":"output","Package":"github.com/JDinSeattle/forge-runtime/tests/review","Test":"TestReviewFailedVerifierDiagnosticsEnableNextRepair/native_false/cleanup_after_snapshot_publication","Output":"=== RUN   TestReviewFailedVerifierDiagnosticsEnableNextRepair/native_false/cleanup_after_snapshot_publication\n"}
{"Time":"2026-09-11T14:27:07.090806351-07:00","Action":"output","Package":"github.com/JDinSeattle/forge-runtime/internal/runner","Test":"TestInterruptedInitializationResumesOnlyPinnedSource/after_import_file","Output":"--- PASS: TestInterruptedInitializationResumesOnlyPinnedSource/after_import_file (0.06s)\n"}
{"Time":"2026-09-11T14:27:07.090863931-07:00","Action":"pass","Package":"github.com/JDinSeattle/forge-runtime/internal/runner","Test":"TestInterruptedInitializationResumesOnlyPinnedSource/after_import_file","Elapsed":0.06}
{"Time":"2026-09-11T14:27:07.090869035-07:00","Action":"run","Package":"github.com/JDinSeattle/forge-runtime/internal/runner","Test":"TestInterruptedInitializationResumesOnlyPinnedSource/after_import_before_workspace"}
{"Time":"2026-09-11T14:27:07.090870442-07:00","Action":"output","Package":"github.com/JDinSeattle/forge-runtime/internal/runner","Test":"TestInterruptedInitializationResumesOnlyPinnedSource/after_import_before_workspace","Output":"=== RUN   TestInterruptedInitializationResumesOnlyPinnedSource/after_import_before_workspace\n"}
{"Time":"2026-09-11T14:27:07.092842598-07:00","Action":"output","Package":"github.com/JDinSeattle/forge-runtime/tests/review","Test":"TestReviewFailedVerifierDiagnosticsEnableNextRepair/native_false/cleanup_after_snapshot_publication","Output":"--- PASS: TestReviewFailedVerifierDiagnosticsEnableNextRepair/native_false/cleanup_after_snapshot_publication (0.06s)\n"}
{"Time":"2026-09-11T14:27:07.092880379-07:00","Action":"pass","Package":"github.com/JDinSeattle/forge-runtime/tests/review","Test":"TestReviewFailedVerifierDiagnosticsEnableNextRepair/native_false/cleanup_after_snapshot_publication","Elapsed":0.06}
{"Time":"2026-09-11T14:27:07.095297477-07:00","Action":"output","Package":"github.com/JDinSeattle/forge-runtime/internal/runnerclient","Output":"ok  \tgithub.com/JDinSeattle/forge-runtime/internal/runnerclient\t1.873s\n"}
{"Time":"2026-09-11T14:27:07.095352417-07:00","Action":"pass","Package":"github.com/JDinSeattle/forge-runtime/internal/runnerclient","Elapsed":1.873}
{"Time":"2026-09-11T14:27:07.129599369-07:00","Action":"output","Package":"github.com/JDinSeattle/forge-runtime/tests/review","Test":"TestReviewFailedVerifierDiagnosticsEnableNextRepair/native_false","Output":"--- PASS: TestReviewFailedVerifierDiagnosticsEnableNextRepair/native_false (1.51s)\n"}
{"Time":"2026-09-11T14:27:07.129633208-07:00","Action":"pass","Package":"github.com/JDinSeattle/forge-runtime/tests/review","Test":"TestReviewFailedVerifierDiagnosticsEnableNextRepair/native_false","Elapsed":1.51}
{"Time":"2026-09-11T14:27:07.129640751-07:00","Action":"run","Package":"github.com/JDinSeattle/forge-runtime/tests/review","Test":"TestReviewFailedVerifierDiagnosticsEnableNextRepair/native_true"}
{"Time":"2026-09-11T14:27:07.129644278-07:00","Action":"output","Package":"github.com/JDinSeattle/forge-runtime/tests/review","Test":"TestReviewFailedVerifierDiagnosticsEnableNextRepair/native_true","Output":"=== RUN   TestReviewFailedVerifierDiagnosticsEnableNextRepair/native_true\n"}
{"Time":"2026-09-11T14:27:07.144668358-07:00","Action":"output","Package":"github.com/JDinSeattle/forge-runtime/internal/runner","Test":"TestInterruptedInitializationResumesOnlyPinnedSource/after_import_before_workspace","Output":"--- PASS: TestInterruptedInitializationResumesOnlyPinnedSource/after_import_before_workspace (0.05s)\n"}
{"Time":"2026-09-11T14:27:07.144694486-07:00","Action":"pass","Package":"github.com/JDinSeattle/forge-runtime/internal/runner","Test":"TestInterruptedInitializationResumesOnlyPinnedSource/after_import_before_workspace","Elapsed":0.05}
{"Time":"2026-09-11T14:27:07.144727178-07:00","Action":"output","Package":"github.com/JDinSeattle/forge-runtime/internal/runner","Test":"TestInterruptedInitializationResumesOnlyPinnedSource","Output":"--- PASS: TestInterruptedInitializationResumesOnlyPinnedSource (0.17s)\n"}
{"Time":"2026-09-11T14:27:07.144749081-07:00","Action":"pass","Package":"github.com/JDinSeattle/forge-runtime/internal/runner","Test":"TestInterruptedInitializationResumesOnlyPinnedSource","Elapsed":0.17}
{"Time":"2026-09-11T14:27:07.144755381-07:00","Action":"run","Package":"github.com/JDinSeattle/forge-runtime/internal/runner","Test":"TestInterruptedInitializationNeverOverwritesOrRebinds"}
{"Time":"2026-09-11T14:27:07.144759682-07:00","Action":"output","Package":"github.com/JDinSeattle/forge-runtime/internal/runner","Test":"TestInterruptedInitializationNeverOverwritesOrRebinds","Output":"=== RUN   TestInterruptedInitializationNeverOverwritesOrRebinds\n"}
{"Time":"2026-09-11T14:27:07.144777213-07:00","Action":"run","Package":"github.com/JDinSeattle/forge-runtime/internal/runner","Test":"TestInterruptedInitializationNeverOverwritesOrRebinds/source_changed"}
{"Time":"2026-09-11T14:27:07.144782245-07:00","Action":"output","Package":"github.com/JDinSeattle/forge-runtime/internal/runner","Test":"TestInterruptedInitializationNeverOverwritesOrRebinds/source_changed","Output":"=== RUN   TestInterruptedInitializationNeverOverwritesOrRebinds/source_changed\n"}
{"Time":"2026-09-11T14:27:07.205030562-07:00","Action":"output","Package":"github.com/JDinSeattle/forge-runtime/internal/runner","Test":"TestInterruptedInitializationNeverOverwritesOrRebinds/source_changed","Output":"--- PASS: TestInterruptedInitializationNeverOverwritesOrRebinds/source_changed (0.06s)\n"}
{"Time":"2026-09-11T14:27:07.205051362-07:00","Action":"pass","Package":"github.com/JDinSeattle/forge-runtime/internal/runner","Test":"TestInterruptedInitializationNeverOverwritesOrRebinds/source_changed","Elapsed":0.06}
{"Time":"2026-09-11T14:27:07.205057521-07:00","Action":"run","Package":"github.com/JDinSeattle/forge-runtime/internal/runner","Test":"TestInterruptedInitializationNeverOverwritesOrRebinds/partial_changed"}
{"Time":"2026-09-11T14:27:07.205059065-07:00","Action":"output","Package":"github.com/JDinSeattle/forge-runtime/internal/runner","Test":"TestInterruptedInitializationNeverOverwritesOrRebinds/partial_changed","Output":"=== RUN   TestInterruptedInitializationNeverOverwritesOrRebinds/partial_changed\n"}
{"Time":"2026-09-11T14:27:07.25708554-07:00","Action":"output","Package":"github.com/JDinSeattle/forge-runtime/internal/runner","Test":"TestInterruptedInitializationNeverOverwritesOrRebinds/partial_changed","Output":"--- PASS: TestInterruptedInitializationNeverOverwritesOrRebinds/partial_changed (0.05s)\n"}
{"Time":"2026-09-11T14:27:07.257360525-07:00","Action":"pass","Package":"github.com/JDinSeattle/forge-runtime/internal/runner","Test":"TestInterruptedInitializationNeverOverwritesOrRebinds/partial_changed","Elapsed":0.05}
{"Time":"2026-09-11T14:27:07.257382829-07:00","Action":"run","Package":"github.com/JDinSeattle/forge-runtime/internal/runner","Test":"TestInterruptedInitializationNeverOverwritesOrRebinds/unexpected_cache"}
{"Time":"2026-09-11T14:27:07.257387862-07:00","Action":"output","Package":"github.com/JDinSeattle/forge-runtime/internal/runner","Test":"TestInterruptedInitializationNeverOverwritesOrRebinds/unexpected_cache","Output":"=== RUN   TestInterruptedInitializationNeverOverwritesOrRebinds/unexpected_cache\n"}
{"Time":"2026-09-11T14:27:07.309297658-07:00","Action":"output","Package":"github.com/JDinSeattle/forge-runtime/internal/runner","Test":"TestInterruptedInitializationNeverOverwritesOrRebinds/unexpected_cache","Output":"--- PASS: TestInterruptedInitializationNeverOverwritesOrRebinds/unexpected_cache (0.05s)\n"}
{"Time":"2026-09-11T14:27:07.309361156-07:00","Action":"pass","Package":"github.com/JDinSeattle/forge-runtime/internal/runner","Test":"TestInterruptedInitializationNeverOverwritesOrRebinds/unexpected_cache","Elapsed":0.05}
{"Time":"2026-09-11T14:27:07.309370198-07:00","Action":"run","Package":"github.com/JDinSeattle/forge-runtime/internal/runner","Test":"TestInterruptedInitializationNeverOverwritesOrRebinds/legacy_unbound"}
{"Time":"2026-09-11T14:27:07.30937224-07:00","Action":"output","Package":"github.com/JDinSeattle/forge-runtime/internal/runner","Test":"TestInterruptedInitializationNeverOverwritesOrRebinds/legacy_unbound","Output":"=== RUN   TestInterruptedInitializationNeverOverwritesOrRebinds/legacy_unbound\n"}
{"Time":"2026-09-11T14:27:07.360745317-07:00","Action":"output","Package":"github.com/JDinSeattle/forge-runtime/internal/runner","Test":"TestInterruptedInitializationNeverOverwritesOrRebinds/legacy_unbound","Output":"--- PASS: TestInterruptedInitializationNeverOverwritesOrRebinds/legacy_unbound (0.05s)\n"}
{"Time":"2026-09-11T14:27:07.360766731-07:00","Action":"pass","Package":"github.com/JDinSeattle/forge-runtime/internal/runner","Test":"TestInterruptedInitializationNeverOverwritesOrRebinds/legacy_unbound","Elapsed":0.05}
{"Time":"2026-09-11T14:27:07.360776933-07:00","Action":"output","Package":"github.com/JDinSeattle/forge-runtime/internal/runner","Test":"TestInterruptedInitializationNeverOverwritesOrRebinds","Output":"--- PASS: TestInterruptedInitializationNeverOverwritesOrRebinds (0.22s)\n"}
{"Time":"2026-09-11T14:27:07.360800536-07:00","Action":"pass","Package":"github.com/JDinSeattle/forge-runtime/internal/runner","Test":"TestInterruptedInitializationNeverOverwritesOrRebinds","Elapsed":0.22}
{"Time":"2026-09-11T14:27:07.360817558-07:00","Action":"run","Package":"github.com/JDinSeattle/forge-runtime/internal/runner","Test":"TestUndispatchedOperationCancellationHasDurableProof"}
{"Time":"2026-09-11T14:27:07.360821568-07:00","Action":"output","Package":"github.com/JDinSeattle/forge-runtime/internal/runner","Test":"TestUndispatchedOperationCancellationHasDurableProof","Output":"=== RUN   TestUndispatchedOperationCancellationHasDurableProof\n"}
{"Time":"2026-09-11T14:27:07.413546514-07:00","Action":"output","Package":"github.com/JDinSeattle/forge-runtime/internal/runner","Test":"TestUndispatchedOperationCancellationHasDurableProof","Output":"--- PASS: TestUndispatchedOperationCancellationHasDurableProof (0.05s)\n"}
{"Time":"2026-09-11T14:27:07.413568682-07:00","Action":"pass","Package":"github.com/JDinSeattle/forge-runtime/internal/runner","Test":"TestUndispatchedOperationCancellationHasDurableProof","Elapsed":0.05}
{"Time":"2026-09-11T14:27:07.41357621-07:00","Action":"run","Package":"github.com/JDinSeattle/forge-runtime/internal/runner","Test":"TestAllReturnedArtifactKindsAreDurablyPinned"}
{"Time":"2026-09-11T14:27:07.413577983-07:00","Action":"output","Package":"github.com/JDinSeattle/forge-runtime/internal/runner","Test":"TestAllReturnedArtifactKindsAreDurablyPinned","Output":"=== RUN   TestAllReturnedArtifactKindsAreDurablyPinned\n"}
{"Time":"2026-09-11T14:27:07.470676524-07:00","Action":"output","Package":"github.com/JDinSeattle/forge-runtime/internal/runner","Test":"TestAllReturnedArtifactKindsAreDurablyPinned","Output":"--- PASS: TestAllReturnedArtifactKindsAreDurablyPinned (0.06s)\n"}
{"Time":"2026-09-11T14:27:07.470709846-07:00","Action":"pass","Package":"github.com/JDinSeattle/forge-runtime/internal/runner","Test":"TestAllReturnedArtifactKindsAreDurablyPinned","Elapsed":0.06}
{"Time":"2026-09-11T14:27:07.47071895-07:00","Action":"run","Package":"github.com/JDinSeattle/forge-runtime/internal/runner","Test":"TestArtifactPinIdentityAllowsKindButRejectsCorruption"}
{"Time":"2026-09-11T14:27:07.470722264-07:00","Action":"output","Package":"github.com/JDinSeattle/forge-runtime/internal/runner","Test":"TestArtifactPinIdentityAllowsKindButRejectsCorruption","Output":"=== RUN   TestArtifactPinIdentityAllowsKindButRejectsCorruption\n"}
{"Time":"2026-09-11T14:27:07.518452582-07:00","Action":"output","Package":"github.com/JDinSeattle/forge-runtime/internal/runner","Test":"TestArtifactPinIdentityAllowsKindButRejectsCorruption","Output":"--- PASS: TestArtifactPinIdentityAllowsKindButRejectsCorruption (0.05s)\n"}
{"Time":"2026-09-11T14:27:07.518477013-07:00","Action":"pass","Package":"github.com/JDinSeattle/forge-runtime/internal/runner","Test":"TestArtifactPinIdentityAllowsKindButRejectsCorruption","Elapsed":0.05}
{"Time":"2026-09-11T14:27:07.51848738-07:00","Action":"run","Package":"github.com/JDinSeattle/forge-runtime/internal/runner","Test":"TestStartIntentPreventsNeverStartedAssumption"}
{"Time":"2026-09-11T14:27:07.518489031-07:00","Action":"output","Package":"github.com/JDinSeattle/forge-runtime/internal/runner","Test":"TestStartIntentPreventsNeverStartedAssumption","Output":"=== RUN   TestStartIntentPreventsNeverStartedAssumption\n"}
{"Time":"2026-09-11T14:27:07.561621065-07:00","Action":"output","Package":"github.com/JDinSeattle/forge-runtime/internal/runner","Test":"TestStartIntentPreventsNeverStartedAssumption","Output":"--- PASS: TestStartIntentPreventsNeverStartedAssumption (0.04s)\n"}
{"Time":"2026-09-11T14:27:07.561644919-07:00","Action":"pass","Package":"github.com/JDinSeattle/forge-runtime/internal/runner","Test":"TestStartIntentPreventsNeverStartedAssumption","Elapsed":0.04}
{"Time":"2026-09-11T14:27:07.561650466-07:00","Action":"run","Package":"github.com/JDinSeattle/forge-runtime/internal/runner","Test":"TestCreatedUndispatchedCancellationReachesLockedProof"}
{"Time":"2026-09-11T14:27:07.561652119-07:00","Action":"output","Package":"github.com/JDinSeattle/forge-runtime/internal/runner","Test":"TestCreatedUndispatchedCancellationReachesLockedProof","Output":"=== RUN   TestCreatedUndispatchedCancellationReachesLockedProof\n"}
{"Time":"2026-09-11T14:27:07.561653992-07:00","Action":"run","Package":"github.com/JDinSeattle/forge-runtime/internal/runner","Test":"TestCreatedUndispatchedCancellationReachesLockedProof/cancel"}
{"Time":"2026-09-11T14:27:07.561655175-07:00","Action":"output","Package":"github.com/JDinSeattle/forge-runtime/internal/runner","Test":"TestCreatedUndispatchedCancellationReachesLockedProof/cancel","Output":"=== RUN   TestCreatedUndispatchedCancellationReachesLockedProof/cancel\n"}
{"Time":"2026-09-11T14:27:07.606459326-07:00","Action":"output","Package":"github.com/JDinSeattle/forge-runtime/internal/runner","Test":"TestCreatedUndispatchedCancellationReachesLockedProof/cancel","Output":"--- PASS: TestCreatedUndispatchedCancellationReachesLockedProof/cancel (0.04s)\n"}
{"Time":"2026-09-11T14:27:07.606482107-07:00","Action":"pass","Package":"github.com/JDinSeattle/forge-runtime/internal/runner","Test":"TestCreatedUndispatchedCancellationReachesLockedProof/cancel","Elapsed":0.04}
{"Time":"2026-09-11T14:27:07.606492493-07:00","Action":"run","Package":"github.com/JDinSeattle/forge-runtime/internal/runner","Test":"TestCreatedUndispatchedCancellationReachesLockedProof/stop"}
{"Time":"2026-09-11T14:27:07.606494514-07:00","Action":"output","Package":"github.com/JDinSeattle/forge-runtime/internal/runner","Test":"TestCreatedUndispatchedCancellationReachesLockedProof/stop","Output":"=== RUN   TestCreatedUndispatchedCancellationReachesLockedProof/stop\n"}
{"Time":"2026-09-11T14:27:07.65393951-07:00","Action":"output","Package":"github.com/JDinSeattle/forge-runtime/internal/runner","Test":"TestCreatedUndispatchedCancellationReachesLockedProof/stop","Output":"--- PASS: TestCreatedUndispatchedCancellationReachesLockedProof/stop (0.05s)\n"}
{"Time":"2026-09-11T14:27:07.653962142-07:00","Action":"pass","Package":"github.com/JDinSeattle/forge-runtime/internal/runner","Test":"TestCreatedUndispatchedCancellationReachesLockedProof/stop","Elapsed":0.05}
{"Time":"2026-09-11T14:27:07.653967829-07:00","Action":"run","Package":"github.com/JDinSeattle/forge-runtime/internal/runner","Test":"TestCreatedUndispatchedCancellationReachesLockedProof/adopt"}
{"Time":"2026-09-11T14:27:07.653969628-07:00","Action":"output","Package":"github.com/JDinSeattle/forge-runtime/internal/runner","Test":"TestCreatedUndispatchedCancellationReachesLockedProof/adopt","Output":"=== RUN   TestCreatedUndispatchedCancellationReachesLockedProof/adopt\n"}
{"Time":"2026-09-11T14:27:07.700418397-07:00","Action":"output","Package":"github.com/JDinSeattle/forge-runtime/internal/runner","Test":"TestCreatedUndispatchedCancellationReachesLockedProof/adopt","Output":"--- PASS: TestCreatedUndispatchedCancellationReachesLockedProof/adopt (0.05s)\n"}
{"Time":"2026-09-11T14:27:07.700442475-07:00","Action":"pass","Package":"github.com/JDinSeattle/forge-runtime/internal/runner","Test":"TestCreatedUndispatchedCancellationReachesLockedProof/adopt","Elapsed":0.05}
{"Time":"2026-09-11T14:27:07.700447193-07:00","Action":"output","Package":"github.com/JDinSeattle/forge-runtime/internal/runner","Test":"TestCreatedUndispatchedCancellationReachesLockedProof","Output":"--- PASS: TestCreatedUndispatchedCancellationReachesLockedProof (0.14s)\n"}
{"Time":"2026-09-11T14:27:07.700449336-07:00","Action":"pass","Package":"github.com/JDinSeattle/forge-runtime/internal/runner","Test":"TestCreatedUndispatchedCancellationReachesLockedProof","Elapsed":0.14}
{"Time":"2026-09-11T14:27:07.700452417-07:00","Action":"run","Package":"github.com/JDinSeattle/forge-runtime/internal/runner","Test":"TestJournalIdentityStableAcrossReopenAndDistinctAcrossFiles"}
{"Time":"2026-09-11T14:27:07.700453672-07:00","Action":"output","Package":"github.com/JDinSeattle/forge-runtime/internal/runner","Test":"TestJournalIdentityStableAcrossReopenAndDistinctAcrossFiles","Output":"=== RUN   TestJournalIdentityStableAcrossReopenAndDistinctAcrossFiles\n"}
{"Time":"2026-09-11T14:27:07.762977844-07:00","Action":"output","Package":"github.com/JDinSeattle/forge-runtime/internal/runner","Test":"TestJournalIdentityStableAcrossReopenAndDistinctAcrossFiles","Output":"--- PASS: TestJournalIdentityStableAcrossReopenAndDistinctAcrossFiles (0.06s)\n"}
{"Time":"2026-09-11T14:27:07.76300078-07:00","Action":"pass","Package":"github.com/JDinSeattle/forge-runtime/internal/runner","Test":"TestJournalIdentityStableAcrossReopenAndDistinctAcrossFiles","Elapsed":0.06}
{"Time":"2026-09-11T14:27:07.763006008-07:00","Action":"run","Package":"github.com/JDinSeattle/forge-runtime/internal/runner","Test":"TestExistingV4NeverInventsMissingOrMalformedIdentity"}
{"Time":"2026-09-11T14:27:07.763007492-07:00","Action":"output","Package":"github.com/JDinSeattle/forge-runtime/internal/runner","Test":"TestExistingV4NeverInventsMissingOrMalformedIdentity","Output":"=== RUN   TestExistingV4NeverInventsMissingOrMalformedIdentity\n"}
{"Time":"2026-09-11T14:27:07.763023199-07:00","Action":"run","Package":"github.com/JDinSeattle/forge-runtime/internal/runner","Test":"TestExistingV4NeverInventsMissingOrMalformedIdentity/table"}
{"Time":"2026-09-11T14:27:07.763029162-07:00","Action":"output","Package":"github.com/JDinSeattle/forge-runtime/internal/runner","Test":"TestExistingV4NeverInventsMissingOrMalformedIdentity/table","Output":"=== RUN   TestExistingV4NeverInventsMissingOrMalformedIdentity/table\n"}
{"Time":"2026-09-11T14:27:07.793835878-07:00","Action":"output","Package":"github.com/JDinSeattle/forge-runtime/internal/runner","Test":"TestExistingV4NeverInventsMissingOrMalformedIdentity/table","Output":"--- PASS: TestExistingV4NeverInventsMissingOrMalformedIdentity/table (0.03s)\n"}
{"Time":"2026-09-11T14:27:07.793861033-07:00","Action":"pass","Package":"github.com/JDinSeattle/forge-runtime/internal/runner","Test":"TestExistingV4NeverInventsMissingOrMalformedIdentity/table","Elapsed":0.03}
{"Time":"2026-09-11T14:27:07.79386571-07:00","Action":"run","Package":"github.com/JDinSeattle/forge-runtime/internal/runner","Test":"TestExistingV4NeverInventsMissingOrMalformedIdentity/row"}
{"Time":"2026-09-11T14:27:07.793867377-07:00","Action":"output","Package":"github.com/JDinSeattle/forge-runtime/internal/runner","Test":"TestExistingV4NeverInventsMissingOrMalformedIdentity/row","Output":"=== RUN   TestExistingV4NeverInventsMissingOrMalformedIdentity/row\n"}
{"Time":"2026-09-11T14:27:07.829763148-07:00","Action":"output","Package":"github.com/JDinSeattle/forge-runtime/internal/runner","Test":"TestExistingV4NeverInventsMissingOrMalformedIdentity/row","Output":"--- PASS: TestExistingV4NeverInventsMissingOrMalformedIdentity/row (0.04s)\n"}
{"Time":"2026-09-11T14:27:07.82979495-07:00","Action":"pass","Package":"github.com/JDinSeattle/forge-runtime/internal/runner","Test":"TestExistingV4NeverInventsMissingOrMalformedIdentity/row","Elapsed":0.04}
{"Time":"2026-09-11T14:27:07.829802148-07:00","Action":"run","Package":"github.com/JDinSeattle/forge-runtime/internal/runner","Test":"TestExistingV4NeverInventsMissingOrMalformedIdentity/malformed"}
{"Time":"2026-09-11T14:27:07.82980496-07:00","Action":"output","Package":"github.com/JDinSeattle/forge-runtime/internal/runner","Test":"TestExistingV4NeverInventsMissingOrMalformedIdentity/malformed","Output":"=== RUN   TestExistingV4NeverInventsMissingOrMalformedIdentity/malformed\n"}
{"Time":"2026-09-11T14:27:07.860771716-07:00","Action":"output","Package":"github.com/JDinSeattle/forge-runtime/internal/runner","Test":"TestExistingV4NeverInventsMissingOrMalformedIdentity/malformed","Output":"--- PASS: TestExistingV4NeverInventsMissingOrMalformedIdentity/malformed (0.03s)\n"}
{"Time":"2026-09-11T14:27:07.86079729-07:00","Action":"pass","Package":"github.com/JDinSeattle/forge-runtime/internal/runner","Test":"TestExistingV4NeverInventsMissingOrMalformedIdentity/malformed","Elapsed":0.03}
{"Time":"2026-09-11T14:27:07.860813881-07:00","Action":"output","Package":"github.com/JDinSeattle/forge-runtime/internal/runner","Test":"TestExistingV4NeverInventsMissingOrMalformedIdentity","Output":"--- PASS: TestExistingV4NeverInventsMissingOrMalformedIdentity (0.10s)\n"}
{"Time":"2026-09-11T14:27:07.86083802-07:00","Action":"pass","Package":"github.com/JDinSeattle/forge-runtime/internal/runner","Test":"TestExistingV4NeverInventsMissingOrMalformedIdentity","Elapsed":0.1}
{"Time":"2026-09-11T14:27:07.860857004-07:00","Action":"run","Package":"github.com/JDinSeattle/forge-runtime/internal/runner","Test":"TestV3MigrationCreatesIdentityWithoutChangingLegacyDispatchEvidence"}
{"Time":"2026-09-11T14:27:07.860860801-07:00","Action":"output","Package":"github.com/JDinSeattle/forge-runtime/internal/runner","Test":"TestV3MigrationCreatesIdentityWithoutChangingLegacyDispatchEvidence","Output":"=== RUN   TestV3MigrationCreatesIdentityWithoutChangingLegacyDispatchEvidence\n"}
{"Time":"2026-09-11T14:27:07.947298437-07:00","Action":"output","Package":"github.com/JDinSeattle/forge-runtime/internal/runner","Test":"TestV3MigrationCreatesIdentityWithoutChangingLegacyDispatchEvidence","Output":"--- PASS: TestV3MigrationCreatesIdentityWithoutChangingLegacyDispatchEvidence (0.09s)\n"}
{"Time":"2026-09-11T14:27:07.947322716-07:00","Action":"pass","Package":"github.com/JDinSeattle/forge-runtime/internal/runner","Test":"TestV3MigrationCreatesIdentityWithoutChangingLegacyDispatchEvidence","Elapsed":0.09}
{"Time":"2026-09-11T14:27:07.947330213-07:00","Action":"run","Package":"github.com/JDinSeattle/forge-runtime/internal/runner","Test":"TestStoppedWorkspaceCannotReopenAfterRestart"}
{"Time":"2026-09-11T14:27:07.947331756-07:00","Action":"output","Package":"github.com/JDinSeattle/forge-runtime/internal/runner","Test":"TestStoppedWorkspaceCannotReopenAfterRestart","Output":"=== RUN   TestStoppedWorkspaceCannotReopenAfterRestart\n"}
{"Time":"2026-09-11T14:27:07.991105962-07:00","Action":"output","Package":"github.com/JDinSeattle/forge-runtime/internal/runner","Test":"TestStoppedWorkspaceCannotReopenAfterRestart","Output":"--- PASS: TestStoppedWorkspaceCannotReopenAfterRestart (0.04s)\n"}
{"Time":"2026-09-11T14:27:07.991141303-07:00","Action":"pass","Package":"github.com/JDinSeattle/forge-runtime/internal/runner","Test":"TestStoppedWorkspaceCannotReopenAfterRestart","Elapsed":0.04}
{"Time":"2026-09-11T14:27:07.991151338-07:00","Action":"run","Package":"github.com/JDinSeattle/forge-runtime/internal/runner","Test":"TestNoncanonicalArgsNeverReserveOperation"}
{"Time":"2026-09-11T14:27:07.991154599-07:00","Action":"output","Package":"github.com/JDinSeattle/forge-runtime/internal/runner","Test":"TestNoncanonicalArgsNeverReserveOperation","Output":"=== RUN   TestNoncanonicalArgsNeverReserveOperation\n"}
{"Time":"2026-09-11T14:27:08.02567954-07:00","Action":"output","Package":"github.com/JDinSeattle/forge-runtime/internal/quota","Output":"ok  \tgithub.com/JDinSeattle/forge-runtime/internal/quota\t2.803s\n"}
{"Time":"2026-09-11T14:27:08.025719188-07:00","Action":"pass","Package":"github.com/JDinSeattle/forge-runtime/internal/quota","Elapsed":2.803}
{"Time":"2026-09-11T14:27:08.02741849-07:00","Action":"output","Package":"github.com/JDinSeattle/forge-runtime/internal/runner","Test":"TestNoncanonicalArgsNeverReserveOperation","Output":"--- PASS: TestNoncanonicalArgsNeverReserveOperation (0.04s)\n"}
{"Time":"2026-09-11T14:27:08.027442997-07:00","Action":"pass","Package":"github.com/JDinSeattle/forge-runtime/internal/runner","Test":"TestNoncanonicalArgsNeverReserveOperation","Elapsed":0.04}
{"Time":"2026-09-11T14:27:08.027449607-07:00","Action":"run","Package":"github.com/JDinSeattle/forge-runtime/internal/runner","Test":"TestPublicReceiptContainsNoGrant"}
{"Time":"2026-09-11T14:27:08.027452939-07:00","Action":"output","Package":"github.com/JDinSeattle/forge-runtime/internal/runner","Test":"TestPublicReceiptContainsNoGrant","Output":"=== RUN   TestPublicReceiptContainsNoGrant\n"}
{"Time":"2026-09-11T14:27:08.073258849-07:00","Action":"output","Package":"github.com/JDinSeattle/forge-runtime/internal/runner","Test":"TestPublicReceiptContainsNoGrant","Output":"--- PASS: TestPublicReceiptContainsNoGrant (0.05s)\n"}
{"Time":"2026-09-11T14:27:08.073290212-07:00","Action":"pass","Package":"github.com/JDinSeattle/forge-runtime/internal/runner","Test":"TestPublicReceiptContainsNoGrant","Elapsed":0.05}
{"Time":"2026-09-11T14:27:08.073300558-07:00","Action":"run","Package":"github.com/JDinSeattle/forge-runtime/internal/runner","Test":"TestCleanVerificationExcludesGeneratedFiles"}
{"Time":"2026-09-11T14:27:08.073303568-07:00","Action":"output","Package":"github.com/JDinSeattle/forge-runtime/internal/runner","Test":"TestCleanVerificationExcludesGeneratedFiles","Output":"=== RUN   TestCleanVerificationExcludesGeneratedFiles\n"}
{"Time":"2026-09-11T14:27:08.135734063-07:00","Action":"output","Package":"github.com/JDinSeattle/forge-runtime/internal/runner","Test":"TestCleanVerificationExcludesGeneratedFiles","Output":"--- PASS: TestCleanVerificationExcludesGeneratedFiles (0.06s)\n"}
{"Time":"2026-09-11T14:27:08.135766117-07:00","Action":"pass","Package":"github.com/JDinSeattle/forge-runtime/internal/runner","Test":"TestCleanVerificationExcludesGeneratedFiles","Elapsed":0.06}
{"Time":"2026-09-11T14:27:08.135780397-07:00","Action":"run","Package":"github.com/JDinSeattle/forge-runtime/internal/runner","Test":"TestPoolLeaseSurvivesCrashAndReusesOnlyAfterRelease"}
{"Time":"2026-09-11T14:27:08.135784656-07:00","Action":"output","Package":"github.com/JDinSeattle/forge-runtime/internal/runner","Test":"TestPoolLeaseSurvivesCrashAndReusesOnlyAfterRelease","Output":"=== RUN   TestPoolLeaseSurvivesCrashAndReusesOnlyAfterRelease\n"}
{"Time":"2026-09-11T14:27:08.19564132-07:00","Action":"output","Package":"github.com/JDinSeattle/forge-runtime/internal/runner","Test":"TestPoolLeaseSurvivesCrashAndReusesOnlyAfterRelease","Output":"--- PASS: TestPoolLeaseSurvivesCrashAndReusesOnlyAfterRelease (0.06s)\n"}
{"Time":"2026-09-11T14:27:08.195670871-07:00","Action":"pass","Package":"github.com/JDinSeattle/forge-runtime/internal/runner","Test":"TestPoolLeaseSurvivesCrashAndReusesOnlyAfterRelease","Elapsed":0.06}
{"Time":"2026-09-11T14:27:08.195675799-07:00","Action":"run","Package":"github.com/JDinSeattle/forge-runtime/internal/runner","Test":"TestPoolUnknownOperationRetainsCapacity"}
{"Time":"2026-09-11T14:27:08.195677308-07:00","Action":"output","Package":"github.com/JDinSeattle/forge-runtime/internal/runner","Test":"TestPoolUnknownOperationRetainsCapacity","Output":"=== RUN   TestPoolUnknownOperationRetainsCapacity\n"}
{"Time":"2026-09-11T14:27:08.255782069-07:00","Action":"output","Package":"github.com/JDinSeattle/forge-runtime/internal/runner","Test":"TestPoolUnknownOperationRetainsCapacity","Output":"--- PASS: TestPoolUnknownOperationRetainsCapacity (0.06s)\n"}
{"Time":"2026-09-11T14:27:08.255808226-07:00","Action":"pass","Package":"github.com/JDinSeattle/forge-runtime/internal/runner","Test":"TestPoolUnknownOperationRetainsCapacity","Elapsed":0.06}
{"Time":"2026-09-11T14:27:08.255814856-07:00","Action":"run","Package":"github.com/JDinSeattle/forge-runtime/internal/runner","Test":"TestOldReleaseAfterSlotReusePreservesNewWorkspace"}
{"Time":"2026-09-11T14:27:08.255816214-07:00","Action":"output","Package":"github.com/JDinSeattle/forge-runtime/internal/runner","Test":"TestOldReleaseAfterSlotReusePreservesNewWorkspace","Output":"=== RUN   TestOldReleaseAfterSlotReusePreservesNewWorkspace\n"}
{"Time":"2026-09-11T14:27:08.323058362-07:00","Action":"output","Package":"github.com/JDinSeattle/forge-runtime/internal/runner","Test":"TestOldReleaseAfterSlotReusePreservesNewWorkspace","Output":"--- PASS: TestOldReleaseAfterSlotReusePreservesNewWorkspace (0.07s)\n"}
{"Time":"2026-09-11T14:27:08.323092446-07:00","Action":"pass","Package":"github.com/JDinSeattle/forge-runtime/internal/runner","Test":"TestOldReleaseAfterSlotReusePreservesNewWorkspace","Elapsed":0.07}
{"Time":"2026-09-11T14:27:08.32309736-07:00","Action":"run","Package":"github.com/JDinSeattle/forge-runtime/internal/runner","Test":"FuzzToolPathsStayRelative"}
{"Time":"2026-09-11T14:27:08.323099076-07:00","Action":"output","Package":"github.com/JDinSeattle/forge-runtime/internal/runner","Test":"FuzzToolPathsStayRelative","Output":"=== RUN   FuzzToolPathsStayRelative\n"}
{"Time":"2026-09-11T14:27:08.32310209-07:00","Action":"run","Package":"github.com/JDinSeattle/forge-runtime/internal/runner","Test":"FuzzToolPathsStayRelative/seed#0"}
{"Time":"2026-09-11T14:27:08.323103808-07:00","Action":"output","Package":"github.com/JDinSeattle/forge-runtime/internal/runner","Test":"FuzzToolPathsStayRelative/seed#0","Output":"=== RUN   FuzzToolPathsStayRelative/seed#0\n"}
{"Time":"2026-09-11T14:27:08.323127418-07:00","Action":"output","Package":"github.com/JDinSeattle/forge-runtime/internal/runner","Test":"FuzzToolPathsStayRelative/seed#0","Output":"--- PASS: FuzzToolPathsStayRelative/seed#0 (0.00s)\n"}
{"Time":"2026-09-11T14:27:08.323135995-07:00","Action":"pass","Package":"github.com/JDinSeattle/forge-runtime/internal/runner","Test":"FuzzToolPathsStayRelative/seed#0","Elapsed":0}
{"Time":"2026-09-11T14:27:08.323147049-07:00","Action":"run","Package":"github.com/JDinSeattle/forge-runtime/internal/runner","Test":"FuzzToolPathsStayRelative/seed#1"}
{"Time":"2026-09-11T14:27:08.323153264-07:00","Action":"output","Package":"github.com/JDinSeattle/forge-runtime/internal/runner","Test":"FuzzToolPathsStayRelative/seed#1","Output":"=== RUN   FuzzToolPathsStayRelative/seed#1\n"}
{"Time":"2026-09-11T14:27:08.323164343-07:00","Action":"output","Package":"github.com/JDinSeattle/forge-runtime/internal/runner","Test":"FuzzToolPathsStayRelative/seed#1","Output":"--- PASS: FuzzToolPathsStayRelative/seed#1 (0.00s)\n"}
{"Time":"2026-09-11T14:27:08.32317057-07:00","Action":"pass","Package":"github.com/JDinSeattle/forge-runtime/internal/runner","Test":"FuzzToolPathsStayRelative/seed#1","Elapsed":0}
{"Time":"2026-09-11T14:27:08.323180771-07:00","Action":"run","Package":"github.com/JDinSeattle/forge-runtime/internal/runner","Test":"FuzzToolPathsStayRelative/seed#2"}
{"Time":"2026-09-11T14:27:08.323182928-07:00","Action":"output","Package":"github.com/JDinSeattle/forge-runtime/internal/runner","Test":"FuzzToolPathsStayRelative/seed#2","Output":"=== RUN   FuzzToolPathsStayRelative/seed#2\n"}
{"Time":"2026-09-11T14:27:08.323201877-07:00","Action":"output","Package":"github.com/JDinSeattle/forge-runtime/internal/runner","Test":"FuzzToolPathsStayRelative/seed#2","Output":"--- PASS: FuzzToolPathsStayRelative/seed#2 (0.00s)\n"}
{"Time":"2026-09-11T14:27:08.323212398-07:00","Action":"pass","Package":"github.com/JDinSeattle/forge-runtime/internal/runner","Test":"FuzzToolPathsStayRelative/seed#2","Elapsed":0}
{"Time":"2026-09-11T14:27:08.323220482-07:00","Action":"run","Package":"github.com/JDinSeattle/forge-runtime/internal/runner","Test":"FuzzToolPathsStayRelative/seed#3"}
{"Time":"2026-09-11T14:27:08.323222294-07:00","Action":"output","Package":"github.com/JDinSeattle/forge-runtime/internal/runner","Test":"FuzzToolPathsStayRelative/seed#3","Output":"=== RUN   FuzzToolPathsStayRelative/seed#3\n"}
{"Time":"2026-09-11T14:27:08.323236761-07:00","Action":"output","Package":"github.com/JDinSeattle/forge-runtime/internal/runner","Test":"FuzzToolPathsStayRelative/seed#3","Output":"--- PASS: FuzzToolPathsStayRelative/seed#3 (0.00s)\n"}
{"Time":"2026-09-11T14:27:08.323241272-07:00","Action":"pass","Package":"github.com/JDinSeattle/forge-runtime/internal/runner","Test":"FuzzToolPathsStayRelative/seed#3","Elapsed":0}
{"Time":"2026-09-11T14:27:08.323249771-07:00","Action":"run","Package":"github.com/JDinSeattle/forge-runtime/internal/runner","Test":"FuzzToolPathsStayRelative/seed#4"}
{"Time":"2026-09-11T14:27:08.323251421-07:00","Action":"output","Package":"github.com/JDinSeattle/forge-runtime/internal/runner","Test":"FuzzToolPathsStayRelative/seed#4","Output":"=== RUN   FuzzToolPathsStayRelative/seed#4\n"}
{"Time":"2026-09-11T14:27:08.323264003-07:00","Action":"output","Package":"github.com/JDinSeattle/forge-runtime/internal/runner","Test":"FuzzToolPathsStayRelative/seed#4","Output":"--- PASS: FuzzToolPathsStayRelative/seed#4 (0.00s)\n"}
{"Time":"2026-09-11T14:27:08.32326828-07:00","Action":"pass","Package":"github.com/JDinSeattle/forge-runtime/internal/runner","Test":"FuzzToolPathsStayRelative/seed#4","Elapsed":0}
{"Time":"2026-09-11T14:27:08.323279294-07:00","Action":"run","Package":"github.com/JDinSeattle/forge-runtime/internal/runner","Test":"FuzzToolPathsStayRelative/seed#5"}
{"Time":"2026-09-11T14:27:08.323281519-07:00","Action":"output","Package":"github.com/JDinSeattle/forge-runtime/internal/runner","Test":"FuzzToolPathsStayRelative/seed#5","Output":"=== RUN   FuzzToolPathsStayRelative/seed#5\n"}
{"Time":"2026-09-11T14:27:08.323296269-07:00","Action":"output","Package":"github.com/JDinSeattle/forge-runtime/internal/runner","Test":"FuzzToolPathsStayRelative/seed#5","Output":"--- PASS: FuzzToolPathsStayRelative/seed#5 (0.00s)\n"}
{"Time":"2026-09-11T14:27:08.323300091-07:00","Action":"pass","Package":"github.com/JDinSeattle/forge-runtime/internal/runner","Test":"FuzzToolPathsStayRelative/seed#5","Elapsed":0}
{"Time":"2026-09-11T14:27:08.323309886-07:00","Action":"run","Package":"github.com/JDinSeattle/forge-runtime/internal/runner","Test":"FuzzToolPathsStayRelative/seed#6"}
{"Time":"2026-09-11T14:27:08.323312016-07:00","Action":"output","Package":"github.com/JDinSeattle/forge-runtime/internal/runner","Test":"FuzzToolPathsStayRelative/seed#6","Output":"=== RUN   FuzzToolPathsStayRelative/seed#6\n"}
{"Time":"2026-09-11T14:27:08.323323273-07:00","Action":"output","Package":"github.com/JDinSeattle/forge-runtime/internal/runner","Test":"FuzzToolPathsStayRelative/seed#6","Output":"--- PASS: FuzzToolPathsStayRelative/seed#6 (0.00s)\n"}
{"Time":"2026-09-11T14:27:08.323327108-07:00","Action":"pass","Package":"github.com/JDinSeattle/forge-runtime/internal/runner","Test":"FuzzToolPathsStayRelative/seed#6","Elapsed":0}
{"Time":"2026-09-11T14:27:08.323338258-07:00","Action":"output","Package":"github.com/JDinSeattle/forge-runtime/internal/runner","Test":"FuzzToolPathsStayRelative","Output":"--- PASS: FuzzToolPathsStayRelative (0.00s)\n"}
{"Time":"2026-09-11T14:27:08.323342352-07:00","Action":"pass","Package":"github.com/JDinSeattle/forge-runtime/internal/runner","Test":"FuzzToolPathsStayRelative","Elapsed":0}
{"Time":"2026-09-11T14:27:08.323348617-07:00","Action":"output","Package":"github.com/JDinSeattle/forge-runtime/internal/runner","Output":"PASS\n"}
{"Time":"2026-09-11T14:27:08.418956442-07:00","Action":"run","Package":"github.com/JDinSeattle/forge-runtime/tests/review","Test":"TestReviewFailedVerifierDiagnosticsEnableNextRepair/native_true/cleanup_after_release_before_commit"}
{"Time":"2026-09-11T14:27:08.4190019-07:00","Action":"output","Package":"github.com/JDinSeattle/forge-runtime/tests/review","Test":"TestReviewFailedVerifierDiagnosticsEnableNextRepair/native_true/cleanup_after_release_before_commit","Output":"=== RUN   TestReviewFailedVerifierDiagnosticsEnableNextRepair/native_true/cleanup_after_release_before_commit\n"}
{"Time":"2026-09-11T14:27:08.472218517-07:00","Action":"output","Package":"github.com/JDinSeattle/forge-runtime/tests/review","Test":"TestReviewFailedVerifierDiagnosticsEnableNextRepair/native_true/cleanup_after_release_before_commit","Output":"--- PASS: TestReviewFailedVerifierDiagnosticsEnableNextRepair/native_true/cleanup_after_release_before_commit (0.05s)\n"}
{"Time":"2026-09-11T14:27:08.472247243-07:00","Action":"pass","Package":"github.com/JDinSeattle/forge-runtime/tests/review","Test":"TestReviewFailedVerifierDiagnosticsEnableNextRepair/native_true/cleanup_after_release_before_commit","Elapsed":0.05}
{"Time":"2026-09-11T14:27:08.511114536-07:00","Action":"output","Package":"github.com/JDinSeattle/forge-runtime/tests/review","Test":"TestReviewFailedVerifierDiagnosticsEnableNextRepair/native_true","Output":"--- PASS: TestReviewFailedVerifierDiagnosticsEnableNextRepair/native_true (1.38s)\n"}
{"Time":"2026-09-11T14:27:08.511139687-07:00","Action":"pass","Package":"github.com/JDinSeattle/forge-runtime/tests/review","Test":"TestReviewFailedVerifierDiagnosticsEnableNextRepair/native_true","Elapsed":1.38}
{"Time":"2026-09-11T14:27:08.511159759-07:00","Action":"output","Package":"github.com/JDinSeattle/forge-runtime/tests/review","Test":"TestReviewFailedVerifierDiagnosticsEnableNextRepair","Output":"--- PASS: TestReviewFailedVerifierDiagnosticsEnableNextRepair (2.89s)\n"}
{"Time":"2026-09-11T14:27:08.511170307-07:00","Action":"pass","Package":"github.com/JDinSeattle/forge-runtime/tests/review","Test":"TestReviewFailedVerifierDiagnosticsEnableNextRepair","Elapsed":2.89}
{"Time":"2026-09-11T14:27:08.51118458-07:00","Action":"run","Package":"github.com/JDinSeattle/forge-runtime/tests/review","Test":"TestReviewModelInputMustFitFrozenReservationBeforeDispatch"}
{"Time":"2026-09-11T14:27:08.511187023-07:00","Action":"output","Package":"github.com/JDinSeattle/forge-runtime/tests/review","Test":"TestReviewModelInputMustFitFrozenReservationBeforeDispatch","Output":"=== RUN   TestReviewModelInputMustFitFrozenReservationBeforeDispatch\n"}
{"Time":"2026-09-11T14:27:08.590773441-07:00","Action":"output","Package":"github.com/JDinSeattle/forge-runtime/internal/application","Test":"TestPrepareCapacityRequeuesAtomically","Output":"    capacity_integration_test.go:213: capacity_result run=run_UB6XUSGLMXRXMTIEKVGGVJLMYK terminal=completed epochs=1,2,3 rejections=2 model_calls=3 final_active=0 final_reserved_slots=0 events=43\n"}
{"Time":"2026-09-11T14:27:08.630071228-07:00","Action":"output","Package":"github.com/JDinSeattle/forge-runtime/internal/application","Test":"TestPrepareCapacityRequeuesAtomically","Output":"--- PASS: TestPrepareCapacityRequeuesAtomically (3.37s)\n"}
{"Time":"2026-09-11T14:27:08.630101311-07:00","Action":"pass","Package":"github.com/JDinSeattle/forge-runtime/internal/application","Test":"TestPrepareCapacityRequeuesAtomically","Elapsed":3.37}
{"Time":"2026-09-11T14:27:08.630107532-07:00","Action":"run","Package":"github.com/JDinSeattle/forge-runtime/internal/application","Test":"TestPrepareCapacityDoesNotDiscardDurableIntent"}
{"Time":"2026-09-11T14:27:08.630109977-07:00","Action":"output","Package":"github.com/JDinSeattle/forge-runtime/internal/application","Test":"TestPrepareCapacityDoesNotDiscardDurableIntent","Output":"=== RUN   TestPrepareCapacityDoesNotDiscardDurableIntent\n"}
{"Time":"2026-09-11T14:27:08.755861107-07:00","Action":"output","Package":"github.com/JDinSeattle/forge-runtime/internal/httpapi","Test":"TestSSESurvivesIndependentDatabaseDeadline","Output":"--- PASS: TestSSESurvivesIndependentDatabaseDeadline (3.50s)\n"}
{"Time":"2026-09-11T14:27:08.755885888-07:00","Action":"pass","Package":"github.com/JDinSeattle/forge-runtime/internal/httpapi","Test":"TestSSESurvivesIndependentDatabaseDeadline","Elapsed":3.5}
{"Time":"2026-09-11T14:27:08.755893063-07:00","Action":"output","Package":"github.com/JDinSeattle/forge-runtime/internal/httpapi","Output":"PASS\n"}
{"Time":"2026-09-11T14:27:08.809310016-07:00","Action":"output","Package":"github.com/JDinSeattle/forge-runtime/tests/review","Test":"TestReviewModelInputMustFitFrozenReservationBeforeDispatch","Output":"--- PASS: TestReviewModelInputMustFitFrozenReservationBeforeDispatch (0.30s)\n"}
{"Time":"2026-09-11T14:27:08.809343806-07:00","Action":"pass","Package":"github.com/JDinSeattle/forge-runtime/tests/review","Test":"TestReviewModelInputMustFitFrozenReservationBeforeDispatch","Elapsed":0.3}
{"Time":"2026-09-11T14:27:08.809356892-07:00","Action":"run","Package":"github.com/JDinSeattle/forge-runtime/tests/review","Test":"TestReviewApprovalRejectsMembershipChangedAfterAuthentication"}
{"Time":"2026-09-11T14:27:08.809360167-07:00","Action":"output","Package":"github.com/JDinSeattle/forge-runtime/tests/review","Test":"TestReviewApprovalRejectsMembershipChangedAfterAuthentication","Output":"=== RUN   TestReviewApprovalRejectsMembershipChangedAfterAuthentication\n"}
{"Time":"2026-09-11T14:27:08.809428842-07:00","Action":"run","Package":"github.com/JDinSeattle/forge-runtime/tests/review","Test":"TestReviewApprovalRejectsMembershipChangedAfterAuthentication/downgrade"}
{"Time":"2026-09-11T14:27:08.809452101-07:00","Action":"output","Package":"github.com/JDinSeattle/forge-runtime/tests/review","Test":"TestReviewApprovalRejectsMembershipChangedAfterAuthentication/downgrade","Output":"=== RUN   TestReviewApprovalRejectsMembershipChangedAfterAuthentication/downgrade\n"}
{"Time":"2026-09-11T14:27:08.920524526-07:00","Action":"output","Package":"github.com/JDinSeattle/forge-runtime/internal/application","Test":"TestPrepareCapacityDoesNotDiscardDurableIntent","Output":"--- PASS: TestPrepareCapacityDoesNotDiscardDurableIntent (0.29s)\n"}
{"Time":"2026-09-11T14:27:08.920549501-07:00","Action":"pass","Package":"github.com/JDinSeattle/forge-runtime/internal/application","Test":"TestPrepareCapacityDoesNotDiscardDurableIntent","Elapsed":0.29}
{"Time":"2026-09-11T14:27:08.920557089-07:00","Action":"run","Package":"github.com/JDinSeattle/forge-runtime/internal/application","Test":"TestPrepareNonCapacityErrorsPreserveHandling"}
{"Time":"2026-09-11T14:27:08.920558628-07:00","Action":"output","Package":"github.com/JDinSeattle/forge-runtime/internal/application","Test":"TestPrepareNonCapacityErrorsPreserveHandling","Output":"=== RUN   TestPrepareNonCapacityErrorsPreserveHandling\n"}
{"Time":"2026-09-11T14:27:08.92058299-07:00","Action":"run","Package":"github.com/JDinSeattle/forge-runtime/internal/application","Test":"TestPrepareNonCapacityErrorsPreserveHandling/invalid_argument"}
{"Time":"2026-09-11T14:27:08.920590286-07:00","Action":"output","Package":"github.com/JDinSeattle/forge-runtime/internal/application","Test":"TestPrepareNonCapacityErrorsPreserveHandling/invalid_argument","Output":"=== RUN   TestPrepareNonCapacityErrorsPreserveHandling/invalid_argument\n"}
{"Time":"2026-09-11T14:27:09.17794025-07:00","Action":"output","Package":"github.com/JDinSeattle/forge-runtime/tests/review","Test":"TestReviewApprovalRejectsMembershipChangedAfterAuthentication/downgrade","Output":"--- PASS: TestReviewApprovalRejectsMembershipChangedAfterAuthentication/downgrade (0.37s)\n"}
{"Time":"2026-09-11T14:27:09.177984825-07:00","Action":"pass","Package":"github.com/JDinSeattle/forge-runtime/tests/review","Test":"TestReviewApprovalRejectsMembershipChangedAfterAuthentication/downgrade","Elapsed":0.37}
{"Time":"2026-09-11T14:27:09.177990816-07:00","Action":"run","Package":"github.com/JDinSeattle/forge-runtime/tests/review","Test":"TestReviewApprovalRejectsMembershipChangedAfterAuthentication/remove"}
{"Time":"2026-09-11T14:27:09.177995984-07:00","Action":"output","Package":"github.com/JDinSeattle/forge-runtime/tests/review","Test":"TestReviewApprovalRejectsMembershipChangedAfterAuthentication/remove","Output":"=== RUN   TestReviewApprovalRejectsMembershipChangedAfterAuthentication/remove\n"}
{"Time":"2026-09-11T14:27:09.197583751-07:00","Action":"output","Package":"github.com/JDinSeattle/forge-runtime/internal/application","Test":"TestPrepareNonCapacityErrorsPreserveHandling/invalid_argument","Output":"time=2026-09-11T14:27:09.197-07:00 level=WARN msg=\"step failed\" run_id=run_3SGEBRXYU4UTI3XLIDID6BQ5GU stage=initialize error=invalid_argument\n"}
{"Time":"2026-09-11T14:27:09.258291113-07:00","Action":"output","Package":"github.com/JDinSeattle/forge-runtime/internal/application","Test":"TestPrepareNonCapacityErrorsPreserveHandling/invalid_argument","Output":"--- PASS: TestPrepareNonCapacityErrorsPreserveHandling/invalid_argument (0.34s)\n"}
{"Time":"2026-09-11T14:27:09.258358822-07:00","Action":"pass","Package":"github.com/JDinSeattle/forge-runtime/internal/application","Test":"TestPrepareNonCapacityErrorsPreserveHandling/invalid_argument","Elapsed":0.34}
{"Time":"2026-09-11T14:27:09.258370628-07:00","Action":"run","Package":"github.com/JDinSeattle/forge-runtime/internal/application","Test":"TestPrepareNonCapacityErrorsPreserveHandling/reconciliation_required"}
{"Time":"2026-09-11T14:27:09.258372344-07:00","Action":"output","Package":"github.com/JDinSeattle/forge-runtime/internal/application","Test":"TestPrepareNonCapacityErrorsPreserveHandling/reconciliation_required","Output":"=== RUN   TestPrepareNonCapacityErrorsPreserveHandling/reconciliation_required\n"}
{"Time":"2026-09-11T14:27:09.325954934-07:00","Action":"output","Package":"github.com/JDinSeattle/forge-runtime/internal/runner","Output":"ok  \tgithub.com/JDinSeattle/forge-runtime/internal/runner\t4.103s\n"}
{"Time":"2026-09-11T14:27:09.325984934-07:00","Action":"pass","Package":"github.com/JDinSeattle/forge-runtime/internal/runner","Elapsed":4.103}
{"Time":"2026-09-11T14:27:09.443905765-07:00","Action":"output","Package":"github.com/JDinSeattle/forge-runtime/internal/persistence","Test":"TestDatabaseDefaultDeadlineReleasesBlockedRead","Output":"    deadline_integration_test.go:56: pool acquired=0 after 2.728631ms cleanup observation\n"}
{"Time":"2026-09-11T14:27:09.482858864-07:00","Action":"output","Package":"github.com/JDinSeattle/forge-runtime/internal/persistence","Test":"TestDatabaseDefaultDeadlineReleasesBlockedRead","Output":"--- PASS: TestDatabaseDefaultDeadlineReleasesBlockedRead (3.26s)\n"}
{"Time":"2026-09-11T14:27:09.4828845-07:00","Action":"pass","Package":"github.com/JDinSeattle/forge-runtime/internal/persistence","Test":"TestDatabaseDefaultDeadlineReleasesBlockedRead","Elapsed":3.26}
{"Time":"2026-09-11T14:27:09.482889129-07:00","Action":"run","Package":"github.com/JDinSeattle/forge-runtime/internal/persistence","Test":"TestDatabaseDeadlineBoundsWorkerPoolAcquisition"}
{"Time":"2026-09-11T14:27:09.482898227-07:00","Action":"output","Package":"github.com/JDinSeattle/forge-runtime/internal/persistence","Test":"TestDatabaseDeadlineBoundsWorkerPoolAcquisition","Output":"=== RUN   TestDatabaseDeadlineBoundsWorkerPoolAcquisition\n"}
{"Time":"2026-09-11T14:27:09.508625821-07:00","Action":"output","Package":"github.com/JDinSeattle/forge-runtime/tests/review","Test":"TestReviewApprovalRejectsMembershipChangedAfterAuthentication/remove","Output":"--- PASS: TestReviewApprovalRejectsMembershipChangedAfterAuthentication/remove (0.33s)\n"}
{"Time":"2026-09-11T14:27:09.508659757-07:00","Action":"pass","Package":"github.com/JDinSeattle/forge-runtime/tests/review","Test":"TestReviewApprovalRejectsMembershipChangedAfterAuthentication/remove","Elapsed":0.33}
{"Time":"2026-09-11T14:27:09.508669261-07:00","Action":"output","Package":"github.com/JDinSeattle/forge-runtime/tests/review","Test":"TestReviewApprovalRejectsMembershipChangedAfterAuthentication","Output":"--- PASS: TestReviewApprovalRejectsMembershipChangedAfterAuthentication (0.70s)\n"}
{"Time":"2026-09-11T14:27:09.508678463-07:00","Action":"pass","Package":"github.com/JDinSeattle/forge-runtime/tests/review","Test":"TestReviewApprovalRejectsMembershipChangedAfterAuthentication","Elapsed":0.7}
{"Time":"2026-09-11T14:27:09.508701339-07:00","Action":"run","Package":"github.com/JDinSeattle/forge-runtime/tests/review","Test":"TestReviewApprovalMembershipLockHelperIsScopedAndReadOnly"}
{"Time":"2026-09-11T14:27:09.508711933-07:00","Action":"output","Package":"github.com/JDinSeattle/forge-runtime/tests/review","Test":"TestReviewApprovalMembershipLockHelperIsScopedAndReadOnly","Output":"=== RUN   TestReviewApprovalMembershipLockHelperIsScopedAndReadOnly\n"}
{"Time":"2026-09-11T14:27:09.553319817-07:00","Action":"output","Package":"github.com/JDinSeattle/forge-runtime/internal/application","Test":"TestPrepareNonCapacityErrorsPreserveHandling/reconciliation_required","Output":"--- PASS: TestPrepareNonCapacityErrorsPreserveHandling/reconciliation_required (0.29s)\n"}
{"Time":"2026-09-11T14:27:09.553352189-07:00","Action":"pass","Package":"github.com/JDinSeattle/forge-runtime/internal/application","Test":"TestPrepareNonCapacityErrorsPreserveHandling/reconciliation_required","Elapsed":0.29}
{"Time":"2026-09-11T14:27:09.553360623-07:00","Action":"output","Package":"github.com/JDinSeattle/forge-runtime/internal/application","Test":"TestPrepareNonCapacityErrorsPreserveHandling","Output":"--- PASS: TestPrepareNonCapacityErrorsPreserveHandling (0.63s)\n"}
{"Time":"2026-09-11T14:27:09.553364637-07:00","Action":"pass","Package":"github.com/JDinSeattle/forge-runtime/internal/application","Test":"TestPrepareNonCapacityErrorsPreserveHandling","Elapsed":0.63}
{"Time":"2026-09-11T14:27:09.553369738-07:00","Action":"run","Package":"github.com/JDinSeattle/forge-runtime/internal/application","Test":"TestPrepareCapacityAfterAdoptionCannotRequeue"}
{"Time":"2026-09-11T14:27:09.553372627-07:00","Action":"output","Package":"github.com/JDinSeattle/forge-runtime/internal/application","Test":"TestPrepareCapacityAfterAdoptionCannotRequeue","Output":"=== RUN   TestPrepareCapacityAfterAdoptionCannotRequeue\n"}
{"Time":"2026-09-11T14:27:09.761951122-07:00","Action":"output","Package":"github.com/JDinSeattle/forge-runtime/internal/httpapi","Output":"ok  \tgithub.com/JDinSeattle/forge-runtime/internal/httpapi\t4.540s\n"}
{"Time":"2026-09-11T14:27:09.761984479-07:00","Action":"pass","Package":"github.com/JDinSeattle/forge-runtime/internal/httpapi","Elapsed":4.54}
{"Time":"2026-09-11T14:27:09.808547008-07:00","Action":"output","Package":"github.com/JDinSeattle/forge-runtime/tests/review","Test":"TestReviewApprovalMembershipLockHelperIsScopedAndReadOnly","Output":"--- PASS: TestReviewApprovalMembershipLockHelperIsScopedAndReadOnly (0.30s)\n"}
{"Time":"2026-09-11T14:27:09.808583229-07:00","Action":"pass","Package":"github.com/JDinSeattle/forge-runtime/tests/review","Test":"TestReviewApprovalMembershipLockHelperIsScopedAndReadOnly","Elapsed":0.3}
{"Time":"2026-09-11T14:27:09.808596256-07:00","Action":"run","Package":"github.com/JDinSeattle/forge-runtime/tests/review","Test":"TestReviewApprovalMembershipRemainsLockedUntilDecisionCommit"}
{"Time":"2026-09-11T14:27:09.808600309-07:00","Action":"output","Package":"github.com/JDinSeattle/forge-runtime/tests/review","Test":"TestReviewApprovalMembershipRemainsLockedUntilDecisionCommit","Output":"=== RUN   TestReviewApprovalMembershipRemainsLockedUntilDecisionCommit\n"}
{"Time":"2026-09-11T14:27:09.862515528-07:00","Action":"output","Package":"github.com/JDinSeattle/forge-runtime/internal/application","Test":"TestPrepareCapacityAfterAdoptionCannotRequeue","Output":"--- PASS: TestPrepareCapacityAfterAdoptionCannotRequeue (0.31s)\n"}
{"Time":"2026-09-11T14:27:09.862554754-07:00","Action":"pass","Package":"github.com/JDinSeattle/forge-runtime/internal/application","Test":"TestPrepareCapacityAfterAdoptionCannotRequeue","Elapsed":0.31}
{"Time":"2026-09-11T14:27:09.862566605-07:00","Action":"run","Package":"github.com/JDinSeattle/forge-runtime/internal/application","Test":"TestExternalModelAndRunnerWaitsHoldNoSQLTransaction"}
{"Time":"2026-09-11T14:27:09.862570478-07:00","Action":"output","Package":"github.com/JDinSeattle/forge-runtime/internal/application","Test":"TestExternalModelAndRunnerWaitsHoldNoSQLTransaction","Output":"=== RUN   TestExternalModelAndRunnerWaitsHoldNoSQLTransaction\n"}
{"Time":"2026-09-11T14:27:09.862606328-07:00","Action":"run","Package":"github.com/JDinSeattle/forge-runtime/internal/application","Test":"TestExternalModelAndRunnerWaitsHoldNoSQLTransaction/model"}
{"Time":"2026-09-11T14:27:09.862611894-07:00","Action":"output","Package":"github.com/JDinSeattle/forge-runtime/internal/application","Test":"TestExternalModelAndRunnerWaitsHoldNoSQLTransaction/model","Output":"=== RUN   TestExternalModelAndRunnerWaitsHoldNoSQLTransaction/model\n"}
{"Time":"2026-09-11T14:27:10.227144602-07:00","Action":"output","Package":"github.com/JDinSeattle/forge-runtime/tests/review","Test":"TestReviewApprovalMembershipRemainsLockedUntilDecisionCommit","Output":"--- PASS: TestReviewApprovalMembershipRemainsLockedUntilDecisionCommit (0.42s)\n"}
{"Time":"2026-09-11T14:27:10.227181011-07:00","Action":"pass","Package":"github.com/JDinSeattle/forge-runtime/tests/review","Test":"TestReviewApprovalMembershipRemainsLockedUntilDecisionCommit","Elapsed":0.42}
{"Time":"2026-09-11T14:27:10.227189003-07:00","Action":"run","Package":"github.com/JDinSeattle/forge-runtime/tests/review","Test":"TestReviewApprovalDenialAndTerminalDuplicatesKeepTheirSemantics"}
{"Time":"2026-09-11T14:27:10.227192127-07:00","Action":"output","Package":"github.com/JDinSeattle/forge-runtime/tests/review","Test":"TestReviewApprovalDenialAndTerminalDuplicatesKeepTheirSemantics","Output":"=== RUN   TestReviewApprovalDenialAndTerminalDuplicatesKeepTheirSemantics\n"}
{"Time":"2026-09-11T14:27:10.630397653-07:00","Action":"output","Package":"github.com/JDinSeattle/forge-runtime/tests/review","Test":"TestReviewApprovalDenialAndTerminalDuplicatesKeepTheirSemantics","Output":"--- PASS: TestReviewApprovalDenialAndTerminalDuplicatesKeepTheirSemantics (0.40s)\n"}
{"Time":"2026-09-11T14:27:10.630434311-07:00","Action":"pass","Package":"github.com/JDinSeattle/forge-runtime/tests/review","Test":"TestReviewApprovalDenialAndTerminalDuplicatesKeepTheirSemantics","Elapsed":0.4}
{"Time":"2026-09-11T14:27:10.630442546-07:00","Action":"run","Package":"github.com/JDinSeattle/forge-runtime/tests/review","Test":"TestReviewCleanupRequiresTerminalSettledAgedStateAndIndependentLease"}
{"Time":"2026-09-11T14:27:10.630445882-07:00","Action":"output","Package":"github.com/JDinSeattle/forge-runtime/tests/review","Test":"TestReviewCleanupRequiresTerminalSettledAgedStateAndIndependentLease","Output":"=== RUN   TestReviewCleanupRequiresTerminalSettledAgedStateAndIndependentLease\n"}
{"Time":"2026-09-11T14:27:11.128484339-07:00","Action":"output","Package":"github.com/JDinSeattle/forge-runtime/tests/review","Test":"TestReviewCleanupRequiresTerminalSettledAgedStateAndIndependentLease","Output":"--- PASS: TestReviewCleanupRequiresTerminalSettledAgedStateAndIndependentLease (0.50s)\n"}
{"Time":"2026-09-11T14:27:11.128528199-07:00","Action":"pass","Package":"github.com/JDinSeattle/forge-runtime/tests/review","Test":"TestReviewCleanupRequiresTerminalSettledAgedStateAndIndependentLease","Elapsed":0.5}
{"Time":"2026-09-11T14:27:11.128535933-07:00","Action":"run","Package":"github.com/JDinSeattle/forge-runtime/tests/review","Test":"TestRecoveryIndependentCollectorDelivery"}
{"Time":"2026-09-11T14:27:11.128539424-07:00","Action":"output","Package":"github.com/JDinSeattle/forge-runtime/tests/review","Test":"TestRecoveryIndependentCollectorDelivery","Output":"=== RUN   TestRecoveryIndependentCollectorDelivery\n"}
{"Time":"2026-09-11T14:27:11.128583688-07:00","Action":"output","Package":"github.com/JDinSeattle/forge-runtime/tests/review","Test":"TestRecoveryIndependentCollectorDelivery","Output":"    collector_test.go:27: requires separately running collector and its file-exporter output\n"}
{"Time":"2026-09-11T14:27:11.128613665-07:00","Action":"output","Package":"github.com/JDinSeattle/forge-runtime/tests/review","Test":"TestRecoveryIndependentCollectorDelivery","Output":"--- SKIP: TestRecoveryIndependentCollectorDelivery (0.00s)\n"}
{"Time":"2026-09-11T14:27:11.128619894-07:00","Action":"skip","Package":"github.com/JDinSeattle/forge-runtime/tests/review","Test":"TestRecoveryIndependentCollectorDelivery","Elapsed":0}
{"Time":"2026-09-11T14:27:11.128626529-07:00","Action":"run","Package":"github.com/JDinSeattle/forge-runtime/tests/review","Test":"TestReviewSSESnapshotToRegistrationGapReplaysHistory"}
{"Time":"2026-09-11T14:27:11.128629624-07:00","Action":"output","Package":"github.com/JDinSeattle/forge-runtime/tests/review","Test":"TestReviewSSESnapshotToRegistrationGapReplaysHistory","Output":"=== RUN   TestReviewSSESnapshotToRegistrationGapReplaysHistory\n"}
{"Time":"2026-09-11T14:27:11.12988393-07:00","Action":"output","Package":"github.com/JDinSeattle/forge-runtime/tests/review","Test":"TestReviewSSESnapshotToRegistrationGapReplaysHistory","Output":"--- PASS: TestReviewSSESnapshotToRegistrationGapReplaysHistory (0.00s)\n"}
{"Time":"2026-09-11T14:27:11.129906269-07:00","Action":"pass","Package":"github.com/JDinSeattle/forge-runtime/tests/review","Test":"TestReviewSSESnapshotToRegistrationGapReplaysHistory","Elapsed":0}
{"Time":"2026-09-11T14:27:11.129912759-07:00","Action":"run","Package":"github.com/JDinSeattle/forge-runtime/tests/review","Test":"TestReviewSSEReconnectAfterGapStartsFreshHub"}
{"Time":"2026-09-11T14:27:11.1299162-07:00","Action":"output","Package":"github.com/JDinSeattle/forge-runtime/tests/review","Test":"TestReviewSSEReconnectAfterGapStartsFreshHub","Output":"=== RUN   TestReviewSSEReconnectAfterGapStartsFreshHub\n"}
{"Time":"2026-09-11T14:27:11.133041663-07:00","Action":"output","Package":"github.com/JDinSeattle/forge-runtime/tests/review","Test":"TestReviewSSEReconnectAfterGapStartsFreshHub","Output":"--- PASS: TestReviewSSEReconnectAfterGapStartsFreshHub (0.00s)\n"}
{"Time":"2026-09-11T14:27:11.133073399-07:00","Action":"pass","Package":"github.com/JDinSeattle/forge-runtime/tests/review","Test":"TestReviewSSEReconnectAfterGapStartsFreshHub","Elapsed":0}
{"Time":"2026-09-11T14:27:11.133076609-07:00","Action":"run","Package":"github.com/JDinSeattle/forge-runtime/tests/review","Test":"TestReviewHTTPExpiredCursorRequiresSnapshotReset"}
{"Time":"2026-09-11T14:27:11.133077966-07:00","Action":"output","Package":"github.com/JDinSeattle/forge-runtime/tests/review","Test":"TestReviewHTTPExpiredCursorRequiresSnapshotReset","Output":"=== RUN   TestReviewHTTPExpiredCursorRequiresSnapshotReset\n"}
{"Time":"2026-09-11T14:27:11.133083258-07:00","Action":"run","Package":"github.com/JDinSeattle/forge-runtime/tests/review","Test":"TestReviewHTTPExpiredCursorRequiresSnapshotReset/cutoff_during_subscribe_false"}
{"Time":"2026-09-11T14:27:11.133085559-07:00","Action":"output","Package":"github.com/JDinSeattle/forge-runtime/tests/review","Test":"TestReviewHTTPExpiredCursorRequiresSnapshotReset/cutoff_during_subscribe_false","Output":"=== RUN   TestReviewHTTPExpiredCursorRequiresSnapshotReset/cutoff_during_subscribe_false\n"}
{"Time":"2026-09-11T14:27:11.41407523-07:00","Action":"output","Package":"github.com/JDinSeattle/forge-runtime/tests/review","Test":"TestReviewHTTPExpiredCursorRequiresSnapshotReset/cutoff_during_subscribe_false","Output":"--- PASS: TestReviewHTTPExpiredCursorRequiresSnapshotReset/cutoff_during_subscribe_false (0.28s)\n"}
{"Time":"2026-09-11T14:27:11.414103719-07:00","Action":"pass","Package":"github.com/JDinSeattle/forge-runtime/tests/review","Test":"TestReviewHTTPExpiredCursorRequiresSnapshotReset/cutoff_during_subscribe_false","Elapsed":0.28}
{"Time":"2026-09-11T14:27:11.414109143-07:00","Action":"run","Package":"github.com/JDinSeattle/forge-runtime/tests/review","Test":"TestReviewHTTPExpiredCursorRequiresSnapshotReset/cutoff_during_subscribe_true"}
{"Time":"2026-09-11T14:27:11.414110954-07:00","Action":"output","Package":"github.com/JDinSeattle/forge-runtime/tests/review","Test":"TestReviewHTTPExpiredCursorRequiresSnapshotReset/cutoff_during_subscribe_true","Output":"=== RUN   TestReviewHTTPExpiredCursorRequiresSnapshotReset/cutoff_during_subscribe_true\n"}
{"Time":"2026-09-11T14:27:11.727794719-07:00","Action":"output","Package":"github.com/JDinSeattle/forge-runtime/tests/review","Test":"TestReviewHTTPExpiredCursorRequiresSnapshotReset/cutoff_during_subscribe_true","Output":"--- PASS: TestReviewHTTPExpiredCursorRequiresSnapshotReset/cutoff_during_subscribe_true (0.31s)\n"}
{"Time":"2026-09-11T14:27:11.727830783-07:00","Action":"pass","Package":"github.com/JDinSeattle/forge-runtime/tests/review","Test":"TestReviewHTTPExpiredCursorRequiresSnapshotReset/cutoff_during_subscribe_true","Elapsed":0.31}
{"Time":"2026-09-11T14:27:11.727877272-07:00","Action":"output","Package":"github.com/JDinSeattle/forge-runtime/tests/review","Test":"TestReviewHTTPExpiredCursorRequiresSnapshotReset","Output":"--- PASS: TestReviewHTTPExpiredCursorRequiresSnapshotReset (0.59s)\n"}
{"Time":"2026-09-11T14:27:11.727892706-07:00","Action":"pass","Package":"github.com/JDinSeattle/forge-runtime/tests/review","Test":"TestReviewHTTPExpiredCursorRequiresSnapshotReset","Elapsed":0.59}
{"Time":"2026-09-11T14:27:11.727902242-07:00","Action":"run","Package":"github.com/JDinSeattle/forge-runtime/tests/review","Test":"TestReviewHTTPUsesRealNonOwnerTenantScopeAndArtifactBytes"}
{"Time":"2026-09-11T14:27:11.727905595-07:00","Action":"output","Package":"github.com/JDinSeattle/forge-runtime/tests/review","Test":"TestReviewHTTPUsesRealNonOwnerTenantScopeAndArtifactBytes","Output":"=== RUN   TestReviewHTTPUsesRealNonOwnerTenantScopeAndArtifactBytes\n"}
{"Time":"2026-09-11T14:27:11.973480291-07:00","Action":"run","Package":"github.com/JDinSeattle/forge-runtime/tests/review","Test":"TestReviewHTTPUsesRealNonOwnerTenantScopeAndArtifactBytes/missing_bearer"}
{"Time":"2026-09-11T14:27:11.973514687-07:00","Action":"output","Package":"github.com/JDinSeattle/forge-runtime/tests/review","Test":"TestReviewHTTPUsesRealNonOwnerTenantScopeAndArtifactBytes/missing_bearer","Output":"=== RUN   TestReviewHTTPUsesRealNonOwnerTenantScopeAndArtifactBytes/missing_bearer\n"}
{"Time":"2026-09-11T14:27:11.973590421-07:00","Action":"output","Package":"github.com/JDinSeattle/forge-runtime/tests/review","Test":"TestReviewHTTPUsesRealNonOwnerTenantScopeAndArtifactBytes/missing_bearer","Output":"--- PASS: TestReviewHTTPUsesRealNonOwnerTenantScopeAndArtifactBytes/missing_bearer (0.00s)\n"}
{"Time":"2026-09-11T14:27:11.973597845-07:00","Action":"pass","Package":"github.com/JDinSeattle/forge-runtime/tests/review","Test":"TestReviewHTTPUsesRealNonOwnerTenantScopeAndArtifactBytes/missing_bearer","Elapsed":0}
{"Time":"2026-09-11T14:27:11.973610083-07:00","Action":"run","Package":"github.com/JDinSeattle/forge-runtime/tests/review","Test":"TestReviewHTTPUsesRealNonOwnerTenantScopeAndArtifactBytes/valid_own_run"}
{"Time":"2026-09-11T14:27:11.973614673-07:00","Action":"output","Package":"github.com/JDinSeattle/forge-runtime/tests/review","Test":"TestReviewHTTPUsesRealNonOwnerTenantScopeAndArtifactBytes/valid_own_run","Output":"=== RUN   TestReviewHTTPUsesRealNonOwnerTenantScopeAndArtifactBytes/valid_own_run\n"}
{"Time":"2026-09-11T14:27:11.978403241-07:00","Action":"output","Package":"github.com/JDinSeattle/forge-runtime/tests/review","Test":"TestReviewHTTPUsesRealNonOwnerTenantScopeAndArtifactBytes/valid_own_run","Output":"--- PASS: TestReviewHTTPUsesRealNonOwnerTenantScopeAndArtifactBytes/valid_own_run (0.00s)\n"}
{"Time":"2026-09-11T14:27:11.978434596-07:00","Action":"pass","Package":"github.com/JDinSeattle/forge-runtime/tests/review","Test":"TestReviewHTTPUsesRealNonOwnerTenantScopeAndArtifactBytes/valid_own_run","Elapsed":0}
{"Time":"2026-09-11T14:27:11.978441063-07:00","Action":"run","Package":"github.com/JDinSeattle/forge-runtime/tests/review","Test":"TestReviewHTTPUsesRealNonOwnerTenantScopeAndArtifactBytes/same_principal_wrong_tenant"}
{"Time":"2026-09-11T14:27:11.978444495-07:00","Action":"output","Package":"github.com/JDinSeattle/forge-runtime/tests/review","Test":"TestReviewHTTPUsesRealNonOwnerTenantScopeAndArtifactBytes/same_principal_wrong_tenant","Output":"=== RUN   TestReviewHTTPUsesRealNonOwnerTenantScopeAndArtifactBytes/same_principal_wrong_tenant\n"}
{"Time":"2026-09-11T14:27:11.979375051-07:00","Action":"output","Package":"github.com/JDinSeattle/forge-runtime/tests/review","Test":"TestReviewHTTPUsesRealNonOwnerTenantScopeAndArtifactBytes/same_principal_wrong_tenant","Output":"--- PASS: TestReviewHTTPUsesRealNonOwnerTenantScopeAndArtifactBytes/same_principal_wrong_tenant (0.00s)\n"}
{"Time":"2026-09-11T14:27:11.979387738-07:00","Action":"pass","Package":"github.com/JDinSeattle/forge-runtime/tests/review","Test":"TestReviewHTTPUsesRealNonOwnerTenantScopeAndArtifactBytes/same_principal_wrong_tenant","Elapsed":0}
{"Time":"2026-09-11T14:27:11.979408488-07:00","Action":"run","Package":"github.com/JDinSeattle/forge-runtime/tests/review","Test":"TestReviewHTTPUsesRealNonOwnerTenantScopeAndArtifactBytes/missing_membership"}
{"Time":"2026-09-11T14:27:11.979411552-07:00","Action":"output","Package":"github.com/JDinSeattle/forge-runtime/tests/review","Test":"TestReviewHTTPUsesRealNonOwnerTenantScopeAndArtifactBytes/missing_membership","Output":"=== RUN   TestReviewHTTPUsesRealNonOwnerTenantScopeAndArtifactBytes/missing_membership\n"}
{"Time":"2026-09-11T14:27:11.979743209-07:00","Action":"output","Package":"github.com/JDinSeattle/forge-runtime/tests/review","Test":"TestReviewHTTPUsesRealNonOwnerTenantScopeAndArtifactBytes/missing_membership","Output":"--- PASS: TestReviewHTTPUsesRealNonOwnerTenantScopeAndArtifactBytes/missing_membership (0.00s)\n"}
{"Time":"2026-09-11T14:27:11.979753792-07:00","Action":"pass","Package":"github.com/JDinSeattle/forge-runtime/tests/review","Test":"TestReviewHTTPUsesRealNonOwnerTenantScopeAndArtifactBytes/missing_membership","Elapsed":0}
{"Time":"2026-09-11T14:27:11.979774887-07:00","Action":"run","Package":"github.com/JDinSeattle/forge-runtime/tests/review","Test":"TestReviewHTTPUsesRealNonOwnerTenantScopeAndArtifactBytes/viewer_read"}
{"Time":"2026-09-11T14:27:11.979779585-07:00","Action":"output","Package":"github.com/JDinSeattle/forge-runtime/tests/review","Test":"TestReviewHTTPUsesRealNonOwnerTenantScopeAndArtifactBytes/viewer_read","Output":"=== RUN   TestReviewHTTPUsesRealNonOwnerTenantScopeAndArtifactBytes/viewer_read\n"}
{"Time":"2026-09-11T14:27:11.980951738-07:00","Action":"output","Package":"github.com/JDinSeattle/forge-runtime/tests/review","Test":"TestReviewHTTPUsesRealNonOwnerTenantScopeAndArtifactBytes/viewer_read","Output":"--- PASS: TestReviewHTTPUsesRealNonOwnerTenantScopeAndArtifactBytes/viewer_read (0.00s)\n"}
{"Time":"2026-09-11T14:27:11.980965202-07:00","Action":"pass","Package":"github.com/JDinSeattle/forge-runtime/tests/review","Test":"TestReviewHTTPUsesRealNonOwnerTenantScopeAndArtifactBytes/viewer_read","Elapsed":0}
{"Time":"2026-09-11T14:27:11.980974447-07:00","Action":"run","Package":"github.com/JDinSeattle/forge-runtime/tests/review","Test":"TestReviewHTTPUsesRealNonOwnerTenantScopeAndArtifactBytes/viewer_cancel"}
{"Time":"2026-09-11T14:27:11.980977455-07:00","Action":"output","Package":"github.com/JDinSeattle/forge-runtime/tests/review","Test":"TestReviewHTTPUsesRealNonOwnerTenantScopeAndArtifactBytes/viewer_cancel","Output":"=== RUN   TestReviewHTTPUsesRealNonOwnerTenantScopeAndArtifactBytes/viewer_cancel\n"}
{"Time":"2026-09-11T14:27:11.981449147-07:00","Action":"output","Package":"github.com/JDinSeattle/forge-runtime/tests/review","Test":"TestReviewHTTPUsesRealNonOwnerTenantScopeAndArtifactBytes/viewer_cancel","Output":"--- PASS: TestReviewHTTPUsesRealNonOwnerTenantScopeAndArtifactBytes/viewer_cancel (0.00s)\n"}
{"Time":"2026-09-11T14:27:11.981461806-07:00","Action":"pass","Package":"github.com/JDinSeattle/forge-runtime/tests/review","Test":"TestReviewHTTPUsesRealNonOwnerTenantScopeAndArtifactBytes/viewer_cancel","Elapsed":0}
{"Time":"2026-09-11T14:27:11.981477598-07:00","Action":"run","Package":"github.com/JDinSeattle/forge-runtime/tests/review","Test":"TestReviewHTTPUsesRealNonOwnerTenantScopeAndArtifactBytes/viewer_message"}
{"Time":"2026-09-11T14:27:11.981482811-07:00","Action":"output","Package":"github.com/JDinSeattle/forge-runtime/tests/review","Test":"TestReviewHTTPUsesRealNonOwnerTenantScopeAndArtifactBytes/viewer_message","Output":"=== RUN   TestReviewHTTPUsesRealNonOwnerTenantScopeAndArtifactBytes/viewer_message\n"}
{"Time":"2026-09-11T14:27:11.982008962-07:00","Action":"output","Package":"github.com/JDinSeattle/forge-runtime/tests/review","Test":"TestReviewHTTPUsesRealNonOwnerTenantScopeAndArtifactBytes/viewer_message","Output":"--- PASS: TestReviewHTTPUsesRealNonOwnerTenantScopeAndArtifactBytes/viewer_message (0.00s)\n"}
{"Time":"2026-09-11T14:27:11.982027987-07:00","Action":"pass","Package":"github.com/JDinSeattle/forge-runtime/tests/review","Test":"TestReviewHTTPUsesRealNonOwnerTenantScopeAndArtifactBytes/viewer_message","Elapsed":0}
{"Time":"2026-09-11T14:27:11.982032073-07:00","Action":"run","Package":"github.com/JDinSeattle/forge-runtime/tests/review","Test":"TestReviewHTTPUsesRealNonOwnerTenantScopeAndArtifactBytes/cross_tenant_artifact_list"}
{"Time":"2026-09-11T14:27:11.982033699-07:00","Action":"output","Package":"github.com/JDinSeattle/forge-runtime/tests/review","Test":"TestReviewHTTPUsesRealNonOwnerTenantScopeAndArtifactBytes/cross_tenant_artifact_list","Output":"=== RUN   TestReviewHTTPUsesRealNonOwnerTenantScopeAndArtifactBytes/cross_tenant_artifact_list\n"}
{"Time":"2026-09-11T14:27:11.982718316-07:00","Action":"output","Package":"github.com/JDinSeattle/forge-runtime/tests/review","Test":"TestReviewHTTPUsesRealNonOwnerTenantScopeAndArtifactBytes/cross_tenant_artifact_list","Output":"--- PASS: TestReviewHTTPUsesRealNonOwnerTenantScopeAndArtifactBytes/cross_tenant_artifact_list (0.00s)\n"}
{"Time":"2026-09-11T14:27:11.982726917-07:00","Action":"pass","Package":"github.com/JDinSeattle/forge-runtime/tests/review","Test":"TestReviewHTTPUsesRealNonOwnerTenantScopeAndArtifactBytes/cross_tenant_artifact_list","Elapsed":0}
{"Time":"2026-09-11T14:27:12.13521929-07:00","Action":"output","Package":"github.com/JDinSeattle/forge-runtime/tests/review","Test":"TestReviewHTTPUsesRealNonOwnerTenantScopeAndArtifactBytes","Output":"--- PASS: TestReviewHTTPUsesRealNonOwnerTenantScopeAndArtifactBytes (0.41s)\n"}
{"Time":"2026-09-11T14:27:12.135257351-07:00","Action":"pass","Package":"github.com/JDinSeattle/forge-runtime/tests/review","Test":"TestReviewHTTPUsesRealNonOwnerTenantScopeAndArtifactBytes","Elapsed":0.41}
{"Time":"2026-09-11T14:27:12.135265985-07:00","Action":"run","Package":"github.com/JDinSeattle/forge-runtime/tests/review","Test":"TestReviewReservedPriorityIsBoundedAndPreservesFIFO"}
{"Time":"2026-09-11T14:27:12.135269999-07:00","Action":"output","Package":"github.com/JDinSeattle/forge-runtime/tests/review","Test":"TestReviewReservedPriorityIsBoundedAndPreservesFIFO","Output":"=== RUN   TestReviewReservedPriorityIsBoundedAndPreservesFIFO\n"}
{"Time":"2026-09-11T14:27:12.461615859-07:00","Action":"output","Package":"github.com/JDinSeattle/forge-runtime/tests/review","Test":"TestReviewReservedPriorityIsBoundedAndPreservesFIFO","Output":"--- PASS: TestReviewReservedPriorityIsBoundedAndPreservesFIFO (0.33s)\n"}
{"Time":"2026-09-11T14:27:12.461660279-07:00","Action":"pass","Package":"github.com/JDinSeattle/forge-runtime/tests/review","Test":"TestReviewReservedPriorityIsBoundedAndPreservesFIFO","Elapsed":0.33}
{"Time":"2026-09-11T14:27:12.461669244-07:00","Action":"run","Package":"github.com/JDinSeattle/forge-runtime/tests/review","Test":"TestRecoverySourceProcess"}
{"Time":"2026-09-11T14:27:12.461672468-07:00","Action":"output","Package":"github.com/JDinSeattle/forge-runtime/tests/review","Test":"TestRecoverySourceProcess","Output":"=== RUN   TestRecoverySourceProcess\n"}
{"Time":"2026-09-11T14:27:12.461724623-07:00","Action":"output","Package":"github.com/JDinSeattle/forge-runtime/tests/review","Test":"TestRecoverySourceProcess","Output":"    recovery_test.go:235: operator-only paired recovery rehearsal: FORGE_RECOVERY_CONFIG is required\n"}
{"Time":"2026-09-11T14:27:12.461742208-07:00","Action":"output","Package":"github.com/JDinSeattle/forge-runtime/tests/review","Test":"TestRecoverySourceProcess","Output":"--- SKIP: TestRecoverySourceProcess (0.00s)\n"}
{"Time":"2026-09-11T14:27:12.461755132-07:00","Action":"skip","Package":"github.com/JDinSeattle/forge-runtime/tests/review","Test":"TestRecoverySourceProcess","Elapsed":0}
{"Time":"2026-09-11T14:27:12.461764477-07:00","Action":"run","Package":"github.com/JDinSeattle/forge-runtime/tests/review","Test":"TestRecoveryRestoredProcess"}
{"Time":"2026-09-11T14:27:12.46176774-07:00","Action":"output","Package":"github.com/JDinSeattle/forge-runtime/tests/review","Test":"TestRecoveryRestoredProcess","Output":"=== RUN   TestRecoveryRestoredProcess\n"}
{"Time":"2026-09-11T14:27:12.461802456-07:00","Action":"output","Package":"github.com/JDinSeattle/forge-runtime/tests/review","Test":"TestRecoveryRestoredProcess","Output":"    recovery_test.go:335: operator-only paired recovery rehearsal: FORGE_RECOVERY_CONFIG is required\n"}
{"Time":"2026-09-11T14:27:12.461818979-07:00","Action":"output","Package":"github.com/JDinSeattle/forge-runtime/tests/review","Test":"TestRecoveryRestoredProcess","Output":"--- SKIP: TestRecoveryRestoredProcess (0.00s)\n"}
{"Time":"2026-09-11T14:27:12.461827639-07:00","Action":"skip","Package":"github.com/JDinSeattle/forge-runtime/tests/review","Test":"TestRecoveryRestoredProcess","Elapsed":0}
{"Time":"2026-09-11T14:27:12.46184018-07:00","Action":"run","Package":"github.com/JDinSeattle/forge-runtime/tests/review","Test":"TestReviewHTTPResumePreservesIdentityAndCapacity"}
{"Time":"2026-09-11T14:27:12.461844729-07:00","Action":"output","Package":"github.com/JDinSeattle/forge-runtime/tests/review","Test":"TestReviewHTTPResumePreservesIdentityAndCapacity","Output":"=== RUN   TestReviewHTTPResumePreservesIdentityAndCapacity\n"}
{"Time":"2026-09-11T14:27:12.848129561-07:00","Action":"output","Package":"github.com/JDinSeattle/forge-runtime/internal/persistence","Test":"TestDatabaseDeadlineBoundsWorkerPoolAcquisition","Output":"--- PASS: TestDatabaseDeadlineBoundsWorkerPoolAcquisition (3.37s)\n"}
{"Time":"2026-09-11T14:27:12.848153914-07:00","Action":"pass","Package":"github.com/JDinSeattle/forge-runtime/internal/persistence","Test":"TestDatabaseDeadlineBoundsWorkerPoolAcquisition","Elapsed":3.37}
{"Time":"2026-09-11T14:27:12.848158723-07:00","Action":"run","Package":"github.com/JDinSeattle/forge-runtime/internal/persistence","Test":"TestTransactionDeadlineCannotResetAndRollbackUsesCleanupContext"}
{"Time":"2026-09-11T14:27:12.848160079-07:00","Action":"output","Package":"github.com/JDinSeattle/forge-runtime/internal/persistence","Test":"TestTransactionDeadlineCannotResetAndRollbackUsesCleanupContext","Output":"=== RUN   TestTransactionDeadlineCannotResetAndRollbackUsesCleanupContext\n"}
{"Time":"2026-09-11T14:27:12.922217777-07:00","Action":"output","Package":"github.com/JDinSeattle/forge-runtime/tests/review","Test":"TestReviewHTTPResumePreservesIdentityAndCapacity","Output":"--- PASS: TestReviewHTTPResumePreservesIdentityAndCapacity (0.46s)\n"}
{"Time":"2026-09-11T14:27:12.922239053-07:00","Action":"pass","Package":"github.com/JDinSeattle/forge-runtime/tests/review","Test":"TestReviewHTTPResumePreservesIdentityAndCapacity","Elapsed":0.46}
{"Time":"2026-09-11T14:27:12.92224588-07:00","Action":"run","Package":"github.com/JDinSeattle/forge-runtime/tests/review","Test":"TestReviewConcurrentFinalizeDoesNotReleaseSentinelCapacity"}
{"Time":"2026-09-11T14:27:12.922247547-07:00","Action":"output","Package":"github.com/JDinSeattle/forge-runtime/tests/review","Test":"TestReviewConcurrentFinalizeDoesNotReleaseSentinelCapacity","Output":"=== RUN   TestReviewConcurrentFinalizeDoesNotReleaseSentinelCapacity\n"}
{"Time":"2026-09-11T14:27:13.10814197-07:00","Action":"output","Package":"github.com/JDinSeattle/forge-runtime/internal/persistence","Test":"TestTransactionDeadlineCannotResetAndRollbackUsesCleanupContext","Output":"    deadline_integration_test.go:107: pool acquired=0 after 4.718424ms cleanup observation\n"}
{"Time":"2026-09-11T14:27:13.150520022-07:00","Action":"output","Package":"github.com/JDinSeattle/forge-runtime/internal/persistence","Test":"TestTransactionDeadlineCannotResetAndRollbackUsesCleanupContext","Output":"--- PASS: TestTransactionDeadlineCannotResetAndRollbackUsesCleanupContext (0.30s)\n"}
{"Time":"2026-09-11T14:27:13.150542153-07:00","Action":"pass","Package":"github.com/JDinSeattle/forge-runtime/internal/persistence","Test":"TestTransactionDeadlineCannotResetAndRollbackUsesCleanupContext","Elapsed":0.3}
{"Time":"2026-09-11T14:27:13.150550756-07:00","Action":"run","Package":"github.com/JDinSeattle/forge-runtime/internal/persistence","Test":"TestQuotaLockDeadlineLeavesLedgerUsable"}
{"Time":"2026-09-11T14:27:13.15055231-07:00","Action":"output","Package":"github.com/JDinSeattle/forge-runtime/internal/persistence","Test":"TestQuotaLockDeadlineLeavesLedgerUsable","Output":"=== RUN   TestQuotaLockDeadlineLeavesLedgerUsable\n"}
{"Time":"2026-09-11T14:27:13.426878105-07:00","Action":"output","Package":"github.com/JDinSeattle/forge-runtime/internal/persistence","Test":"TestQuotaLockDeadlineLeavesLedgerUsable","Output":"--- PASS: TestQuotaLockDeadlineLeavesLedgerUsable (0.28s)\n"}
{"Time":"2026-09-11T14:27:13.426909979-07:00","Action":"pass","Package":"github.com/JDinSeattle/forge-runtime/internal/persistence","Test":"TestQuotaLockDeadlineLeavesLedgerUsable","Elapsed":0.28}
{"Time":"2026-09-11T14:27:13.426919258-07:00","Action":"output","Package":"github.com/JDinSeattle/forge-runtime/internal/persistence","Output":"PASS\n"}
{"Time":"2026-09-11T14:27:13.43882545-07:00","Action":"output","Package":"github.com/JDinSeattle/forge-runtime/tests/review","Test":"TestReviewConcurrentFinalizeDoesNotReleaseSentinelCapacity","Output":"--- PASS: TestReviewConcurrentFinalizeDoesNotReleaseSentinelCapacity (0.52s)\n"}
{"Time":"2026-09-11T14:27:13.438842276-07:00","Action":"pass","Package":"github.com/JDinSeattle/forge-runtime/tests/review","Test":"TestReviewConcurrentFinalizeDoesNotReleaseSentinelCapacity","Elapsed":0.52}
{"Time":"2026-09-11T14:27:13.438845974-07:00","Action":"run","Package":"github.com/JDinSeattle/forge-runtime/tests/review","Test":"TestReviewCLIResumeSucceedsThroughRealHTTP"}
{"Time":"2026-09-11T14:27:13.438847432-07:00","Action":"output","Package":"github.com/JDinSeattle/forge-runtime/tests/review","Test":"TestReviewCLIResumeSucceedsThroughRealHTTP","Output":"=== RUN   TestReviewCLIResumeSucceedsThroughRealHTTP\n"}
{"Time":"2026-09-11T14:27:13.794084193-07:00","Action":"output","Package":"github.com/JDinSeattle/forge-runtime/tests/review","Test":"TestReviewCLIResumeSucceedsThroughRealHTTP","Output":"    resume_capacity_test.go:409: actual CLI pid=1446420 exit=0 accepted run=run_543X5KXHRMAJCUAOCMS3GSPMSH reviewed_version=7\n"}
{"Time":"2026-09-11T14:27:13.835195713-07:00","Action":"output","Package":"github.com/JDinSeattle/forge-runtime/tests/review","Test":"TestReviewCLIResumeSucceedsThroughRealHTTP","Output":"--- PASS: TestReviewCLIResumeSucceedsThroughRealHTTP (0.40s)\n"}
{"Time":"2026-09-11T14:27:13.835229157-07:00","Action":"pass","Package":"github.com/JDinSeattle/forge-runtime/tests/review","Test":"TestReviewCLIResumeSucceedsThroughRealHTTP","Elapsed":0.4}
{"Time":"2026-09-11T14:27:13.835243806-07:00","Action":"run","Package":"github.com/JDinSeattle/forge-runtime/tests/review","Test":"TestReviewTrimEventsPreservesActiveStatesAndReplayEvidence"}
{"Time":"2026-09-11T14:27:13.835248027-07:00","Action":"output","Package":"github.com/JDinSeattle/forge-runtime/tests/review","Test":"TestReviewTrimEventsPreservesActiveStatesAndReplayEvidence","Output":"=== RUN   TestReviewTrimEventsPreservesActiveStatesAndReplayEvidence\n"}
{"Time":"2026-09-11T14:27:14.434679514-07:00","Action":"output","Package":"github.com/JDinSeattle/forge-runtime/internal/persistence","Output":"ok  \tgithub.com/JDinSeattle/forge-runtime/internal/persistence\t9.212s\n"}
{"Time":"2026-09-11T14:27:14.434705807-07:00","Action":"pass","Package":"github.com/JDinSeattle/forge-runtime/internal/persistence","Elapsed":9.213}
{"Time":"2026-09-11T14:27:14.590937063-07:00","Action":"output","Package":"github.com/JDinSeattle/forge-runtime/tests/review","Test":"TestReviewTrimEventsPreservesActiveStatesAndReplayEvidence","Output":"--- PASS: TestReviewTrimEventsPreservesActiveStatesAndReplayEvidence (0.76s)\n"}
{"Time":"2026-09-11T14:27:14.590964768-07:00","Action":"pass","Package":"github.com/JDinSeattle/forge-runtime/tests/review","Test":"TestReviewTrimEventsPreservesActiveStatesAndReplayEvidence","Elapsed":0.76}
{"Time":"2026-09-11T14:27:14.590969089-07:00","Action":"run","Package":"github.com/JDinSeattle/forge-runtime/tests/review","Test":"TestReviewWholeTaskRetryCreatesOneChildWithoutReopeningParent"}
{"Time":"2026-09-11T14:27:14.590970511-07:00","Action":"output","Package":"github.com/JDinSeattle/forge-runtime/tests/review","Test":"TestReviewWholeTaskRetryCreatesOneChildWithoutReopeningParent","Output":"=== RUN   TestReviewWholeTaskRetryCreatesOneChildWithoutReopeningParent\n"}
{"Time":"2026-09-11T14:27:14.973540074-07:00","Action":"run","Package":"github.com/JDinSeattle/forge-runtime/tests/review","Test":"TestReviewWholeTaskRetryCreatesOneChildWithoutReopeningParent/changed_task"}
{"Time":"2026-09-11T14:27:14.97357552-07:00","Action":"output","Package":"github.com/JDinSeattle/forge-runtime/tests/review","Test":"TestReviewWholeTaskRetryCreatesOneChildWithoutReopeningParent/changed_task","Output":"=== RUN   TestReviewWholeTaskRetryCreatesOneChildWithoutReopeningParent/changed_task\n"}
{"Time":"2026-09-11T14:27:14.976187638-07:00","Action":"output","Package":"github.com/JDinSeattle/forge-runtime/tests/review","Test":"TestReviewWholeTaskRetryCreatesOneChildWithoutReopeningParent/changed_task","Output":"--- PASS: TestReviewWholeTaskRetryCreatesOneChildWithoutReopeningParent/changed_task (0.00s)\n"}
{"Time":"2026-09-11T14:27:14.976215797-07:00","Action":"pass","Package":"github.com/JDinSeattle/forge-runtime/tests/review","Test":"TestReviewWholeTaskRetryCreatesOneChildWithoutReopeningParent/changed_task","Elapsed":0}
{"Time":"2026-09-11T14:27:14.97622682-07:00","Action":"run","Package":"github.com/JDinSeattle/forge-runtime/tests/review","Test":"TestReviewWholeTaskRetryCreatesOneChildWithoutReopeningParent/missing_parent"}
{"Time":"2026-09-11T14:27:14.97623386-07:00","Action":"output","Package":"github.com/JDinSeattle/forge-runtime/tests/review","Test":"TestReviewWholeTaskRetryCreatesOneChildWithoutReopeningParent/missing_parent","Output":"=== RUN   TestReviewWholeTaskRetryCreatesOneChildWithoutReopeningParent/missing_parent\n"}
{"Time":"2026-09-11T14:27:14.980387284-07:00","Action":"output","Package":"github.com/JDinSeattle/forge-runtime/tests/review","Test":"TestReviewWholeTaskRetryCreatesOneChildWithoutReopeningParent/missing_parent","Output":"--- PASS: TestReviewWholeTaskRetryCreatesOneChildWithoutReopeningParent/missing_parent (0.00s)\n"}
{"Time":"2026-09-11T14:27:14.980439098-07:00","Action":"pass","Package":"github.com/JDinSeattle/forge-runtime/tests/review","Test":"TestReviewWholeTaskRetryCreatesOneChildWithoutReopeningParent/missing_parent","Elapsed":0}
{"Time":"2026-09-11T14:27:14.980450954-07:00","Action":"run","Package":"github.com/JDinSeattle/forge-runtime/tests/review","Test":"TestReviewWholeTaskRetryCreatesOneChildWithoutReopeningParent/foreign_parent"}
{"Time":"2026-09-11T14:27:14.98047528-07:00","Action":"output","Package":"github.com/JDinSeattle/forge-runtime/tests/review","Test":"TestReviewWholeTaskRetryCreatesOneChildWithoutReopeningParent/foreign_parent","Output":"=== RUN   TestReviewWholeTaskRetryCreatesOneChildWithoutReopeningParent/foreign_parent\n"}
{"Time":"2026-09-11T14:27:14.985477166-07:00","Action":"output","Package":"github.com/JDinSeattle/forge-runtime/tests/review","Test":"TestReviewWholeTaskRetryCreatesOneChildWithoutReopeningParent/foreign_parent","Output":"--- PASS: TestReviewWholeTaskRetryCreatesOneChildWithoutReopeningParent/foreign_parent (0.00s)\n"}
{"Time":"2026-09-11T14:27:14.985520808-07:00","Action":"pass","Package":"github.com/JDinSeattle/forge-runtime/tests/review","Test":"TestReviewWholeTaskRetryCreatesOneChildWithoutReopeningParent/foreign_parent","Elapsed":0}
{"Time":"2026-09-11T14:27:14.985536115-07:00","Action":"run","Package":"github.com/JDinSeattle/forge-runtime/tests/review","Test":"TestReviewWholeTaskRetryCreatesOneChildWithoutReopeningParent/unregistered_base"}
{"Time":"2026-09-11T14:27:14.98554488-07:00","Action":"output","Package":"github.com/JDinSeattle/forge-runtime/tests/review","Test":"TestReviewWholeTaskRetryCreatesOneChildWithoutReopeningParent/unregistered_base","Output":"=== RUN   TestReviewWholeTaskRetryCreatesOneChildWithoutReopeningParent/unregistered_base\n"}
{"Time":"2026-09-11T14:27:14.988366974-07:00","Action":"output","Package":"github.com/JDinSeattle/forge-runtime/tests/review","Test":"TestReviewWholeTaskRetryCreatesOneChildWithoutReopeningParent/unregistered_base","Output":"--- PASS: TestReviewWholeTaskRetryCreatesOneChildWithoutReopeningParent/unregistered_base (0.00s)\n"}
{"Time":"2026-09-11T14:27:14.988417984-07:00","Action":"pass","Package":"github.com/JDinSeattle/forge-runtime/tests/review","Test":"TestReviewWholeTaskRetryCreatesOneChildWithoutReopeningParent/unregistered_base","Elapsed":0}
{"Time":"2026-09-11T14:27:15.042532784-07:00","Action":"output","Package":"github.com/JDinSeattle/forge-runtime/tests/review","Test":"TestReviewWholeTaskRetryCreatesOneChildWithoutReopeningParent","Output":"--- PASS: TestReviewWholeTaskRetryCreatesOneChildWithoutReopeningParent (0.45s)\n"}
{"Time":"2026-09-11T14:27:15.04256404-07:00","Action":"pass","Package":"github.com/JDinSeattle/forge-runtime/tests/review","Test":"TestReviewWholeTaskRetryCreatesOneChildWithoutReopeningParent","Elapsed":0.45}
{"Time":"2026-09-11T14:27:15.04257273-07:00","Action":"run","Package":"github.com/JDinSeattle/forge-runtime/tests/review","Test":"TestReviewStoppedWorkspaceRejectsDelayedSameEpochAdoption"}
{"Time":"2026-09-11T14:27:15.042575956-07:00","Action":"output","Package":"github.com/JDinSeattle/forge-runtime/tests/review","Test":"TestReviewStoppedWorkspaceRejectsDelayedSameEpochAdoption","Output":"=== RUN   TestReviewStoppedWorkspaceRejectsDelayedSameEpochAdoption\n"}
{"Time":"2026-09-11T14:27:15.09247718-07:00","Action":"output","Package":"github.com/JDinSeattle/forge-runtime/tests/review","Test":"TestReviewStoppedWorkspaceRejectsDelayedSameEpochAdoption","Output":"--- PASS: TestReviewStoppedWorkspaceRejectsDelayedSameEpochAdoption (0.05s)\n"}
{"Time":"2026-09-11T14:27:15.092527557-07:00","Action":"pass","Package":"github.com/JDinSeattle/forge-runtime/tests/review","Test":"TestReviewStoppedWorkspaceRejectsDelayedSameEpochAdoption","Elapsed":0.05}
{"Time":"2026-09-11T14:27:15.092532217-07:00","Action":"run","Package":"github.com/JDinSeattle/forge-runtime/tests/review","Test":"TestReviewReleaseRechecksGrantAfterWaitingForWriter"}
{"Time":"2026-09-11T14:27:15.092534006-07:00","Action":"output","Package":"github.com/JDinSeattle/forge-runtime/tests/review","Test":"TestReviewReleaseRechecksGrantAfterWaitingForWriter","Output":"=== RUN   TestReviewReleaseRechecksGrantAfterWaitingForWriter\n"}
{"Time":"2026-09-11T14:27:15.192237812-07:00","Action":"output","Package":"github.com/JDinSeattle/forge-runtime/tests/review","Test":"TestReviewReleaseRechecksGrantAfterWaitingForWriter","Output":"--- PASS: TestReviewReleaseRechecksGrantAfterWaitingForWriter (0.10s)\n"}
{"Time":"2026-09-11T14:27:15.192276137-07:00","Action":"pass","Package":"github.com/JDinSeattle/forge-runtime/tests/review","Test":"TestReviewReleaseRechecksGrantAfterWaitingForWriter","Elapsed":0.1}
{"Time":"2026-09-11T14:27:15.192283757-07:00","Action":"run","Package":"github.com/JDinSeattle/forge-runtime/tests/review","Test":"TestReviewCancelPreservesAlreadyCompletedJobOutcome"}
{"Time":"2026-09-11T14:27:15.192287147-07:00","Action":"output","Package":"github.com/JDinSeattle/forge-runtime/tests/review","Test":"TestReviewCancelPreservesAlreadyCompletedJobOutcome","Output":"=== RUN   TestReviewCancelPreservesAlreadyCompletedJobOutcome\n"}
{"Time":"2026-09-11T14:27:15.244619111-07:00","Action":"output","Package":"github.com/JDinSeattle/forge-runtime/tests/review","Test":"TestReviewCancelPreservesAlreadyCompletedJobOutcome","Output":"--- PASS: TestReviewCancelPreservesAlreadyCompletedJobOutcome (0.05s)\n"}
{"Time":"2026-09-11T14:27:15.244646954-07:00","Action":"pass","Package":"github.com/JDinSeattle/forge-runtime/tests/review","Test":"TestReviewCancelPreservesAlreadyCompletedJobOutcome","Elapsed":0.05}
{"Time":"2026-09-11T14:27:15.244652069-07:00","Action":"run","Package":"github.com/JDinSeattle/forge-runtime/tests/review","Test":"TestReviewDockerRejectsMissingOrUnverifiedWorkspaceQuota"}
{"Time":"2026-09-11T14:27:15.244653673-07:00","Action":"output","Package":"github.com/JDinSeattle/forge-runtime/tests/review","Test":"TestReviewDockerRejectsMissingOrUnverifiedWorkspaceQuota","Output":"=== RUN   TestReviewDockerRejectsMissingOrUnverifiedWorkspaceQuota\n"}
{"Time":"2026-09-11T14:27:15.244697344-07:00","Action":"run","Package":"github.com/JDinSeattle/forge-runtime/tests/review","Test":"TestReviewDockerRejectsMissingOrUnverifiedWorkspaceQuota/rejected"}
{"Time":"2026-09-11T14:27:15.244700024-07:00","Action":"output","Package":"github.com/JDinSeattle/forge-runtime/tests/review","Test":"TestReviewDockerRejectsMissingOrUnverifiedWorkspaceQuota/rejected","Output":"=== RUN   TestReviewDockerRejectsMissingOrUnverifiedWorkspaceQuota/rejected\n"}
{"Time":"2026-09-11T14:27:15.245689412-07:00","Action":"output","Package":"github.com/JDinSeattle/forge-runtime/tests/review","Test":"TestReviewDockerRejectsMissingOrUnverifiedWorkspaceQuota/rejected","Output":"--- PASS: TestReviewDockerRejectsMissingOrUnverifiedWorkspaceQuota/rejected (0.00s)\n"}
{"Time":"2026-09-11T14:27:15.245699716-07:00","Action":"pass","Package":"github.com/JDinSeattle/forge-runtime/tests/review","Test":"TestReviewDockerRejectsMissingOrUnverifiedWorkspaceQuota/rejected","Elapsed":0}
{"Time":"2026-09-11T14:27:15.245709014-07:00","Action":"run","Package":"github.com/JDinSeattle/forge-runtime/tests/review","Test":"TestReviewDockerRejectsMissingOrUnverifiedWorkspaceQuota/missing"}
{"Time":"2026-09-11T14:27:15.245710926-07:00","Action":"output","Package":"github.com/JDinSeattle/forge-runtime/tests/review","Test":"TestReviewDockerRejectsMissingOrUnverifiedWorkspaceQuota/missing","Output":"=== RUN   TestReviewDockerRejectsMissingOrUnverifiedWorkspaceQuota/missing\n"}
{"Time":"2026-09-11T14:27:15.246317417-07:00","Action":"output","Package":"github.com/JDinSeattle/forge-runtime/tests/review","Test":"TestReviewDockerRejectsMissingOrUnverifiedWorkspaceQuota/missing","Output":"--- PASS: TestReviewDockerRejectsMissingOrUnverifiedWorkspaceQuota/missing (0.00s)\n"}
{"Time":"2026-09-11T14:27:15.246324835-07:00","Action":"pass","Package":"github.com/JDinSeattle/forge-runtime/tests/review","Test":"TestReviewDockerRejectsMissingOrUnverifiedWorkspaceQuota/missing","Elapsed":0}
{"Time":"2026-09-11T14:27:15.246391864-07:00","Action":"output","Package":"github.com/JDinSeattle/forge-runtime/tests/review","Test":"TestReviewDockerRejectsMissingOrUnverifiedWorkspaceQuota","Output":"--- PASS: TestReviewDockerRejectsMissingOrUnverifiedWorkspaceQuota (0.00s)\n"}
{"Time":"2026-09-11T14:27:15.246402377-07:00","Action":"pass","Package":"github.com/JDinSeattle/forge-runtime/tests/review","Test":"TestReviewDockerRejectsMissingOrUnverifiedWorkspaceQuota","Elapsed":0}
{"Time":"2026-09-11T14:27:15.246410557-07:00","Action":"run","Package":"github.com/JDinSeattle/forge-runtime/tests/review","Test":"TestReviewEffectsAndApprovalsBindDurableParents"}
{"Time":"2026-09-11T14:27:15.24641208-07:00","Action":"output","Package":"github.com/JDinSeattle/forge-runtime/tests/review","Test":"TestReviewEffectsAndApprovalsBindDurableParents","Output":"=== RUN   TestReviewEffectsAndApprovalsBindDurableParents\n"}
{"Time":"2026-09-11T14:27:15.339355191-07:00","Action":"output","Package":"github.com/JDinSeattle/forge-runtime/internal/application","Test":"TestExternalModelAndRunnerWaitsHoldNoSQLTransaction/model","Output":"--- PASS: TestExternalModelAndRunnerWaitsHoldNoSQLTransaction/model (5.48s)\n"}
{"Time":"2026-09-11T14:27:15.339396044-07:00","Action":"pass","Package":"github.com/JDinSeattle/forge-runtime/internal/application","Test":"TestExternalModelAndRunnerWaitsHoldNoSQLTransaction/model","Elapsed":5.48}
{"Time":"2026-09-11T14:27:15.339405075-07:00","Action":"run","Package":"github.com/JDinSeattle/forge-runtime/internal/application","Test":"TestExternalModelAndRunnerWaitsHoldNoSQLTransaction/runner"}
{"Time":"2026-09-11T14:27:15.339409213-07:00","Action":"output","Package":"github.com/JDinSeattle/forge-runtime/internal/application","Test":"TestExternalModelAndRunnerWaitsHoldNoSQLTransaction/runner","Output":"=== RUN   TestExternalModelAndRunnerWaitsHoldNoSQLTransaction/runner\n"}
{"Time":"2026-09-11T14:27:15.447076833-07:00","Action":"run","Package":"github.com/JDinSeattle/forge-runtime/tests/review","Test":"TestReviewEffectsAndApprovalsBindDurableParents/effect_requires_its_step"}
{"Time":"2026-09-11T14:27:15.447112036-07:00","Action":"output","Package":"github.com/JDinSeattle/forge-runtime/tests/review","Test":"TestReviewEffectsAndApprovalsBindDurableParents/effect_requires_its_step","Output":"=== RUN   TestReviewEffectsAndApprovalsBindDurableParents/effect_requires_its_step\n"}
{"Time":"2026-09-11T14:27:15.447874353-07:00","Action":"output","Package":"github.com/JDinSeattle/forge-runtime/tests/review","Test":"TestReviewEffectsAndApprovalsBindDurableParents/effect_requires_its_step","Output":"--- PASS: TestReviewEffectsAndApprovalsBindDurableParents/effect_requires_its_step (0.00s)\n"}
{"Time":"2026-09-11T14:27:15.447898982-07:00","Action":"pass","Package":"github.com/JDinSeattle/forge-runtime/tests/review","Test":"TestReviewEffectsAndApprovalsBindDurableParents/effect_requires_its_step","Elapsed":0}
{"Time":"2026-09-11T14:27:15.447905503-07:00","Action":"run","Package":"github.com/JDinSeattle/forge-runtime/tests/review","Test":"TestReviewEffectsAndApprovalsBindDurableParents/approval_binds_effect_and_run_together"}
{"Time":"2026-09-11T14:27:15.447910709-07:00","Action":"output","Package":"github.com/JDinSeattle/forge-runtime/tests/review","Test":"TestReviewEffectsAndApprovalsBindDurableParents/approval_binds_effect_and_run_together","Output":"=== RUN   TestReviewEffectsAndApprovalsBindDurableParents/approval_binds_effect_and_run_together\n"}
{"Time":"2026-09-11T14:27:15.449359454-07:00","Action":"output","Package":"github.com/JDinSeattle/forge-runtime/tests/review","Test":"TestReviewEffectsAndApprovalsBindDurableParents/approval_binds_effect_and_run_together","Output":"--- PASS: TestReviewEffectsAndApprovalsBindDurableParents/approval_binds_effect_and_run_together (0.00s)\n"}
{"Time":"2026-09-11T14:27:15.44937968-07:00","Action":"pass","Package":"github.com/JDinSeattle/forge-runtime/tests/review","Test":"TestReviewEffectsAndApprovalsBindDurableParents/approval_binds_effect_and_run_together","Elapsed":0}
{"Time":"2026-09-11T14:27:15.449386262-07:00","Action":"run","Package":"github.com/JDinSeattle/forge-runtime/tests/review","Test":"TestReviewEffectsAndApprovalsBindDurableParents/run_cannot_reference_another_tenant_project"}
{"Time":"2026-09-11T14:27:15.449394267-07:00","Action":"output","Package":"github.com/JDinSeattle/forge-runtime/tests/review","Test":"TestReviewEffectsAndApprovalsBindDurableParents/run_cannot_reference_another_tenant_project","Output":"=== RUN   TestReviewEffectsAndApprovalsBindDurableParents/run_cannot_reference_another_tenant_project\n"}
{"Time":"2026-09-11T14:27:15.450189222-07:00","Action":"output","Package":"github.com/JDinSeattle/forge-runtime/tests/review","Test":"TestReviewEffectsAndApprovalsBindDurableParents/run_cannot_reference_another_tenant_project","Output":"--- PASS: TestReviewEffectsAndApprovalsBindDurableParents/run_cannot_reference_another_tenant_project (0.00s)\n"}
{"Time":"2026-09-11T14:27:15.450202982-07:00","Action":"pass","Package":"github.com/JDinSeattle/forge-runtime/tests/review","Test":"TestReviewEffectsAndApprovalsBindDurableParents/run_cannot_reference_another_tenant_project","Elapsed":0}
{"Time":"2026-09-11T14:27:15.487477124-07:00","Action":"output","Package":"github.com/JDinSeattle/forge-runtime/tests/review","Test":"TestReviewEffectsAndApprovalsBindDurableParents","Output":"--- PASS: TestReviewEffectsAndApprovalsBindDurableParents (0.24s)\n"}
{"Time":"2026-09-11T14:27:15.487502872-07:00","Action":"pass","Package":"github.com/JDinSeattle/forge-runtime/tests/review","Test":"TestReviewEffectsAndApprovalsBindDurableParents","Elapsed":0.24}
{"Time":"2026-09-11T14:27:15.487507687-07:00","Action":"run","Package":"github.com/JDinSeattle/forge-runtime/tests/review","Test":"TestReviewRLSUsesActualNonOwnerRoleAndLocalContext"}
{"Time":"2026-09-11T14:27:15.487509254-07:00","Action":"output","Package":"github.com/JDinSeattle/forge-runtime/tests/review","Test":"TestReviewRLSUsesActualNonOwnerRoleAndLocalContext","Output":"=== RUN   TestReviewRLSUsesActualNonOwnerRoleAndLocalContext\n"}
{"Time":"2026-09-11T14:27:15.705977014-07:00","Action":"output","Package":"github.com/JDinSeattle/forge-runtime/tests/review","Test":"TestReviewRLSUsesActualNonOwnerRoleAndLocalContext","Output":"--- PASS: TestReviewRLSUsesActualNonOwnerRoleAndLocalContext (0.22s)\n"}
{"Time":"2026-09-11T14:27:15.706020778-07:00","Action":"pass","Package":"github.com/JDinSeattle/forge-runtime/tests/review","Test":"TestReviewRLSUsesActualNonOwnerRoleAndLocalContext","Elapsed":0.22}
{"Time":"2026-09-11T14:27:15.706025746-07:00","Action":"run","Package":"github.com/JDinSeattle/forge-runtime/tests/review","Test":"TestReviewHeartbeatRemainsAuthoritativeAcrossTransitions"}
{"Time":"2026-09-11T14:27:15.706027341-07:00","Action":"output","Package":"github.com/JDinSeattle/forge-runtime/tests/review","Test":"TestReviewHeartbeatRemainsAuthoritativeAcrossTransitions","Output":"=== RUN   TestReviewHeartbeatRemainsAuthoritativeAcrossTransitions\n"}
{"Time":"2026-09-11T14:27:17.026034521-07:00","Action":"output","Package":"github.com/JDinSeattle/forge-runtime/tests/review","Test":"TestReviewHeartbeatRemainsAuthoritativeAcrossTransitions","Output":"--- PASS: TestReviewHeartbeatRemainsAuthoritativeAcrossTransitions (1.32s)\n"}
{"Time":"2026-09-11T14:27:17.026062504-07:00","Action":"pass","Package":"github.com/JDinSeattle/forge-runtime/tests/review","Test":"TestReviewHeartbeatRemainsAuthoritativeAcrossTransitions","Elapsed":1.32}
{"Time":"2026-09-11T14:27:17.026068816-07:00","Action":"run","Package":"github.com/JDinSeattle/forge-runtime/tests/review","Test":"TestReviewLeaseExpiryDuringEvidenceWaitFencesCommit"}
{"Time":"2026-09-11T14:27:17.0260709-07:00","Action":"output","Package":"github.com/JDinSeattle/forge-runtime/tests/review","Test":"TestReviewLeaseExpiryDuringEvidenceWaitFencesCommit","Output":"=== RUN   TestReviewLeaseExpiryDuringEvidenceWaitFencesCommit\n"}
{"Time":"2026-09-11T14:27:18.306733118-07:00","Action":"output","Package":"github.com/JDinSeattle/forge-runtime/tests/review","Test":"TestReviewLeaseExpiryDuringEvidenceWaitFencesCommit","Output":"--- PASS: TestReviewLeaseExpiryDuringEvidenceWaitFencesCommit (1.28s)\n"}
{"Time":"2026-09-11T14:27:18.306767896-07:00","Action":"pass","Package":"github.com/JDinSeattle/forge-runtime/tests/review","Test":"TestReviewLeaseExpiryDuringEvidenceWaitFencesCommit","Elapsed":1.28}
{"Time":"2026-09-11T14:27:18.306776211-07:00","Action":"run","Package":"github.com/JDinSeattle/forge-runtime/tests/review","Test":"TestReviewDeferredModelRunCanBeReclaimed"}
{"Time":"2026-09-11T14:27:18.306788344-07:00","Action":"output","Package":"github.com/JDinSeattle/forge-runtime/tests/review","Test":"TestReviewDeferredModelRunCanBeReclaimed","Output":"=== RUN   TestReviewDeferredModelRunCanBeReclaimed\n"}
{"Time":"2026-09-11T14:27:18.592966934-07:00","Action":"output","Package":"github.com/JDinSeattle/forge-runtime/tests/review","Test":"TestReviewDeferredModelRunCanBeReclaimed","Output":"--- PASS: TestReviewDeferredModelRunCanBeReclaimed (0.29s)\n"}
{"Time":"2026-09-11T14:27:18.592991483-07:00","Action":"pass","Package":"github.com/JDinSeattle/forge-runtime/tests/review","Test":"TestReviewDeferredModelRunCanBeReclaimed","Elapsed":0.29}
{"Time":"2026-09-11T14:27:18.59299631-07:00","Action":"run","Package":"github.com/JDinSeattle/forge-runtime/tests/review","Test":"TestReviewAPIRoleGuardChecksResolvedSchemaAndInheritedOwnership"}
{"Time":"2026-09-11T14:27:18.59299819-07:00","Action":"output","Package":"github.com/JDinSeattle/forge-runtime/tests/review","Test":"TestReviewAPIRoleGuardChecksResolvedSchemaAndInheritedOwnership","Output":"=== RUN   TestReviewAPIRoleGuardChecksResolvedSchemaAndInheritedOwnership\n"}
{"Time":"2026-09-11T14:27:18.849796699-07:00","Action":"output","Package":"github.com/JDinSeattle/forge-runtime/tests/review","Test":"TestReviewAPIRoleGuardChecksResolvedSchemaAndInheritedOwnership","Output":"--- PASS: TestReviewAPIRoleGuardChecksResolvedSchemaAndInheritedOwnership (0.26s)\n"}
{"Time":"2026-09-11T14:27:18.849831409-07:00","Action":"pass","Package":"github.com/JDinSeattle/forge-runtime/tests/review","Test":"TestReviewAPIRoleGuardChecksResolvedSchemaAndInheritedOwnership","Elapsed":0.26}
{"Time":"2026-09-11T14:27:18.849840107-07:00","Action":"run","Package":"github.com/JDinSeattle/forge-runtime/tests/review","Test":"TestReviewHTMLCharactersPreserveToolArgumentHashAcrossPersistence"}
{"Time":"2026-09-11T14:27:18.849844492-07:00","Action":"output","Package":"github.com/JDinSeattle/forge-runtime/tests/review","Test":"TestReviewHTMLCharactersPreserveToolArgumentHashAcrossPersistence","Output":"=== RUN   TestReviewHTMLCharactersPreserveToolArgumentHashAcrossPersistence\n"}
{"Time":"2026-09-11T14:27:19.201399729-07:00","Action":"output","Package":"github.com/JDinSeattle/forge-runtime/tests/review","Test":"TestReviewHTMLCharactersPreserveToolArgumentHashAcrossPersistence","Output":"--- PASS: TestReviewHTMLCharactersPreserveToolArgumentHashAcrossPersistence (0.35s)\n"}
{"Time":"2026-09-11T14:27:19.201433386-07:00","Action":"pass","Package":"github.com/JDinSeattle/forge-runtime/tests/review","Test":"TestReviewHTMLCharactersPreserveToolArgumentHashAcrossPersistence","Elapsed":0.35}
{"Time":"2026-09-11T14:27:19.201439431-07:00","Action":"run","Package":"github.com/JDinSeattle/forge-runtime/tests/review","Test":"TestRecoveryPostgresAdditiveUpgrade"}
{"Time":"2026-09-11T14:27:19.201441448-07:00","Action":"output","Package":"github.com/JDinSeattle/forge-runtime/tests/review","Test":"TestRecoveryPostgresAdditiveUpgrade","Output":"=== RUN   TestRecoveryPostgresAdditiveUpgrade\n"}
{"Time":"2026-09-11T14:27:19.420190486-07:00","Action":"output","Package":"github.com/JDinSeattle/forge-runtime/tests/review","Test":"TestRecoveryPostgresAdditiveUpgrade","Output":"    upgrade_test.go:146: private PostgreSQL schema upgraded 6 -\u003e 10 twice; original run columns, unknown effect, artifact metadata and snapshot bytes unchanged; new priority defaults to zero\n"}
{"Time":"2026-09-11T14:27:19.455671929-07:00","Action":"output","Package":"github.com/JDinSeattle/forge-runtime/tests/review","Test":"TestRecoveryPostgresAdditiveUpgrade","Output":"--- PASS: TestRecoveryPostgresAdditiveUpgrade (0.25s)\n"}
{"Time":"2026-09-11T14:27:19.45569643-07:00","Action":"pass","Package":"github.com/JDinSeattle/forge-runtime/tests/review","Test":"TestRecoveryPostgresAdditiveUpgrade","Elapsed":0.25}
{"Time":"2026-09-11T14:27:19.455700616-07:00","Action":"run","Package":"github.com/JDinSeattle/forge-runtime/tests/review","Test":"TestRecoverySQLiteV3AdditiveUpgrade"}
{"Time":"2026-09-11T14:27:19.455706984-07:00","Action":"output","Package":"github.com/JDinSeattle/forge-runtime/tests/review","Test":"TestRecoverySQLiteV3AdditiveUpgrade","Output":"=== RUN   TestRecoverySQLiteV3AdditiveUpgrade\n"}
{"Time":"2026-09-11T14:27:19.618051311-07:00","Action":"output","Package":"github.com/JDinSeattle/forge-runtime/tests/review","Test":"TestRecoverySQLiteV3AdditiveUpgrade","Output":"    upgrade_test.go:307: real SQLite 3 -\u003e 4 migration preserved two immutable operations/receipt; missing legacy dispatch evidence stays unknown; zero new backend launches\n"}
{"Time":"2026-09-11T14:27:19.619103062-07:00","Action":"output","Package":"github.com/JDinSeattle/forge-runtime/tests/review","Test":"TestRecoverySQLiteV3AdditiveUpgrade","Output":"--- PASS: TestRecoverySQLiteV3AdditiveUpgrade (0.16s)\n"}
{"Time":"2026-09-11T14:27:19.619128459-07:00","Action":"pass","Package":"github.com/JDinSeattle/forge-runtime/tests/review","Test":"TestRecoverySQLiteV3AdditiveUpgrade","Elapsed":0.16}
{"Time":"2026-09-11T14:27:19.619132794-07:00","Action":"output","Package":"github.com/JDinSeattle/forge-runtime/tests/review","Output":"PASS\n"}
{"Time":"2026-09-11T14:27:20.626799879-07:00","Action":"output","Package":"github.com/JDinSeattle/forge-runtime/tests/review","Output":"ok  \tgithub.com/JDinSeattle/forge-runtime/tests/review\t15.404s\n"}
{"Time":"2026-09-11T14:27:20.62683071-07:00","Action":"pass","Package":"github.com/JDinSeattle/forge-runtime/tests/review","Elapsed":15.404}
{"Time":"2026-09-11T14:27:20.805499138-07:00","Action":"output","Package":"github.com/JDinSeattle/forge-runtime/internal/application","Test":"TestExternalModelAndRunnerWaitsHoldNoSQLTransaction/runner","Output":"--- PASS: TestExternalModelAndRunnerWaitsHoldNoSQLTransaction/runner (5.47s)\n"}
{"Time":"2026-09-11T14:27:20.805524146-07:00","Action":"pass","Package":"github.com/JDinSeattle/forge-runtime/internal/application","Test":"TestExternalModelAndRunnerWaitsHoldNoSQLTransaction/runner","Elapsed":5.47}
{"Time":"2026-09-11T14:27:20.805534606-07:00","Action":"output","Package":"github.com/JDinSeattle/forge-runtime/internal/application","Test":"TestExternalModelAndRunnerWaitsHoldNoSQLTransaction","Output":"--- PASS: TestExternalModelAndRunnerWaitsHoldNoSQLTransaction (10.94s)\n"}
{"Time":"2026-09-11T14:27:20.805547097-07:00","Action":"pass","Package":"github.com/JDinSeattle/forge-runtime/internal/application","Test":"TestExternalModelAndRunnerWaitsHoldNoSQLTransaction","Elapsed":10.94}
{"Time":"2026-09-11T14:27:20.805563015-07:00","Action":"run","Package":"github.com/JDinSeattle/forge-runtime/internal/application","Test":"TestDurableRepairLoop"}
{"Time":"2026-09-11T14:27:20.805564701-07:00","Action":"output","Package":"github.com/JDinSeattle/forge-runtime/internal/application","Test":"TestDurableRepairLoop","Output":"=== RUN   TestDurableRepairLoop\n"}
{"Time":"2026-09-11T14:27:22.079495813-07:00","Action":"output","Package":"github.com/JDinSeattle/forge-runtime/internal/application","Test":"TestDurableRepairLoop","Output":"--- PASS: TestDurableRepairLoop (1.27s)\n"}
{"Time":"2026-09-11T14:27:22.079533394-07:00","Action":"pass","Package":"github.com/JDinSeattle/forge-runtime/internal/application","Test":"TestDurableRepairLoop","Elapsed":1.27}
{"Time":"2026-09-11T14:27:22.079541203-07:00","Action":"run","Package":"github.com/JDinSeattle/forge-runtime/internal/application","Test":"TestCompletedModelReusedAfterWorkerCrash"}
{"Time":"2026-09-11T14:27:22.079544258-07:00","Action":"output","Package":"github.com/JDinSeattle/forge-runtime/internal/application","Test":"TestCompletedModelReusedAfterWorkerCrash","Output":"=== RUN   TestCompletedModelReusedAfterWorkerCrash\n"}
{"Time":"2026-09-11T14:27:23.350766937-07:00","Action":"output","Package":"github.com/JDinSeattle/forge-runtime/internal/application","Test":"TestCompletedModelReusedAfterWorkerCrash","Output":"--- PASS: TestCompletedModelReusedAfterWorkerCrash (1.27s)\n"}
{"Time":"2026-09-11T14:27:23.350803775-07:00","Action":"pass","Package":"github.com/JDinSeattle/forge-runtime/internal/application","Test":"TestCompletedModelReusedAfterWorkerCrash","Elapsed":1.27}
{"Time":"2026-09-11T14:27:23.350819163-07:00","Action":"run","Package":"github.com/JDinSeattle/forge-runtime/internal/application","Test":"TestUnifiedPatchActuallyAppliesWithGit"}
{"Time":"2026-09-11T14:27:23.350823057-07:00","Action":"output","Package":"github.com/JDinSeattle/forge-runtime/internal/application","Test":"TestUnifiedPatchActuallyAppliesWithGit","Output":"=== RUN   TestUnifiedPatchActuallyAppliesWithGit\n"}
{"Time":"2026-09-11T14:27:23.354893907-07:00","Action":"output","Package":"github.com/JDinSeattle/forge-runtime/internal/application","Test":"TestUnifiedPatchActuallyAppliesWithGit","Output":"--- PASS: TestUnifiedPatchActuallyAppliesWithGit (0.00s)\n"}
{"Time":"2026-09-11T14:27:23.35498119-07:00","Action":"pass","Package":"github.com/JDinSeattle/forge-runtime/internal/application","Test":"TestUnifiedPatchActuallyAppliesWithGit","Elapsed":0}
{"Time":"2026-09-11T14:27:23.35498611-07:00","Action":"run","Package":"github.com/JDinSeattle/forge-runtime/internal/application","Test":"TestAttemptPricingSurvivesCrashAndConfigChange"}
{"Time":"2026-09-11T14:27:23.354989119-07:00","Action":"output","Package":"github.com/JDinSeattle/forge-runtime/internal/application","Test":"TestAttemptPricingSurvivesCrashAndConfigChange","Output":"=== RUN   TestAttemptPricingSurvivesCrashAndConfigChange\n"}
{"Time":"2026-09-11T14:27:23.354992813-07:00","Action":"run","Package":"github.com/JDinSeattle/forge-runtime/internal/application","Test":"TestAttemptPricingSurvivesCrashAndConfigChange/after_model_pricing_before_reservation"}
{"Time":"2026-09-11T14:27:23.354995694-07:00","Action":"output","Package":"github.com/JDinSeattle/forge-runtime/internal/application","Test":"TestAttemptPricingSurvivesCrashAndConfigChange/after_model_pricing_before_reservation","Output":"=== RUN   TestAttemptPricingSurvivesCrashAndConfigChange/after_model_pricing_before_reservation\n"}
{"Time":"2026-09-11T14:27:23.90722447-07:00","Action":"output","Package":"github.com/JDinSeattle/forge-runtime/internal/application","Test":"TestAttemptPricingSurvivesCrashAndConfigChange/after_model_pricing_before_reservation","Output":"--- PASS: TestAttemptPricingSurvivesCrashAndConfigChange/after_model_pricing_before_reservation (0.55s)\n"}
{"Time":"2026-09-11T14:27:23.907268091-07:00","Action":"pass","Package":"github.com/JDinSeattle/forge-runtime/internal/application","Test":"TestAttemptPricingSurvivesCrashAndConfigChange/after_model_pricing_before_reservation","Elapsed":0.55}
{"Time":"2026-09-11T14:27:23.907277069-07:00","Action":"run","Package":"github.com/JDinSeattle/forge-runtime/internal/application","Test":"TestAttemptPricingSurvivesCrashAndConfigChange/after_model_result_before_transition"}
{"Time":"2026-09-11T14:27:23.907281118-07:00","Action":"output","Package":"github.com/JDinSeattle/forge-runtime/internal/application","Test":"TestAttemptPricingSurvivesCrashAndConfigChange/after_model_result_before_transition","Output":"=== RUN   TestAttemptPricingSurvivesCrashAndConfigChange/after_model_result_before_transition\n"}
{"Time":"2026-09-11T14:27:24.42841938-07:00","Action":"output","Package":"github.com/JDinSeattle/forge-runtime/internal/application","Test":"TestAttemptPricingSurvivesCrashAndConfigChange/after_model_result_before_transition","Output":"--- PASS: TestAttemptPricingSurvivesCrashAndConfigChange/after_model_result_before_transition (0.52s)\n"}
{"Time":"2026-09-11T14:27:24.428466979-07:00","Action":"pass","Package":"github.com/JDinSeattle/forge-runtime/internal/application","Test":"TestAttemptPricingSurvivesCrashAndConfigChange/after_model_result_before_transition","Elapsed":0.52}
{"Time":"2026-09-11T14:27:24.428484898-07:00","Action":"run","Package":"github.com/JDinSeattle/forge-runtime/internal/application","Test":"TestAttemptPricingSurvivesCrashAndConfigChange/after_model_settlement_before_transition"}
{"Time":"2026-09-11T14:27:24.428489849-07:00","Action":"output","Package":"github.com/JDinSeattle/forge-runtime/internal/application","Test":"TestAttemptPricingSurvivesCrashAndConfigChange/after_model_settlement_before_transition","Output":"=== RUN   TestAttemptPricingSurvivesCrashAndConfigChange/after_model_settlement_before_transition\n"}
{"Time":"2026-09-11T14:27:24.945537064-07:00","Action":"output","Package":"github.com/JDinSeattle/forge-runtime/internal/application","Test":"TestAttemptPricingSurvivesCrashAndConfigChange/after_model_settlement_before_transition","Output":"--- PASS: TestAttemptPricingSurvivesCrashAndConfigChange/after_model_settlement_before_transition (0.52s)\n"}
{"Time":"2026-09-11T14:27:24.945561051-07:00","Action":"pass","Package":"github.com/JDinSeattle/forge-runtime/internal/application","Test":"TestAttemptPricingSurvivesCrashAndConfigChange/after_model_settlement_before_transition","Elapsed":0.52}
{"Time":"2026-09-11T14:27:24.945566312-07:00","Action":"output","Package":"github.com/JDinSeattle/forge-runtime/internal/application","Test":"TestAttemptPricingSurvivesCrashAndConfigChange","Output":"--- PASS: TestAttemptPricingSurvivesCrashAndConfigChange (1.59s)\n"}
{"Time":"2026-09-11T14:27:24.945573349-07:00","Action":"pass","Package":"github.com/JDinSeattle/forge-runtime/internal/application","Test":"TestAttemptPricingSurvivesCrashAndConfigChange","Elapsed":1.59}
{"Time":"2026-09-11T14:27:24.945586921-07:00","Action":"run","Package":"github.com/JDinSeattle/forge-runtime/internal/application","Test":"TestModelRetryDecisionSurvivesRecovery"}
{"Time":"2026-09-11T14:27:24.94558875-07:00","Action":"output","Package":"github.com/JDinSeattle/forge-runtime/internal/application","Test":"TestModelRetryDecisionSurvivesRecovery","Output":"=== RUN   TestModelRetryDecisionSurvivesRecovery\n"}
{"Time":"2026-09-11T14:27:25.448423116-07:00","Action":"output","Package":"github.com/JDinSeattle/forge-runtime/internal/application","Test":"TestModelRetryDecisionSurvivesRecovery","Output":"--- PASS: TestModelRetryDecisionSurvivesRecovery (0.50s)\n"}
{"Time":"2026-09-11T14:27:25.448458924-07:00","Action":"pass","Package":"github.com/JDinSeattle/forge-runtime/internal/application","Test":"TestModelRetryDecisionSurvivesRecovery","Elapsed":0.5}
{"Time":"2026-09-11T14:27:25.448468926-07:00","Action":"run","Package":"github.com/JDinSeattle/forge-runtime/internal/application","Test":"TestPermanentModelFailureDoesNotRetryOrTripCircuit"}
{"Time":"2026-09-11T14:27:25.448472298-07:00","Action":"output","Package":"github.com/JDinSeattle/forge-runtime/internal/application","Test":"TestPermanentModelFailureDoesNotRetryOrTripCircuit","Output":"=== RUN   TestPermanentModelFailureDoesNotRetryOrTripCircuit\n"}
{"Time":"2026-09-11T14:27:25.96499628-07:00","Action":"output","Package":"github.com/JDinSeattle/forge-runtime/internal/application","Test":"TestPermanentModelFailureDoesNotRetryOrTripCircuit","Output":"--- PASS: TestPermanentModelFailureDoesNotRetryOrTripCircuit (0.52s)\n"}
{"Time":"2026-09-11T14:27:25.965023307-07:00","Action":"pass","Package":"github.com/JDinSeattle/forge-runtime/internal/application","Test":"TestPermanentModelFailureDoesNotRetryOrTripCircuit","Elapsed":0.52}
{"Time":"2026-09-11T14:27:25.965029204-07:00","Action":"run","Package":"github.com/JDinSeattle/forge-runtime/internal/application","Test":"TestModelRetryOverallBudgetCannotResetOnRecovery"}
{"Time":"2026-09-11T14:27:25.96503078-07:00","Action":"output","Package":"github.com/JDinSeattle/forge-runtime/internal/application","Test":"TestModelRetryOverallBudgetCannotResetOnRecovery","Output":"=== RUN   TestModelRetryOverallBudgetCannotResetOnRecovery\n"}
{"Time":"2026-09-11T14:27:26.483355975-07:00","Action":"output","Package":"github.com/JDinSeattle/forge-runtime/internal/application","Test":"TestModelRetryOverallBudgetCannotResetOnRecovery","Output":"--- PASS: TestModelRetryOverallBudgetCannotResetOnRecovery (0.52s)\n"}
{"Time":"2026-09-11T14:27:26.483381572-07:00","Action":"pass","Package":"github.com/JDinSeattle/forge-runtime/internal/application","Test":"TestModelRetryOverallBudgetCannotResetOnRecovery","Elapsed":0.52}
{"Time":"2026-09-11T14:27:26.48338611-07:00","Action":"run","Package":"github.com/JDinSeattle/forge-runtime/internal/application","Test":"TestModelAdmissionKeepsConservativeReducerBudget"}
{"Time":"2026-09-11T14:27:26.48339409-07:00","Action":"output","Package":"github.com/JDinSeattle/forge-runtime/internal/application","Test":"TestModelAdmissionKeepsConservativeReducerBudget","Output":"=== RUN   TestModelAdmissionKeepsConservativeReducerBudget\n"}
{"Time":"2026-09-11T14:27:26.95789507-07:00","Action":"output","Package":"github.com/JDinSeattle/forge-runtime/internal/application","Test":"TestModelAdmissionKeepsConservativeReducerBudget","Output":"--- PASS: TestModelAdmissionKeepsConservativeReducerBudget (0.47s)\n"}
{"Time":"2026-09-11T14:27:26.957919935-07:00","Action":"pass","Package":"github.com/JDinSeattle/forge-runtime/internal/application","Test":"TestModelAdmissionKeepsConservativeReducerBudget","Elapsed":0.47}
{"Time":"2026-09-11T14:27:26.957923896-07:00","Action":"run","Package":"github.com/JDinSeattle/forge-runtime/internal/application","Test":"TestProviderSpecificPricing"}
{"Time":"2026-09-11T14:27:26.95792543-07:00","Action":"output","Package":"github.com/JDinSeattle/forge-runtime/internal/application","Test":"TestProviderSpecificPricing","Output":"=== RUN   TestProviderSpecificPricing\n"}
{"Time":"2026-09-11T14:27:26.957935983-07:00","Action":"run","Package":"github.com/JDinSeattle/forge-runtime/internal/application","Test":"TestProviderSpecificPricing/openai_cached_input_is_inclusive"}
{"Time":"2026-09-11T14:27:26.957937373-07:00","Action":"output","Package":"github.com/JDinSeattle/forge-runtime/internal/application","Test":"TestProviderSpecificPricing/openai_cached_input_is_inclusive","Output":"=== RUN   TestProviderSpecificPricing/openai_cached_input_is_inclusive\n"}
{"Time":"2026-09-11T14:27:26.957967881-07:00","Action":"output","Package":"github.com/JDinSeattle/forge-runtime/internal/application","Test":"TestProviderSpecificPricing/openai_cached_input_is_inclusive","Output":"--- PASS: TestProviderSpecificPricing/openai_cached_input_is_inclusive (0.00s)\n"}
{"Time":"2026-09-11T14:27:26.957974263-07:00","Action":"pass","Package":"github.com/JDinSeattle/forge-runtime/internal/application","Test":"TestProviderSpecificPricing/openai_cached_input_is_inclusive","Elapsed":0}
{"Time":"2026-09-11T14:27:26.957986427-07:00","Action":"run","Package":"github.com/JDinSeattle/forge-runtime/internal/application","Test":"TestProviderSpecificPricing/anthropic_cache_input_is_additive"}
{"Time":"2026-09-11T14:27:26.957988616-07:00","Action":"output","Package":"github.com/JDinSeattle/forge-runtime/internal/application","Test":"TestProviderSpecificPricing/anthropic_cache_input_is_additive","Output":"=== RUN   TestProviderSpecificPricing/anthropic_cache_input_is_additive\n"}
{"Time":"2026-09-11T14:27:26.958006488-07:00","Action":"output","Package":"github.com/JDinSeattle/forge-runtime/internal/application","Test":"TestProviderSpecificPricing/anthropic_cache_input_is_additive","Output":"--- PASS: TestProviderSpecificPricing/anthropic_cache_input_is_additive (0.00s)\n"}
{"Time":"2026-09-11T14:27:26.958013504-07:00","Action":"pass","Package":"github.com/JDinSeattle/forge-runtime/internal/application","Test":"TestProviderSpecificPricing/anthropic_cache_input_is_additive","Elapsed":0}
{"Time":"2026-09-11T14:27:26.95802061-07:00","Action":"run","Package":"github.com/JDinSeattle/forge-runtime/internal/application","Test":"TestProviderSpecificPricing/measured_zero"}
{"Time":"2026-09-11T14:27:26.958022538-07:00","Action":"output","Package":"github.com/JDinSeattle/forge-runtime/internal/application","Test":"TestProviderSpecificPricing/measured_zero","Output":"=== RUN   TestProviderSpecificPricing/measured_zero\n"}
{"Time":"2026-09-11T14:27:26.958037616-07:00","Action":"output","Package":"github.com/JDinSeattle/forge-runtime/internal/application","Test":"TestProviderSpecificPricing/measured_zero","Output":"--- PASS: TestProviderSpecificPricing/measured_zero (0.00s)\n"}
{"Time":"2026-09-11T14:27:26.958041804-07:00","Action":"pass","Package":"github.com/JDinSeattle/forge-runtime/internal/application","Test":"TestProviderSpecificPricing/measured_zero","Elapsed":0}
{"Time":"2026-09-11T14:27:26.958047649-07:00","Action":"run","Package":"github.com/JDinSeattle/forge-runtime/internal/application","Test":"TestProviderSpecificPricing/cache_cannot_exceed_inclusive_input"}
{"Time":"2026-09-11T14:27:26.958049282-07:00","Action":"output","Package":"github.com/JDinSeattle/forge-runtime/internal/application","Test":"TestProviderSpecificPricing/cache_cannot_exceed_inclusive_input","Output":"=== RUN   TestProviderSpecificPricing/cache_cannot_exceed_inclusive_input\n"}
{"Time":"2026-09-11T14:27:26.958068459-07:00","Action":"output","Package":"github.com/JDinSeattle/forge-runtime/internal/application","Test":"TestProviderSpecificPricing/cache_cannot_exceed_inclusive_input","Output":"--- PASS: TestProviderSpecificPricing/cache_cannot_exceed_inclusive_input (0.00s)\n"}
{"Time":"2026-09-11T14:27:26.958074139-07:00","Action":"pass","Package":"github.com/JDinSeattle/forge-runtime/internal/application","Test":"TestProviderSpecificPricing/cache_cannot_exceed_inclusive_input","Elapsed":0}
{"Time":"2026-09-11T14:27:26.958081124-07:00","Action":"run","Package":"github.com/JDinSeattle/forge-runtime/internal/application","Test":"TestProviderSpecificPricing/input_output_overflow"}
{"Time":"2026-09-11T14:27:26.958083003-07:00","Action":"output","Package":"github.com/JDinSeattle/forge-runtime/internal/application","Test":"TestProviderSpecificPricing/input_output_overflow","Output":"=== RUN   TestProviderSpecificPricing/input_output_overflow\n"}
{"Time":"2026-09-11T14:27:26.958096682-07:00","Action":"output","Package":"github.com/JDinSeattle/forge-runtime/internal/application","Test":"TestProviderSpecificPricing/input_output_overflow","Output":"--- PASS: TestProviderSpecificPricing/input_output_overflow (0.00s)\n"}
{"Time":"2026-09-11T14:27:26.958100822-07:00","Action":"pass","Package":"github.com/JDinSeattle/forge-runtime/internal/application","Test":"TestProviderSpecificPricing/input_output_overflow","Elapsed":0}
{"Time":"2026-09-11T14:27:26.958107328-07:00","Action":"run","Package":"github.com/JDinSeattle/forge-runtime/internal/application","Test":"TestProviderSpecificPricing/additive_cache_overflow"}
{"Time":"2026-09-11T14:27:26.958109346-07:00","Action":"output","Package":"github.com/JDinSeattle/forge-runtime/internal/application","Test":"TestProviderSpecificPricing/additive_cache_overflow","Output":"=== RUN   TestProviderSpecificPricing/additive_cache_overflow\n"}
{"Time":"2026-09-11T14:27:26.958131041-07:00","Action":"output","Package":"github.com/JDinSeattle/forge-runtime/internal/application","Test":"TestProviderSpecificPricing/additive_cache_overflow","Output":"--- PASS: TestProviderSpecificPricing/additive_cache_overflow (0.00s)\n"}
{"Time":"2026-09-11T14:27:26.95813392-07:00","Action":"pass","Package":"github.com/JDinSeattle/forge-runtime/internal/application","Test":"TestProviderSpecificPricing/additive_cache_overflow","Elapsed":0}
{"Time":"2026-09-11T14:27:26.958142144-07:00","Action":"run","Package":"github.com/JDinSeattle/forge-runtime/internal/application","Test":"TestProviderSpecificPricing/negative_measured_cache"}
{"Time":"2026-09-11T14:27:26.958144031-07:00","Action":"output","Package":"github.com/JDinSeattle/forge-runtime/internal/application","Test":"TestProviderSpecificPricing/negative_measured_cache","Output":"=== RUN   TestProviderSpecificPricing/negative_measured_cache\n"}
{"Time":"2026-09-11T14:27:26.958156555-07:00","Action":"output","Package":"github.com/JDinSeattle/forge-runtime/internal/application","Test":"TestProviderSpecificPricing/negative_measured_cache","Output":"--- PASS: TestProviderSpecificPricing/negative_measured_cache (0.00s)\n"}
{"Time":"2026-09-11T14:27:26.958160534-07:00","Action":"pass","Package":"github.com/JDinSeattle/forge-runtime/internal/application","Test":"TestProviderSpecificPricing/negative_measured_cache","Elapsed":0}
{"Time":"2026-09-11T14:27:26.95817747-07:00","Action":"output","Package":"github.com/JDinSeattle/forge-runtime/internal/application","Test":"TestProviderSpecificPricing","Output":"--- PASS: TestProviderSpecificPricing (0.00s)\n"}
{"Time":"2026-09-11T14:27:26.958181862-07:00","Action":"pass","Package":"github.com/JDinSeattle/forge-runtime/internal/application","Test":"TestProviderSpecificPricing","Elapsed":0}
{"Time":"2026-09-11T14:27:26.958183692-07:00","Action":"run","Package":"github.com/JDinSeattle/forge-runtime/internal/application","Test":"TestPricingReserveBoundsAndRounding"}
{"Time":"2026-09-11T14:27:26.958185146-07:00","Action":"output","Package":"github.com/JDinSeattle/forge-runtime/internal/application","Test":"TestPricingReserveBoundsAndRounding","Output":"=== RUN   TestPricingReserveBoundsAndRounding\n"}
{"Time":"2026-09-11T14:27:26.958203818-07:00","Action":"output","Package":"github.com/JDinSeattle/forge-runtime/internal/application","Test":"TestPricingReserveBoundsAndRounding","Output":"--- PASS: TestPricingReserveBoundsAndRounding (0.00s)\n"}
{"Time":"2026-09-11T14:27:26.958207939-07:00","Action":"pass","Package":"github.com/JDinSeattle/forge-runtime/internal/application","Test":"TestPricingReserveBoundsAndRounding","Elapsed":0}
{"Time":"2026-09-11T14:27:26.958214484-07:00","Action":"run","Package":"github.com/JDinSeattle/forge-runtime/internal/application","Test":"TestModelFailureCircuitClassification"}
{"Time":"2026-09-11T14:27:26.958216332-07:00","Action":"output","Package":"github.com/JDinSeattle/forge-runtime/internal/application","Test":"TestModelFailureCircuitClassification","Output":"=== RUN   TestModelFailureCircuitClassification\n"}
{"Time":"2026-09-11T14:27:26.958231435-07:00","Action":"run","Package":"github.com/JDinSeattle/forge-runtime/internal/application","Test":"TestModelFailureCircuitClassification/user_cancellation"}
{"Time":"2026-09-11T14:27:26.958233489-07:00","Action":"output","Package":"github.com/JDinSeattle/forge-runtime/internal/application","Test":"TestModelFailureCircuitClassification/user_cancellation","Output":"=== RUN   TestModelFailureCircuitClassification/user_cancellation\n"}
{"Time":"2026-09-11T14:27:26.95824685-07:00","Action":"output","Package":"github.com/JDinSeattle/forge-runtime/internal/application","Test":"TestModelFailureCircuitClassification/user_cancellation","Output":"--- PASS: TestModelFailureCircuitClassification/user_cancellation (0.00s)\n"}
{"Time":"2026-09-11T14:27:26.9582525-07:00","Action":"pass","Package":"github.com/JDinSeattle/forge-runtime/internal/application","Test":"TestModelFailureCircuitClassification/user_cancellation","Elapsed":0}
{"Time":"2026-09-11T14:27:26.95825862-07:00","Action":"run","Package":"github.com/JDinSeattle/forge-runtime/internal/application","Test":"TestModelFailureCircuitClassification/request_deadline"}
{"Time":"2026-09-11T14:27:26.958260373-07:00","Action":"output","Package":"github.com/JDinSeattle/forge-runtime/internal/application","Test":"TestModelFailureCircuitClassification/request_deadline","Output":"=== RUN   TestModelFailureCircuitClassification/request_deadline\n"}
{"Time":"2026-09-11T14:27:26.958274083-07:00","Action":"output","Package":"github.com/JDinSeattle/forge-runtime/internal/application","Test":"TestModelFailureCircuitClassification/request_deadline","Output":"--- PASS: TestModelFailureCircuitClassification/request_deadline (0.00s)\n"}
{"Time":"2026-09-11T14:27:26.958280713-07:00","Action":"pass","Package":"github.com/JDinSeattle/forge-runtime/internal/application","Test":"TestModelFailureCircuitClassification/request_deadline","Elapsed":0}
{"Time":"2026-09-11T14:27:26.958287137-07:00","Action":"run","Package":"github.com/JDinSeattle/forge-runtime/internal/application","Test":"TestModelFailureCircuitClassification/database_sink"}
{"Time":"2026-09-11T14:27:26.958288715-07:00","Action":"output","Package":"github.com/JDinSeattle/forge-runtime/internal/application","Test":"TestModelFailureCircuitClassification/database_sink","Output":"=== RUN   TestModelFailureCircuitClassification/database_sink\n"}
{"Time":"2026-09-11T14:27:26.958301848-07:00","Action":"output","Package":"github.com/JDinSeattle/forge-runtime/internal/application","Test":"TestModelFailureCircuitClassification/database_sink","Output":"--- PASS: TestModelFailureCircuitClassification/database_sink (0.00s)\n"}
{"Time":"2026-09-11T14:27:26.958305338-07:00","Action":"pass","Package":"github.com/JDinSeattle/forge-runtime/internal/application","Test":"TestModelFailureCircuitClassification/database_sink","Elapsed":0}
{"Time":"2026-09-11T14:27:26.958313048-07:00","Action":"run","Package":"github.com/JDinSeattle/forge-runtime/internal/application","Test":"TestModelFailureCircuitClassification/consumer_wrapper"}
{"Time":"2026-09-11T14:27:26.958315129-07:00","Action":"output","Package":"github.com/JDinSeattle/forge-runtime/internal/application","Test":"TestModelFailureCircuitClassification/consumer_wrapper","Output":"=== RUN   TestModelFailureCircuitClassification/consumer_wrapper\n"}
{"Time":"2026-09-11T14:27:26.958338803-07:00","Action":"output","Package":"github.com/JDinSeattle/forge-runtime/internal/application","Test":"TestModelFailureCircuitClassification/consumer_wrapper","Output":"--- PASS: TestModelFailureCircuitClassification/consumer_wrapper (0.00s)\n"}
{"Time":"2026-09-11T14:27:26.958343513-07:00","Action":"pass","Package":"github.com/JDinSeattle/forge-runtime/internal/application","Test":"TestModelFailureCircuitClassification/consumer_wrapper","Elapsed":0}
{"Time":"2026-09-11T14:27:26.95835038-07:00","Action":"run","Package":"github.com/JDinSeattle/forge-runtime/internal/application","Test":"TestModelFailureCircuitClassification/validation"}
{"Time":"2026-09-11T14:27:26.958352084-07:00","Action":"output","Package":"github.com/JDinSeattle/forge-runtime/internal/application","Test":"TestModelFailureCircuitClassification/validation","Output":"=== RUN   TestModelFailureCircuitClassification/validation\n"}
{"Time":"2026-09-11T14:27:26.958367368-07:00","Action":"output","Package":"github.com/JDinSeattle/forge-runtime/internal/application","Test":"TestModelFailureCircuitClassification/validation","Output":"--- PASS: TestModelFailureCircuitClassification/validation (0.00s)\n"}
{"Time":"2026-09-11T14:27:26.958371298-07:00","Action":"pass","Package":"github.com/JDinSeattle/forge-runtime/internal/application","Test":"TestModelFailureCircuitClassification/validation","Elapsed":0}
{"Time":"2026-09-11T14:27:26.958377321-07:00","Action":"run","Package":"github.com/JDinSeattle/forge-runtime/internal/application","Test":"TestModelFailureCircuitClassification/protocol"}
{"Time":"2026-09-11T14:27:26.958379003-07:00","Action":"output","Package":"github.com/JDinSeattle/forge-runtime/internal/application","Test":"TestModelFailureCircuitClassification/protocol","Output":"=== RUN   TestModelFailureCircuitClassification/protocol\n"}
{"Time":"2026-09-11T14:27:26.958406148-07:00","Action":"output","Package":"github.com/JDinSeattle/forge-runtime/internal/application","Test":"TestModelFailureCircuitClassification/protocol","Output":"--- PASS: TestModelFailureCircuitClassification/protocol (0.00s)\n"}
{"Time":"2026-09-11T14:27:26.95840852-07:00","Action":"pass","Package":"github.com/JDinSeattle/forge-runtime/internal/application","Test":"TestModelFailureCircuitClassification/protocol","Elapsed":0}
{"Time":"2026-09-11T14:27:26.95841449-07:00","Action":"run","Package":"github.com/JDinSeattle/forge-runtime/internal/application","Test":"TestModelFailureCircuitClassification/authentication"}
{"Time":"2026-09-11T14:27:26.958416164-07:00","Action":"output","Package":"github.com/JDinSeattle/forge-runtime/internal/application","Test":"TestModelFailureCircuitClassification/authentication","Output":"=== RUN   TestModelFailureCircuitClassification/authentication\n"}
{"Time":"2026-09-11T14:27:26.958428595-07:00","Action":"output","Package":"github.com/JDinSeattle/forge-runtime/internal/application","Test":"TestModelFailureCircuitClassification/authentication","Output":"--- PASS: TestModelFailureCircuitClassification/authentication (0.00s)\n"}
{"Time":"2026-09-11T14:27:26.958432408-07:00","Action":"pass","Package":"github.com/JDinSeattle/forge-runtime/internal/application","Test":"TestModelFailureCircuitClassification/authentication","Elapsed":0}
{"Time":"2026-09-11T14:27:26.9584389-07:00","Action":"run","Package":"github.com/JDinSeattle/forge-runtime/internal/application","Test":"TestModelFailureCircuitClassification/cancelled_transport"}
{"Time":"2026-09-11T14:27:26.958441724-07:00","Action":"output","Package":"github.com/JDinSeattle/forge-runtime/internal/application","Test":"TestModelFailureCircuitClassification/cancelled_transport","Output":"=== RUN   TestModelFailureCircuitClassification/cancelled_transport\n"}
{"Time":"2026-09-11T14:27:26.958451849-07:00","Action":"output","Package":"github.com/JDinSeattle/forge-runtime/internal/application","Test":"TestModelFailureCircuitClassification/cancelled_transport","Output":"--- PASS: TestModelFailureCircuitClassification/cancelled_transport (0.00s)\n"}
{"Time":"2026-09-11T14:27:26.958454777-07:00","Action":"pass","Package":"github.com/JDinSeattle/forge-runtime/internal/application","Test":"TestModelFailureCircuitClassification/cancelled_transport","Elapsed":0}
{"Time":"2026-09-11T14:27:26.958461406-07:00","Action":"run","Package":"github.com/JDinSeattle/forge-runtime/internal/application","Test":"TestModelFailureCircuitClassification/overloaded"}
{"Time":"2026-09-11T14:27:26.958462988-07:00","Action":"output","Package":"github.com/JDinSeattle/forge-runtime/internal/application","Test":"TestModelFailureCircuitClassification/overloaded","Output":"=== RUN   TestModelFailureCircuitClassification/overloaded\n"}
{"Time":"2026-09-11T14:27:26.958475439-07:00","Action":"output","Package":"github.com/JDinSeattle/forge-runtime/internal/application","Test":"TestModelFailureCircuitClassification/overloaded","Output":"--- PASS: TestModelFailureCircuitClassification/overloaded (0.00s)\n"}
{"Time":"2026-09-11T14:27:26.958478056-07:00","Action":"pass","Package":"github.com/JDinSeattle/forge-runtime/internal/application","Test":"TestModelFailureCircuitClassification/overloaded","Elapsed":0}
{"Time":"2026-09-11T14:27:26.95848734-07:00","Action":"run","Package":"github.com/JDinSeattle/forge-runtime/internal/application","Test":"TestModelFailureCircuitClassification/rate_limit"}
{"Time":"2026-09-11T14:27:26.9584894-07:00","Action":"output","Package":"github.com/JDinSeattle/forge-runtime/internal/application","Test":"TestModelFailureCircuitClassification/rate_limit","Output":"=== RUN   TestModelFailureCircuitClassification/rate_limit\n"}
{"Time":"2026-09-11T14:27:26.958507712-07:00","Action":"output","Package":"github.com/JDinSeattle/forge-runtime/internal/application","Test":"TestModelFailureCircuitClassification/rate_limit","Output":"--- PASS: TestModelFailureCircuitClassification/rate_limit (0.00s)\n"}
{"Time":"2026-09-11T14:27:26.958511532-07:00","Action":"pass","Package":"github.com/JDinSeattle/forge-runtime/internal/application","Test":"TestModelFailureCircuitClassification/rate_limit","Elapsed":0}
{"Time":"2026-09-11T14:27:26.958521662-07:00","Action":"output","Package":"github.com/JDinSeattle/forge-runtime/internal/application","Test":"TestModelFailureCircuitClassification","Output":"--- PASS: TestModelFailureCircuitClassification (0.00s)\n"}
{"Time":"2026-09-11T14:27:26.958525716-07:00","Action":"pass","Package":"github.com/JDinSeattle/forge-runtime/internal/application","Test":"TestModelFailureCircuitClassification","Elapsed":0}
{"Time":"2026-09-11T14:27:26.958538396-07:00","Action":"output","Package":"github.com/JDinSeattle/forge-runtime/internal/application","Output":"PASS\n"}
{"Time":"2026-09-11T14:27:27.968362071-07:00","Action":"output","Package":"github.com/JDinSeattle/forge-runtime/internal/application","Output":"ok  \tgithub.com/JDinSeattle/forge-runtime/internal/application\t22.747s\n"}
{"Time":"2026-09-11T14:27:27.968386484-07:00","Action":"pass","Package":"github.com/JDinSeattle/forge-runtime/internal/application","Elapsed":22.747}
