{"Time":"2026-09-11T17:27:24.390295905-07:00","Action":"start","Package":"github.com/JDinSeattle/forge-runtime/benchmarks"}
{"Time":"2026-09-11T17:27:24.390409778-07:00","Action":"start","Package":"github.com/JDinSeattle/forge-runtime/cmd/forge"}
{"Time":"2026-09-11T17:27:24.390509096-07:00","Action":"start","Package":"github.com/JDinSeattle/forge-runtime/cmd/forge-admin"}
{"Time":"2026-09-11T17:27:24.390533212-07:00","Action":"output","Package":"github.com/JDinSeattle/forge-runtime/cmd/forge-admin","Output":"?   \tgithub.com/JDinSeattle/forge-runtime/cmd/forge-admin\t[no test files]\n"}
{"Time":"2026-09-11T17:27:24.390541258-07:00","Action":"skip","Package":"github.com/JDinSeattle/forge-runtime/cmd/forge-admin","Elapsed":0}
{"Time":"2026-09-11T17:27:24.39054875-07:00","Action":"start","Package":"github.com/JDinSeattle/forge-runtime/cmd/forge-api"}
{"Time":"2026-09-11T17:27:24.390552174-07:00","Action":"output","Package":"github.com/JDinSeattle/forge-runtime/cmd/forge-api","Output":"?   \tgithub.com/JDinSeattle/forge-runtime/cmd/forge-api\t[no test files]\n"}
{"Time":"2026-09-11T17:27:24.390555004-07:00","Action":"skip","Package":"github.com/JDinSeattle/forge-runtime/cmd/forge-api","Elapsed":0}
{"Time":"2026-09-11T17:27:24.390558489-07:00","Action":"start","Package":"github.com/JDinSeattle/forge-runtime/cmd/forge-runner"}
{"Time":"2026-09-11T17:27:24.390644241-07:00","Action":"start","Package":"github.com/JDinSeattle/forge-runtime/cmd/forge-worker"}
{"Time":"2026-09-11T17:27:24.390665189-07:00","Action":"output","Package":"github.com/JDinSeattle/forge-runtime/cmd/forge-worker","Output":"?   \tgithub.com/JDinSeattle/forge-runtime/cmd/forge-worker\t[no test files]\n"}
{"Time":"2026-09-11T17:27:24.39067221-07:00","Action":"skip","Package":"github.com/JDinSeattle/forge-runtime/cmd/forge-worker","Elapsed":0}
{"Time":"2026-09-11T17:27:24.390677241-07:00","Action":"start","Package":"github.com/JDinSeattle/forge-runtime/db"}
{"Time":"2026-09-11T17:27:24.390686179-07:00","Action":"output","Package":"github.com/JDinSeattle/forge-runtime/db","Output":"?   \tgithub.com/JDinSeattle/forge-runtime/db\t[no test files]\n"}
{"Time":"2026-09-11T17:27:24.39069107-07:00","Action":"skip","Package":"github.com/JDinSeattle/forge-runtime/db","Elapsed":0}
{"Time":"2026-09-11T17:27:24.400133242-07:00","Action":"run","Package":"github.com/JDinSeattle/forge-runtime/cmd/forge","Test":"TestSubmitUncertaintyRetainsKeyWithoutAutomaticReplay"}
{"Time":"2026-09-11T17:27:24.400156836-07:00","Action":"output","Package":"github.com/JDinSeattle/forge-runtime/cmd/forge","Test":"TestSubmitUncertaintyRetainsKeyWithoutAutomaticReplay","Output":"=== RUN   TestSubmitUncertaintyRetainsKeyWithoutAutomaticReplay\n"}
{"Time":"2026-09-11T17:27:24.403159295-07:00","Action":"run","Package":"github.com/JDinSeattle/forge-runtime/cmd/forge-runner","Test":"TestFaultPlanRejectsUnsafeScopeAndLocation"}
{"Time":"2026-09-11T17:27:24.403180809-07:00","Action":"output","Package":"github.com/JDinSeattle/forge-runtime/cmd/forge-runner","Test":"TestFaultPlanRejectsUnsafeScopeAndLocation","Output":"=== RUN   TestFaultPlanRejectsUnsafeScopeAndLocation\n"}
{"Time":"2026-09-11T17:27:24.403198996-07:00","Action":"run","Package":"github.com/JDinSeattle/forge-runtime/cmd/forge-runner","Test":"TestFaultPlanRejectsUnsafeScopeAndLocation/point"}
{"Time":"2026-09-11T17:27:24.403202416-07:00","Action":"output","Package":"github.com/JDinSeattle/forge-runtime/cmd/forge-runner","Test":"TestFaultPlanRejectsUnsafeScopeAndLocation/point","Output":"=== RUN   TestFaultPlanRejectsUnsafeScopeAndLocation/point\n"}
{"Time":"2026-09-11T17:27:24.403608309-07:00","Action":"output","Package":"github.com/JDinSeattle/forge-runtime/cmd/forge-runner","Test":"TestFaultPlanRejectsUnsafeScopeAndLocation/point","Output":"--- PASS: TestFaultPlanRejectsUnsafeScopeAndLocation/point (0.00s)\n"}
{"Time":"2026-09-11T17:27:24.403616251-07:00","Action":"pass","Package":"github.com/JDinSeattle/forge-runtime/cmd/forge-runner","Test":"TestFaultPlanRejectsUnsafeScopeAndLocation/point","Elapsed":0}
{"Time":"2026-09-11T17:27:24.403625374-07:00","Action":"run","Package":"github.com/JDinSeattle/forge-runtime/cmd/forge-runner","Test":"TestFaultPlanRejectsUnsafeScopeAndLocation/operation"}
{"Time":"2026-09-11T17:27:24.403634138-07:00","Action":"output","Package":"github.com/JDinSeattle/forge-runtime/cmd/forge-runner","Test":"TestFaultPlanRejectsUnsafeScopeAndLocation/operation","Output":"=== RUN   TestFaultPlanRejectsUnsafeScopeAndLocation/operation\n"}
{"Time":"2026-09-11T17:27:24.40386532-07:00","Action":"output","Package":"github.com/JDinSeattle/forge-runtime/cmd/forge-runner","Test":"TestFaultPlanRejectsUnsafeScopeAndLocation/operation","Output":"--- PASS: TestFaultPlanRejectsUnsafeScopeAndLocation/operation (0.00s)\n"}
{"Time":"2026-09-11T17:27:24.403870282-07:00","Action":"pass","Package":"github.com/JDinSeattle/forge-runtime/cmd/forge-runner","Test":"TestFaultPlanRejectsUnsafeScopeAndLocation/operation","Elapsed":0}
{"Time":"2026-09-11T17:27:24.403881256-07:00","Action":"run","Package":"github.com/JDinSeattle/forge-runtime/cmd/forge-runner","Test":"TestFaultPlanRejectsUnsafeScopeAndLocation/epoch"}
{"Time":"2026-09-11T17:27:24.403884015-07:00","Action":"output","Package":"github.com/JDinSeattle/forge-runtime/cmd/forge-runner","Test":"TestFaultPlanRejectsUnsafeScopeAndLocation/epoch","Output":"=== RUN   TestFaultPlanRejectsUnsafeScopeAndLocation/epoch\n"}
{"Time":"2026-09-11T17:27:24.404095409-07:00","Action":"output","Package":"github.com/JDinSeattle/forge-runtime/cmd/forge-runner","Test":"TestFaultPlanRejectsUnsafeScopeAndLocation/epoch","Output":"--- PASS: TestFaultPlanRejectsUnsafeScopeAndLocation/epoch (0.00s)\n"}
{"Time":"2026-09-11T17:27:24.404101758-07:00","Action":"pass","Package":"github.com/JDinSeattle/forge-runtime/cmd/forge-runner","Test":"TestFaultPlanRejectsUnsafeScopeAndLocation/epoch","Elapsed":0}
{"Time":"2026-09-11T17:27:24.404110518-07:00","Action":"run","Package":"github.com/JDinSeattle/forge-runtime/cmd/forge-runner","Test":"TestFaultPlanRejectsUnsafeScopeAndLocation/expired"}
{"Time":"2026-09-11T17:27:24.404113356-07:00","Action":"output","Package":"github.com/JDinSeattle/forge-runtime/cmd/forge-runner","Test":"TestFaultPlanRejectsUnsafeScopeAndLocation/expired","Output":"=== RUN   TestFaultPlanRejectsUnsafeScopeAndLocation/expired\n"}
{"Time":"2026-09-11T17:27:24.404330512-07:00","Action":"output","Package":"github.com/JDinSeattle/forge-runtime/cmd/forge-runner","Test":"TestFaultPlanRejectsUnsafeScopeAndLocation/expired","Output":"--- PASS: TestFaultPlanRejectsUnsafeScopeAndLocation/expired (0.00s)\n"}
{"Time":"2026-09-11T17:27:24.404334419-07:00","Action":"pass","Package":"github.com/JDinSeattle/forge-runtime/cmd/forge-runner","Test":"TestFaultPlanRejectsUnsafeScopeAndLocation/expired","Elapsed":0}
{"Time":"2026-09-11T17:27:24.404345007-07:00","Action":"run","Package":"github.com/JDinSeattle/forge-runtime/cmd/forge-runner","Test":"TestFaultPlanRejectsUnsafeScopeAndLocation/long_expiry"}
{"Time":"2026-09-11T17:27:24.404347634-07:00","Action":"output","Package":"github.com/JDinSeattle/forge-runtime/cmd/forge-runner","Test":"TestFaultPlanRejectsUnsafeScopeAndLocation/long_expiry","Output":"=== RUN   TestFaultPlanRejectsUnsafeScopeAndLocation/long_expiry\n"}
{"Time":"2026-09-11T17:27:24.404573893-07:00","Action":"output","Package":"github.com/JDinSeattle/forge-runtime/cmd/forge-runner","Test":"TestFaultPlanRejectsUnsafeScopeAndLocation/long_expiry","Output":"--- PASS: TestFaultPlanRejectsUnsafeScopeAndLocation/long_expiry (0.00s)\n"}
{"Time":"2026-09-11T17:27:24.404587774-07:00","Action":"pass","Package":"github.com/JDinSeattle/forge-runtime/cmd/forge-runner","Test":"TestFaultPlanRejectsUnsafeScopeAndLocation/long_expiry","Elapsed":0}
{"Time":"2026-09-11T17:27:24.404591203-07:00","Action":"run","Package":"github.com/JDinSeattle/forge-runtime/cmd/forge-runner","Test":"TestFaultPlanRejectsUnsafeScopeAndLocation/long_delay"}
{"Time":"2026-09-11T17:27:24.404593776-07:00","Action":"output","Package":"github.com/JDinSeattle/forge-runtime/cmd/forge-runner","Test":"TestFaultPlanRejectsUnsafeScopeAndLocation/long_delay","Output":"=== RUN   TestFaultPlanRejectsUnsafeScopeAndLocation/long_delay\n"}
{"Time":"2026-09-11T17:27:24.404823061-07:00","Action":"output","Package":"github.com/JDinSeattle/forge-runtime/cmd/forge-runner","Test":"TestFaultPlanRejectsUnsafeScopeAndLocation/long_delay","Output":"--- PASS: TestFaultPlanRejectsUnsafeScopeAndLocation/long_delay (0.00s)\n"}
{"Time":"2026-09-11T17:27:24.404827814-07:00","Action":"pass","Package":"github.com/JDinSeattle/forge-runtime/cmd/forge-runner","Test":"TestFaultPlanRejectsUnsafeScopeAndLocation/long_delay","Elapsed":0}
{"Time":"2026-09-11T17:27:24.404838916-07:00","Action":"run","Package":"github.com/JDinSeattle/forge-runtime/cmd/forge-runner","Test":"TestFaultPlanRejectsUnsafeScopeAndLocation/public"}
{"Time":"2026-09-11T17:27:24.404842783-07:00","Action":"output","Package":"github.com/JDinSeattle/forge-runtime/cmd/forge-runner","Test":"TestFaultPlanRejectsUnsafeScopeAndLocation/public","Output":"=== RUN   TestFaultPlanRejectsUnsafeScopeAndLocation/public\n"}
{"Time":"2026-09-11T17:27:24.405012065-07:00","Action":"output","Package":"github.com/JDinSeattle/forge-runtime/cmd/forge-runner","Test":"TestFaultPlanRejectsUnsafeScopeAndLocation/public","Output":"--- PASS: TestFaultPlanRejectsUnsafeScopeAndLocation/public (0.00s)\n"}
{"Time":"2026-09-11T17:27:24.405016118-07:00","Action":"pass","Package":"github.com/JDinSeattle/forge-runtime/cmd/forge-runner","Test":"TestFaultPlanRejectsUnsafeScopeAndLocation/public","Elapsed":0}
{"Time":"2026-09-11T17:27:24.40503179-07:00","Action":"run","Package":"github.com/JDinSeattle/forge-runtime/cmd/forge-runner","Test":"TestFaultPlanRejectsUnsafeScopeAndLocation/symlink"}
{"Time":"2026-09-11T17:27:24.405034748-07:00","Action":"output","Package":"github.com/JDinSeattle/forge-runtime/cmd/forge-runner","Test":"TestFaultPlanRejectsUnsafeScopeAndLocation/symlink","Output":"=== RUN   TestFaultPlanRejectsUnsafeScopeAndLocation/symlink\n"}
{"Time":"2026-09-11T17:27:24.40522772-07:00","Action":"output","Package":"github.com/JDinSeattle/forge-runtime/cmd/forge-runner","Test":"TestFaultPlanRejectsUnsafeScopeAndLocation/symlink","Output":"--- PASS: TestFaultPlanRejectsUnsafeScopeAndLocation/symlink (0.00s)\n"}
{"Time":"2026-09-11T17:27:24.405232267-07:00","Action":"pass","Package":"github.com/JDinSeattle/forge-runtime/cmd/forge-runner","Test":"TestFaultPlanRejectsUnsafeScopeAndLocation/symlink","Elapsed":0}
{"Time":"2026-09-11T17:27:24.405246247-07:00","Action":"run","Package":"github.com/JDinSeattle/forge-runtime/cmd/forge-runner","Test":"TestFaultPlanRejectsUnsafeScopeAndLocation/outside"}
{"Time":"2026-09-11T17:27:24.405249095-07:00","Action":"output","Package":"github.com/JDinSeattle/forge-runtime/cmd/forge-runner","Test":"TestFaultPlanRejectsUnsafeScopeAndLocation/outside","Output":"=== RUN   TestFaultPlanRejectsUnsafeScopeAndLocation/outside\n"}
{"Time":"2026-09-11T17:27:24.405425491-07:00","Action":"output","Package":"github.com/JDinSeattle/forge-runtime/cmd/forge-runner","Test":"TestFaultPlanRejectsUnsafeScopeAndLocation/outside","Output":"--- PASS: TestFaultPlanRejectsUnsafeScopeAndLocation/outside (0.00s)\n"}
{"Time":"2026-09-11T17:27:24.40543246-07:00","Action":"pass","Package":"github.com/JDinSeattle/forge-runtime/cmd/forge-runner","Test":"TestFaultPlanRejectsUnsafeScopeAndLocation/outside","Elapsed":0}
{"Time":"2026-09-11T17:27:24.405449399-07:00","Action":"output","Package":"github.com/JDinSeattle/forge-runtime/cmd/forge-runner","Test":"TestFaultPlanRejectsUnsafeScopeAndLocation","Output":"--- PASS: TestFaultPlanRejectsUnsafeScopeAndLocation (0.00s)\n"}
{"Time":"2026-09-11T17:27:24.40545603-07:00","Action":"pass","Package":"github.com/JDinSeattle/forge-runtime/cmd/forge-runner","Test":"TestFaultPlanRejectsUnsafeScopeAndLocation","Elapsed":0}
{"Time":"2026-09-11T17:27:24.405472024-07:00","Action":"run","Package":"github.com/JDinSeattle/forge-runtime/cmd/forge-runner","Test":"TestFaultPlanExactScopeOneShotAcrossReload"}
{"Time":"2026-09-11T17:27:24.405475044-07:00","Action":"output","Package":"github.com/JDinSeattle/forge-runtime/cmd/forge-runner","Test":"TestFaultPlanExactScopeOneShotAcrossReload","Output":"=== RUN   TestFaultPlanExactScopeOneShotAcrossReload\n"}
{"Time":"2026-09-11T17:27:24.417842711-07:00","Action":"run","Package":"github.com/JDinSeattle/forge-runtime/benchmarks","Test":"TestSubmissionResponseLossEvidence"}
{"Time":"2026-09-11T17:27:24.417872153-07:00","Action":"output","Package":"github.com/JDinSeattle/forge-runtime/benchmarks","Test":"TestSubmissionResponseLossEvidence","Output":"=== RUN   TestSubmissionResponseLossEvidence\n"}
{"Time":"2026-09-11T17:27:24.417889992-07:00","Action":"output","Package":"github.com/JDinSeattle/forge-runtime/benchmarks","Test":"TestSubmissionResponseLossEvidence","Output":"    api_fault_test.go:199: set FORGE_RUN_API_FAULT=1 and FORGE_TEST_DATABASE_URL\n"}
{"Time":"2026-09-11T17:27:24.417895885-07:00","Action":"output","Package":"github.com/JDinSeattle/forge-runtime/benchmarks","Test":"TestSubmissionResponseLossEvidence","Output":"--- SKIP: TestSubmissionResponseLossEvidence (0.00s)\n"}
{"Time":"2026-09-11T17:27:24.417899355-07:00","Action":"skip","Package":"github.com/JDinSeattle/forge-runtime/benchmarks","Test":"TestSubmissionResponseLossEvidence","Elapsed":0}
{"Time":"2026-09-11T17:27:24.41790752-07:00","Action":"run","Package":"github.com/JDinSeattle/forge-runtime/benchmarks","Test":"TestSubmissionDropFixtureRequiresDurabilityAndIsScoped"}
{"Time":"2026-09-11T17:27:24.41791065-07:00","Action":"output","Package":"github.com/JDinSeattle/forge-runtime/benchmarks","Test":"TestSubmissionDropFixtureRequiresDurabilityAndIsScoped","Output":"=== RUN   TestSubmissionDropFixtureRequiresDurabilityAndIsScoped\n"}
{"Time":"2026-09-11T17:27:24.418031378-07:00","Action":"output","Package":"github.com/JDinSeattle/forge-runtime/benchmarks","Test":"TestSubmissionDropFixtureRequiresDurabilityAndIsScoped","Output":"--- PASS: TestSubmissionDropFixtureRequiresDurabilityAndIsScoped (0.00s)\n"}
{"Time":"2026-09-11T17:27:24.418036353-07:00","Action":"pass","Package":"github.com/JDinSeattle/forge-runtime/benchmarks","Test":"TestSubmissionDropFixtureRequiresDurabilityAndIsScoped","Elapsed":0}
{"Time":"2026-09-11T17:27:24.41804518-07:00","Action":"run","Package":"github.com/JDinSeattle/forge-runtime/benchmarks","Test":"TestSubmissionDropFixtureNeverLosesResponseWithoutCommitProof"}
{"Time":"2026-09-11T17:27:24.41804798-07:00","Action":"output","Package":"github.com/JDinSeattle/forge-runtime/benchmarks","Test":"TestSubmissionDropFixtureNeverLosesResponseWithoutCommitProof","Output":"=== RUN   TestSubmissionDropFixtureNeverLosesResponseWithoutCommitProof\n"}
{"Time":"2026-09-11T17:27:24.418107012-07:00","Action":"output","Package":"github.com/JDinSeattle/forge-runtime/benchmarks","Test":"TestSubmissionDropFixtureNeverLosesResponseWithoutCommitProof","Output":"--- PASS: TestSubmissionDropFixtureNeverLosesResponseWithoutCommitProof (0.00s)\n"}
{"Time":"2026-09-11T17:27:24.41811199-07:00","Action":"pass","Package":"github.com/JDinSeattle/forge-runtime/benchmarks","Test":"TestSubmissionDropFixtureNeverLosesResponseWithoutCommitProof","Elapsed":0}
{"Time":"2026-09-11T17:27:24.418121788-07:00","Action":"run","Package":"github.com/JDinSeattle/forge-runtime/benchmarks","Test":"TestSSEConnectionChurnEvidence"}
{"Time":"2026-09-11T17:27:24.418124526-07:00","Action":"output","Package":"github.com/JDinSeattle/forge-runtime/benchmarks","Test":"TestSSEConnectionChurnEvidence","Output":"=== RUN   TestSSEConnectionChurnEvidence\n"}
{"Time":"2026-09-11T17:27:24.418147795-07:00","Action":"output","Package":"github.com/JDinSeattle/forge-runtime/benchmarks","Test":"TestSSEConnectionChurnEvidence","Output":"    churn_test.go:52: set FORGE_RUN_BENCHMARK=1 and FORGE_TEST_DATABASE_URL\n"}
{"Time":"2026-09-11T17:27:24.41816406-07:00","Action":"output","Package":"github.com/JDinSeattle/forge-runtime/benchmarks","Test":"TestSSEConnectionChurnEvidence","Output":"--- SKIP: TestSSEConnectionChurnEvidence (0.00s)\n"}
{"Time":"2026-09-11T17:27:24.418169394-07:00","Action":"skip","Package":"github.com/JDinSeattle/forge-runtime/benchmarks","Test":"TestSSEConnectionChurnEvidence","Elapsed":0}
{"Time":"2026-09-11T17:27:24.418179125-07:00","Action":"run","Package":"github.com/JDinSeattle/forge-runtime/benchmarks","Test":"TestHTTPMetadataEvidence"}
{"Time":"2026-09-11T17:27:24.418182409-07:00","Action":"output","Package":"github.com/JDinSeattle/forge-runtime/benchmarks","Test":"TestHTTPMetadataEvidence","Output":"=== RUN   TestHTTPMetadataEvidence\n"}
{"Time":"2026-09-11T17:27:24.418210568-07:00","Action":"output","Package":"github.com/JDinSeattle/forge-runtime/benchmarks","Test":"TestHTTPMetadataEvidence","Output":"    http_test.go:31: opt-in fixed HTTP workload\n"}
{"Time":"2026-09-11T17:27:24.418223184-07:00","Action":"output","Package":"github.com/JDinSeattle/forge-runtime/benchmarks","Test":"TestHTTPMetadataEvidence","Output":"--- SKIP: TestHTTPMetadataEvidence (0.00s)\n"}
{"Time":"2026-09-11T17:27:24.418232955-07:00","Action":"skip","Package":"github.com/JDinSeattle/forge-runtime/benchmarks","Test":"TestHTTPMetadataEvidence","Elapsed":0}
{"Time":"2026-09-11T17:27:24.418241674-07:00","Action":"run","Package":"github.com/JDinSeattle/forge-runtime/benchmarks","Test":"TestK6MetadataEvidence"}
{"Time":"2026-09-11T17:27:24.418244506-07:00","Action":"output","Package":"github.com/JDinSeattle/forge-runtime/benchmarks","Test":"TestK6MetadataEvidence","Output":"=== RUN   TestK6MetadataEvidence\n"}
{"Time":"2026-09-11T17:27:24.418262041-07:00","Action":"output","Package":"github.com/JDinSeattle/forge-runtime/benchmarks","Test":"TestK6MetadataEvidence","Output":"    k6_test.go:22: opt-in actual k6 loopback workload\n"}
{"Time":"2026-09-11T17:27:24.418274725-07:00","Action":"output","Package":"github.com/JDinSeattle/forge-runtime/benchmarks","Test":"TestK6MetadataEvidence","Output":"--- SKIP: TestK6MetadataEvidence (0.00s)\n"}
{"Time":"2026-09-11T17:27:24.418282852-07:00","Action":"skip","Package":"github.com/JDinSeattle/forge-runtime/benchmarks","Test":"TestK6MetadataEvidence","Elapsed":0}
{"Time":"2026-09-11T17:27:24.418287909-07:00","Action":"run","Package":"github.com/JDinSeattle/forge-runtime/benchmarks","Test":"TestNativeStreamInterruptedLedgerEvidence"}
{"Time":"2026-09-11T17:27:24.418290435-07:00","Action":"output","Package":"github.com/JDinSeattle/forge-runtime/benchmarks","Test":"TestNativeStreamInterruptedLedgerEvidence","Output":"=== RUN   TestNativeStreamInterruptedLedgerEvidence\n"}
{"Time":"2026-09-11T17:27:24.418314143-07:00","Action":"output","Package":"github.com/JDinSeattle/forge-runtime/benchmarks","Test":"TestNativeStreamInterruptedLedgerEvidence","Output":"    model_stream_fault_test.go:293: set FORGE_RUN_MODEL_STREAM_FAULT=1 and FORGE_TEST_DATABASE_URL for local native HTTP/private PG acceptance\n"}
{"Time":"2026-09-11T17:27:24.418327141-07:00","Action":"output","Package":"github.com/JDinSeattle/forge-runtime/benchmarks","Test":"TestNativeStreamInterruptedLedgerEvidence","Output":"--- SKIP: TestNativeStreamInterruptedLedgerEvidence (0.00s)\n"}
{"Time":"2026-09-11T17:27:24.41833495-07:00","Action":"skip","Package":"github.com/JDinSeattle/forge-runtime/benchmarks","Test":"TestNativeStreamInterruptedLedgerEvidence","Elapsed":0}
{"Time":"2026-09-11T17:27:24.418342956-07:00","Action":"run","Package":"github.com/JDinSeattle/forge-runtime/benchmarks","Test":"TestInterruptedLedgerOracleRejectsReleasedExpense"}
{"Time":"2026-09-11T17:27:24.418345154-07:00","Action":"output","Package":"github.com/JDinSeattle/forge-runtime/benchmarks","Test":"TestInterruptedLedgerOracleRejectsReleasedExpense","Output":"=== RUN   TestInterruptedLedgerOracleRejectsReleasedExpense\n"}
{"Time":"2026-09-11T17:27:24.418483477-07:00","Action":"output","Package":"github.com/JDinSeattle/forge-runtime/benchmarks","Test":"TestInterruptedLedgerOracleRejectsReleasedExpense","Output":"--- PASS: TestInterruptedLedgerOracleRejectsReleasedExpense (0.00s)\n"}
{"Time":"2026-09-11T17:27:24.418488197-07:00","Action":"pass","Package":"github.com/JDinSeattle/forge-runtime/benchmarks","Test":"TestInterruptedLedgerOracleRejectsReleasedExpense","Elapsed":0}
{"Time":"2026-09-11T17:27:24.418496232-07:00","Action":"run","Package":"github.com/JDinSeattle/forge-runtime/benchmarks","Test":"TestSchedulerCompetitionEvidence"}
{"Time":"2026-09-11T17:27:24.41850182-07:00","Action":"output","Package":"github.com/JDinSeattle/forge-runtime/benchmarks","Test":"TestSchedulerCompetitionEvidence","Output":"=== RUN   TestSchedulerCompetitionEvidence\n"}
{"Time":"2026-09-11T17:27:24.418519688-07:00","Action":"output","Package":"github.com/JDinSeattle/forge-runtime/benchmarks","Test":"TestSchedulerCompetitionEvidence","Output":"    scheduler_test.go:66: set FORGE_RUN_BENCHMARK=1 and FORGE_TEST_DATABASE_URL for scoped benchmark\n"}
{"Time":"2026-09-11T17:27:24.418532799-07:00","Action":"output","Package":"github.com/JDinSeattle/forge-runtime/benchmarks","Test":"TestSchedulerCompetitionEvidence","Output":"--- SKIP: TestSchedulerCompetitionEvidence (0.00s)\n"}
{"Time":"2026-09-11T17:27:24.41853944-07:00","Action":"skip","Package":"github.com/JDinSeattle/forge-runtime/benchmarks","Test":"TestSchedulerCompetitionEvidence","Elapsed":0}
{"Time":"2026-09-11T17:27:24.418547496-07:00","Action":"run","Package":"github.com/JDinSeattle/forge-runtime/benchmarks","Test":"TestSSEP02IsolationEvidence"}
{"Time":"2026-09-11T17:27:24.418549862-07:00","Action":"output","Package":"github.com/JDinSeattle/forge-runtime/benchmarks","Test":"TestSSEP02IsolationEvidence","Output":"=== RUN   TestSSEP02IsolationEvidence\n"}
{"Time":"2026-09-11T17:27:24.418578394-07:00","Action":"output","Package":"github.com/JDinSeattle/forge-runtime/benchmarks","Test":"TestSSEP02IsolationEvidence","Output":"    sse_p02_test.go:247: set FORGE_RUN_P02_SSE=1 and FORGE_TEST_DATABASE_URL\n"}
{"Time":"2026-09-11T17:27:24.418591231-07:00","Action":"output","Package":"github.com/JDinSeattle/forge-runtime/benchmarks","Test":"TestSSEP02IsolationEvidence","Output":"--- SKIP: TestSSEP02IsolationEvidence (0.00s)\n"}
{"Time":"2026-09-11T17:27:24.41859899-07:00","Action":"skip","Package":"github.com/JDinSeattle/forge-runtime/benchmarks","Test":"TestSSEP02IsolationEvidence","Elapsed":0}
{"Time":"2026-09-11T17:27:24.418606108-07:00","Action":"run","Package":"github.com/JDinSeattle/forge-runtime/benchmarks","Test":"TestSSESustainedChurnEvidence"}
{"Time":"2026-09-11T17:27:24.418609353-07:00","Action":"output","Package":"github.com/JDinSeattle/forge-runtime/benchmarks","Test":"TestSSESustainedChurnEvidence","Output":"=== RUN   TestSSESustainedChurnEvidence\n"}
{"Time":"2026-09-11T17:27:24.418635362-07:00","Action":"output","Package":"github.com/JDinSeattle/forge-runtime/benchmarks","Test":"TestSSESustainedChurnEvidence","Output":"    sse_plateau_test.go:36: set FORGE_RUN_SUSTAINED_SSE=1 and FORGE_TEST_DATABASE_URL\n"}
{"Time":"2026-09-11T17:27:24.418647581-07:00","Action":"output","Package":"github.com/JDinSeattle/forge-runtime/benchmarks","Test":"TestSSESustainedChurnEvidence","Output":"--- SKIP: TestSSESustainedChurnEvidence (0.00s)\n"}
{"Time":"2026-09-11T17:27:24.418655973-07:00","Action":"skip","Package":"github.com/JDinSeattle/forge-runtime/benchmarks","Test":"TestSSESustainedChurnEvidence","Elapsed":0}
{"Time":"2026-09-11T17:27:24.418662985-07:00","Action":"run","Package":"github.com/JDinSeattle/forge-runtime/benchmarks","Test":"TestSSESteadyStateEvidence"}
{"Time":"2026-09-11T17:27:24.41866542-07:00","Action":"output","Package":"github.com/JDinSeattle/forge-runtime/benchmarks","Test":"TestSSESteadyStateEvidence","Output":"=== RUN   TestSSESteadyStateEvidence\n"}
{"Time":"2026-09-11T17:27:24.418686577-07:00","Action":"output","Package":"github.com/JDinSeattle/forge-runtime/benchmarks","Test":"TestSSESteadyStateEvidence","Output":"    sse_plateau_test.go:36: set FORGE_RUN_SUSTAINED_SSE=1 and FORGE_TEST_DATABASE_URL\n"}
{"Time":"2026-09-11T17:27:24.418699561-07:00","Action":"output","Package":"github.com/JDinSeattle/forge-runtime/benchmarks","Test":"TestSSESteadyStateEvidence","Output":"--- SKIP: TestSSESteadyStateEvidence (0.00s)\n"}
{"Time":"2026-09-11T17:27:24.418707198-07:00","Action":"skip","Package":"github.com/JDinSeattle/forge-runtime/benchmarks","Test":"TestSSESteadyStateEvidence","Elapsed":0}
{"Time":"2026-09-11T17:27:24.418716119-07:00","Action":"run","Package":"github.com/JDinSeattle/forge-runtime/benchmarks","Test":"TestSSESteadyStateOracle"}
{"Time":"2026-09-11T17:27:24.418721936-07:00","Action":"output","Package":"github.com/JDinSeattle/forge-runtime/benchmarks","Test":"TestSSESteadyStateOracle","Output":"=== RUN   TestSSESteadyStateOracle\n"}
{"Time":"2026-09-11T17:27:24.418823594-07:00","Action":"output","Package":"github.com/JDinSeattle/forge-runtime/benchmarks","Test":"TestSSESteadyStateOracle","Output":"--- PASS: TestSSESteadyStateOracle (0.00s)\n"}
{"Time":"2026-09-11T17:27:24.418829909-07:00","Action":"pass","Package":"github.com/JDinSeattle/forge-runtime/benchmarks","Test":"TestSSESteadyStateOracle","Elapsed":0}
{"Time":"2026-09-11T17:27:24.418837937-07:00","Action":"run","Package":"github.com/JDinSeattle/forge-runtime/benchmarks","Test":"TestSSEBackpressureEvidence"}
{"Time":"2026-09-11T17:27:24.418840381-07:00","Action":"output","Package":"github.com/JDinSeattle/forge-runtime/benchmarks","Test":"TestSSEBackpressureEvidence","Output":"=== RUN   TestSSEBackpressureEvidence\n"}
{"Time":"2026-09-11T17:27:24.41886055-07:00","Action":"output","Package":"github.com/JDinSeattle/forge-runtime/benchmarks","Test":"TestSSEBackpressureEvidence","Output":"    sse_sustained_test.go:428: set FORGE_RUN_SUSTAINED_SSE=1 and FORGE_TEST_DATABASE_URL\n"}
{"Time":"2026-09-11T17:27:24.418873295-07:00","Action":"output","Package":"github.com/JDinSeattle/forge-runtime/benchmarks","Test":"TestSSEBackpressureEvidence","Output":"--- SKIP: TestSSEBackpressureEvidence (0.00s)\n"}
{"Time":"2026-09-11T17:27:24.418881601-07:00","Action":"skip","Package":"github.com/JDinSeattle/forge-runtime/benchmarks","Test":"TestSSEBackpressureEvidence","Elapsed":0}
{"Time":"2026-09-11T17:27:24.418889534-07:00","Action":"run","Package":"github.com/JDinSeattle/forge-runtime/benchmarks","Test":"TestSSEPlateauOracle"}
{"Time":"2026-09-11T17:27:24.41889208-07:00","Action":"output","Package":"github.com/JDinSeattle/forge-runtime/benchmarks","Test":"TestSSEPlateauOracle","Output":"=== RUN   TestSSEPlateauOracle\n"}
{"Time":"2026-09-11T17:27:24.418914338-07:00","Action":"output","Package":"github.com/JDinSeattle/forge-runtime/benchmarks","Test":"TestSSEPlateauOracle","Output":"--- PASS: TestSSEPlateauOracle (0.00s)\n"}
{"Time":"2026-09-11T17:27:24.418921935-07:00","Action":"pass","Package":"github.com/JDinSeattle/forge-runtime/benchmarks","Test":"TestSSEPlateauOracle","Elapsed":0}
{"Time":"2026-09-11T17:27:24.418928878-07:00","Action":"run","Package":"github.com/JDinSeattle/forge-runtime/benchmarks","Test":"TestSSEFanoutEvidence"}
{"Time":"2026-09-11T17:27:24.418931183-07:00","Action":"output","Package":"github.com/JDinSeattle/forge-runtime/benchmarks","Test":"TestSSEFanoutEvidence","Output":"=== RUN   TestSSEFanoutEvidence\n"}
{"Time":"2026-09-11T17:27:24.418951997-07:00","Action":"output","Package":"github.com/JDinSeattle/forge-runtime/benchmarks","Test":"TestSSEFanoutEvidence","Output":"    sse_test.go:148: set FORGE_RUN_BENCHMARK=1 and FORGE_TEST_DATABASE_URL\n"}
{"Time":"2026-09-11T17:27:24.418965019-07:00","Action":"output","Package":"github.com/JDinSeattle/forge-runtime/benchmarks","Test":"TestSSEFanoutEvidence","Output":"--- SKIP: TestSSEFanoutEvidence (0.00s)\n"}
{"Time":"2026-09-11T17:27:24.418971546-07:00","Action":"skip","Package":"github.com/JDinSeattle/forge-runtime/benchmarks","Test":"TestSSEFanoutEvidence","Elapsed":0}
{"Time":"2026-09-11T17:27:24.418980161-07:00","Action":"run","Package":"github.com/JDinSeattle/forge-runtime/benchmarks","Test":"TestTerminalSimulationEvidence"}
{"Time":"2026-09-11T17:27:24.418982399-07:00","Action":"output","Package":"github.com/JDinSeattle/forge-runtime/benchmarks","Test":"TestTerminalSimulationEvidence","Output":"=== RUN   TestTerminalSimulationEvidence\n"}
{"Time":"2026-09-11T17:27:24.419005768-07:00","Action":"output","Package":"github.com/JDinSeattle/forge-runtime/benchmarks","Test":"TestTerminalSimulationEvidence","Output":"    terminal_test.go:86: set FORGE_RUN_TERMINAL_BENCHMARK=1 and the dedicated loopback database\n"}
{"Time":"2026-09-11T17:27:24.419018332-07:00","Action":"output","Package":"github.com/JDinSeattle/forge-runtime/benchmarks","Test":"TestTerminalSimulationEvidence","Output":"--- SKIP: TestTerminalSimulationEvidence (0.00s)\n"}
{"Time":"2026-09-11T17:27:24.419023744-07:00","Action":"skip","Package":"github.com/JDinSeattle/forge-runtime/benchmarks","Test":"TestTerminalSimulationEvidence","Elapsed":0}
{"Time":"2026-09-11T17:27:24.419037453-07:00","Action":"output","Package":"github.com/JDinSeattle/forge-runtime/benchmarks","Output":"PASS\n"}
{"Time":"2026-09-11T17:27:24.423418187-07:00","Action":"output","Package":"github.com/JDinSeattle/forge-runtime/cmd/forge-runner","Test":"TestFaultPlanExactScopeOneShotAcrossReload","Output":"--- PASS: TestFaultPlanExactScopeOneShotAcrossReload (0.02s)\n"}
{"Time":"2026-09-11T17:27:24.423435326-07:00","Action":"pass","Package":"github.com/JDinSeattle/forge-runtime/cmd/forge-runner","Test":"TestFaultPlanExactScopeOneShotAcrossReload","Elapsed":0.02}
{"Time":"2026-09-11T17:27:24.423448293-07:00","Action":"output","Package":"github.com/JDinSeattle/forge-runtime/cmd/forge-runner","Output":"PASS\n"}
{"Time":"2026-09-11T17:27:24.469058199-07:00","Action":"output","Package":"github.com/JDinSeattle/forge-runtime/cmd/forge","Test":"TestSubmitUncertaintyRetainsKeyWithoutAutomaticReplay","Output":"--- PASS: TestSubmitUncertaintyRetainsKeyWithoutAutomaticReplay (0.07s)\n"}
{"Time":"2026-09-11T17:27:24.469083654-07:00","Action":"pass","Package":"github.com/JDinSeattle/forge-runtime/cmd/forge","Test":"TestSubmitUncertaintyRetainsKeyWithoutAutomaticReplay","Elapsed":0.07}
{"Time":"2026-09-11T17:27:24.46909119-07:00","Action":"run","Package":"github.com/JDinSeattle/forge-runtime/cmd/forge","Test":"TestExplicitIdempotencyKeyBindsBody"}
{"Time":"2026-09-11T17:27:24.469094078-07:00","Action":"output","Package":"github.com/JDinSeattle/forge-runtime/cmd/forge","Test":"TestExplicitIdempotencyKeyBindsBody","Output":"=== RUN   TestExplicitIdempotencyKeyBindsBody\n"}
{"Time":"2026-09-11T17:27:24.475884739-07:00","Action":"output","Package":"github.com/JDinSeattle/forge-runtime/cmd/forge","Test":"TestExplicitIdempotencyKeyBindsBody","Output":"--- PASS: TestExplicitIdempotencyKeyBindsBody (0.01s)\n"}
{"Time":"2026-09-11T17:27:24.475898394-07:00","Action":"pass","Package":"github.com/JDinSeattle/forge-runtime/cmd/forge","Test":"TestExplicitIdempotencyKeyBindsBody","Elapsed":0.01}
{"Time":"2026-09-11T17:27:24.475904107-07:00","Action":"run","Package":"github.com/JDinSeattle/forge-runtime/cmd/forge","Test":"TestWatchReconnectDeduplicatesAndStopsAtFinished"}
{"Time":"2026-09-11T17:27:24.475906764-07:00","Action":"output","Package":"github.com/JDinSeattle/forge-runtime/cmd/forge","Test":"TestWatchReconnectDeduplicatesAndStopsAtFinished","Output":"=== RUN   TestWatchReconnectDeduplicatesAndStopsAtFinished\n"}
{"Time":"2026-09-11T17:27:24.477276829-07:00","Action":"output","Package":"github.com/JDinSeattle/forge-runtime/cmd/forge","Test":"TestWatchReconnectDeduplicatesAndStopsAtFinished","Output":"--- PASS: TestWatchReconnectDeduplicatesAndStopsAtFinished (0.00s)\n"}
{"Time":"2026-09-11T17:27:24.477289614-07:00","Action":"pass","Package":"github.com/JDinSeattle/forge-runtime/cmd/forge","Test":"TestWatchReconnectDeduplicatesAndStopsAtFinished","Elapsed":0}
{"Time":"2026-09-11T17:27:24.477292677-07:00","Action":"run","Package":"github.com/JDinSeattle/forge-runtime/cmd/forge","Test":"TestWatchExpiredCursorFetchesSnapshot"}
{"Time":"2026-09-11T17:27:24.477294357-07:00","Action":"output","Package":"github.com/JDinSeattle/forge-runtime/cmd/forge","Test":"TestWatchExpiredCursorFetchesSnapshot","Output":"=== RUN   TestWatchExpiredCursorFetchesSnapshot\n"}
{"Time":"2026-09-11T17:27:24.479922028-07:00","Action":"output","Package":"github.com/JDinSeattle/forge-runtime/cmd/forge","Test":"TestWatchExpiredCursorFetchesSnapshot","Output":"--- PASS: TestWatchExpiredCursorFetchesSnapshot (0.00s)\n"}
{"Time":"2026-09-11T17:27:24.479941248-07:00","Action":"pass","Package":"github.com/JDinSeattle/forge-runtime/cmd/forge","Test":"TestWatchExpiredCursorFetchesSnapshot","Elapsed":0}
{"Time":"2026-09-11T17:27:24.479952226-07:00","Action":"run","Package":"github.com/JDinSeattle/forge-runtime/cmd/forge","Test":"TestSSEBoundsAndPartialFrame"}
{"Time":"2026-09-11T17:27:24.479957343-07:00","Action":"output","Package":"github.com/JDinSeattle/forge-runtime/cmd/forge","Test":"TestSSEBoundsAndPartialFrame","Output":"=== RUN   TestSSEBoundsAndPartialFrame\n"}
{"Time":"2026-09-11T17:27:24.483661379-07:00","Action":"run","Package":"github.com/JDinSeattle/forge-runtime/cmd/forge","Test":"TestSSEBoundsAndPartialFrame/partial"}
{"Time":"2026-09-11T17:27:24.483677818-07:00","Action":"output","Package":"github.com/JDinSeattle/forge-runtime/cmd/forge","Test":"TestSSEBoundsAndPartialFrame/partial","Output":"=== RUN   TestSSEBoundsAndPartialFrame/partial\n"}
{"Time":"2026-09-11T17:27:24.48372605-07:00","Action":"output","Package":"github.com/JDinSeattle/forge-runtime/cmd/forge","Test":"TestSSEBoundsAndPartialFrame/partial","Output":"--- PASS: TestSSEBoundsAndPartialFrame/partial (0.00s)\n"}
{"Time":"2026-09-11T17:27:24.483736176-07:00","Action":"pass","Package":"github.com/JDinSeattle/forge-runtime/cmd/forge","Test":"TestSSEBoundsAndPartialFrame/partial","Elapsed":0}
{"Time":"2026-09-11T17:27:24.48375465-07:00","Action":"run","Package":"github.com/JDinSeattle/forge-runtime/cmd/forge","Test":"TestSSEBoundsAndPartialFrame/oversize"}
{"Time":"2026-09-11T17:27:24.483759862-07:00","Action":"output","Package":"github.com/JDinSeattle/forge-runtime/cmd/forge","Test":"TestSSEBoundsAndPartialFrame/oversize","Output":"=== RUN   TestSSEBoundsAndPartialFrame/oversize\n"}
{"Time":"2026-09-11T17:27:24.48864086-07:00","Action":"output","Package":"github.com/JDinSeattle/forge-runtime/cmd/forge","Test":"TestSSEBoundsAndPartialFrame/oversize","Output":"--- PASS: TestSSEBoundsAndPartialFrame/oversize (0.00s)\n"}
{"Time":"2026-09-11T17:27:24.488661117-07:00","Action":"pass","Package":"github.com/JDinSeattle/forge-runtime/cmd/forge","Test":"TestSSEBoundsAndPartialFrame/oversize","Elapsed":0}
{"Time":"2026-09-11T17:27:24.488667587-07:00","Action":"run","Package":"github.com/JDinSeattle/forge-runtime/cmd/forge","Test":"TestSSEBoundsAndPartialFrame/identity"}
{"Time":"2026-09-11T17:27:24.488670611-07:00","Action":"output","Package":"github.com/JDinSeattle/forge-runtime/cmd/forge","Test":"TestSSEBoundsAndPartialFrame/identity","Output":"=== RUN   TestSSEBoundsAndPartialFrame/identity\n"}
{"Time":"2026-09-11T17:27:24.488728672-07:00","Action":"output","Package":"github.com/JDinSeattle/forge-runtime/cmd/forge","Test":"TestSSEBoundsAndPartialFrame/identity","Output":"--- PASS: TestSSEBoundsAndPartialFrame/identity (0.00s)\n"}
{"Time":"2026-09-11T17:27:24.488742702-07:00","Action":"pass","Package":"github.com/JDinSeattle/forge-runtime/cmd/forge","Test":"TestSSEBoundsAndPartialFrame/identity","Elapsed":0}
{"Time":"2026-09-11T17:27:24.48874729-07:00","Action":"run","Package":"github.com/JDinSeattle/forge-runtime/cmd/forge","Test":"TestSSEBoundsAndPartialFrame/gap"}
{"Time":"2026-09-11T17:27:24.488754014-07:00","Action":"output","Package":"github.com/JDinSeattle/forge-runtime/cmd/forge","Test":"TestSSEBoundsAndPartialFrame/gap","Output":"=== RUN   TestSSEBoundsAndPartialFrame/gap\n"}
{"Time":"2026-09-11T17:27:24.488957585-07:00","Action":"output","Package":"github.com/JDinSeattle/forge-runtime/cmd/forge","Test":"TestSSEBoundsAndPartialFrame/gap","Output":"--- PASS: TestSSEBoundsAndPartialFrame/gap (0.00s)\n"}
{"Time":"2026-09-11T17:27:24.488964522-07:00","Action":"pass","Package":"github.com/JDinSeattle/forge-runtime/cmd/forge","Test":"TestSSEBoundsAndPartialFrame/gap","Elapsed":0}
{"Time":"2026-09-11T17:27:24.488968421-07:00","Action":"run","Package":"github.com/JDinSeattle/forge-runtime/cmd/forge","Test":"TestSSEBoundsAndPartialFrame/heartbeat"}
{"Time":"2026-09-11T17:27:24.488971082-07:00","Action":"output","Package":"github.com/JDinSeattle/forge-runtime/cmd/forge","Test":"TestSSEBoundsAndPartialFrame/heartbeat","Output":"=== RUN   TestSSEBoundsAndPartialFrame/heartbeat\n"}
{"Time":"2026-09-11T17:27:24.489034559-07:00","Action":"output","Package":"github.com/JDinSeattle/forge-runtime/cmd/forge","Test":"TestSSEBoundsAndPartialFrame/heartbeat","Output":"--- PASS: TestSSEBoundsAndPartialFrame/heartbeat (0.00s)\n"}
{"Time":"2026-09-11T17:27:24.489046316-07:00","Action":"pass","Package":"github.com/JDinSeattle/forge-runtime/cmd/forge","Test":"TestSSEBoundsAndPartialFrame/heartbeat","Elapsed":0}
{"Time":"2026-09-11T17:27:24.489053122-07:00","Action":"output","Package":"github.com/JDinSeattle/forge-runtime/cmd/forge","Test":"TestSSEBoundsAndPartialFrame","Output":"--- PASS: TestSSEBoundsAndPartialFrame (0.01s)\n"}
{"Time":"2026-09-11T17:27:24.489058007-07:00","Action":"pass","Package":"github.com/JDinSeattle/forge-runtime/cmd/forge","Test":"TestSSEBoundsAndPartialFrame","Elapsed":0.01}
{"Time":"2026-09-11T17:27:24.489064955-07:00","Action":"run","Package":"github.com/JDinSeattle/forge-runtime/cmd/forge","Test":"TestCredentialRedirectIsRefused"}
{"Time":"2026-09-11T17:27:24.489068188-07:00","Action":"output","Package":"github.com/JDinSeattle/forge-runtime/cmd/forge","Test":"TestCredentialRedirectIsRefused","Output":"=== RUN   TestCredentialRedirectIsRefused\n"}
{"Time":"2026-09-11T17:27:24.490387664-07:00","Action":"output","Package":"github.com/JDinSeattle/forge-runtime/cmd/forge","Test":"TestCredentialRedirectIsRefused","Output":"--- PASS: TestCredentialRedirectIsRefused (0.00s)\n"}
{"Time":"2026-09-11T17:27:24.490411355-07:00","Action":"pass","Package":"github.com/JDinSeattle/forge-runtime/cmd/forge","Test":"TestCredentialRedirectIsRefused","Elapsed":0}
{"Time":"2026-09-11T17:27:24.490431952-07:00","Action":"run","Package":"github.com/JDinSeattle/forge-runtime/cmd/forge","Test":"TestDownloadRejectsCorruptionAndPreservesDestination"}
{"Time":"2026-09-11T17:27:24.49043637-07:00","Action":"output","Package":"github.com/JDinSeattle/forge-runtime/cmd/forge","Test":"TestDownloadRejectsCorruptionAndPreservesDestination","Output":"=== RUN   TestDownloadRejectsCorruptionAndPreservesDestination\n"}
{"Time":"2026-09-11T17:27:24.504844673-07:00","Action":"start","Package":"github.com/JDinSeattle/forge-runtime/internal/application"}
{"Time":"2026-09-11T17:27:24.504957567-07:00","Action":"start","Package":"github.com/JDinSeattle/forge-runtime/internal/artifact"}
{"Time":"2026-09-11T17:27:24.505042303-07:00","Action":"start","Package":"github.com/JDinSeattle/forge-runtime/internal/configuration"}
{"Time":"2026-09-11T17:27:24.505070766-07:00","Action":"start","Package":"github.com/JDinSeattle/forge-runtime/internal/dependency"}
{"Time":"2026-09-11T17:27:24.505096683-07:00","Action":"start","Package":"github.com/JDinSeattle/forge-runtime/internal/domain"}
{"Time":"2026-09-11T17:27:24.50519958-07:00","Action":"start","Package":"github.com/JDinSeattle/forge-runtime/internal/eventstream"}
{"Time":"2026-09-11T17:27:24.505254182-07:00","Action":"start","Package":"github.com/JDinSeattle/forge-runtime/internal/httpapi"}
{"Time":"2026-09-11T17:27:24.505345052-07:00","Action":"start","Package":"github.com/JDinSeattle/forge-runtime/internal/httpcontract"}
{"Time":"2026-09-11T17:27:24.505370309-07:00","Action":"output","Package":"github.com/JDinSeattle/forge-runtime/internal/httpcontract","Output":"?   \tgithub.com/JDinSeattle/forge-runtime/internal/httpcontract\t[no test files]\n"}
{"Time":"2026-09-11T17:27:24.505379377-07:00","Action":"skip","Package":"github.com/JDinSeattle/forge-runtime/internal/httpcontract","Elapsed":0}
{"Time":"2026-09-11T17:27:24.5053879-07:00","Action":"start","Package":"github.com/JDinSeattle/forge-runtime/internal/localsetup"}
{"Time":"2026-09-11T17:27:24.505484233-07:00","Action":"start","Package":"github.com/JDinSeattle/forge-runtime/internal/persistence"}
{"Time":"2026-09-11T17:27:24.505600417-07:00","Action":"start","Package":"github.com/JDinSeattle/forge-runtime/internal/persistence/sqlgen"}
{"Time":"2026-09-11T17:27:24.505613875-07:00","Action":"output","Package":"github.com/JDinSeattle/forge-runtime/internal/persistence/sqlgen","Output":"?   \tgithub.com/JDinSeattle/forge-runtime/internal/persistence/sqlgen\t[no test files]\n"}
{"Time":"2026-09-11T17:27:24.50561805-07:00","Action":"skip","Package":"github.com/JDinSeattle/forge-runtime/internal/persistence/sqlgen","Elapsed":0}
{"Time":"2026-09-11T17:27:24.505626257-07:00","Action":"start","Package":"github.com/JDinSeattle/forge-runtime/internal/provider"}
{"Time":"2026-09-11T17:27:24.50570284-07:00","Action":"start","Package":"github.com/JDinSeattle/forge-runtime/internal/quota"}
{"Time":"2026-09-11T17:27:24.505725563-07:00","Action":"output","Package":"github.com/JDinSeattle/forge-runtime/cmd/forge","Test":"TestDownloadRejectsCorruptionAndPreservesDestination","Output":"--- PASS: TestDownloadRejectsCorruptionAndPreservesDestination (0.02s)\n"}
{"Time":"2026-09-11T17:27:24.505739922-07:00","Action":"pass","Package":"github.com/JDinSeattle/forge-runtime/cmd/forge","Test":"TestDownloadRejectsCorruptionAndPreservesDestination","Elapsed":0.02}
{"Time":"2026-09-11T17:27:24.50574455-07:00","Action":"run","Package":"github.com/JDinSeattle/forge-runtime/cmd/forge","Test":"TestApprovalUsesSavedBindingInsteadOfFetchingNewPermission"}
{"Time":"2026-09-11T17:27:24.505746982-07:00","Action":"output","Package":"github.com/JDinSeattle/forge-runtime/cmd/forge","Test":"TestApprovalUsesSavedBindingInsteadOfFetchingNewPermission","Output":"=== RUN   TestApprovalUsesSavedBindingInsteadOfFetchingNewPermission\n"}
{"Time":"2026-09-11T17:27:24.505787991-07:00","Action":"start","Package":"github.com/JDinSeattle/forge-runtime/internal/retention"}
{"Time":"2026-09-11T17:27:24.505861685-07:00","Action":"start","Package":"github.com/JDinSeattle/forge-runtime/internal/runner"}
{"Time":"2026-09-11T17:27:24.505939025-07:00","Action":"start","Package":"github.com/JDinSeattle/forge-runtime/internal/runnerclient"}
{"Time":"2026-09-11T17:27:24.506045345-07:00","Action":"start","Package":"github.com/JDinSeattle/forge-runtime/internal/runtime"}
{"Time":"2026-09-11T17:27:24.506147488-07:00","Action":"start","Package":"github.com/JDinSeattle/forge-runtime/internal/sandbox"}
{"Time":"2026-09-11T17:27:24.506247336-07:00","Action":"start","Package":"github.com/JDinSeattle/forge-runtime/internal/telemetry"}
{"Time":"2026-09-11T17:27:24.506347358-07:00","Action":"start","Package":"github.com/JDinSeattle/forge-runtime/internal/testdb"}
{"Time":"2026-09-11T17:27:24.506369723-07:00","Action":"output","Package":"github.com/JDinSeattle/forge-runtime/internal/testdb","Output":"?   \tgithub.com/JDinSeattle/forge-runtime/internal/testdb\t[no test files]\n"}
{"Time":"2026-09-11T17:27:24.506375192-07:00","Action":"skip","Package":"github.com/JDinSeattle/forge-runtime/internal/testdb","Elapsed":0}
{"Time":"2026-09-11T17:27:24.506381596-07:00","Action":"start","Package":"github.com/JDinSeattle/forge-runtime/internal/testutil"}
{"Time":"2026-09-11T17:27:24.506385661-07:00","Action":"output","Package":"github.com/JDinSeattle/forge-runtime/internal/testutil","Output":"?   \tgithub.com/JDinSeattle/forge-runtime/internal/testutil\t[no test files]\n"}
{"Time":"2026-09-11T17:27:24.506393922-07:00","Action":"skip","Package":"github.com/JDinSeattle/forge-runtime/internal/testutil","Elapsed":0}
{"Time":"2026-09-11T17:27:24.506398428-07:00","Action":"start","Package":"github.com/JDinSeattle/forge-runtime/proto/runner/v1"}
{"Time":"2026-09-11T17:27:24.506401959-07:00","Action":"output","Package":"github.com/JDinSeattle/forge-runtime/proto/runner/v1","Output":"?   \tgithub.com/JDinSeattle/forge-runtime/proto/runner/v1\t[no test files]\n"}
{"Time":"2026-09-11T17:27:24.50640546-07:00","Action":"skip","Package":"github.com/JDinSeattle/forge-runtime/proto/runner/v1","Elapsed":0}
{"Time":"2026-09-11T17:27:24.506409282-07:00","Action":"start","Package":"github.com/JDinSeattle/forge-runtime/scripts/evaluation"}
{"Time":"2026-09-11T17:27:24.506412805-07:00","Action":"output","Package":"github.com/JDinSeattle/forge-runtime/scripts/evaluation","Output":"?   \tgithub.com/JDinSeattle/forge-runtime/scripts/evaluation\t[no test files]\n"}
{"Time":"2026-09-11T17:27:24.506415975-07:00","Action":"skip","Package":"github.com/JDinSeattle/forge-runtime/scripts/evaluation","Elapsed":0}
{"Time":"2026-09-11T17:27:24.506419546-07:00","Action":"start","Package":"github.com/JDinSeattle/forge-runtime/scripts/faults/application"}
{"Time":"2026-09-11T17:27:24.506525133-07:00","Action":"start","Package":"github.com/JDinSeattle/forge-runtime/tests/client"}
{"Time":"2026-09-11T17:27:24.506580595-07:00","Action":"start","Package":"github.com/JDinSeattle/forge-runtime/tests/review"}
{"Time":"2026-09-11T17:27:24.509237781-07:00","Action":"output","Package":"github.com/JDinSeattle/forge-runtime/cmd/forge","Test":"TestApprovalUsesSavedBindingInsteadOfFetchingNewPermission","Output":"--- PASS: TestApprovalUsesSavedBindingInsteadOfFetchingNewPermission (0.00s)\n"}
{"Time":"2026-09-11T17:27:24.509315422-07:00","Action":"pass","Package":"github.com/JDinSeattle/forge-runtime/cmd/forge","Test":"TestApprovalUsesSavedBindingInsteadOfFetchingNewPermission","Elapsed":0}
{"Time":"2026-09-11T17:27:24.509328838-07:00","Action":"run","Package":"github.com/JDinSeattle/forge-runtime/cmd/forge","Test":"TestSnapshotPreservesLargeNumbersInToolArguments"}
{"Time":"2026-09-11T17:27:24.509333876-07:00","Action":"output","Package":"github.com/JDinSeattle/forge-runtime/cmd/forge","Test":"TestSnapshotPreservesLargeNumbersInToolArguments","Output":"=== RUN   TestSnapshotPreservesLargeNumbersInToolArguments\n"}
{"Time":"2026-09-11T17:27:24.509565061-07:00","Action":"output","Package":"github.com/JDinSeattle/forge-runtime/cmd/forge","Test":"TestSnapshotPreservesLargeNumbersInToolArguments","Output":"--- PASS: TestSnapshotPreservesLargeNumbersInToolArguments (0.00s)\n"}
{"Time":"2026-09-11T17:27:24.509576728-07:00","Action":"pass","Package":"github.com/JDinSeattle/forge-runtime/cmd/forge","Test":"TestSnapshotPreservesLargeNumbersInToolArguments","Elapsed":0}
{"Time":"2026-09-11T17:27:24.50959723-07:00","Action":"run","Package":"github.com/JDinSeattle/forge-runtime/cmd/forge","Test":"TestSubmitParentBindingIsIncludedInIdempotencyReceipt"}
{"Time":"2026-09-11T17:27:24.509602965-07:00","Action":"output","Package":"github.com/JDinSeattle/forge-runtime/cmd/forge","Test":"TestSubmitParentBindingIsIncludedInIdempotencyReceipt","Output":"=== RUN   TestSubmitParentBindingIsIncludedInIdempotencyReceipt\n"}
{"Time":"2026-09-11T17:27:24.514829785-07:00","Action":"run","Package":"github.com/JDinSeattle/forge-runtime/internal/dependency","Test":"TestDependencyBudgetsDoNotCancelParent"}
{"Time":"2026-09-11T17:27:24.514898226-07:00","Action":"output","Package":"github.com/JDinSeattle/forge-runtime/internal/dependency","Test":"TestDependencyBudgetsDoNotCancelParent","Output":"=== RUN   TestDependencyBudgetsDoNotCancelParent\n"}
{"Time":"2026-09-11T17:27:24.514950078-07:00","Action":"output","Package":"github.com/JDinSeattle/forge-runtime/internal/dependency","Test":"TestDependencyBudgetsDoNotCancelParent","Output":"--- PASS: TestDependencyBudgetsDoNotCancelParent (0.00s)\n"}
{"Time":"2026-09-11T17:27:24.514957827-07:00","Action":"pass","Package":"github.com/JDinSeattle/forge-runtime/internal/dependency","Test":"TestDependencyBudgetsDoNotCancelParent","Elapsed":0}
{"Time":"2026-09-11T17:27:24.514973944-07:00","Action":"run","Package":"github.com/JDinSeattle/forge-runtime/internal/dependency","Test":"TestTransactionOperationPreservesDeadlineCause"}
{"Time":"2026-09-11T17:27:24.51497801-07:00","Action":"output","Package":"github.com/JDinSeattle/forge-runtime/internal/dependency","Test":"TestTransactionOperationPreservesDeadlineCause","Output":"=== RUN   TestTransactionOperationPreservesDeadlineCause\n"}
{"Time":"2026-09-11T17:27:24.51624942-07:00","Action":"run","Package":"github.com/JDinSeattle/forge-runtime/internal/sandbox","Test":"TestDockerFailsClosedWithoutActualRootlessCgroupCapabilities"}
{"Time":"2026-09-11T17:27:24.516289342-07:00","Action":"output","Package":"github.com/JDinSeattle/forge-runtime/internal/sandbox","Test":"TestDockerFailsClosedWithoutActualRootlessCgroupCapabilities","Output":"=== RUN   TestDockerFailsClosedWithoutActualRootlessCgroupCapabilities\n"}
{"Time":"2026-09-11T17:27:24.516596521-07:00","Action":"output","Package":"github.com/JDinSeattle/forge-runtime/internal/sandbox","Test":"TestDockerFailsClosedWithoutActualRootlessCgroupCapabilities","Output":"--- PASS: TestDockerFailsClosedWithoutActualRootlessCgroupCapabilities (0.00s)\n"}
{"Time":"2026-09-11T17:27:24.516635023-07:00","Action":"pass","Package":"github.com/JDinSeattle/forge-runtime/internal/sandbox","Test":"TestDockerFailsClosedWithoutActualRootlessCgroupCapabilities","Elapsed":0}
{"Time":"2026-09-11T17:27:24.516642522-07:00","Action":"run","Package":"github.com/JDinSeattle/forge-runtime/internal/sandbox","Test":"TestBoundedLogWriterDrainsWithoutGrowing"}
{"Time":"2026-09-11T17:27:24.516646331-07:00","Action":"output","Package":"github.com/JDinSeattle/forge-runtime/internal/sandbox","Test":"TestBoundedLogWriterDrainsWithoutGrowing","Output":"=== RUN   TestBoundedLogWriterDrainsWithoutGrowing\n"}
{"Time":"2026-09-11T17:27:24.517922494-07:00","Action":"run","Package":"github.com/JDinSeattle/forge-runtime/internal/domain","Test":"TestCanonicalJSONPreservesArgumentHashInputs"}
{"Time":"2026-09-11T17:27:24.517944827-07:00","Action":"output","Package":"github.com/JDinSeattle/forge-runtime/internal/domain","Test":"TestCanonicalJSONPreservesArgumentHashInputs","Output":"=== RUN   TestCanonicalJSONPreservesArgumentHashInputs\n"}
{"Time":"2026-09-11T17:27:24.518262354-07:00","Action":"output","Package":"github.com/JDinSeattle/forge-runtime/internal/sandbox","Test":"TestBoundedLogWriterDrainsWithoutGrowing","Output":"--- PASS: TestBoundedLogWriterDrainsWithoutGrowing (0.00s)\n"}
{"Time":"2026-09-11T17:27:24.518279391-07:00","Action":"pass","Package":"github.com/JDinSeattle/forge-runtime/internal/sandbox","Test":"TestBoundedLogWriterDrainsWithoutGrowing","Elapsed":0}
{"Time":"2026-09-11T17:27:24.518289004-07:00","Action":"output","Package":"github.com/JDinSeattle/forge-runtime/internal/domain","Test":"TestCanonicalJSONPreservesArgumentHashInputs","Output":"--- PASS: TestCanonicalJSONPreservesArgumentHashInputs (0.00s)\n"}
{"Time":"2026-09-11T17:27:24.518294722-07:00","Action":"run","Package":"github.com/JDinSeattle/forge-runtime/internal/sandbox","Test":"TestDockerTmpfsExecutionIsExplicitAndKeepsFixedBounds"}
{"Time":"2026-09-11T17:27:24.518297679-07:00","Action":"output","Package":"github.com/JDinSeattle/forge-runtime/internal/sandbox","Test":"TestDockerTmpfsExecutionIsExplicitAndKeepsFixedBounds","Output":"=== RUN   TestDockerTmpfsExecutionIsExplicitAndKeepsFixedBounds\n"}
{"Time":"2026-09-11T17:27:24.518327168-07:00","Action":"run","Package":"github.com/JDinSeattle/forge-runtime/internal/sandbox","Test":"TestDockerTmpfsExecutionIsExplicitAndKeepsFixedBounds/false"}
{"Time":"2026-09-11T17:27:24.518330198-07:00","Action":"output","Package":"github.com/JDinSeattle/forge-runtime/internal/sandbox","Test":"TestDockerTmpfsExecutionIsExplicitAndKeepsFixedBounds/false","Output":"=== RUN   TestDockerTmpfsExecutionIsExplicitAndKeepsFixedBounds/false\n"}
{"Time":"2026-09-11T17:27:24.518334762-07:00","Action":"pass","Package":"github.com/JDinSeattle/forge-runtime/internal/domain","Test":"TestCanonicalJSONPreservesArgumentHashInputs","Elapsed":0}
{"Time":"2026-09-11T17:27:24.518408678-07:00","Action":"run","Package":"github.com/JDinSeattle/forge-runtime/internal/domain","Test":"TestDuplicateArgumentsCannotBeAdmitted"}
{"Time":"2026-09-11T17:27:24.518427086-07:00","Action":"output","Package":"github.com/JDinSeattle/forge-runtime/internal/domain","Test":"TestDuplicateArgumentsCannotBeAdmitted","Output":"=== RUN   TestDuplicateArgumentsCannotBeAdmitted\n"}
{"Time":"2026-09-11T17:27:24.51859146-07:00","Action":"output","Package":"github.com/JDinSeattle/forge-runtime/internal/domain","Test":"TestDuplicateArgumentsCannotBeAdmitted","Output":"--- PASS: TestDuplicateArgumentsCannotBeAdmitted (0.00s)\n"}
{"Time":"2026-09-11T17:27:24.518612344-07:00","Action":"pass","Package":"github.com/JDinSeattle/forge-runtime/internal/domain","Test":"TestDuplicateArgumentsCannotBeAdmitted","Elapsed":0}
{"Time":"2026-09-11T17:27:24.518624435-07:00","Action":"run","Package":"github.com/JDinSeattle/forge-runtime/internal/domain","Test":"TestMoneyDoesNotUnderReserveOrOverflow"}
{"Time":"2026-09-11T17:27:24.51863914-07:00","Action":"output","Package":"github.com/JDinSeattle/forge-runtime/internal/domain","Test":"TestMoneyDoesNotUnderReserveOrOverflow","Output":"=== RUN   TestMoneyDoesNotUnderReserveOrOverflow\n"}
{"Time":"2026-09-11T17:27:24.518710809-07:00","Action":"output","Package":"github.com/JDinSeattle/forge-runtime/internal/domain","Test":"TestMoneyDoesNotUnderReserveOrOverflow","Output":"--- PASS: TestMoneyDoesNotUnderReserveOrOverflow (0.00s)\n"}
{"Time":"2026-09-11T17:27:24.518720695-07:00","Action":"pass","Package":"github.com/JDinSeattle/forge-runtime/internal/domain","Test":"TestMoneyDoesNotUnderReserveOrOverflow","Elapsed":0}
{"Time":"2026-09-11T17:27:24.518744134-07:00","Action":"run","Package":"github.com/JDinSeattle/forge-runtime/internal/domain","Test":"TestLeaseExpiryBoundary"}
{"Time":"2026-09-11T17:27:24.518751662-07:00","Action":"output","Package":"github.com/JDinSeattle/forge-runtime/internal/domain","Test":"TestLeaseExpiryBoundary","Output":"=== RUN   TestLeaseExpiryBoundary\n"}
{"Time":"2026-09-11T17:27:24.51880899-07:00","Action":"output","Package":"github.com/JDinSeattle/forge-runtime/internal/domain","Test":"TestLeaseExpiryBoundary","Output":"--- PASS: TestLeaseExpiryBoundary (0.00s)\n"}
{"Time":"2026-09-11T17:27:24.51882719-07:00","Action":"pass","Package":"github.com/JDinSeattle/forge-runtime/internal/domain","Test":"TestLeaseExpiryBoundary","Elapsed":0}
{"Time":"2026-09-11T17:27:24.518832534-07:00","Action":"run","Package":"github.com/JDinSeattle/forge-runtime/internal/domain","Test":"TestIDCannotBecomeFilesystemPath"}
{"Time":"2026-09-11T17:27:24.518837413-07:00","Action":"output","Package":"github.com/JDinSeattle/forge-runtime/internal/domain","Test":"TestIDCannotBecomeFilesystemPath","Output":"=== RUN   TestIDCannotBecomeFilesystemPath\n"}
{"Time":"2026-09-11T17:27:24.518903736-07:00","Action":"output","Package":"github.com/JDinSeattle/forge-runtime/internal/domain","Test":"TestIDCannotBecomeFilesystemPath","Output":"--- PASS: TestIDCannotBecomeFilesystemPath (0.00s)\n"}
{"Time":"2026-09-11T17:27:24.518916791-07:00","Action":"pass","Package":"github.com/JDinSeattle/forge-runtime/internal/domain","Test":"TestIDCannotBecomeFilesystemPath","Elapsed":0}
{"Time":"2026-09-11T17:27:24.518964084-07:00","Action":"run","Package":"github.com/JDinSeattle/forge-runtime/internal/domain","Test":"FuzzCostMatchesExactCeiling"}
{"Time":"2026-09-11T17:27:24.518970721-07:00","Action":"output","Package":"github.com/JDinSeattle/forge-runtime/internal/domain","Test":"FuzzCostMatchesExactCeiling","Output":"=== RUN   FuzzCostMatchesExactCeiling\n"}
{"Time":"2026-09-11T17:27:24.51912271-07:00","Action":"run","Package":"github.com/JDinSeattle/forge-runtime/internal/domain","Test":"FuzzCostMatchesExactCeiling/seed#0"}
{"Time":"2026-09-11T17:27:24.51914359-07:00","Action":"output","Package":"github.com/JDinSeattle/forge-runtime/internal/domain","Test":"FuzzCostMatchesExactCeiling/seed#0","Output":"=== RUN   FuzzCostMatchesExactCeiling/seed#0\n"}
{"Time":"2026-09-11T17:27:24.519263854-07:00","Action":"output","Package":"github.com/JDinSeattle/forge-runtime/internal/domain","Test":"FuzzCostMatchesExactCeiling/seed#0","Output":"--- PASS: FuzzCostMatchesExactCeiling/seed#0 (0.00s)\n"}
{"Time":"2026-09-11T17:27:24.519277992-07:00","Action":"pass","Package":"github.com/JDinSeattle/forge-runtime/internal/domain","Test":"FuzzCostMatchesExactCeiling/seed#0","Elapsed":0}
{"Time":"2026-09-11T17:27:24.519302258-07:00","Action":"run","Package":"github.com/JDinSeattle/forge-runtime/internal/domain","Test":"FuzzCostMatchesExactCeiling/seed#1"}
{"Time":"2026-09-11T17:27:24.519308118-07:00","Action":"output","Package":"github.com/JDinSeattle/forge-runtime/internal/domain","Test":"FuzzCostMatchesExactCeiling/seed#1","Output":"=== RUN   FuzzCostMatchesExactCeiling/seed#1\n"}
{"Time":"2026-09-11T17:27:24.519364733-07:00","Action":"output","Package":"github.com/JDinSeattle/forge-runtime/internal/domain","Test":"FuzzCostMatchesExactCeiling/seed#1","Output":"--- PASS: FuzzCostMatchesExactCeiling/seed#1 (0.00s)\n"}
{"Time":"2026-09-11T17:27:24.519382972-07:00","Action":"pass","Package":"github.com/JDinSeattle/forge-runtime/internal/domain","Test":"FuzzCostMatchesExactCeiling/seed#1","Elapsed":0}
{"Time":"2026-09-11T17:27:24.519412029-07:00","Action":"run","Package":"github.com/JDinSeattle/forge-runtime/internal/domain","Test":"FuzzCostMatchesExactCeiling/seed#2"}
{"Time":"2026-09-11T17:27:24.519418044-07:00","Action":"output","Package":"github.com/JDinSeattle/forge-runtime/internal/domain","Test":"FuzzCostMatchesExactCeiling/seed#2","Output":"=== RUN   FuzzCostMatchesExactCeiling/seed#2\n"}
{"Time":"2026-09-11T17:27:24.519478149-07:00","Action":"output","Package":"github.com/JDinSeattle/forge-runtime/internal/domain","Test":"FuzzCostMatchesExactCeiling/seed#2","Output":"--- PASS: FuzzCostMatchesExactCeiling/seed#2 (0.00s)\n"}
{"Time":"2026-09-11T17:27:24.519501657-07:00","Action":"pass","Package":"github.com/JDinSeattle/forge-runtime/internal/domain","Test":"FuzzCostMatchesExactCeiling/seed#2","Elapsed":0}
{"Time":"2026-09-11T17:27:24.51951975-07:00","Action":"run","Package":"github.com/JDinSeattle/forge-runtime/internal/domain","Test":"FuzzCostMatchesExactCeiling/seed#3"}
{"Time":"2026-09-11T17:27:24.519525533-07:00","Action":"output","Package":"github.com/JDinSeattle/forge-runtime/internal/domain","Test":"FuzzCostMatchesExactCeiling/seed#3","Output":"=== RUN   FuzzCostMatchesExactCeiling/seed#3\n"}
{"Time":"2026-09-11T17:27:24.519603926-07:00","Action":"output","Package":"github.com/JDinSeattle/forge-runtime/internal/domain","Test":"FuzzCostMatchesExactCeiling/seed#3","Output":"--- PASS: FuzzCostMatchesExactCeiling/seed#3 (0.00s)\n"}
{"Time":"2026-09-11T17:27:24.519625683-07:00","Action":"pass","Package":"github.com/JDinSeattle/forge-runtime/internal/domain","Test":"FuzzCostMatchesExactCeiling/seed#3","Elapsed":0}
{"Time":"2026-09-11T17:27:24.519633454-07:00","Action":"output","Package":"github.com/JDinSeattle/forge-runtime/internal/domain","Test":"FuzzCostMatchesExactCeiling","Output":"--- PASS: FuzzCostMatchesExactCeiling (0.00s)\n"}
{"Time":"2026-09-11T17:27:24.519660881-07:00","Action":"run","Package":"github.com/JDinSeattle/forge-runtime/internal/artifact","Test":"TestPutDeadlineUnblocksClosableInputAndReleasesPublication"}
{"Time":"2026-09-11T17:27:24.519667802-07:00","Action":"output","Package":"github.com/JDinSeattle/forge-runtime/internal/artifact","Test":"TestPutDeadlineUnblocksClosableInputAndReleasesPublication","Output":"=== RUN   TestPutDeadlineUnblocksClosableInputAndReleasesPublication\n"}
{"Time":"2026-09-11T17:27:24.519691439-07:00","Action":"pass","Package":"github.com/JDinSeattle/forge-runtime/internal/domain","Test":"FuzzCostMatchesExactCeiling","Elapsed":0}
{"Time":"2026-09-11T17:27:24.51969894-07:00","Action":"output","Package":"github.com/JDinSeattle/forge-runtime/internal/domain","Output":"PASS\n"}
{"Time":"2026-09-11T17:27:24.520169864-07:00","Action":"run","Package":"github.com/JDinSeattle/forge-runtime/internal/quota","Test":"TestRetryBudgetAndRetryAfter"}
{"Time":"2026-09-11T17:27:24.520187647-07:00","Action":"output","Package":"github.com/JDinSeattle/forge-runtime/internal/quota","Test":"TestRetryBudgetAndRetryAfter","Output":"=== RUN   TestRetryBudgetAndRetryAfter\n"}
{"Time":"2026-09-11T17:27:24.520267394-07:00","Action":"output","Package":"github.com/JDinSeattle/forge-runtime/internal/quota","Test":"TestRetryBudgetAndRetryAfter","Output":"--- PASS: TestRetryBudgetAndRetryAfter (0.00s)\n"}
{"Time":"2026-09-11T17:27:24.520284474-07:00","Action":"pass","Package":"github.com/JDinSeattle/forge-runtime/internal/quota","Test":"TestRetryBudgetAndRetryAfter","Elapsed":0}
{"Time":"2026-09-11T17:27:24.52028871-07:00","Action":"run","Package":"github.com/JDinSeattle/forge-runtime/internal/quota","Test":"TestReservationHashBindsPriceAndDeadline"}
{"Time":"2026-09-11T17:27:24.520291107-07:00","Action":"output","Package":"github.com/JDinSeattle/forge-runtime/internal/quota","Test":"TestReservationHashBindsPriceAndDeadline","Output":"=== RUN   TestReservationHashBindsPriceAndDeadline\n"}
{"Time":"2026-09-11T17:27:24.52045042-07:00","Action":"run","Package":"github.com/JDinSeattle/forge-runtime/internal/runner","Test":"TestCleanupGrantIsPurposeRestrictedAndLeaseBound"}
{"Time":"2026-09-11T17:27:24.520466634-07:00","Action":"output","Package":"github.com/JDinSeattle/forge-runtime/internal/runner","Test":"TestCleanupGrantIsPurposeRestrictedAndLeaseBound","Output":"=== RUN   TestCleanupGrantIsPurposeRestrictedAndLeaseBound\n"}
{"Time":"2026-09-11T17:27:24.520603931-07:00","Action":"output","Package":"github.com/JDinSeattle/forge-runtime/internal/quota","Test":"TestReservationHashBindsPriceAndDeadline","Output":"--- PASS: TestReservationHashBindsPriceAndDeadline (0.00s)\n"}
{"Time":"2026-09-11T17:27:24.520612148-07:00","Action":"pass","Package":"github.com/JDinSeattle/forge-runtime/internal/quota","Test":"TestReservationHashBindsPriceAndDeadline","Elapsed":0}
{"Time":"2026-09-11T17:27:24.52062256-07:00","Action":"run","Package":"github.com/JDinSeattle/forge-runtime/internal/quota","Test":"TestSharedBudgetsAcrossTenantsAndIndependentPools"}
{"Time":"2026-09-11T17:27:24.52062547-07:00","Action":"output","Package":"github.com/JDinSeattle/forge-runtime/internal/quota","Test":"TestSharedBudgetsAcrossTenantsAndIndependentPools","Output":"=== RUN   TestSharedBudgetsAcrossTenantsAndIndependentPools\n"}
{"Time":"2026-09-11T17:27:24.521996036-07:00","Action":"output","Package":"github.com/JDinSeattle/forge-runtime/internal/runner","Test":"TestCleanupGrantIsPurposeRestrictedAndLeaseBound","Output":"--- PASS: TestCleanupGrantIsPurposeRestrictedAndLeaseBound (0.00s)\n"}
{"Time":"2026-09-11T17:27:24.522028195-07:00","Action":"pass","Package":"github.com/JDinSeattle/forge-runtime/internal/runner","Test":"TestCleanupGrantIsPurposeRestrictedAndLeaseBound","Elapsed":0}
{"Time":"2026-09-11T17:27:24.522034417-07:00","Action":"run","Package":"github.com/JDinSeattle/forge-runtime/internal/runner","Test":"TestConcurrentIdempotentPatchWritesExactlyOnce"}
{"Time":"2026-09-11T17:27:24.522037746-07:00","Action":"output","Package":"github.com/JDinSeattle/forge-runtime/internal/runner","Test":"TestConcurrentIdempotentPatchWritesExactlyOnce","Output":"=== RUN   TestConcurrentIdempotentPatchWritesExactlyOnce\n"}
{"Time":"2026-09-11T17:27:24.52254848-07:00","Action":"run","Package":"github.com/JDinSeattle/forge-runtime/internal/runnerclient","Test":"TestRealDockerRunnerIsolationQuotaAndCancellation"}
{"Time":"2026-09-11T17:27:24.522568193-07:00","Action":"output","Package":"github.com/JDinSeattle/forge-runtime/internal/runnerclient","Test":"TestRealDockerRunnerIsolationQuotaAndCancellation","Output":"=== RUN   TestRealDockerRunnerIsolationQuotaAndCancellation\n"}
{"Time":"2026-09-11T17:27:24.522657108-07:00","Action":"output","Package":"github.com/JDinSeattle/forge-runtime/internal/runnerclient","Test":"TestRealDockerRunnerIsolationQuotaAndCancellation","Output":"    docker_integration_test.go:31: set FORGE_REAL_RUNNER_CONFIG to an operator-owned real runner configuration\n"}
{"Time":"2026-09-11T17:27:24.522686025-07:00","Action":"output","Package":"github.com/JDinSeattle/forge-runtime/internal/runnerclient","Test":"TestRealDockerRunnerIsolationQuotaAndCancellation","Output":"--- SKIP: TestRealDockerRunnerIsolationQuotaAndCancellation (0.00s)\n"}
{"Time":"2026-09-11T17:27:24.522704907-07:00","Action":"skip","Package":"github.com/JDinSeattle/forge-runtime/internal/runnerclient","Test":"TestRealDockerRunnerIsolationQuotaAndCancellation","Elapsed":0}
{"Time":"2026-09-11T17:27:24.52272097-07:00","Action":"run","Package":"github.com/JDinSeattle/forge-runtime/internal/runnerclient","Test":"TestRealRunnerExecutionEvidence"}
{"Time":"2026-09-11T17:27:24.522731394-07:00","Action":"output","Package":"github.com/JDinSeattle/forge-runtime/internal/runnerclient","Test":"TestRealRunnerExecutionEvidence","Output":"=== RUN   TestRealRunnerExecutionEvidence\n"}
{"Time":"2026-09-11T17:27:24.522766088-07:00","Action":"run","Package":"github.com/JDinSeattle/forge-runtime/internal/retention","Test":"TestJournalReferenceReaderProtectsOldReceiptsAndNewPinsFailsClosed"}
{"Time":"2026-09-11T17:27:24.522788037-07:00","Action":"output","Package":"github.com/JDinSeattle/forge-runtime/internal/retention","Test":"TestJournalReferenceReaderProtectsOldReceiptsAndNewPinsFailsClosed","Output":"=== RUN   TestJournalReferenceReaderProtectsOldReceiptsAndNewPinsFailsClosed\n"}
{"Time":"2026-09-11T17:27:24.522810036-07:00","Action":"output","Package":"github.com/JDinSeattle/forge-runtime/internal/runnerclient","Test":"TestRealRunnerExecutionEvidence","Output":"    execution_benchmark_test.go:365: opt in with FORGE_RUN_EXECUTION_EVIDENCE=1 and an existing real mapped runner\n"}
{"Time":"2026-09-11T17:27:24.522825882-07:00","Action":"output","Package":"github.com/JDinSeattle/forge-runtime/internal/runnerclient","Test":"TestRealRunnerExecutionEvidence","Output":"--- SKIP: TestRealRunnerExecutionEvidence (0.00s)\n"}
{"Time":"2026-09-11T17:27:24.522858007-07:00","Action":"skip","Package":"github.com/JDinSeattle/forge-runtime/internal/runnerclient","Test":"TestRealRunnerExecutionEvidence","Elapsed":0}
{"Time":"2026-09-11T17:27:24.52287326-07:00","Action":"run","Package":"github.com/JDinSeattle/forge-runtime/internal/runnerclient","Test":"TestP06ArtifactOraclesRejectMismatchedProofs"}
{"Time":"2026-09-11T17:27:24.522877774-07:00","Action":"output","Package":"github.com/JDinSeattle/forge-runtime/internal/runnerclient","Test":"TestP06ArtifactOraclesRejectMismatchedProofs","Output":"=== RUN   TestP06ArtifactOraclesRejectMismatchedProofs\n"}
{"Time":"2026-09-11T17:27:24.523047743-07:00","Action":"run","Package":"github.com/JDinSeattle/forge-runtime/internal/runtime","Test":"TestCapacityRejectionRequeuesOnlyUninitializedWork"}
{"Time":"2026-09-11T17:27:24.523071807-07:00","Action":"output","Package":"github.com/JDinSeattle/forge-runtime/internal/runtime","Test":"TestCapacityRejectionRequeuesOnlyUninitializedWork","Output":"=== RUN   TestCapacityRejectionRequeuesOnlyUninitializedWork\n"}
{"Time":"2026-09-11T17:27:24.5238506-07:00","Action":"output","Package":"github.com/JDinSeattle/forge-runtime/internal/sandbox","Test":"TestDockerTmpfsExecutionIsExplicitAndKeepsFixedBounds/false","Output":"--- PASS: TestDockerTmpfsExecutionIsExplicitAndKeepsFixedBounds/false (0.01s)\n"}
{"Time":"2026-09-11T17:27:24.523892601-07:00","Action":"pass","Package":"github.com/JDinSeattle/forge-runtime/internal/sandbox","Test":"TestDockerTmpfsExecutionIsExplicitAndKeepsFixedBounds/false","Elapsed":0.01}
{"Time":"2026-09-11T17:27:24.523912819-07:00","Action":"run","Package":"github.com/JDinSeattle/forge-runtime/internal/sandbox","Test":"TestDockerTmpfsExecutionIsExplicitAndKeepsFixedBounds/true"}
{"Time":"2026-09-11T17:27:24.523918239-07:00","Action":"output","Package":"github.com/JDinSeattle/forge-runtime/internal/sandbox","Test":"TestDockerTmpfsExecutionIsExplicitAndKeepsFixedBounds/true","Output":"=== RUN   TestDockerTmpfsExecutionIsExplicitAndKeepsFixedBounds/true\n"}
{"Time":"2026-09-11T17:27:24.523951295-07:00","Action":"run","Package":"github.com/JDinSeattle/forge-runtime/internal/persistence","Test":"TestFallbackConfigBoundsAndOmission"}
{"Time":"2026-09-11T17:27:24.523968948-07:00","Action":"output","Package":"github.com/JDinSeattle/forge-runtime/internal/persistence","Test":"TestFallbackConfigBoundsAndOmission","Output":"=== RUN   TestFallbackConfigBoundsAndOmission\n"}
{"Time":"2026-09-11T17:27:24.524094488-07:00","Action":"run","Package":"github.com/JDinSeattle/forge-runtime/internal/persistence","Test":"TestFallbackConfigBoundsAndOmission/valid"}
{"Time":"2026-09-11T17:27:24.524104995-07:00","Action":"output","Package":"github.com/JDinSeattle/forge-runtime/internal/persistence","Test":"TestFallbackConfigBoundsAndOmission/valid","Output":"=== RUN   TestFallbackConfigBoundsAndOmission/valid\n"}
{"Time":"2026-09-11T17:27:24.524122744-07:00","Action":"run","Package":"github.com/JDinSeattle/forge-runtime/internal/httpapi","Test":"TestDependencyErrorsSeparateAvailabilityFromPermanentFailures"}
{"Time":"2026-09-11T17:27:24.524128072-07:00","Action":"output","Package":"github.com/JDinSeattle/forge-runtime/internal/httpapi","Test":"TestDependencyErrorsSeparateAvailabilityFromPermanentFailures","Output":"=== RUN   TestDependencyErrorsSeparateAvailabilityFromPermanentFailures\n"}
{"Time":"2026-09-11T17:27:24.524152778-07:00","Action":"output","Package":"github.com/JDinSeattle/forge-runtime/internal/persistence","Test":"TestFallbackConfigBoundsAndOmission/valid","Output":"--- PASS: TestFallbackConfigBoundsAndOmission/valid (0.00s)\n"}
{"Time":"2026-09-11T17:27:24.524157053-07:00","Action":"pass","Package":"github.com/JDinSeattle/forge-runtime/internal/persistence","Test":"TestFallbackConfigBoundsAndOmission/valid","Elapsed":0}
{"Time":"2026-09-11T17:27:24.524166446-07:00","Action":"run","Package":"github.com/JDinSeattle/forge-runtime/internal/httpapi","Test":"TestDependencyErrorsSeparateAvailabilityFromPermanentFailures/connection"}
{"Time":"2026-09-11T17:27:24.52417189-07:00","Action":"output","Package":"github.com/JDinSeattle/forge-runtime/internal/httpapi","Test":"TestDependencyErrorsSeparateAvailabilityFromPermanentFailures/connection","Output":"=== RUN   TestDependencyErrorsSeparateAvailabilityFromPermanentFailures/connection\n"}
{"Time":"2026-09-11T17:27:24.524178715-07:00","Action":"run","Package":"github.com/JDinSeattle/forge-runtime/internal/persistence","Test":"TestFallbackConfigBoundsAndOmission/same_route"}
{"Time":"2026-09-11T17:27:24.524182685-07:00","Action":"output","Package":"github.com/JDinSeattle/forge-runtime/internal/persistence","Test":"TestFallbackConfigBoundsAndOmission/same_route","Output":"=== RUN   TestFallbackConfigBoundsAndOmission/same_route\n"}
{"Time":"2026-09-11T17:27:24.524210549-07:00","Action":"output","Package":"github.com/JDinSeattle/forge-runtime/internal/persistence","Test":"TestFallbackConfigBoundsAndOmission/same_route","Output":"--- PASS: TestFallbackConfigBoundsAndOmission/same_route (0.00s)\n"}
{"Time":"2026-09-11T17:27:24.524218428-07:00","Action":"pass","Package":"github.com/JDinSeattle/forge-runtime/internal/persistence","Test":"TestFallbackConfigBoundsAndOmission/same_route","Elapsed":0}
{"Time":"2026-09-11T17:27:24.524224218-07:00","Action":"run","Package":"github.com/JDinSeattle/forge-runtime/internal/persistence","Test":"TestFallbackConfigBoundsAndOmission/empty_provider"}
{"Time":"2026-09-11T17:27:24.524228155-07:00","Action":"output","Package":"github.com/JDinSeattle/forge-runtime/internal/persistence","Test":"TestFallbackConfigBoundsAndOmission/empty_provider","Output":"=== RUN   TestFallbackConfigBoundsAndOmission/empty_provider\n"}
{"Time":"2026-09-11T17:27:24.52425083-07:00","Action":"output","Package":"github.com/JDinSeattle/forge-runtime/internal/persistence","Test":"TestFallbackConfigBoundsAndOmission/empty_provider","Output":"--- PASS: TestFallbackConfigBoundsAndOmission/empty_provider (0.00s)\n"}
{"Time":"2026-09-11T17:27:24.524257397-07:00","Action":"pass","Package":"github.com/JDinSeattle/forge-runtime/internal/persistence","Test":"TestFallbackConfigBoundsAndOmission/empty_provider","Elapsed":0}
{"Time":"2026-09-11T17:27:24.524261999-07:00","Action":"run","Package":"github.com/JDinSeattle/forge-runtime/internal/persistence","Test":"TestFallbackConfigBoundsAndOmission/empty_model"}
{"Time":"2026-09-11T17:27:24.524265088-07:00","Action":"output","Package":"github.com/JDinSeattle/forge-runtime/internal/persistence","Test":"TestFallbackConfigBoundsAndOmission/empty_model","Output":"=== RUN   TestFallbackConfigBoundsAndOmission/empty_model\n"}
{"Time":"2026-09-11T17:27:24.524284159-07:00","Action":"output","Package":"github.com/JDinSeattle/forge-runtime/internal/persistence","Test":"TestFallbackConfigBoundsAndOmission/empty_model","Output":"--- PASS: TestFallbackConfigBoundsAndOmission/empty_model (0.00s)\n"}
{"Time":"2026-09-11T17:27:24.524291411-07:00","Action":"pass","Package":"github.com/JDinSeattle/forge-runtime/internal/persistence","Test":"TestFallbackConfigBoundsAndOmission/empty_model","Elapsed":0}
{"Time":"2026-09-11T17:27:24.524295754-07:00","Action":"run","Package":"github.com/JDinSeattle/forge-runtime/internal/persistence","Test":"TestFallbackConfigBoundsAndOmission/unbounded_cost"}
{"Time":"2026-09-11T17:27:24.524302051-07:00","Action":"output","Package":"github.com/JDinSeattle/forge-runtime/internal/persistence","Test":"TestFallbackConfigBoundsAndOmission/unbounded_cost","Output":"=== RUN   TestFallbackConfigBoundsAndOmission/unbounded_cost\n"}
{"Time":"2026-09-11T17:27:24.524318957-07:00","Action":"output","Package":"github.com/JDinSeattle/forge-runtime/internal/persistence","Test":"TestFallbackConfigBoundsAndOmission/unbounded_cost","Output":"--- PASS: TestFallbackConfigBoundsAndOmission/unbounded_cost (0.00s)\n"}
{"Time":"2026-09-11T17:27:24.524325316-07:00","Action":"pass","Package":"github.com/JDinSeattle/forge-runtime/internal/persistence","Test":"TestFallbackConfigBoundsAndOmission/unbounded_cost","Elapsed":0}
{"Time":"2026-09-11T17:27:24.524332719-07:00","Action":"output","Package":"github.com/JDinSeattle/forge-runtime/internal/httpapi","Test":"TestDependencyErrorsSeparateAvailabilityFromPermanentFailures/connection","Output":"--- PASS: TestDependencyErrorsSeparateAvailabilityFromPermanentFailures/connection (0.00s)\n"}
{"Time":"2026-09-11T17:27:24.52433823-07:00","Action":"pass","Package":"github.com/JDinSeattle/forge-runtime/internal/httpapi","Test":"TestDependencyErrorsSeparateAvailabilityFromPermanentFailures/connection","Elapsed":0}
{"Time":"2026-09-11T17:27:24.524343664-07:00","Action":"run","Package":"github.com/JDinSeattle/forge-runtime/internal/httpapi","Test":"TestDependencyErrorsSeparateAvailabilityFromPermanentFailures/lost_response"}
{"Time":"2026-09-11T17:27:24.524347265-07:00","Action":"output","Package":"github.com/JDinSeattle/forge-runtime/internal/httpapi","Test":"TestDependencyErrorsSeparateAvailabilityFromPermanentFailures/lost_response","Output":"=== RUN   TestDependencyErrorsSeparateAvailabilityFromPermanentFailures/lost_response\n"}
{"Time":"2026-09-11T17:27:24.524353701-07:00","Action":"output","Package":"github.com/JDinSeattle/forge-runtime/internal/persistence","Test":"TestFallbackConfigBoundsAndOmission","Output":"--- PASS: TestFallbackConfigBoundsAndOmission (0.00s)\n"}
{"Time":"2026-09-11T17:27:24.524357965-07:00","Action":"pass","Package":"github.com/JDinSeattle/forge-runtime/internal/persistence","Test":"TestFallbackConfigBoundsAndOmission","Elapsed":0}
{"Time":"2026-09-11T17:27:24.524370304-07:00","Action":"run","Package":"github.com/JDinSeattle/forge-runtime/internal/persistence","Test":"TestSnapshotHeaderUsesExactVersionWithoutInterpretingFutureFields"}
{"Time":"2026-09-11T17:27:24.524374104-07:00","Action":"output","Package":"github.com/JDinSeattle/forge-runtime/internal/persistence","Test":"TestSnapshotHeaderUsesExactVersionWithoutInterpretingFutureFields","Output":"=== RUN   TestSnapshotHeaderUsesExactVersionWithoutInterpretingFutureFields\n"}
{"Time":"2026-09-11T17:27:24.524423302-07:00","Action":"output","Package":"github.com/JDinSeattle/forge-runtime/internal/httpapi","Test":"TestDependencyErrorsSeparateAvailabilityFromPermanentFailures/lost_response","Output":"--- PASS: TestDependencyErrorsSeparateAvailabilityFromPermanentFailures/lost_response (0.00s)\n"}
{"Time":"2026-09-11T17:27:24.524436748-07:00","Action":"pass","Package":"github.com/JDinSeattle/forge-runtime/internal/httpapi","Test":"TestDependencyErrorsSeparateAvailabilityFromPermanentFailures/lost_response","Elapsed":0}
{"Time":"2026-09-11T17:27:24.524441576-07:00","Action":"run","Package":"github.com/JDinSeattle/forge-runtime/internal/httpapi","Test":"TestDependencyErrorsSeparateAvailabilityFromPermanentFailures/restart"}
{"Time":"2026-09-11T17:27:24.524445738-07:00","Action":"output","Package":"github.com/JDinSeattle/forge-runtime/internal/httpapi","Test":"TestDependencyErrorsSeparateAvailabilityFromPermanentFailures/restart","Output":"=== RUN   TestDependencyErrorsSeparateAvailabilityFromPermanentFailures/restart\n"}
{"Time":"2026-09-11T17:27:24.524505953-07:00","Action":"output","Package":"github.com/JDinSeattle/forge-runtime/internal/httpapi","Test":"TestDependencyErrorsSeparateAvailabilityFromPermanentFailures/restart","Output":"--- PASS: TestDependencyErrorsSeparateAvailabilityFromPermanentFailures/restart (0.00s)\n"}
{"Time":"2026-09-11T17:27:24.524530194-07:00","Action":"pass","Package":"github.com/JDinSeattle/forge-runtime/internal/httpapi","Test":"TestDependencyErrorsSeparateAvailabilityFromPermanentFailures/restart","Elapsed":0}
{"Time":"2026-09-11T17:27:24.524535885-07:00","Action":"run","Package":"github.com/JDinSeattle/forge-runtime/internal/httpapi","Test":"TestDependencyErrorsSeparateAvailabilityFromPermanentFailures/timeout"}
{"Time":"2026-09-11T17:27:24.524539388-07:00","Action":"output","Package":"github.com/JDinSeattle/forge-runtime/internal/httpapi","Test":"TestDependencyErrorsSeparateAvailabilityFromPermanentFailures/timeout","Output":"=== RUN   TestDependencyErrorsSeparateAvailabilityFromPermanentFailures/timeout\n"}
{"Time":"2026-09-11T17:27:24.524518294-07:00","Action":"output","Package":"github.com/JDinSeattle/forge-runtime/internal/runnerclient","Test":"TestP06ArtifactOraclesRejectMismatchedProofs","Output":"--- PASS: TestP06ArtifactOraclesRejectMismatchedProofs (0.00s)\n"}
{"Time":"2026-09-11T17:27:24.524547661-07:00","Action":"pass","Package":"github.com/JDinSeattle/forge-runtime/internal/runnerclient","Test":"TestP06ArtifactOraclesRejectMismatchedProofs","Elapsed":0}
{"Time":"2026-09-11T17:27:24.524553402-07:00","Action":"run","Package":"github.com/JDinSeattle/forge-runtime/internal/runnerclient","Test":"TestP06IntentOracleRejectsCrossSampleAndAlteredIntent"}
{"Time":"2026-09-11T17:27:24.524557154-07:00","Action":"output","Package":"github.com/JDinSeattle/forge-runtime/internal/runnerclient","Test":"TestP06IntentOracleRejectsCrossSampleAndAlteredIntent","Output":"=== RUN   TestP06IntentOracleRejectsCrossSampleAndAlteredIntent\n"}
{"Time":"2026-09-11T17:27:24.524580806-07:00","Action":"output","Package":"github.com/JDinSeattle/forge-runtime/internal/httpapi","Test":"TestDependencyErrorsSeparateAvailabilityFromPermanentFailures/timeout","Output":"--- PASS: TestDependencyErrorsSeparateAvailabilityFromPermanentFailures/timeout (0.00s)\n"}
{"Time":"2026-09-11T17:27:24.524582642-07:00","Action":"output","Package":"github.com/JDinSeattle/forge-runtime/internal/persistence","Test":"TestSnapshotHeaderUsesExactVersionWithoutInterpretingFutureFields","Output":"--- PASS: TestSnapshotHeaderUsesExactVersionWithoutInterpretingFutureFields (0.00s)\n"}
{"Time":"2026-09-11T17:27:24.524591744-07:00","Action":"pass","Package":"github.com/JDinSeattle/forge-runtime/internal/persistence","Test":"TestSnapshotHeaderUsesExactVersionWithoutInterpretingFutureFields","Elapsed":0}
{"Time":"2026-09-11T17:27:24.524599386-07:00","Action":"run","Package":"github.com/JDinSeattle/forge-runtime/internal/persistence","Test":"TestSnapshotHeaderSQLUnicodeFoldRemainsComplete"}
{"Time":"2026-09-11T17:27:24.5246035-07:00","Action":"output","Package":"github.com/JDinSeattle/forge-runtime/internal/persistence","Test":"TestSnapshotHeaderSQLUnicodeFoldRemainsComplete","Output":"=== RUN   TestSnapshotHeaderSQLUnicodeFoldRemainsComplete\n"}
{"Time":"2026-09-11T17:27:24.524586119-07:00","Action":"pass","Package":"github.com/JDinSeattle/forge-runtime/internal/httpapi","Test":"TestDependencyErrorsSeparateAvailabilityFromPermanentFailures/timeout","Elapsed":0}
{"Time":"2026-09-11T17:27:24.524608415-07:00","Action":"run","Package":"github.com/JDinSeattle/forge-runtime/internal/runnerclient","Test":"TestP06IntentOracleRejectsCrossSampleAndAlteredIntent/epoch"}
{"Time":"2026-09-11T17:27:24.524613301-07:00","Action":"run","Package":"github.com/JDinSeattle/forge-runtime/internal/httpapi","Test":"TestDependencyErrorsSeparateAvailabilityFromPermanentFailures/sql_bug"}
{"Time":"2026-09-11T17:27:24.524619285-07:00","Action":"output","Package":"github.com/JDinSeattle/forge-runtime/internal/httpapi","Test":"TestDependencyErrorsSeparateAvailabilityFromPermanentFailures/sql_bug","Output":"=== RUN   TestDependencyErrorsSeparateAvailabilityFromPermanentFailures/sql_bug\n"}
{"Time":"2026-09-11T17:27:24.524616942-07:00","Action":"output","Package":"github.com/JDinSeattle/forge-runtime/internal/runnerclient","Test":"TestP06IntentOracleRejectsCrossSampleAndAlteredIntent/epoch","Output":"=== RUN   TestP06IntentOracleRejectsCrossSampleAndAlteredIntent/epoch\n"}
{"Time":"2026-09-11T17:27:24.524648391-07:00","Action":"output","Package":"github.com/JDinSeattle/forge-runtime/internal/httpapi","Test":"TestDependencyErrorsSeparateAvailabilityFromPermanentFailures/sql_bug","Output":"--- PASS: TestDependencyErrorsSeparateAvailabilityFromPermanentFailures/sql_bug (0.00s)\n"}
{"Time":"2026-09-11T17:27:24.524660078-07:00","Action":"pass","Package":"github.com/JDinSeattle/forge-runtime/internal/httpapi","Test":"TestDependencyErrorsSeparateAvailabilityFromPermanentFailures/sql_bug","Elapsed":0}
{"Time":"2026-09-11T17:27:24.524670473-07:00","Action":"run","Package":"github.com/JDinSeattle/forge-runtime/internal/httpapi","Test":"TestDependencyErrorsSeparateAvailabilityFromPermanentFailures/database_authentication"}
{"Time":"2026-09-11T17:27:24.524673143-07:00","Action":"output","Package":"github.com/JDinSeattle/forge-runtime/internal/runnerclient","Test":"TestP06IntentOracleRejectsCrossSampleAndAlteredIntent/epoch","Output":"--- PASS: TestP06IntentOracleRejectsCrossSampleAndAlteredIntent/epoch (0.00s)\n"}
{"Time":"2026-09-11T17:27:24.524675228-07:00","Action":"output","Package":"github.com/JDinSeattle/forge-runtime/internal/httpapi","Test":"TestDependencyErrorsSeparateAvailabilityFromPermanentFailures/database_authentication","Output":"=== RUN   TestDependencyErrorsSeparateAvailabilityFromPermanentFailures/database_authentication\n"}
{"Time":"2026-09-11T17:27:24.524681523-07:00","Action":"pass","Package":"github.com/JDinSeattle/forge-runtime/internal/runnerclient","Test":"TestP06IntentOracleRejectsCrossSampleAndAlteredIntent/epoch","Elapsed":0}
{"Time":"2026-09-11T17:27:24.524699848-07:00","Action":"run","Package":"github.com/JDinSeattle/forge-runtime/internal/runnerclient","Test":"TestP06IntentOracleRejectsCrossSampleAndAlteredIntent/kind"}
{"Time":"2026-09-11T17:27:24.524706912-07:00","Action":"output","Package":"github.com/JDinSeattle/forge-runtime/internal/runnerclient","Test":"TestP06IntentOracleRejectsCrossSampleAndAlteredIntent/kind","Output":"=== RUN   TestP06IntentOracleRejectsCrossSampleAndAlteredIntent/kind\n"}
{"Time":"2026-09-11T17:27:24.524715794-07:00","Action":"output","Package":"github.com/JDinSeattle/forge-runtime/internal/httpapi","Test":"TestDependencyErrorsSeparateAvailabilityFromPermanentFailures/database_authentication","Output":"--- PASS: TestDependencyErrorsSeparateAvailabilityFromPermanentFailures/database_authentication (0.00s)\n"}
{"Time":"2026-09-11T17:27:24.524721505-07:00","Action":"pass","Package":"github.com/JDinSeattle/forge-runtime/internal/httpapi","Test":"TestDependencyErrorsSeparateAvailabilityFromPermanentFailures/database_authentication","Elapsed":0}
{"Time":"2026-09-11T17:27:24.524736952-07:00","Action":"output","Package":"github.com/JDinSeattle/forge-runtime/internal/runnerclient","Test":"TestP06IntentOracleRejectsCrossSampleAndAlteredIntent/kind","Output":"--- PASS: TestP06IntentOracleRejectsCrossSampleAndAlteredIntent/kind (0.00s)\n"}
{"Time":"2026-09-11T17:27:24.524739048-07:00","Action":"output","Package":"github.com/JDinSeattle/forge-runtime/internal/httpapi","Test":"TestDependencyErrorsSeparateAvailabilityFromPermanentFailures","Output":"--- PASS: TestDependencyErrorsSeparateAvailabilityFromPermanentFailures (0.00s)\n"}
{"Time":"2026-09-11T17:27:24.524745334-07:00","Action":"pass","Package":"github.com/JDinSeattle/forge-runtime/internal/httpapi","Test":"TestDependencyErrorsSeparateAvailabilityFromPermanentFailures","Elapsed":0}
{"Time":"2026-09-11T17:27:24.524750229-07:00","Action":"run","Package":"github.com/JDinSeattle/forge-runtime/internal/httpapi","Test":"TestReadinessClassifiesActualDatabaseTransportLoss"}
{"Time":"2026-09-11T17:27:24.524752725-07:00","Action":"pass","Package":"github.com/JDinSeattle/forge-runtime/internal/runnerclient","Test":"TestP06IntentOracleRejectsCrossSampleAndAlteredIntent/kind","Elapsed":0}
{"Time":"2026-09-11T17:27:24.524769516-07:00","Action":"run","Package":"github.com/JDinSeattle/forge-runtime/internal/runnerclient","Test":"TestP06IntentOracleRejectsCrossSampleAndAlteredIntent/nonterminal"}
{"Time":"2026-09-11T17:27:24.524779838-07:00","Action":"output","Package":"github.com/JDinSeattle/forge-runtime/internal/runnerclient","Test":"TestP06IntentOracleRejectsCrossSampleAndAlteredIntent/nonterminal","Output":"=== RUN   TestP06IntentOracleRejectsCrossSampleAndAlteredIntent/nonterminal\n"}
{"Time":"2026-09-11T17:27:24.524758748-07:00","Action":"output","Package":"github.com/JDinSeattle/forge-runtime/internal/httpapi","Test":"TestReadinessClassifiesActualDatabaseTransportLoss","Output":"=== RUN   TestReadinessClassifiesActualDatabaseTransportLoss\n"}
{"Time":"2026-09-11T17:27:24.524827489-07:00","Action":"output","Package":"github.com/JDinSeattle/forge-runtime/internal/runnerclient","Test":"TestP06IntentOracleRejectsCrossSampleAndAlteredIntent/nonterminal","Output":"--- PASS: TestP06IntentOracleRejectsCrossSampleAndAlteredIntent/nonterminal (0.00s)\n"}
{"Time":"2026-09-11T17:27:24.524834452-07:00","Action":"pass","Package":"github.com/JDinSeattle/forge-runtime/internal/runnerclient","Test":"TestP06IntentOracleRejectsCrossSampleAndAlteredIntent/nonterminal","Elapsed":0}
{"Time":"2026-09-11T17:27:24.524843135-07:00","Action":"output","Package":"github.com/JDinSeattle/forge-runtime/internal/runtime","Test":"TestCapacityRejectionRequeuesOnlyUninitializedWork","Output":"--- PASS: TestCapacityRejectionRequeuesOnlyUninitializedWork (0.00s)\n"}
{"Time":"2026-09-11T17:27:24.5248568-07:00","Action":"pass","Package":"github.com/JDinSeattle/forge-runtime/internal/runtime","Test":"TestCapacityRejectionRequeuesOnlyUninitializedWork","Elapsed":0}
{"Time":"2026-09-11T17:27:24.524847527-07:00","Action":"run","Package":"github.com/JDinSeattle/forge-runtime/internal/runnerclient","Test":"TestP06IntentOracleRejectsCrossSampleAndAlteredIntent/other_self_consistent_sample"}
{"Time":"2026-09-11T17:27:24.524863933-07:00","Action":"output","Package":"github.com/JDinSeattle/forge-runtime/internal/runnerclient","Test":"TestP06IntentOracleRejectsCrossSampleAndAlteredIntent/other_self_consistent_sample","Output":"=== RUN   TestP06IntentOracleRejectsCrossSampleAndAlteredIntent/other_self_consistent_sample\n"}
{"Time":"2026-09-11T17:27:24.524872225-07:00","Action":"run","Package":"github.com/JDinSeattle/forge-runtime/internal/runtime","Test":"TestProgressRepeatedEvidenceStopsOnlyAfterReceipt"}
{"Time":"2026-09-11T17:27:24.524875081-07:00","Action":"output","Package":"github.com/JDinSeattle/forge-runtime/internal/runtime","Test":"TestProgressRepeatedEvidenceStopsOnlyAfterReceipt","Output":"=== RUN   TestProgressRepeatedEvidenceStopsOnlyAfterReceipt\n"}
{"Time":"2026-09-11T17:27:24.524890852-07:00","Action":"output","Package":"github.com/JDinSeattle/forge-runtime/internal/runnerclient","Test":"TestP06IntentOracleRejectsCrossSampleAndAlteredIntent/other_self_consistent_sample","Output":"--- PASS: TestP06IntentOracleRejectsCrossSampleAndAlteredIntent/other_self_consistent_sample (0.00s)\n"}
{"Time":"2026-09-11T17:27:24.524897492-07:00","Action":"pass","Package":"github.com/JDinSeattle/forge-runtime/internal/runnerclient","Test":"TestP06IntentOracleRejectsCrossSampleAndAlteredIntent/other_self_consistent_sample","Elapsed":0}
{"Time":"2026-09-11T17:27:24.524910221-07:00","Action":"run","Package":"github.com/JDinSeattle/forge-runtime/internal/runnerclient","Test":"TestP06IntentOracleRejectsCrossSampleAndAlteredIntent/run"}
{"Time":"2026-09-11T17:27:24.52491517-07:00","Action":"output","Package":"github.com/JDinSeattle/forge-runtime/internal/runnerclient","Test":"TestP06IntentOracleRejectsCrossSampleAndAlteredIntent/run","Output":"=== RUN   TestP06IntentOracleRejectsCrossSampleAndAlteredIntent/run\n"}
{"Time":"2026-09-11T17:27:24.524957407-07:00","Action":"output","Package":"github.com/JDinSeattle/forge-runtime/internal/runnerclient","Test":"TestP06IntentOracleRejectsCrossSampleAndAlteredIntent/run","Output":"--- PASS: TestP06IntentOracleRejectsCrossSampleAndAlteredIntent/run (0.00s)\n"}
{"Time":"2026-09-11T17:27:24.52496381-07:00","Action":"pass","Package":"github.com/JDinSeattle/forge-runtime/internal/runnerclient","Test":"TestP06IntentOracleRejectsCrossSampleAndAlteredIntent/run","Elapsed":0}
{"Time":"2026-09-11T17:27:24.524971698-07:00","Action":"run","Package":"github.com/JDinSeattle/forge-runtime/internal/runnerclient","Test":"TestP06IntentOracleRejectsCrossSampleAndAlteredIntent/revision"}
{"Time":"2026-09-11T17:27:24.524975535-07:00","Action":"output","Package":"github.com/JDinSeattle/forge-runtime/internal/runnerclient","Test":"TestP06IntentOracleRejectsCrossSampleAndAlteredIntent/revision","Output":"=== RUN   TestP06IntentOracleRejectsCrossSampleAndAlteredIntent/revision\n"}
{"Time":"2026-09-11T17:27:24.525009615-07:00","Action":"output","Package":"github.com/JDinSeattle/forge-runtime/internal/runnerclient","Test":"TestP06IntentOracleRejectsCrossSampleAndAlteredIntent/revision","Output":"--- PASS: TestP06IntentOracleRejectsCrossSampleAndAlteredIntent/revision (0.00s)\n"}
{"Time":"2026-09-11T17:27:24.525019869-07:00","Action":"pass","Package":"github.com/JDinSeattle/forge-runtime/internal/runnerclient","Test":"TestP06IntentOracleRejectsCrossSampleAndAlteredIntent/revision","Elapsed":0}
{"Time":"2026-09-11T17:27:24.525036639-07:00","Action":"run","Package":"github.com/JDinSeattle/forge-runtime/internal/runnerclient","Test":"TestP06IntentOracleRejectsCrossSampleAndAlteredIntent/args_hash"}
{"Time":"2026-09-11T17:27:24.525041361-07:00","Action":"output","Package":"github.com/JDinSeattle/forge-runtime/internal/runnerclient","Test":"TestP06IntentOracleRejectsCrossSampleAndAlteredIntent/args_hash","Output":"=== RUN   TestP06IntentOracleRejectsCrossSampleAndAlteredIntent/args_hash\n"}
{"Time":"2026-09-11T17:27:24.525080853-07:00","Action":"output","Package":"github.com/JDinSeattle/forge-runtime/internal/runnerclient","Test":"TestP06IntentOracleRejectsCrossSampleAndAlteredIntent/args_hash","Output":"--- PASS: TestP06IntentOracleRejectsCrossSampleAndAlteredIntent/args_hash (0.00s)\n"}
{"Time":"2026-09-11T17:27:24.525090908-07:00","Action":"pass","Package":"github.com/JDinSeattle/forge-runtime/internal/runnerclient","Test":"TestP06IntentOracleRejectsCrossSampleAndAlteredIntent/args_hash","Elapsed":0}
{"Time":"2026-09-11T17:27:24.525108156-07:00","Action":"run","Package":"github.com/JDinSeattle/forge-runtime/internal/runnerclient","Test":"TestP06IntentOracleRejectsCrossSampleAndAlteredIntent/policy"}
{"Time":"2026-09-11T17:27:24.525114176-07:00","Action":"output","Package":"github.com/JDinSeattle/forge-runtime/internal/runnerclient","Test":"TestP06IntentOracleRejectsCrossSampleAndAlteredIntent/policy","Output":"=== RUN   TestP06IntentOracleRejectsCrossSampleAndAlteredIntent/policy\n"}
{"Time":"2026-09-11T17:27:24.525151277-07:00","Action":"output","Package":"github.com/JDinSeattle/forge-runtime/internal/runnerclient","Test":"TestP06IntentOracleRejectsCrossSampleAndAlteredIntent/policy","Output":"--- PASS: TestP06IntentOracleRejectsCrossSampleAndAlteredIntent/policy (0.00s)\n"}
{"Time":"2026-09-11T17:27:24.525158503-07:00","Action":"pass","Package":"github.com/JDinSeattle/forge-runtime/internal/runnerclient","Test":"TestP06IntentOracleRejectsCrossSampleAndAlteredIntent/policy","Elapsed":0}
{"Time":"2026-09-11T17:27:24.525173685-07:00","Action":"run","Package":"github.com/JDinSeattle/forge-runtime/internal/runnerclient","Test":"TestP06IntentOracleRejectsCrossSampleAndAlteredIntent/deadline"}
{"Time":"2026-09-11T17:27:24.525177781-07:00","Action":"output","Package":"github.com/JDinSeattle/forge-runtime/internal/runnerclient","Test":"TestP06IntentOracleRejectsCrossSampleAndAlteredIntent/deadline","Output":"=== RUN   TestP06IntentOracleRejectsCrossSampleAndAlteredIntent/deadline\n"}
{"Time":"2026-09-11T17:27:24.525219334-07:00","Action":"output","Package":"github.com/JDinSeattle/forge-runtime/internal/runnerclient","Test":"TestP06IntentOracleRejectsCrossSampleAndAlteredIntent/deadline","Output":"--- PASS: TestP06IntentOracleRejectsCrossSampleAndAlteredIntent/deadline (0.00s)\n"}
{"Time":"2026-09-11T17:27:24.525225346-07:00","Action":"pass","Package":"github.com/JDinSeattle/forge-runtime/internal/runnerclient","Test":"TestP06IntentOracleRejectsCrossSampleAndAlteredIntent/deadline","Elapsed":0}
{"Time":"2026-09-11T17:27:24.525243506-07:00","Action":"run","Package":"github.com/JDinSeattle/forge-runtime/internal/runnerclient","Test":"TestP06IntentOracleRejectsCrossSampleAndAlteredIntent/tenant"}
{"Time":"2026-09-11T17:27:24.525249088-07:00","Action":"output","Package":"github.com/JDinSeattle/forge-runtime/internal/runnerclient","Test":"TestP06IntentOracleRejectsCrossSampleAndAlteredIntent/tenant","Output":"=== RUN   TestP06IntentOracleRejectsCrossSampleAndAlteredIntent/tenant\n"}
{"Time":"2026-09-11T17:27:24.525285799-07:00","Action":"output","Package":"github.com/JDinSeattle/forge-runtime/internal/runnerclient","Test":"TestP06IntentOracleRejectsCrossSampleAndAlteredIntent/tenant","Output":"--- PASS: TestP06IntentOracleRejectsCrossSampleAndAlteredIntent/tenant (0.00s)\n"}
{"Time":"2026-09-11T17:27:24.525293096-07:00","Action":"pass","Package":"github.com/JDinSeattle/forge-runtime/internal/runnerclient","Test":"TestP06IntentOracleRejectsCrossSampleAndAlteredIntent/tenant","Elapsed":0}
{"Time":"2026-09-11T17:27:24.525294681-07:00","Action":"run","Package":"github.com/JDinSeattle/forge-runtime/internal/eventstream","Test":"TestResetDetachesHubBeforeNotification"}
{"Time":"2026-09-11T17:27:24.52530525-07:00","Action":"run","Package":"github.com/JDinSeattle/forge-runtime/internal/runnerclient","Test":"TestP06IntentOracleRejectsCrossSampleAndAlteredIntent/operation"}
{"Time":"2026-09-11T17:27:24.525313748-07:00","Action":"output","Package":"github.com/JDinSeattle/forge-runtime/internal/runnerclient","Test":"TestP06IntentOracleRejectsCrossSampleAndAlteredIntent/operation","Output":"=== RUN   TestP06IntentOracleRejectsCrossSampleAndAlteredIntent/operation\n"}
{"Time":"2026-09-11T17:27:24.52530198-07:00","Action":"output","Package":"github.com/JDinSeattle/forge-runtime/internal/eventstream","Test":"TestResetDetachesHubBeforeNotification","Output":"=== RUN   TestResetDetachesHubBeforeNotification\n"}
{"Time":"2026-09-11T17:27:24.525328074-07:00","Action":"run","Package":"github.com/JDinSeattle/forge-runtime/internal/eventstream","Test":"TestResetDetachesHubBeforeNotification/history-gap"}
{"Time":"2026-09-11T17:27:24.525331809-07:00","Action":"output","Package":"github.com/JDinSeattle/forge-runtime/internal/eventstream","Test":"TestResetDetachesHubBeforeNotification/history-gap","Output":"=== RUN   TestResetDetachesHubBeforeNotification/history-gap\n"}
{"Time":"2026-09-11T17:27:24.525341491-07:00","Action":"output","Package":"github.com/JDinSeattle/forge-runtime/internal/runnerclient","Test":"TestP06IntentOracleRejectsCrossSampleAndAlteredIntent/operation","Output":"--- PASS: TestP06IntentOracleRejectsCrossSampleAndAlteredIntent/operation (0.00s)\n"}
{"Time":"2026-09-11T17:27:24.525347148-07:00","Action":"pass","Package":"github.com/JDinSeattle/forge-runtime/internal/runnerclient","Test":"TestP06IntentOracleRejectsCrossSampleAndAlteredIntent/operation","Elapsed":0}
{"Time":"2026-09-11T17:27:24.525357561-07:00","Action":"run","Package":"github.com/JDinSeattle/forge-runtime/internal/runnerclient","Test":"TestP06IntentOracleRejectsCrossSampleAndAlteredIntent/args"}
{"Time":"2026-09-11T17:27:24.525361256-07:00","Action":"output","Package":"github.com/JDinSeattle/forge-runtime/internal/runnerclient","Test":"TestP06IntentOracleRejectsCrossSampleAndAlteredIntent/args","Output":"=== RUN   TestP06IntentOracleRejectsCrossSampleAndAlteredIntent/args\n"}
{"Time":"2026-09-11T17:27:24.525427695-07:00","Action":"output","Package":"github.com/JDinSeattle/forge-runtime/internal/runnerclient","Test":"TestP06IntentOracleRejectsCrossSampleAndAlteredIntent/args","Output":"--- PASS: TestP06IntentOracleRejectsCrossSampleAndAlteredIntent/args (0.00s)\n"}
{"Time":"2026-09-11T17:27:24.525435898-07:00","Action":"pass","Package":"github.com/JDinSeattle/forge-runtime/internal/runnerclient","Test":"TestP06IntentOracleRejectsCrossSampleAndAlteredIntent/args","Elapsed":0}
{"Time":"2026-09-11T17:27:24.525461583-07:00","Action":"run","Package":"github.com/JDinSeattle/forge-runtime/internal/runnerclient","Test":"TestP06IntentOracleRejectsCrossSampleAndAlteredIntent/receipt_tenant"}
{"Time":"2026-09-11T17:27:24.525471432-07:00","Action":"output","Package":"github.com/JDinSeattle/forge-runtime/internal/runnerclient","Test":"TestP06IntentOracleRejectsCrossSampleAndAlteredIntent/receipt_tenant","Output":"=== RUN   TestP06IntentOracleRejectsCrossSampleAndAlteredIntent/receipt_tenant\n"}
{"Time":"2026-09-11T17:27:24.525506006-07:00","Action":"output","Package":"github.com/JDinSeattle/forge-runtime/internal/runnerclient","Test":"TestP06IntentOracleRejectsCrossSampleAndAlteredIntent/receipt_tenant","Output":"--- PASS: TestP06IntentOracleRejectsCrossSampleAndAlteredIntent/receipt_tenant (0.00s)\n"}
{"Time":"2026-09-11T17:27:24.52551349-07:00","Action":"pass","Package":"github.com/JDinSeattle/forge-runtime/internal/runnerclient","Test":"TestP06IntentOracleRejectsCrossSampleAndAlteredIntent/receipt_tenant","Elapsed":0}
{"Time":"2026-09-11T17:27:24.525527301-07:00","Action":"run","Package":"github.com/JDinSeattle/forge-runtime/internal/runnerclient","Test":"TestP06IntentOracleRejectsCrossSampleAndAlteredIntent/receipt_run"}
{"Time":"2026-09-11T17:27:24.525531375-07:00","Action":"output","Package":"github.com/JDinSeattle/forge-runtime/internal/runnerclient","Test":"TestP06IntentOracleRejectsCrossSampleAndAlteredIntent/receipt_run","Output":"=== RUN   TestP06IntentOracleRejectsCrossSampleAndAlteredIntent/receipt_run\n"}
{"Time":"2026-09-11T17:27:24.525569951-07:00","Action":"output","Package":"github.com/JDinSeattle/forge-runtime/internal/runnerclient","Test":"TestP06IntentOracleRejectsCrossSampleAndAlteredIntent/receipt_run","Output":"--- PASS: TestP06IntentOracleRejectsCrossSampleAndAlteredIntent/receipt_run (0.00s)\n"}
{"Time":"2026-09-11T17:27:24.525578426-07:00","Action":"pass","Package":"github.com/JDinSeattle/forge-runtime/internal/runnerclient","Test":"TestP06IntentOracleRejectsCrossSampleAndAlteredIntent/receipt_run","Elapsed":0}
{"Time":"2026-09-11T17:27:24.525591962-07:00","Action":"run","Package":"github.com/JDinSeattle/forge-runtime/internal/runnerclient","Test":"TestP06IntentOracleRejectsCrossSampleAndAlteredIntent/workspace"}
{"Time":"2026-09-11T17:27:24.52559601-07:00","Action":"output","Package":"github.com/JDinSeattle/forge-runtime/internal/runnerclient","Test":"TestP06IntentOracleRejectsCrossSampleAndAlteredIntent/workspace","Output":"=== RUN   TestP06IntentOracleRejectsCrossSampleAndAlteredIntent/workspace\n"}
{"Time":"2026-09-11T17:27:24.525631783-07:00","Action":"output","Package":"github.com/JDinSeattle/forge-runtime/internal/runnerclient","Test":"TestP06IntentOracleRejectsCrossSampleAndAlteredIntent/workspace","Output":"--- PASS: TestP06IntentOracleRejectsCrossSampleAndAlteredIntent/workspace (0.00s)\n"}
{"Time":"2026-09-11T17:27:24.525644894-07:00","Action":"pass","Package":"github.com/JDinSeattle/forge-runtime/internal/runnerclient","Test":"TestP06IntentOracleRejectsCrossSampleAndAlteredIntent/workspace","Elapsed":0}
{"Time":"2026-09-11T17:27:24.525661139-07:00","Action":"output","Package":"github.com/JDinSeattle/forge-runtime/internal/runnerclient","Test":"TestP06IntentOracleRejectsCrossSampleAndAlteredIntent","Output":"--- PASS: TestP06IntentOracleRejectsCrossSampleAndAlteredIntent (0.00s)\n"}
{"Time":"2026-09-11T17:27:24.525668541-07:00","Action":"pass","Package":"github.com/JDinSeattle/forge-runtime/internal/runnerclient","Test":"TestP06IntentOracleRejectsCrossSampleAndAlteredIntent","Elapsed":0}
{"Time":"2026-09-11T17:27:24.525679608-07:00","Action":"run","Package":"github.com/JDinSeattle/forge-runtime/internal/runnerclient","Test":"TestP06NetworkOracleRejectsUsableExternalConnectivity"}
{"Time":"2026-09-11T17:27:24.525687867-07:00","Action":"output","Package":"github.com/JDinSeattle/forge-runtime/internal/runnerclient","Test":"TestP06NetworkOracleRejectsUsableExternalConnectivity","Output":"=== RUN   TestP06NetworkOracleRejectsUsableExternalConnectivity\n"}
{"Time":"2026-09-11T17:27:24.525736679-07:00","Action":"run","Package":"github.com/JDinSeattle/forge-runtime/internal/runnerclient","Test":"TestP06NetworkOracleRejectsUsableExternalConnectivity/ipv4_gateway"}
{"Time":"2026-09-11T17:27:24.5257448-07:00","Action":"output","Package":"github.com/JDinSeattle/forge-runtime/internal/runnerclient","Test":"TestP06NetworkOracleRejectsUsableExternalConnectivity/ipv4_gateway","Output":"=== RUN   TestP06NetworkOracleRejectsUsableExternalConnectivity/ipv4_gateway\n"}
{"Time":"2026-09-11T17:27:24.526152788-07:00","Action":"output","Package":"github.com/JDinSeattle/forge-runtime/internal/runnerclient","Test":"TestP06NetworkOracleRejectsUsableExternalConnectivity/ipv4_gateway","Output":"--- PASS: TestP06NetworkOracleRejectsUsableExternalConnectivity/ipv4_gateway (0.00s)\n"}
{"Time":"2026-09-11T17:27:24.526165066-07:00","Action":"pass","Package":"github.com/JDinSeattle/forge-runtime/internal/runnerclient","Test":"TestP06NetworkOracleRejectsUsableExternalConnectivity/ipv4_gateway","Elapsed":0}
{"Time":"2026-09-11T17:27:24.526172056-07:00","Action":"output","Package":"github.com/JDinSeattle/forge-runtime/internal/runtime","Test":"TestProgressRepeatedEvidenceStopsOnlyAfterReceipt","Output":"--- PASS: TestProgressRepeatedEvidenceStopsOnlyAfterReceipt (0.00s)\n"}
{"Time":"2026-09-11T17:27:24.526177873-07:00","Action":"run","Package":"github.com/JDinSeattle/forge-runtime/internal/runnerclient","Test":"TestP06NetworkOracleRejectsUsableExternalConnectivity/ipv6_nonloopback_destination"}
{"Time":"2026-09-11T17:27:24.526186261-07:00","Action":"output","Package":"github.com/JDinSeattle/forge-runtime/internal/runnerclient","Test":"TestP06NetworkOracleRejectsUsableExternalConnectivity/ipv6_nonloopback_destination","Output":"=== RUN   TestP06NetworkOracleRejectsUsableExternalConnectivity/ipv6_nonloopback_destination\n"}
{"Time":"2026-09-11T17:27:24.52619056-07:00","Action":"pass","Package":"github.com/JDinSeattle/forge-runtime/internal/runtime","Test":"TestProgressRepeatedEvidenceStopsOnlyAfterReceipt","Elapsed":0}
{"Time":"2026-09-11T17:27:24.526209221-07:00","Action":"run","Package":"github.com/JDinSeattle/forge-runtime/internal/runtime","Test":"TestProgressNovelMessagesUnknownAndOscillation"}
{"Time":"2026-09-11T17:27:24.526211062-07:00","Action":"output","Package":"github.com/JDinSeattle/forge-runtime/internal/runtime","Test":"TestProgressNovelMessagesUnknownAndOscillation","Output":"=== RUN   TestProgressNovelMessagesUnknownAndOscillation\n"}
{"Time":"2026-09-11T17:27:24.526316267-07:00","Action":"run","Package":"github.com/JDinSeattle/forge-runtime/internal/telemetry","Test":"TestHTTPMiddlewarePreservesFlushErrorAfterRequestCancellation"}
{"Time":"2026-09-11T17:27:24.526318324-07:00","Action":"output","Package":"github.com/JDinSeattle/forge-runtime/internal/telemetry","Test":"TestHTTPMiddlewarePreservesFlushErrorAfterRequestCancellation","Output":"=== RUN   TestHTTPMiddlewarePreservesFlushErrorAfterRequestCancellation\n"}
{"Time":"2026-09-11T17:27:24.526366673-07:00","Action":"output","Package":"github.com/JDinSeattle/forge-runtime/internal/runnerclient","Test":"TestP06NetworkOracleRejectsUsableExternalConnectivity/ipv6_nonloopback_destination","Output":"--- PASS: TestP06NetworkOracleRejectsUsableExternalConnectivity/ipv6_nonloopback_destination (0.00s)\n"}
{"Time":"2026-09-11T17:27:24.526375497-07:00","Action":"pass","Package":"github.com/JDinSeattle/forge-runtime/internal/runnerclient","Test":"TestP06NetworkOracleRejectsUsableExternalConnectivity/ipv6_nonloopback_destination","Elapsed":0}
{"Time":"2026-09-11T17:27:24.526400017-07:00","Action":"run","Package":"github.com/JDinSeattle/forge-runtime/internal/runnerclient","Test":"TestP06NetworkOracleRejectsUsableExternalConnectivity/duplicate_interface"}
{"Time":"2026-09-11T17:27:24.526405537-07:00","Action":"output","Package":"github.com/JDinSeattle/forge-runtime/internal/runnerclient","Test":"TestP06NetworkOracleRejectsUsableExternalConnectivity/duplicate_interface","Output":"=== RUN   TestP06NetworkOracleRejectsUsableExternalConnectivity/duplicate_interface\n"}
{"Time":"2026-09-11T17:27:24.527412098-07:00","Action":"output","Package":"github.com/JDinSeattle/forge-runtime/internal/runtime","Test":"TestProgressNovelMessagesUnknownAndOscillation","Output":"--- PASS: TestProgressNovelMessagesUnknownAndOscillation (0.00s)\n"}
{"Time":"2026-09-11T17:27:24.527438736-07:00","Action":"pass","Package":"github.com/JDinSeattle/forge-runtime/internal/runtime","Test":"TestProgressNovelMessagesUnknownAndOscillation","Elapsed":0}
{"Time":"2026-09-11T17:27:24.527444326-07:00","Action":"run","Package":"github.com/JDinSeattle/forge-runtime/internal/runtime","Test":"TestProgressCompatibilityAndMalformedBoundary"}
{"Time":"2026-09-11T17:27:24.52741515-07:00","Action":"output","Package":"github.com/JDinSeattle/forge-runtime/internal/runnerclient","Test":"TestP06NetworkOracleRejectsUsableExternalConnectivity/duplicate_interface","Output":"--- PASS: TestP06NetworkOracleRejectsUsableExternalConnectivity/duplicate_interface (0.00s)\n"}
{"Time":"2026-09-11T17:27:24.527448036-07:00","Action":"output","Package":"github.com/JDinSeattle/forge-runtime/internal/runtime","Test":"TestProgressCompatibilityAndMalformedBoundary","Output":"=== RUN   TestProgressCompatibilityAndMalformedBoundary\n"}
{"Time":"2026-09-11T17:27:24.52745422-07:00","Action":"output","Package":"github.com/JDinSeattle/forge-runtime/internal/runtime","Test":"TestProgressCompatibilityAndMalformedBoundary","Output":"--- PASS: TestProgressCompatibilityAndMalformedBoundary (0.00s)\n"}
{"Time":"2026-09-11T17:27:24.527453874-07:00","Action":"pass","Package":"github.com/JDinSeattle/forge-runtime/internal/runnerclient","Test":"TestP06NetworkOracleRejectsUsableExternalConnectivity/duplicate_interface","Elapsed":0}
{"Time":"2026-09-11T17:27:24.527457401-07:00","Action":"pass","Package":"github.com/JDinSeattle/forge-runtime/internal/runtime","Test":"TestProgressCompatibilityAndMalformedBoundary","Elapsed":0}
{"Time":"2026-09-11T17:27:24.527459982-07:00","Action":"run","Package":"github.com/JDinSeattle/forge-runtime/internal/runnerclient","Test":"TestP06NetworkOracleRejectsUsableExternalConnectivity/no_loopback"}
{"Time":"2026-09-11T17:27:24.527461051-07:00","Action":"run","Package":"github.com/JDinSeattle/forge-runtime/internal/runtime","Test":"TestProgressHistoryIsBoundedAndEvictionIsConservative"}
{"Time":"2026-09-11T17:27:24.527463225-07:00","Action":"output","Package":"github.com/JDinSeattle/forge-runtime/internal/runnerclient","Test":"TestP06NetworkOracleRejectsUsableExternalConnectivity/no_loopback","Output":"=== RUN   TestP06NetworkOracleRejectsUsableExternalConnectivity/no_loopback\n"}
{"Time":"2026-09-11T17:27:24.527464742-07:00","Action":"output","Package":"github.com/JDinSeattle/forge-runtime/internal/runtime","Test":"TestProgressHistoryIsBoundedAndEvictionIsConservative","Output":"=== RUN   TestProgressHistoryIsBoundedAndEvictionIsConservative\n"}
{"Time":"2026-09-11T17:27:24.527464107-07:00","Action":"output","Package":"github.com/JDinSeattle/forge-runtime/internal/sandbox","Test":"TestDockerTmpfsExecutionIsExplicitAndKeepsFixedBounds/true","Output":"--- PASS: TestDockerTmpfsExecutionIsExplicitAndKeepsFixedBounds/true (0.00s)\n"}
{"Time":"2026-09-11T17:27:24.527467322-07:00","Action":"output","Package":"github.com/JDinSeattle/forge-runtime/internal/runnerclient","Test":"TestP06NetworkOracleRejectsUsableExternalConnectivity/no_loopback","Output":"--- PASS: TestP06NetworkOracleRejectsUsableExternalConnectivity/no_loopback (0.00s)\n"}
{"Time":"2026-09-11T17:27:24.527477587-07:00","Action":"pass","Package":"github.com/JDinSeattle/forge-runtime/internal/runnerclient","Test":"TestP06NetworkOracleRejectsUsableExternalConnectivity/no_loopback","Elapsed":0}
{"Time":"2026-09-11T17:27:24.527476112-07:00","Action":"pass","Package":"github.com/JDinSeattle/forge-runtime/internal/sandbox","Test":"TestDockerTmpfsExecutionIsExplicitAndKeepsFixedBounds/true","Elapsed":0}
{"Time":"2026-09-11T17:27:24.527482838-07:00","Action":"run","Package":"github.com/JDinSeattle/forge-runtime/internal/runnerclient","Test":"TestP06NetworkOracleRejectsUsableExternalConnectivity/external_operstate_up"}
{"Time":"2026-09-11T17:27:24.527488827-07:00","Action":"output","Package":"github.com/JDinSeattle/forge-runtime/internal/runnerclient","Test":"TestP06NetworkOracleRejectsUsableExternalConnectivity/external_operstate_up","Output":"=== RUN   TestP06NetworkOracleRejectsUsableExternalConnectivity/external_operstate_up\n"}
{"Time":"2026-09-11T17:27:24.527494897-07:00","Action":"output","Package":"github.com/JDinSeattle/forge-runtime/internal/sandbox","Test":"TestDockerTmpfsExecutionIsExplicitAndKeepsFixedBounds","Output":"--- PASS: TestDockerTmpfsExecutionIsExplicitAndKeepsFixedBounds (0.01s)\n"}
{"Time":"2026-09-11T17:27:24.527496446-07:00","Action":"output","Package":"github.com/JDinSeattle/forge-runtime/internal/runnerclient","Test":"TestP06NetworkOracleRejectsUsableExternalConnectivity/external_operstate_up","Output":"--- PASS: TestP06NetworkOracleRejectsUsableExternalConnectivity/external_operstate_up (0.00s)\n"}
{"Time":"2026-09-11T17:27:24.527500034-07:00","Action":"pass","Package":"github.com/JDinSeattle/forge-runtime/internal/runnerclient","Test":"TestP06NetworkOracleRejectsUsableExternalConnectivity/external_operstate_up","Elapsed":0}
{"Time":"2026-09-11T17:27:24.527501997-07:00","Action":"pass","Package":"github.com/JDinSeattle/forge-runtime/internal/sandbox","Test":"TestDockerTmpfsExecutionIsExplicitAndKeepsFixedBounds","Elapsed":0.01}
{"Time":"2026-09-11T17:27:24.527503989-07:00","Action":"run","Package":"github.com/JDinSeattle/forge-runtime/internal/runnerclient","Test":"TestP06NetworkOracleRejectsUsableExternalConnectivity/ipv4_external_route"}
{"Time":"2026-09-11T17:27:24.52750748-07:00","Action":"output","Package":"github.com/JDinSeattle/forge-runtime/internal/runnerclient","Test":"TestP06NetworkOracleRejectsUsableExternalConnectivity/ipv4_external_route","Output":"=== RUN   TestP06NetworkOracleRejectsUsableExternalConnectivity/ipv4_external_route\n"}
{"Time":"2026-09-11T17:27:24.527512021-07:00","Action":"output","Package":"github.com/JDinSeattle/forge-runtime/internal/runnerclient","Test":"TestP06NetworkOracleRejectsUsableExternalConnectivity/ipv4_external_route","Output":"--- PASS: TestP06NetworkOracleRejectsUsableExternalConnectivity/ipv4_external_route (0.00s)\n"}
{"Time":"2026-09-11T17:27:24.52751588-07:00","Action":"pass","Package":"github.com/JDinSeattle/forge-runtime/internal/runnerclient","Test":"TestP06NetworkOracleRejectsUsableExternalConnectivity/ipv4_external_route","Elapsed":0}
{"Time":"2026-09-11T17:27:24.527520013-07:00","Action":"run","Package":"github.com/JDinSeattle/forge-runtime/internal/runnerclient","Test":"TestP06NetworkOracleRejectsUsableExternalConnectivity/ipv4_default_via_loopback"}
{"Time":"2026-09-11T17:27:24.527522971-07:00","Action":"run","Package":"github.com/JDinSeattle/forge-runtime/internal/sandbox","Test":"TestCreatedDockerCancellationRequiresDurableNoDispatchProof"}
{"Time":"2026-09-11T17:27:24.527523366-07:00","Action":"output","Package":"github.com/JDinSeattle/forge-runtime/internal/runnerclient","Test":"TestP06NetworkOracleRejectsUsableExternalConnectivity/ipv4_default_via_loopback","Output":"=== RUN   TestP06NetworkOracleRejectsUsableExternalConnectivity/ipv4_default_via_loopback\n"}
{"Time":"2026-09-11T17:27:24.527525053-07:00","Action":"output","Package":"github.com/JDinSeattle/forge-runtime/internal/sandbox","Test":"TestCreatedDockerCancellationRequiresDurableNoDispatchProof","Output":"=== RUN   TestCreatedDockerCancellationRequiresDurableNoDispatchProof\n"}
{"Time":"2026-09-11T17:27:24.527527714-07:00","Action":"output","Package":"github.com/JDinSeattle/forge-runtime/internal/runnerclient","Test":"TestP06NetworkOracleRejectsUsableExternalConnectivity/ipv4_default_via_loopback","Output":"--- PASS: TestP06NetworkOracleRejectsUsableExternalConnectivity/ipv4_default_via_loopback (0.00s)\n"}
{"Time":"2026-09-11T17:27:24.527531678-07:00","Action":"pass","Package":"github.com/JDinSeattle/forge-runtime/internal/runnerclient","Test":"TestP06NetworkOracleRejectsUsableExternalConnectivity/ipv4_default_via_loopback","Elapsed":0}
{"Time":"2026-09-11T17:27:24.527543293-07:00","Action":"run","Package":"github.com/JDinSeattle/forge-runtime/internal/sandbox","Test":"TestCreatedDockerCancellationRequiresDurableNoDispatchProof/false"}
{"Time":"2026-09-11T17:27:24.52754853-07:00","Action":"run","Package":"github.com/JDinSeattle/forge-runtime/internal/runnerclient","Test":"TestP06NetworkOracleRejectsUsableExternalConnectivity/ipv6_external_route"}
{"Time":"2026-09-11T17:27:24.527552263-07:00","Action":"output","Package":"github.com/JDinSeattle/forge-runtime/internal/runnerclient","Test":"TestP06NetworkOracleRejectsUsableExternalConnectivity/ipv6_external_route","Output":"=== RUN   TestP06NetworkOracleRejectsUsableExternalConnectivity/ipv6_external_route\n"}
{"Time":"2026-09-11T17:27:24.527548377-07:00","Action":"output","Package":"github.com/JDinSeattle/forge-runtime/internal/sandbox","Test":"TestCreatedDockerCancellationRequiresDurableNoDispatchProof/false","Output":"=== RUN   TestCreatedDockerCancellationRequiresDurableNoDispatchProof/false\n"}
{"Time":"2026-09-11T17:27:24.527694668-07:00","Action":"output","Package":"github.com/JDinSeattle/forge-runtime/internal/runnerclient","Test":"TestP06NetworkOracleRejectsUsableExternalConnectivity/ipv6_external_route","Output":"--- PASS: TestP06NetworkOracleRejectsUsableExternalConnectivity/ipv6_external_route (0.00s)\n"}
{"Time":"2026-09-11T17:27:24.527708473-07:00","Action":"pass","Package":"github.com/JDinSeattle/forge-runtime/internal/runnerclient","Test":"TestP06NetworkOracleRejectsUsableExternalConnectivity/ipv6_external_route","Elapsed":0}
{"Time":"2026-09-11T17:27:24.527723505-07:00","Action":"run","Package":"github.com/JDinSeattle/forge-runtime/internal/runnerclient","Test":"TestP06NetworkOracleRejectsUsableExternalConnectivity/ipv6_default_via_loopback"}
{"Time":"2026-09-11T17:27:24.527726935-07:00","Action":"output","Package":"github.com/JDinSeattle/forge-runtime/internal/runnerclient","Test":"TestP06NetworkOracleRejectsUsableExternalConnectivity/ipv6_default_via_loopback","Output":"=== RUN   TestP06NetworkOracleRejectsUsableExternalConnectivity/ipv6_default_via_loopback\n"}
{"Time":"2026-09-11T17:27:24.527902776-07:00","Action":"output","Package":"github.com/JDinSeattle/forge-runtime/internal/runnerclient","Test":"TestP06NetworkOracleRejectsUsableExternalConnectivity/ipv6_default_via_loopback","Output":"--- PASS: TestP06NetworkOracleRejectsUsableExternalConnectivity/ipv6_default_via_loopback (0.00s)\n"}
{"Time":"2026-09-11T17:27:24.527920391-07:00","Action":"pass","Package":"github.com/JDinSeattle/forge-runtime/internal/runnerclient","Test":"TestP06NetworkOracleRejectsUsableExternalConnectivity/ipv6_default_via_loopback","Elapsed":0}
{"Time":"2026-09-11T17:27:24.5279305-07:00","Action":"run","Package":"github.com/JDinSeattle/forge-runtime/internal/runnerclient","Test":"TestP06NetworkOracleRejectsUsableExternalConnectivity/unreported_interface"}
{"Time":"2026-09-11T17:27:24.527933617-07:00","Action":"output","Package":"github.com/JDinSeattle/forge-runtime/internal/runnerclient","Test":"TestP06NetworkOracleRejectsUsableExternalConnectivity/unreported_interface","Output":"=== RUN   TestP06NetworkOracleRejectsUsableExternalConnectivity/unreported_interface\n"}
{"Time":"2026-09-11T17:27:24.528099628-07:00","Action":"output","Package":"github.com/JDinSeattle/forge-runtime/internal/runnerclient","Test":"TestP06NetworkOracleRejectsUsableExternalConnectivity/unreported_interface","Output":"--- PASS: TestP06NetworkOracleRejectsUsableExternalConnectivity/unreported_interface (0.00s)\n"}
{"Time":"2026-09-11T17:27:24.528108354-07:00","Action":"pass","Package":"github.com/JDinSeattle/forge-runtime/internal/runnerclient","Test":"TestP06NetworkOracleRejectsUsableExternalConnectivity/unreported_interface","Elapsed":0}
{"Time":"2026-09-11T17:27:24.528129174-07:00","Action":"run","Package":"github.com/JDinSeattle/forge-runtime/internal/runnerclient","Test":"TestP06NetworkOracleRejectsUsableExternalConnectivity/external_interface_up"}
{"Time":"2026-09-11T17:27:24.528134231-07:00","Action":"output","Package":"github.com/JDinSeattle/forge-runtime/internal/runnerclient","Test":"TestP06NetworkOracleRejectsUsableExternalConnectivity/external_interface_up","Output":"=== RUN   TestP06NetworkOracleRejectsUsableExternalConnectivity/external_interface_up\n"}
{"Time":"2026-09-11T17:27:24.528261049-07:00","Action":"output","Package":"github.com/JDinSeattle/forge-runtime/internal/httpapi","Test":"TestReadinessClassifiesActualDatabaseTransportLoss","Output":"--- PASS: TestReadinessClassifiesActualDatabaseTransportLoss (0.00s)\n"}
{"Time":"2026-09-11T17:27:24.528274489-07:00","Action":"pass","Package":"github.com/JDinSeattle/forge-runtime/internal/httpapi","Test":"TestReadinessClassifiesActualDatabaseTransportLoss","Elapsed":0}
{"Time":"2026-09-11T17:27:24.52827862-07:00","Action":"run","Package":"github.com/JDinSeattle/forge-runtime/internal/httpapi","Test":"TestProgressBudgetOnlyReducesConfiguredLimit"}
{"Time":"2026-09-11T17:27:24.528282538-07:00","Action":"output","Package":"github.com/JDinSeattle/forge-runtime/internal/httpapi","Test":"TestProgressBudgetOnlyReducesConfiguredLimit","Output":"=== RUN   TestProgressBudgetOnlyReducesConfiguredLimit\n"}
{"Time":"2026-09-11T17:27:24.528290906-07:00","Action":"output","Package":"github.com/JDinSeattle/forge-runtime/internal/runnerclient","Test":"TestP06NetworkOracleRejectsUsableExternalConnectivity/external_interface_up","Output":"--- PASS: TestP06NetworkOracleRejectsUsableExternalConnectivity/external_interface_up (0.00s)\n"}
{"Time":"2026-09-11T17:27:24.528301416-07:00","Action":"pass","Package":"github.com/JDinSeattle/forge-runtime/internal/runnerclient","Test":"TestP06NetworkOracleRejectsUsableExternalConnectivity/external_interface_up","Elapsed":0}
{"Time":"2026-09-11T17:27:24.528325218-07:00","Action":"run","Package":"github.com/JDinSeattle/forge-runtime/internal/runnerclient","Test":"TestP06NetworkOracleRejectsUsableExternalConnectivity/external_ipv4_address"}
{"Time":"2026-09-11T17:27:24.5283286-07:00","Action":"output","Package":"github.com/JDinSeattle/forge-runtime/internal/httpapi","Test":"TestProgressBudgetOnlyReducesConfiguredLimit","Output":"--- PASS: TestProgressBudgetOnlyReducesConfiguredLimit (0.00s)\n"}
{"Time":"2026-09-11T17:27:24.528330409-07:00","Action":"output","Package":"github.com/JDinSeattle/forge-runtime/internal/runnerclient","Test":"TestP06NetworkOracleRejectsUsableExternalConnectivity/external_ipv4_address","Output":"=== RUN   TestP06NetworkOracleRejectsUsableExternalConnectivity/external_ipv4_address\n"}
{"Time":"2026-09-11T17:27:24.52833333-07:00","Action":"pass","Package":"github.com/JDinSeattle/forge-runtime/internal/httpapi","Test":"TestProgressBudgetOnlyReducesConfiguredLimit","Elapsed":0}
{"Time":"2026-09-11T17:27:24.52833768-07:00","Action":"run","Package":"github.com/JDinSeattle/forge-runtime/internal/httpapi","Test":"TestSSESurvivesIndependentDatabaseDeadline"}
{"Time":"2026-09-11T17:27:24.528341511-07:00","Action":"output","Package":"github.com/JDinSeattle/forge-runtime/internal/httpapi","Test":"TestSSESurvivesIndependentDatabaseDeadline","Output":"=== RUN   TestSSESurvivesIndependentDatabaseDeadline\n"}
{"Time":"2026-09-11T17:27:24.528498318-07:00","Action":"output","Package":"github.com/JDinSeattle/forge-runtime/internal/runnerclient","Test":"TestP06NetworkOracleRejectsUsableExternalConnectivity/external_ipv4_address","Output":"--- PASS: TestP06NetworkOracleRejectsUsableExternalConnectivity/external_ipv4_address (0.00s)\n"}
{"Time":"2026-09-11T17:27:24.528505447-07:00","Action":"pass","Package":"github.com/JDinSeattle/forge-runtime/internal/runnerclient","Test":"TestP06NetworkOracleRejectsUsableExternalConnectivity/external_ipv4_address","Elapsed":0}
{"Time":"2026-09-11T17:27:24.528532272-07:00","Action":"run","Package":"github.com/JDinSeattle/forge-runtime/internal/runnerclient","Test":"TestP06NetworkOracleRejectsUsableExternalConnectivity/nonloopback_alias"}
{"Time":"2026-09-11T17:27:24.528537585-07:00","Action":"output","Package":"github.com/JDinSeattle/forge-runtime/internal/runnerclient","Test":"TestP06NetworkOracleRejectsUsableExternalConnectivity/nonloopback_alias","Output":"=== RUN   TestP06NetworkOracleRejectsUsableExternalConnectivity/nonloopback_alias\n"}
{"Time":"2026-09-11T17:27:24.529415195-07:00","Action":"output","Package":"github.com/JDinSeattle/forge-runtime/internal/runnerclient","Test":"TestP06NetworkOracleRejectsUsableExternalConnectivity/nonloopback_alias","Output":"--- PASS: TestP06NetworkOracleRejectsUsableExternalConnectivity/nonloopback_alias (0.00s)\n"}
{"Time":"2026-09-11T17:27:24.529434726-07:00","Action":"pass","Package":"github.com/JDinSeattle/forge-runtime/internal/runnerclient","Test":"TestP06NetworkOracleRejectsUsableExternalConnectivity/nonloopback_alias","Elapsed":0}
{"Time":"2026-09-11T17:27:24.529439247-07:00","Action":"run","Package":"github.com/JDinSeattle/forge-runtime/internal/runnerclient","Test":"TestP06NetworkOracleRejectsUsableExternalConnectivity/ipv4_nonloopback_destination"}
{"Time":"2026-09-11T17:27:24.52944277-07:00","Action":"output","Package":"github.com/JDinSeattle/forge-runtime/internal/runnerclient","Test":"TestP06NetworkOracleRejectsUsableExternalConnectivity/ipv4_nonloopback_destination","Output":"=== RUN   TestP06NetworkOracleRejectsUsableExternalConnectivity/ipv4_nonloopback_destination\n"}
{"Time":"2026-09-11T17:27:24.529446577-07:00","Action":"output","Package":"github.com/JDinSeattle/forge-runtime/internal/runnerclient","Test":"TestP06NetworkOracleRejectsUsableExternalConnectivity/ipv4_nonloopback_destination","Output":"--- PASS: TestP06NetworkOracleRejectsUsableExternalConnectivity/ipv4_nonloopback_destination (0.00s)\n"}
{"Time":"2026-09-11T17:27:24.529449824-07:00","Action":"pass","Package":"github.com/JDinSeattle/forge-runtime/internal/runnerclient","Test":"TestP06NetworkOracleRejectsUsableExternalConnectivity/ipv4_nonloopback_destination","Elapsed":0}
{"Time":"2026-09-11T17:27:24.52945434-07:00","Action":"output","Package":"github.com/JDinSeattle/forge-runtime/internal/runnerclient","Test":"TestP06NetworkOracleRejectsUsableExternalConnectivity","Output":"--- PASS: TestP06NetworkOracleRejectsUsableExternalConnectivity (0.00s)\n"}
{"Time":"2026-09-11T17:27:24.52945816-07:00","Action":"pass","Package":"github.com/JDinSeattle/forge-runtime/internal/runnerclient","Test":"TestP06NetworkOracleRejectsUsableExternalConnectivity","Elapsed":0}
{"Time":"2026-09-11T17:27:24.529462386-07:00","Action":"run","Package":"github.com/JDinSeattle/forge-runtime/internal/runnerclient","Test":"TestP06WorkspaceProofRejectsWrongOriginalBinding"}
{"Time":"2026-09-11T17:27:24.529465668-07:00","Action":"output","Package":"github.com/JDinSeattle/forge-runtime/internal/runnerclient","Test":"TestP06WorkspaceProofRejectsWrongOriginalBinding","Output":"=== RUN   TestP06WorkspaceProofRejectsWrongOriginalBinding\n"}
{"Time":"2026-09-11T17:27:24.529469987-07:00","Action":"output","Package":"github.com/JDinSeattle/forge-runtime/internal/runnerclient","Test":"TestP06WorkspaceProofRejectsWrongOriginalBinding","Output":"--- PASS: TestP06WorkspaceProofRejectsWrongOriginalBinding (0.00s)\n"}
{"Time":"2026-09-11T17:27:24.529473735-07:00","Action":"pass","Package":"github.com/JDinSeattle/forge-runtime/internal/runnerclient","Test":"TestP06WorkspaceProofRejectsWrongOriginalBinding","Elapsed":0}
{"Time":"2026-09-11T17:27:24.529477796-07:00","Action":"run","Package":"github.com/JDinSeattle/forge-runtime/internal/runnerclient","Test":"TestRealRunnerCrashMatrix"}
{"Time":"2026-09-11T17:27:24.529481176-07:00","Action":"output","Package":"github.com/JDinSeattle/forge-runtime/internal/runnerclient","Test":"TestRealRunnerCrashMatrix","Output":"=== RUN   TestRealRunnerCrashMatrix\n"}
{"Time":"2026-09-11T17:27:24.529484959-07:00","Action":"output","Package":"github.com/JDinSeattle/forge-runtime/internal/runnerclient","Test":"TestRealRunnerCrashMatrix","Output":"    fault_integration_test.go:94: requires quiesced real runner config, binary and evidence directory; see scripts/faults/README.md\n"}
{"Time":"2026-09-11T17:27:24.529489107-07:00","Action":"output","Package":"github.com/JDinSeattle/forge-runtime/internal/runnerclient","Test":"TestRealRunnerCrashMatrix","Output":"--- SKIP: TestRealRunnerCrashMatrix (0.00s)\n"}
{"Time":"2026-09-11T17:27:24.529493079-07:00","Action":"skip","Package":"github.com/JDinSeattle/forge-runtime/internal/runnerclient","Test":"TestRealRunnerCrashMatrix","Elapsed":0}
{"Time":"2026-09-11T17:27:24.529501668-07:00","Action":"run","Package":"github.com/JDinSeattle/forge-runtime/internal/runnerclient","Test":"TestStrictLogRPCPreviewPreservesPolicyMetadata"}
{"Time":"2026-09-11T17:27:24.529415818-07:00","Action":"output","Package":"github.com/JDinSeattle/forge-runtime/internal/sandbox","Test":"TestCreatedDockerCancellationRequiresDurableNoDispatchProof/false","Output":"--- PASS: TestCreatedDockerCancellationRequiresDurableNoDispatchProof/false (0.00s)\n"}
{"Time":"2026-09-11T17:27:24.52951958-07:00","Action":"pass","Package":"github.com/JDinSeattle/forge-runtime/internal/sandbox","Test":"TestCreatedDockerCancellationRequiresDurableNoDispatchProof/false","Elapsed":0}
{"Time":"2026-09-11T17:27:24.529535474-07:00","Action":"run","Package":"github.com/JDinSeattle/forge-runtime/internal/sandbox","Test":"TestCreatedDockerCancellationRequiresDurableNoDispatchProof/true"}
{"Time":"2026-09-11T17:27:24.529539989-07:00","Action":"output","Package":"github.com/JDinSeattle/forge-runtime/internal/sandbox","Test":"TestCreatedDockerCancellationRequiresDurableNoDispatchProof/true","Output":"=== RUN   TestCreatedDockerCancellationRequiresDurableNoDispatchProof/true\n"}
{"Time":"2026-09-11T17:27:24.529505506-07:00","Action":"output","Package":"github.com/JDinSeattle/forge-runtime/internal/runnerclient","Test":"TestStrictLogRPCPreviewPreservesPolicyMetadata","Output":"=== RUN   TestStrictLogRPCPreviewPreservesPolicyMetadata\n"}
{"Time":"2026-09-11T17:27:24.530904017-07:00","Action":"output","Package":"github.com/JDinSeattle/forge-runtime/internal/sandbox","Test":"TestCreatedDockerCancellationRequiresDurableNoDispatchProof/true","Output":"--- PASS: TestCreatedDockerCancellationRequiresDurableNoDispatchProof/true (0.00s)\n"}
{"Time":"2026-09-11T17:27:24.530918824-07:00","Action":"pass","Package":"github.com/JDinSeattle/forge-runtime/internal/sandbox","Test":"TestCreatedDockerCancellationRequiresDurableNoDispatchProof/true","Elapsed":0}
{"Time":"2026-09-11T17:27:24.530926296-07:00","Action":"output","Package":"github.com/JDinSeattle/forge-runtime/internal/sandbox","Test":"TestCreatedDockerCancellationRequiresDurableNoDispatchProof","Output":"--- PASS: TestCreatedDockerCancellationRequiresDurableNoDispatchProof (0.00s)\n"}
{"Time":"2026-09-11T17:27:24.530928683-07:00","Action":"pass","Package":"github.com/JDinSeattle/forge-runtime/internal/sandbox","Test":"TestCreatedDockerCancellationRequiresDurableNoDispatchProof","Elapsed":0}
{"Time":"2026-09-11T17:27:24.530941283-07:00","Action":"run","Package":"github.com/JDinSeattle/forge-runtime/internal/sandbox","Test":"TestStrictLogDockerMultiplexAlwaysDrainsAfterLimit"}
{"Time":"2026-09-11T17:27:24.530942909-07:00","Action":"output","Package":"github.com/JDinSeattle/forge-runtime/internal/sandbox","Test":"TestStrictLogDockerMultiplexAlwaysDrainsAfterLimit","Output":"=== RUN   TestStrictLogDockerMultiplexAlwaysDrainsAfterLimit\n"}
{"Time":"2026-09-11T17:27:24.531690135-07:00","Action":"output","Package":"github.com/JDinSeattle/forge-runtime/internal/telemetry","Test":"TestHTTPMiddlewarePreservesFlushErrorAfterRequestCancellation","Output":"--- PASS: TestHTTPMiddlewarePreservesFlushErrorAfterRequestCancellation (0.01s)\n"}
{"Time":"2026-09-11T17:27:24.531709331-07:00","Action":"pass","Package":"github.com/JDinSeattle/forge-runtime/internal/telemetry","Test":"TestHTTPMiddlewarePreservesFlushErrorAfterRequestCancellation","Elapsed":0.01}
{"Time":"2026-09-11T17:27:24.53172652-07:00","Action":"run","Package":"github.com/JDinSeattle/forge-runtime/internal/telemetry","Test":"TestHTTPMiddlewarePlainResponseWriterDoesNotInventFlushing"}
{"Time":"2026-09-11T17:27:24.531731903-07:00","Action":"output","Package":"github.com/JDinSeattle/forge-runtime/internal/telemetry","Test":"TestHTTPMiddlewarePlainResponseWriterDoesNotInventFlushing","Output":"=== RUN   TestHTTPMiddlewarePlainResponseWriterDoesNotInventFlushing\n"}
{"Time":"2026-09-11T17:27:24.532872928-07:00","Action":"run","Package":"github.com/JDinSeattle/forge-runtime/internal/provider","Test":"TestOpenAIResponsesContractAndNativeContinuation"}
{"Time":"2026-09-11T17:27:24.532886857-07:00","Action":"output","Package":"github.com/JDinSeattle/forge-runtime/internal/provider","Test":"TestOpenAIResponsesContractAndNativeContinuation","Output":"=== RUN   TestOpenAIResponsesContractAndNativeContinuation\n"}
{"Time":"2026-09-11T17:27:24.533952725-07:00","Action":"output","Package":"github.com/JDinSeattle/forge-runtime/internal/telemetry","Test":"TestHTTPMiddlewarePlainResponseWriterDoesNotInventFlushing","Output":"--- PASS: TestHTTPMiddlewarePlainResponseWriterDoesNotInventFlushing (0.00s)\n"}
{"Time":"2026-09-11T17:27:24.533972538-07:00","Action":"pass","Package":"github.com/JDinSeattle/forge-runtime/internal/telemetry","Test":"TestHTTPMiddlewarePlainResponseWriterDoesNotInventFlushing","Elapsed":0}
{"Time":"2026-09-11T17:27:24.533986794-07:00","Action":"run","Package":"github.com/JDinSeattle/forge-runtime/internal/telemetry","Test":"TestHTTPMiddlewareKeepsExistingWriterCapabilities"}
{"Time":"2026-09-11T17:27:24.533990616-07:00","Action":"output","Package":"github.com/JDinSeattle/forge-runtime/internal/telemetry","Test":"TestHTTPMiddlewareKeepsExistingWriterCapabilities","Output":"=== RUN   TestHTTPMiddlewareKeepsExistingWriterCapabilities\n"}
{"Time":"2026-09-11T17:27:24.534019478-07:00","Action":"run","Package":"github.com/JDinSeattle/forge-runtime/internal/telemetry","Test":"TestHTTPMiddlewareKeepsExistingWriterCapabilities/1"}
{"Time":"2026-09-11T17:27:24.534025385-07:00","Action":"output","Package":"github.com/JDinSeattle/forge-runtime/internal/telemetry","Test":"TestHTTPMiddlewareKeepsExistingWriterCapabilities/1","Output":"=== RUN   TestHTTPMiddlewareKeepsExistingWriterCapabilities/1\n"}
{"Time":"2026-09-11T17:27:24.536138852-07:00","Action":"output","Package":"github.com/JDinSeattle/forge-runtime/internal/telemetry","Test":"TestHTTPMiddlewareKeepsExistingWriterCapabilities/1","Output":"--- PASS: TestHTTPMiddlewareKeepsExistingWriterCapabilities/1 (0.00s)\n"}
{"Time":"2026-09-11T17:27:24.536182919-07:00","Action":"pass","Package":"github.com/JDinSeattle/forge-runtime/internal/telemetry","Test":"TestHTTPMiddlewareKeepsExistingWriterCapabilities/1","Elapsed":0}
{"Time":"2026-09-11T17:27:24.536192778-07:00","Action":"run","Package":"github.com/JDinSeattle/forge-runtime/internal/telemetry","Test":"TestHTTPMiddlewareKeepsExistingWriterCapabilities/2"}
{"Time":"2026-09-11T17:27:24.53619953-07:00","Action":"output","Package":"github.com/JDinSeattle/forge-runtime/internal/telemetry","Test":"TestHTTPMiddlewareKeepsExistingWriterCapabilities/2","Output":"=== RUN   TestHTTPMiddlewareKeepsExistingWriterCapabilities/2\n"}
{"Time":"2026-09-11T17:27:24.537623088-07:00","Action":"output","Package":"github.com/JDinSeattle/forge-runtime/internal/telemetry","Test":"TestHTTPMiddlewareKeepsExistingWriterCapabilities/2","Output":"--- PASS: TestHTTPMiddlewareKeepsExistingWriterCapabilities/2 (0.00s)\n"}
{"Time":"2026-09-11T17:27:24.537646142-07:00","Action":"pass","Package":"github.com/JDinSeattle/forge-runtime/internal/telemetry","Test":"TestHTTPMiddlewareKeepsExistingWriterCapabilities/2","Elapsed":0}
{"Time":"2026-09-11T17:27:24.53765116-07:00","Action":"output","Package":"github.com/JDinSeattle/forge-runtime/internal/telemetry","Test":"TestHTTPMiddlewareKeepsExistingWriterCapabilities","Output":"--- PASS: TestHTTPMiddlewareKeepsExistingWriterCapabilities (0.00s)\n"}
{"Time":"2026-09-11T17:27:24.537653009-07:00","Action":"pass","Package":"github.com/JDinSeattle/forge-runtime/internal/telemetry","Test":"TestHTTPMiddlewareKeepsExistingWriterCapabilities","Elapsed":0}
{"Time":"2026-09-11T17:27:24.537654434-07:00","Action":"run","Package":"github.com/JDinSeattle/forge-runtime/internal/telemetry","Test":"TestCollectorBackpressureKeepsObservationsBounded"}
{"Time":"2026-09-11T17:27:24.537655767-07:00","Action":"output","Package":"github.com/JDinSeattle/forge-runtime/internal/telemetry","Test":"TestCollectorBackpressureKeepsObservationsBounded","Output":"=== RUN   TestCollectorBackpressureKeepsObservationsBounded\n"}
{"Time":"2026-09-11T17:27:24.53768535-07:00","Action":"run","Package":"github.com/JDinSeattle/forge-runtime/internal/localsetup","Test":"TestEnvironmentURLSurvivesShellSource"}
{"Time":"2026-09-11T17:27:24.537688636-07:00","Action":"output","Package":"github.com/JDinSeattle/forge-runtime/internal/localsetup","Test":"TestEnvironmentURLSurvivesShellSource","Output":"=== RUN   TestEnvironmentURLSurvivesShellSource\n"}
{"Time":"2026-09-11T17:27:24.539912301-07:00","Action":"output","Package":"github.com/JDinSeattle/forge-runtime/internal/runnerclient","Test":"TestStrictLogRPCPreviewPreservesPolicyMetadata","Output":"--- PASS: TestStrictLogRPCPreviewPreservesPolicyMetadata (0.01s)\n"}
{"Time":"2026-09-11T17:27:24.539946397-07:00","Action":"pass","Package":"github.com/JDinSeattle/forge-runtime/internal/runnerclient","Test":"TestStrictLogRPCPreviewPreservesPolicyMetadata","Elapsed":0.01}
{"Time":"2026-09-11T17:27:24.53995625-07:00","Action":"run","Package":"github.com/JDinSeattle/forge-runtime/internal/runnerclient","Test":"TestUDSContractAndPermissions"}
{"Time":"2026-09-11T17:27:24.539959489-07:00","Action":"output","Package":"github.com/JDinSeattle/forge-runtime/internal/runnerclient","Test":"TestUDSContractAndPermissions","Output":"=== RUN   TestUDSContractAndPermissions\n"}
{"Time":"2026-09-11T17:27:24.540329654-07:00","Action":"output","Package":"github.com/JDinSeattle/forge-runtime/internal/localsetup","Test":"TestEnvironmentURLSurvivesShellSource","Output":"--- PASS: TestEnvironmentURLSurvivesShellSource (0.00s)\n"}
{"Time":"2026-09-11T17:27:24.540349781-07:00","Action":"pass","Package":"github.com/JDinSeattle/forge-runtime/internal/localsetup","Test":"TestEnvironmentURLSurvivesShellSource","Elapsed":0}
{"Time":"2026-09-11T17:27:24.540356733-07:00","Action":"run","Package":"github.com/JDinSeattle/forge-runtime/internal/localsetup","Test":"TestFixtureProfilesPreservePythonAndSeparateTrustedGoVerifier"}
{"Time":"2026-09-11T17:27:24.540360876-07:00","Action":"output","Package":"github.com/JDinSeattle/forge-runtime/internal/localsetup","Test":"TestFixtureProfilesPreservePythonAndSeparateTrustedGoVerifier","Output":"=== RUN   TestFixtureProfilesPreservePythonAndSeparateTrustedGoVerifier\n"}
{"Time":"2026-09-11T17:27:24.541513452-07:00","Action":"output","Package":"github.com/JDinSeattle/forge-runtime/internal/localsetup","Test":"TestFixtureProfilesPreservePythonAndSeparateTrustedGoVerifier","Output":"--- PASS: TestFixtureProfilesPreservePythonAndSeparateTrustedGoVerifier (0.00s)\n"}
{"Time":"2026-09-11T17:27:24.541647985-07:00","Action":"pass","Package":"github.com/JDinSeattle/forge-runtime/internal/localsetup","Test":"TestFixtureProfilesPreservePythonAndSeparateTrustedGoVerifier","Elapsed":0}
{"Time":"2026-09-11T17:27:24.541690122-07:00","Action":"run","Package":"github.com/JDinSeattle/forge-runtime/internal/localsetup","Test":"TestGoDemoPatchBindsBaselineAndProducesExpectedSnapshot"}
{"Time":"2026-09-11T17:27:24.541696657-07:00","Action":"output","Package":"github.com/JDinSeattle/forge-runtime/internal/localsetup","Test":"TestGoDemoPatchBindsBaselineAndProducesExpectedSnapshot","Output":"=== RUN   TestGoDemoPatchBindsBaselineAndProducesExpectedSnapshot\n"}
{"Time":"2026-09-11T17:27:24.542798318-07:00","Action":"output","Package":"github.com/JDinSeattle/forge-runtime/internal/provider","Test":"TestOpenAIResponsesContractAndNativeContinuation","Output":"--- PASS: TestOpenAIResponsesContractAndNativeContinuation (0.01s)\n"}
{"Time":"2026-09-11T17:27:24.542824164-07:00","Action":"pass","Package":"github.com/JDinSeattle/forge-runtime/internal/provider","Test":"TestOpenAIResponsesContractAndNativeContinuation","Elapsed":0.01}
{"Time":"2026-09-11T17:27:24.542830289-07:00","Action":"run","Package":"github.com/JDinSeattle/forge-runtime/internal/provider","Test":"TestAnthropicMessagesContractAndNativeContinuation"}
{"Time":"2026-09-11T17:27:24.542832028-07:00","Action":"output","Package":"github.com/JDinSeattle/forge-runtime/internal/provider","Test":"TestAnthropicMessagesContractAndNativeContinuation","Output":"=== RUN   TestAnthropicMessagesContractAndNativeContinuation\n"}
{"Time":"2026-09-11T17:27:24.543197126-07:00","Action":"run","Package":"github.com/JDinSeattle/forge-runtime/internal/application","Test":"TestPrepareCapacityRequeuesAtomically"}
{"Time":"2026-09-11T17:27:24.543215434-07:00","Action":"output","Package":"github.com/JDinSeattle/forge-runtime/internal/application","Test":"TestPrepareCapacityRequeuesAtomically","Output":"=== RUN   TestPrepareCapacityRequeuesAtomically\n"}
{"Time":"2026-09-11T17:27:24.543367965-07:00","Action":"run","Package":"github.com/JDinSeattle/forge-runtime/tests/review","Test":"TestReviewFixedRunnerClaimAndTakeoverRemainOnAssignedTransport"}
{"Time":"2026-09-11T17:27:24.54337633-07:00","Action":"output","Package":"github.com/JDinSeattle/forge-runtime/tests/review","Test":"TestReviewFixedRunnerClaimAndTakeoverRemainOnAssignedTransport","Output":"=== RUN   TestReviewFixedRunnerClaimAndTakeoverRemainOnAssignedTransport\n"}
{"Time":"2026-09-11T17:27:24.543683305-07:00","Action":"output","Package":"github.com/JDinSeattle/forge-runtime/internal/localsetup","Test":"TestGoDemoPatchBindsBaselineAndProducesExpectedSnapshot","Output":"--- PASS: TestGoDemoPatchBindsBaselineAndProducesExpectedSnapshot (0.00s)\n"}
{"Time":"2026-09-11T17:27:24.54369434-07:00","Action":"pass","Package":"github.com/JDinSeattle/forge-runtime/internal/localsetup","Test":"TestGoDemoPatchBindsBaselineAndProducesExpectedSnapshot","Elapsed":0}
{"Time":"2026-09-11T17:27:24.543707598-07:00","Action":"output","Package":"github.com/JDinSeattle/forge-runtime/internal/localsetup","Output":"PASS\n"}
{"Time":"2026-09-11T17:27:24.544379102-07:00","Action":"run","Package":"github.com/JDinSeattle/forge-runtime/tests/client","Test":"TestSchemaMatchesActualGoWireModelsAndGeneratedTypes"}
{"Time":"2026-09-11T17:27:24.544403188-07:00","Action":"output","Package":"github.com/JDinSeattle/forge-runtime/tests/client","Test":"TestSchemaMatchesActualGoWireModelsAndGeneratedTypes","Output":"=== RUN   TestSchemaMatchesActualGoWireModelsAndGeneratedTypes\n"}
{"Time":"2026-09-11T17:27:24.544420252-07:00","Action":"run","Package":"github.com/JDinSeattle/forge-runtime/scripts/faults/application","Test":"TestApplicationFaultWorkerProcess"}
{"Time":"2026-09-11T17:27:24.544422745-07:00","Action":"output","Package":"github.com/JDinSeattle/forge-runtime/scripts/faults/application","Test":"TestApplicationFaultWorkerProcess","Output":"=== RUN   TestApplicationFaultWorkerProcess\n"}
{"Time":"2026-09-11T17:27:24.544694823-07:00","Action":"output","Package":"github.com/JDinSeattle/forge-runtime/scripts/faults/application","Test":"TestApplicationFaultWorkerProcess","Output":"    application_test.go:158: subprocess entry point only\n"}
{"Time":"2026-09-11T17:27:24.544717696-07:00","Action":"output","Package":"github.com/JDinSeattle/forge-runtime/scripts/faults/application","Test":"TestApplicationFaultWorkerProcess","Output":"--- SKIP: TestApplicationFaultWorkerProcess (0.00s)\n"}
{"Time":"2026-09-11T17:27:24.544738551-07:00","Action":"skip","Package":"github.com/JDinSeattle/forge-runtime/scripts/faults/application","Test":"TestApplicationFaultWorkerProcess","Elapsed":0}
{"Time":"2026-09-11T17:27:24.544748702-07:00","Action":"run","Package":"github.com/JDinSeattle/forge-runtime/scripts/faults/application","Test":"TestRealApplicationFaultMatrix"}
{"Time":"2026-09-11T17:27:24.544753594-07:00","Action":"output","Package":"github.com/JDinSeattle/forge-runtime/scripts/faults/application","Test":"TestRealApplicationFaultMatrix","Output":"=== RUN   TestRealApplicationFaultMatrix\n"}
{"Time":"2026-09-11T17:27:24.544799247-07:00","Action":"output","Package":"github.com/JDinSeattle/forge-runtime/scripts/faults/application","Test":"TestRealApplicationFaultMatrix","Output":"    application_test.go:443: operator opt-in requires quiesced real runner/pool and isolated loopback PostgreSQL\n"}
{"Time":"2026-09-11T17:27:24.544820788-07:00","Action":"output","Package":"github.com/JDinSeattle/forge-runtime/scripts/faults/application","Test":"TestRealApplicationFaultMatrix","Output":"--- SKIP: TestRealApplicationFaultMatrix (0.00s)\n"}
{"Time":"2026-09-11T17:27:24.544838528-07:00","Action":"skip","Package":"github.com/JDinSeattle/forge-runtime/scripts/faults/application","Test":"TestRealApplicationFaultMatrix","Elapsed":0}
{"Time":"2026-09-11T17:27:24.544856666-07:00","Action":"run","Package":"github.com/JDinSeattle/forge-runtime/scripts/faults/application","Test":"TestApplicationFixturePreflight"}
{"Time":"2026-09-11T17:27:24.5448613-07:00","Action":"output","Package":"github.com/JDinSeattle/forge-runtime/scripts/faults/application","Test":"TestApplicationFixturePreflight","Output":"=== RUN   TestApplicationFixturePreflight\n"}
{"Time":"2026-09-11T17:27:24.544972964-07:00","Action":"run","Package":"github.com/JDinSeattle/forge-runtime/scripts/faults/application","Test":"TestApplicationFixturePreflight/F05"}
{"Time":"2026-09-11T17:27:24.544978124-07:00","Action":"output","Package":"github.com/JDinSeattle/forge-runtime/scripts/faults/application","Test":"TestApplicationFixturePreflight/F05","Output":"=== RUN   TestApplicationFixturePreflight/F05\n"}
{"Time":"2026-09-11T17:27:24.545371214-07:00","Action":"run","Package":"github.com/JDinSeattle/forge-runtime/internal/configuration","Test":"TestLoadOperatorTextBatchPolicy"}
{"Time":"2026-09-11T17:27:24.545379035-07:00","Action":"output","Package":"github.com/JDinSeattle/forge-runtime/internal/configuration","Test":"TestLoadOperatorTextBatchPolicy","Output":"=== RUN   TestLoadOperatorTextBatchPolicy\n"}
{"Time":"2026-09-11T17:27:24.545398456-07:00","Action":"run","Package":"github.com/JDinSeattle/forge-runtime/internal/configuration","Test":"TestLoadOperatorTextBatchPolicy/omitted_defaults"}
{"Time":"2026-09-11T17:27:24.545400392-07:00","Action":"output","Package":"github.com/JDinSeattle/forge-runtime/internal/configuration","Test":"TestLoadOperatorTextBatchPolicy/omitted_defaults","Output":"=== RUN   TestLoadOperatorTextBatchPolicy/omitted_defaults\n"}
{"Time":"2026-09-11T17:27:24.546187096-07:00","Action":"output","Package":"github.com/JDinSeattle/forge-runtime/scripts/faults/application","Test":"TestApplicationFixturePreflight/F05","Output":"--- PASS: TestApplicationFixturePreflight/F05 (0.00s)\n"}
{"Time":"2026-09-11T17:27:24.546212913-07:00","Action":"pass","Package":"github.com/JDinSeattle/forge-runtime/scripts/faults/application","Test":"TestApplicationFixturePreflight/F05","Elapsed":0}
{"Time":"2026-09-11T17:27:24.546219138-07:00","Action":"run","Package":"github.com/JDinSeattle/forge-runtime/scripts/faults/application","Test":"TestApplicationFixturePreflight/F07"}
{"Time":"2026-09-11T17:27:24.546223726-07:00","Action":"output","Package":"github.com/JDinSeattle/forge-runtime/scripts/faults/application","Test":"TestApplicationFixturePreflight/F07","Output":"=== RUN   TestApplicationFixturePreflight/F07\n"}
{"Time":"2026-09-11T17:27:24.546303668-07:00","Action":"output","Package":"github.com/JDinSeattle/forge-runtime/internal/configuration","Test":"TestLoadOperatorTextBatchPolicy/omitted_defaults","Output":"--- PASS: TestLoadOperatorTextBatchPolicy/omitted_defaults (0.00s)\n"}
{"Time":"2026-09-11T17:27:24.546316843-07:00","Action":"pass","Package":"github.com/JDinSeattle/forge-runtime/internal/configuration","Test":"TestLoadOperatorTextBatchPolicy/omitted_defaults","Elapsed":0}
{"Time":"2026-09-11T17:27:24.546329042-07:00","Action":"run","Package":"github.com/JDinSeattle/forge-runtime/internal/configuration","Test":"TestLoadOperatorTextBatchPolicy/explicit"}
{"Time":"2026-09-11T17:27:24.546332084-07:00","Action":"output","Package":"github.com/JDinSeattle/forge-runtime/internal/configuration","Test":"TestLoadOperatorTextBatchPolicy/explicit","Output":"=== RUN   TestLoadOperatorTextBatchPolicy/explicit\n"}
{"Time":"2026-09-11T17:27:24.546760001-07:00","Action":"output","Package":"github.com/JDinSeattle/forge-runtime/internal/configuration","Test":"TestLoadOperatorTextBatchPolicy/explicit","Output":"--- PASS: TestLoadOperatorTextBatchPolicy/explicit (0.00s)\n"}
{"Time":"2026-09-11T17:27:24.546779225-07:00","Action":"pass","Package":"github.com/JDinSeattle/forge-runtime/internal/configuration","Test":"TestLoadOperatorTextBatchPolicy/explicit","Elapsed":0}
{"Time":"2026-09-11T17:27:24.546784157-07:00","Action":"run","Package":"github.com/JDinSeattle/forge-runtime/internal/configuration","Test":"TestLoadOperatorTextBatchPolicy/interval_rejected"}
{"Time":"2026-09-11T17:27:24.546796151-07:00","Action":"output","Package":"github.com/JDinSeattle/forge-runtime/internal/configuration","Test":"TestLoadOperatorTextBatchPolicy/interval_rejected","Output":"=== RUN   TestLoadOperatorTextBatchPolicy/interval_rejected\n"}
{"Time":"2026-09-11T17:27:24.547017999-07:00","Action":"output","Package":"github.com/JDinSeattle/forge-runtime/scripts/faults/application","Test":"TestApplicationFixturePreflight/F07","Output":"--- PASS: TestApplicationFixturePreflight/F07 (0.00s)\n"}
{"Time":"2026-09-11T17:27:24.547032954-07:00","Action":"pass","Package":"github.com/JDinSeattle/forge-runtime/scripts/faults/application","Test":"TestApplicationFixturePreflight/F07","Elapsed":0}
{"Time":"2026-09-11T17:27:24.547048869-07:00","Action":"run","Package":"github.com/JDinSeattle/forge-runtime/scripts/faults/application","Test":"TestApplicationFixturePreflight/F08"}
{"Time":"2026-09-11T17:27:24.54705342-07:00","Action":"output","Package":"github.com/JDinSeattle/forge-runtime/scripts/faults/application","Test":"TestApplicationFixturePreflight/F08","Output":"=== RUN   TestApplicationFixturePreflight/F08\n"}
{"Time":"2026-09-11T17:27:24.547136341-07:00","Action":"output","Package":"github.com/JDinSeattle/forge-runtime/internal/configuration","Test":"TestLoadOperatorTextBatchPolicy/interval_rejected","Output":"--- PASS: TestLoadOperatorTextBatchPolicy/interval_rejected (0.00s)\n"}
{"Time":"2026-09-11T17:27:24.547153455-07:00","Action":"pass","Package":"github.com/JDinSeattle/forge-runtime/internal/configuration","Test":"TestLoadOperatorTextBatchPolicy/interval_rejected","Elapsed":0}
{"Time":"2026-09-11T17:27:24.547172615-07:00","Action":"run","Package":"github.com/JDinSeattle/forge-runtime/internal/configuration","Test":"TestLoadOperatorTextBatchPolicy/byte_ceiling_rejected"}
{"Time":"2026-09-11T17:27:24.547176215-07:00","Action":"output","Package":"github.com/JDinSeattle/forge-runtime/internal/configuration","Test":"TestLoadOperatorTextBatchPolicy/byte_ceiling_rejected","Output":"=== RUN   TestLoadOperatorTextBatchPolicy/byte_ceiling_rejected\n"}
{"Time":"2026-09-11T17:27:24.547478613-07:00","Action":"output","Package":"github.com/JDinSeattle/forge-runtime/internal/configuration","Test":"TestLoadOperatorTextBatchPolicy/byte_ceiling_rejected","Output":"--- PASS: TestLoadOperatorTextBatchPolicy/byte_ceiling_rejected (0.00s)\n"}
{"Time":"2026-09-11T17:27:24.54748747-07:00","Action":"pass","Package":"github.com/JDinSeattle/forge-runtime/internal/configuration","Test":"TestLoadOperatorTextBatchPolicy/byte_ceiling_rejected","Elapsed":0}
{"Time":"2026-09-11T17:27:24.547506431-07:00","Action":"output","Package":"github.com/JDinSeattle/forge-runtime/internal/configuration","Test":"TestLoadOperatorTextBatchPolicy","Output":"--- PASS: TestLoadOperatorTextBatchPolicy (0.00s)\n"}
{"Time":"2026-09-11T17:27:24.54751749-07:00","Action":"pass","Package":"github.com/JDinSeattle/forge-runtime/internal/configuration","Test":"TestLoadOperatorTextBatchPolicy","Elapsed":0}
{"Time":"2026-09-11T17:27:24.547520599-07:00","Action":"output","Package":"github.com/JDinSeattle/forge-runtime/internal/configuration","Output":"PASS\n"}
{"Time":"2026-09-11T17:27:24.547858305-07:00","Action":"output","Package":"github.com/JDinSeattle/forge-runtime/scripts/faults/application","Test":"TestApplicationFixturePreflight/F08","Output":"--- PASS: TestApplicationFixturePreflight/F08 (0.00s)\n"}
{"Time":"2026-09-11T17:27:24.547877396-07:00","Action":"pass","Package":"github.com/JDinSeattle/forge-runtime/scripts/faults/application","Test":"TestApplicationFixturePreflight/F08","Elapsed":0}
{"Time":"2026-09-11T17:27:24.547901243-07:00","Action":"output","Package":"github.com/JDinSeattle/forge-runtime/scripts/faults/application","Test":"TestApplicationFixturePreflight","Output":"--- PASS: TestApplicationFixturePreflight (0.00s)\n"}
{"Time":"2026-09-11T17:27:24.547912478-07:00","Action":"pass","Package":"github.com/JDinSeattle/forge-runtime/scripts/faults/application","Test":"TestApplicationFixturePreflight","Elapsed":0}
{"Time":"2026-09-11T17:27:24.547936313-07:00","Action":"run","Package":"github.com/JDinSeattle/forge-runtime/scripts/faults/application","Test":"TestApplicationContinuationWorkerProcess"}
{"Time":"2026-09-11T17:27:24.547943893-07:00","Action":"output","Package":"github.com/JDinSeattle/forge-runtime/scripts/faults/application","Test":"TestApplicationContinuationWorkerProcess","Output":"=== RUN   TestApplicationContinuationWorkerProcess\n"}
{"Time":"2026-09-11T17:27:24.547982106-07:00","Action":"output","Package":"github.com/JDinSeattle/forge-runtime/scripts/faults/application","Test":"TestApplicationContinuationWorkerProcess","Output":"    continuation_test.go:66: private subprocess entry point only\n"}
{"Time":"2026-09-11T17:27:24.548005159-07:00","Action":"output","Package":"github.com/JDinSeattle/forge-runtime/scripts/faults/application","Test":"TestApplicationContinuationWorkerProcess","Output":"--- SKIP: TestApplicationContinuationWorkerProcess (0.00s)\n"}
{"Time":"2026-09-11T17:27:24.548015007-07:00","Action":"skip","Package":"github.com/JDinSeattle/forge-runtime/scripts/faults/application","Test":"TestApplicationContinuationWorkerProcess","Elapsed":0}
{"Time":"2026-09-11T17:27:24.548025946-07:00","Action":"run","Package":"github.com/JDinSeattle/forge-runtime/scripts/faults/application","Test":"TestRealApplicationContinuationMatrix"}
{"Time":"2026-09-11T17:27:24.54802981-07:00","Action":"output","Package":"github.com/JDinSeattle/forge-runtime/scripts/faults/application","Test":"TestRealApplicationContinuationMatrix","Output":"=== RUN   TestRealApplicationContinuationMatrix\n"}
{"Time":"2026-09-11T17:27:24.548078683-07:00","Action":"output","Package":"github.com/JDinSeattle/forge-runtime/scripts/faults/application","Test":"TestRealApplicationContinuationMatrix","Output":"    continuation_test.go:247: operator opt-in requires quiesced original runner/pool\n"}
{"Time":"2026-09-11T17:27:24.548100678-07:00","Action":"output","Package":"github.com/JDinSeattle/forge-runtime/scripts/faults/application","Test":"TestRealApplicationContinuationMatrix","Output":"--- SKIP: TestRealApplicationContinuationMatrix (0.00s)\n"}
{"Time":"2026-09-11T17:27:24.548107173-07:00","Action":"skip","Package":"github.com/JDinSeattle/forge-runtime/scripts/faults/application","Test":"TestRealApplicationContinuationMatrix","Elapsed":0}
{"Time":"2026-09-11T17:27:24.54811419-07:00","Action":"run","Package":"github.com/JDinSeattle/forge-runtime/scripts/faults/application","Test":"TestApplicationContinuationPreflight"}
{"Time":"2026-09-11T17:27:24.548116983-07:00","Action":"output","Package":"github.com/JDinSeattle/forge-runtime/scripts/faults/application","Test":"TestApplicationContinuationPreflight","Output":"=== RUN   TestApplicationContinuationPreflight\n"}
{"Time":"2026-09-11T17:27:24.549050966-07:00","Action":"output","Package":"github.com/JDinSeattle/forge-runtime/scripts/faults/application","Test":"TestApplicationContinuationPreflight","Output":"--- PASS: TestApplicationContinuationPreflight (0.00s)\n"}
{"Time":"2026-09-11T17:27:24.549073424-07:00","Action":"pass","Package":"github.com/JDinSeattle/forge-runtime/scripts/faults/application","Test":"TestApplicationContinuationPreflight","Elapsed":0}
{"Time":"2026-09-11T17:27:24.549079037-07:00","Action":"run","Package":"github.com/JDinSeattle/forge-runtime/scripts/faults/application","Test":"TestRecoverApplicationContinuation"}
{"Time":"2026-09-11T17:27:24.549081974-07:00","Action":"output","Package":"github.com/JDinSeattle/forge-runtime/scripts/faults/application","Test":"TestRecoverApplicationContinuation","Output":"=== RUN   TestRecoverApplicationContinuation\n"}
{"Time":"2026-09-11T17:27:24.549115431-07:00","Action":"output","Package":"github.com/JDinSeattle/forge-runtime/scripts/faults/application","Test":"TestRecoverApplicationContinuation","Output":"    continuation_test.go:596: explicit retained recovery-descriptor.json required\n"}
{"Time":"2026-09-11T17:27:24.549131729-07:00","Action":"output","Package":"github.com/JDinSeattle/forge-runtime/scripts/faults/application","Test":"TestRecoverApplicationContinuation","Output":"--- SKIP: TestRecoverApplicationContinuation (0.00s)\n"}
{"Time":"2026-09-11T17:27:24.549144806-07:00","Action":"skip","Package":"github.com/JDinSeattle/forge-runtime/scripts/faults/application","Test":"TestRecoverApplicationContinuation","Elapsed":0}
{"Time":"2026-09-11T17:27:24.549151895-07:00","Action":"run","Package":"github.com/JDinSeattle/forge-runtime/scripts/faults/application","Test":"TestRecoverApplicationNetwork"}
{"Time":"2026-09-11T17:27:24.54915579-07:00","Action":"output","Package":"github.com/JDinSeattle/forge-runtime/scripts/faults/application","Test":"TestRecoverApplicationNetwork","Output":"=== RUN   TestRecoverApplicationNetwork\n"}
{"Time":"2026-09-11T17:27:24.549196091-07:00","Action":"output","Package":"github.com/JDinSeattle/forge-runtime/scripts/faults/application","Test":"TestRecoverApplicationNetwork","Output":"    network_recovery_test.go:24: explicit original network case recovery-descriptor.json required\n"}
{"Time":"2026-09-11T17:27:24.549224167-07:00","Action":"output","Package":"github.com/JDinSeattle/forge-runtime/scripts/faults/application","Test":"TestRecoverApplicationNetwork","Output":"--- SKIP: TestRecoverApplicationNetwork (0.00s)\n"}
{"Time":"2026-09-11T17:27:24.549230323-07:00","Action":"skip","Package":"github.com/JDinSeattle/forge-runtime/scripts/faults/application","Test":"TestRecoverApplicationNetwork","Elapsed":0}
{"Time":"2026-09-11T17:27:24.549246469-07:00","Action":"run","Package":"github.com/JDinSeattle/forge-runtime/scripts/faults/application","Test":"TestApplicationNetworkWorkerProcess"}
{"Time":"2026-09-11T17:27:24.549250583-07:00","Action":"output","Package":"github.com/JDinSeattle/forge-runtime/scripts/faults/application","Test":"TestApplicationNetworkWorkerProcess","Output":"=== RUN   TestApplicationNetworkWorkerProcess\n"}
{"Time":"2026-09-11T17:27:24.549304697-07:00","Action":"output","Package":"github.com/JDinSeattle/forge-runtime/scripts/faults/application","Test":"TestApplicationNetworkWorkerProcess","Output":"    network_test.go:88: private network-matrix worker only\n"}
{"Time":"2026-09-11T17:27:24.549324017-07:00","Action":"output","Package":"github.com/JDinSeattle/forge-runtime/scripts/faults/application","Test":"TestApplicationNetworkWorkerProcess","Output":"--- SKIP: TestApplicationNetworkWorkerProcess (0.00s)\n"}
{"Time":"2026-09-11T17:27:24.549328548-07:00","Action":"skip","Package":"github.com/JDinSeattle/forge-runtime/scripts/faults/application","Test":"TestApplicationNetworkWorkerProcess","Elapsed":0}
{"Time":"2026-09-11T17:27:24.54933433-07:00","Action":"run","Package":"github.com/JDinSeattle/forge-runtime/scripts/faults/application","Test":"TestApplicationNetworkAPIProcess"}
{"Time":"2026-09-11T17:27:24.549337852-07:00","Action":"output","Package":"github.com/JDinSeattle/forge-runtime/scripts/faults/application","Test":"TestApplicationNetworkAPIProcess","Output":"=== RUN   TestApplicationNetworkAPIProcess\n"}
{"Time":"2026-09-11T17:27:24.549360793-07:00","Action":"output","Package":"github.com/JDinSeattle/forge-runtime/scripts/faults/application","Test":"TestApplicationNetworkAPIProcess","Output":"    network_test.go:127: private real HTTP/SSE process only\n"}
{"Time":"2026-09-11T17:27:24.549379739-07:00","Action":"output","Package":"github.com/JDinSeattle/forge-runtime/scripts/faults/application","Test":"TestApplicationNetworkAPIProcess","Output":"--- SKIP: TestApplicationNetworkAPIProcess (0.00s)\n"}
{"Time":"2026-09-11T17:27:24.549385805-07:00","Action":"skip","Package":"github.com/JDinSeattle/forge-runtime/scripts/faults/application","Test":"TestApplicationNetworkAPIProcess","Elapsed":0}
{"Time":"2026-09-11T17:27:24.549409944-07:00","Action":"run","Package":"github.com/JDinSeattle/forge-runtime/scripts/faults/application","Test":"TestRealApplicationNetworkMatrix"}
{"Time":"2026-09-11T17:27:24.549420043-07:00","Action":"output","Package":"github.com/JDinSeattle/forge-runtime/scripts/faults/application","Test":"TestRealApplicationNetworkMatrix","Output":"=== RUN   TestRealApplicationNetworkMatrix\n"}
{"Time":"2026-09-11T17:27:24.549452836-07:00","Action":"output","Package":"github.com/JDinSeattle/forge-runtime/scripts/faults/application","Test":"TestRealApplicationNetworkMatrix","Output":"    network_test.go:402: operator opt-in requires quiesced original runner/pool\n"}
{"Time":"2026-09-11T17:27:24.549471997-07:00","Action":"output","Package":"github.com/JDinSeattle/forge-runtime/scripts/faults/application","Test":"TestRealApplicationNetworkMatrix","Output":"--- SKIP: TestRealApplicationNetworkMatrix (0.00s)\n"}
{"Time":"2026-09-11T17:27:24.549480555-07:00","Action":"skip","Package":"github.com/JDinSeattle/forge-runtime/scripts/faults/application","Test":"TestRealApplicationNetworkMatrix","Elapsed":0}
{"Time":"2026-09-11T17:27:24.549492797-07:00","Action":"run","Package":"github.com/JDinSeattle/forge-runtime/scripts/faults/application","Test":"TestApplicationNetworkPreflight"}
{"Time":"2026-09-11T17:27:24.549496798-07:00","Action":"output","Package":"github.com/JDinSeattle/forge-runtime/scripts/faults/application","Test":"TestApplicationNetworkPreflight","Output":"=== RUN   TestApplicationNetworkPreflight\n"}
{"Time":"2026-09-11T17:27:24.549532325-07:00","Action":"output","Package":"github.com/JDinSeattle/forge-runtime/scripts/faults/application","Test":"TestApplicationNetworkPreflight","Output":"--- PASS: TestApplicationNetworkPreflight (0.00s)\n"}
{"Time":"2026-09-11T17:27:24.549543709-07:00","Action":"pass","Package":"github.com/JDinSeattle/forge-runtime/scripts/faults/application","Test":"TestApplicationNetworkPreflight","Elapsed":0}
{"Time":"2026-09-11T17:27:24.549548954-07:00","Action":"run","Package":"github.com/JDinSeattle/forge-runtime/scripts/faults/application","Test":"TestApplicationNetworkAPIPrivilegePreflight"}
{"Time":"2026-09-11T17:27:24.549558716-07:00","Action":"output","Package":"github.com/JDinSeattle/forge-runtime/scripts/faults/application","Test":"TestApplicationNetworkAPIPrivilegePreflight","Output":"=== RUN   TestApplicationNetworkAPIPrivilegePreflight\n"}
{"Time":"2026-09-11T17:27:24.54957662-07:00","Action":"output","Package":"github.com/JDinSeattle/forge-runtime/scripts/faults/application","Test":"TestApplicationNetworkAPIPrivilegePreflight","Output":"    network_test.go:711: explicit private PG/API preflight required; no runner process used\n"}
{"Time":"2026-09-11T17:27:24.549594981-07:00","Action":"output","Package":"github.com/JDinSeattle/forge-runtime/scripts/faults/application","Test":"TestApplicationNetworkAPIPrivilegePreflight","Output":"--- SKIP: TestApplicationNetworkAPIPrivilegePreflight (0.00s)\n"}
{"Time":"2026-09-11T17:27:24.549600686-07:00","Action":"skip","Package":"github.com/JDinSeattle/forge-runtime/scripts/faults/application","Test":"TestApplicationNetworkAPIPrivilegePreflight","Elapsed":0}
{"Time":"2026-09-11T17:27:24.549613634-07:00","Action":"run","Package":"github.com/JDinSeattle/forge-runtime/scripts/faults/application","Test":"TestFixtureProxyCutsExistingAndNewConnections"}
{"Time":"2026-09-11T17:27:24.549618089-07:00","Action":"output","Package":"github.com/JDinSeattle/forge-runtime/scripts/faults/application","Test":"TestFixtureProxyCutsExistingAndNewConnections","Output":"=== RUN   TestFixtureProxyCutsExistingAndNewConnections\n"}
{"Time":"2026-09-11T17:27:24.549961395-07:00","Action":"output","Package":"github.com/JDinSeattle/forge-runtime/internal/provider","Test":"TestAnthropicMessagesContractAndNativeContinuation","Output":"--- PASS: TestAnthropicMessagesContractAndNativeContinuation (0.01s)\n"}
{"Time":"2026-09-11T17:27:24.549974089-07:00","Action":"pass","Package":"github.com/JDinSeattle/forge-runtime/internal/provider","Test":"TestAnthropicMessagesContractAndNativeContinuation","Elapsed":0.01}
{"Time":"2026-09-11T17:27:24.54998895-07:00","Action":"run","Package":"github.com/JDinSeattle/forge-runtime/internal/provider","Test":"TestAdaptersAbortAfterToolCompletionWithoutTerminalEvent"}
{"Time":"2026-09-11T17:27:24.549997205-07:00","Action":"output","Package":"github.com/JDinSeattle/forge-runtime/internal/provider","Test":"TestAdaptersAbortAfterToolCompletionWithoutTerminalEvent","Output":"=== RUN   TestAdaptersAbortAfterToolCompletionWithoutTerminalEvent\n"}
{"Time":"2026-09-11T17:27:24.55001946-07:00","Action":"run","Package":"github.com/JDinSeattle/forge-runtime/internal/provider","Test":"TestAdaptersAbortAfterToolCompletionWithoutTerminalEvent/openai"}
{"Time":"2026-09-11T17:27:24.550024328-07:00","Action":"output","Package":"github.com/JDinSeattle/forge-runtime/internal/provider","Test":"TestAdaptersAbortAfterToolCompletionWithoutTerminalEvent/openai","Output":"=== RUN   TestAdaptersAbortAfterToolCompletionWithoutTerminalEvent/openai\n"}
{"Time":"2026-09-11T17:27:24.550662134-07:00","Action":"output","Package":"github.com/JDinSeattle/forge-runtime/scripts/faults/application","Test":"TestFixtureProxyCutsExistingAndNewConnections","Output":"--- PASS: TestFixtureProxyCutsExistingAndNewConnections (0.00s)\n"}
{"Time":"2026-09-11T17:27:24.550674712-07:00","Action":"pass","Package":"github.com/JDinSeattle/forge-runtime/scripts/faults/application","Test":"TestFixtureProxyCutsExistingAndNewConnections","Elapsed":0}
{"Time":"2026-09-11T17:27:24.550677996-07:00","Action":"run","Package":"github.com/JDinSeattle/forge-runtime/scripts/faults/application","Test":"TestWorkerSIGTERMFixturePreflight"}
{"Time":"2026-09-11T17:27:24.550679635-07:00","Action":"output","Package":"github.com/JDinSeattle/forge-runtime/scripts/faults/application","Test":"TestWorkerSIGTERMFixturePreflight","Output":"=== RUN   TestWorkerSIGTERMFixturePreflight\n"}
{"Time":"2026-09-11T17:27:24.550783323-07:00","Action":"output","Package":"github.com/JDinSeattle/forge-runtime/scripts/faults/application","Test":"TestWorkerSIGTERMFixturePreflight","Output":"--- PASS: TestWorkerSIGTERMFixturePreflight (0.00s)\n"}
{"Time":"2026-09-11T17:27:24.550788159-07:00","Action":"pass","Package":"github.com/JDinSeattle/forge-runtime/scripts/faults/application","Test":"TestWorkerSIGTERMFixturePreflight","Elapsed":0}
{"Time":"2026-09-11T17:27:24.550795713-07:00","Action":"run","Package":"github.com/JDinSeattle/forge-runtime/scripts/faults/application","Test":"TestRealWorkerSIGTERMRecording"}
{"Time":"2026-09-11T17:27:24.550797459-07:00","Action":"output","Package":"github.com/JDinSeattle/forge-runtime/scripts/faults/application","Test":"TestRealWorkerSIGTERMRecording","Output":"=== RUN   TestRealWorkerSIGTERMRecording\n"}
{"Time":"2026-09-11T17:27:24.55083533-07:00","Action":"output","Package":"github.com/JDinSeattle/forge-runtime/scripts/faults/application","Test":"TestRealWorkerSIGTERMRecording","Output":"    worker_sigterm_test.go:297: operator opt-in: actual forge-worker binary, private PostgreSQL and real gRPC; recording backend only\n"}
{"Time":"2026-09-11T17:27:24.550847653-07:00","Action":"output","Package":"github.com/JDinSeattle/forge-runtime/scripts/faults/application","Test":"TestRealWorkerSIGTERMRecording","Output":"--- SKIP: TestRealWorkerSIGTERMRecording (0.00s)\n"}
{"Time":"2026-09-11T17:27:24.550855639-07:00","Action":"skip","Package":"github.com/JDinSeattle/forge-runtime/scripts/faults/application","Test":"TestRealWorkerSIGTERMRecording","Elapsed":0}
{"Time":"2026-09-11T17:27:24.550867391-07:00","Action":"output","Package":"github.com/JDinSeattle/forge-runtime/scripts/faults/application","Output":"PASS\n"}
{"Time":"2026-09-11T17:27:24.552329593-07:00","Action":"output","Package":"github.com/JDinSeattle/forge-runtime/internal/provider","Test":"TestAdaptersAbortAfterToolCompletionWithoutTerminalEvent/openai","Output":"--- PASS: TestAdaptersAbortAfterToolCompletionWithoutTerminalEvent/openai (0.00s)\n"}
{"Time":"2026-09-11T17:27:24.552348414-07:00","Action":"pass","Package":"github.com/JDinSeattle/forge-runtime/internal/provider","Test":"TestAdaptersAbortAfterToolCompletionWithoutTerminalEvent/openai","Elapsed":0}
{"Time":"2026-09-11T17:27:24.552362404-07:00","Action":"run","Package":"github.com/JDinSeattle/forge-runtime/internal/provider","Test":"TestAdaptersAbortAfterToolCompletionWithoutTerminalEvent/anthropic"}
{"Time":"2026-09-11T17:27:24.552366272-07:00","Action":"output","Package":"github.com/JDinSeattle/forge-runtime/internal/provider","Test":"TestAdaptersAbortAfterToolCompletionWithoutTerminalEvent/anthropic","Output":"=== RUN   TestAdaptersAbortAfterToolCompletionWithoutTerminalEvent/anthropic\n"}
{"Time":"2026-09-11T17:27:24.555300858-07:00","Action":"run","Package":"github.com/JDinSeattle/forge-runtime/tests/client","Test":"TestSchemaMatchesActualGoWireModelsAndGeneratedTypes/Budget"}
{"Time":"2026-09-11T17:27:24.555318504-07:00","Action":"output","Package":"github.com/JDinSeattle/forge-runtime/tests/client","Test":"TestSchemaMatchesActualGoWireModelsAndGeneratedTypes/Budget","Output":"=== RUN   TestSchemaMatchesActualGoWireModelsAndGeneratedTypes/Budget\n"}
{"Time":"2026-09-11T17:27:24.555561641-07:00","Action":"output","Package":"github.com/JDinSeattle/forge-runtime/internal/provider","Test":"TestAdaptersAbortAfterToolCompletionWithoutTerminalEvent/anthropic","Output":"--- PASS: TestAdaptersAbortAfterToolCompletionWithoutTerminalEvent/anthropic (0.00s)\n"}
{"Time":"2026-09-11T17:27:24.555565405-07:00","Action":"pass","Package":"github.com/JDinSeattle/forge-runtime/internal/provider","Test":"TestAdaptersAbortAfterToolCompletionWithoutTerminalEvent/anthropic","Elapsed":0}
{"Time":"2026-09-11T17:27:24.555586367-07:00","Action":"output","Package":"github.com/JDinSeattle/forge-runtime/internal/provider","Test":"TestAdaptersAbortAfterToolCompletionWithoutTerminalEvent","Output":"--- PASS: TestAdaptersAbortAfterToolCompletionWithoutTerminalEvent (0.01s)\n"}
{"Time":"2026-09-11T17:27:24.555594595-07:00","Action":"pass","Package":"github.com/JDinSeattle/forge-runtime/internal/provider","Test":"TestAdaptersAbortAfterToolCompletionWithoutTerminalEvent","Elapsed":0.01}
{"Time":"2026-09-11T17:27:24.55560547-07:00","Action":"run","Package":"github.com/JDinSeattle/forge-runtime/internal/provider","Test":"TestAdaptersDisableSDKRetriesAndRespectHTTPErrorMetadata"}
{"Time":"2026-09-11T17:27:24.555607631-07:00","Action":"output","Package":"github.com/JDinSeattle/forge-runtime/internal/provider","Test":"TestAdaptersDisableSDKRetriesAndRespectHTTPErrorMetadata","Output":"=== RUN   TestAdaptersDisableSDKRetriesAndRespectHTTPErrorMetadata\n"}
{"Time":"2026-09-11T17:27:24.555620131-07:00","Action":"run","Package":"github.com/JDinSeattle/forge-runtime/internal/provider","Test":"TestAdaptersDisableSDKRetriesAndRespectHTTPErrorMetadata/openai"}
{"Time":"2026-09-11T17:27:24.555622062-07:00","Action":"output","Package":"github.com/JDinSeattle/forge-runtime/internal/provider","Test":"TestAdaptersDisableSDKRetriesAndRespectHTTPErrorMetadata/openai","Output":"=== RUN   TestAdaptersDisableSDKRetriesAndRespectHTTPErrorMetadata/openai\n"}
{"Time":"2026-09-11T17:27:24.555853471-07:00","Action":"output","Package":"github.com/JDinSeattle/forge-runtime/tests/client","Test":"TestSchemaMatchesActualGoWireModelsAndGeneratedTypes/Budget","Output":"--- PASS: TestSchemaMatchesActualGoWireModelsAndGeneratedTypes/Budget (0.00s)\n"}
{"Time":"2026-09-11T17:27:24.555867541-07:00","Action":"pass","Package":"github.com/JDinSeattle/forge-runtime/tests/client","Test":"TestSchemaMatchesActualGoWireModelsAndGeneratedTypes/Budget","Elapsed":0}
{"Time":"2026-09-11T17:27:24.555879518-07:00","Action":"run","Package":"github.com/JDinSeattle/forge-runtime/tests/client","Test":"TestSchemaMatchesActualGoWireModelsAndGeneratedTypes/Submit"}
{"Time":"2026-09-11T17:27:24.555881529-07:00","Action":"output","Package":"github.com/JDinSeattle/forge-runtime/tests/client","Test":"TestSchemaMatchesActualGoWireModelsAndGeneratedTypes/Submit","Output":"=== RUN   TestSchemaMatchesActualGoWireModelsAndGeneratedTypes/Submit\n"}
{"Time":"2026-09-11T17:27:24.55677966-07:00","Action":"output","Package":"github.com/JDinSeattle/forge-runtime/internal/provider","Test":"TestAdaptersDisableSDKRetriesAndRespectHTTPErrorMetadata/openai","Output":"--- PASS: TestAdaptersDisableSDKRetriesAndRespectHTTPErrorMetadata/openai (0.00s)\n"}
{"Time":"2026-09-11T17:27:24.556814596-07:00","Action":"pass","Package":"github.com/JDinSeattle/forge-runtime/internal/provider","Test":"TestAdaptersDisableSDKRetriesAndRespectHTTPErrorMetadata/openai","Elapsed":0}
{"Time":"2026-09-11T17:27:24.556821747-07:00","Action":"run","Package":"github.com/JDinSeattle/forge-runtime/internal/provider","Test":"TestAdaptersDisableSDKRetriesAndRespectHTTPErrorMetadata/anthropic"}
{"Time":"2026-09-11T17:27:24.556825389-07:00","Action":"output","Package":"github.com/JDinSeattle/forge-runtime/internal/provider","Test":"TestAdaptersDisableSDKRetriesAndRespectHTTPErrorMetadata/anthropic","Output":"=== RUN   TestAdaptersDisableSDKRetriesAndRespectHTTPErrorMetadata/anthropic\n"}
{"Time":"2026-09-11T17:27:24.556963362-07:00","Action":"output","Package":"github.com/JDinSeattle/forge-runtime/tests/client","Test":"TestSchemaMatchesActualGoWireModelsAndGeneratedTypes/Submit","Output":"--- PASS: TestSchemaMatchesActualGoWireModelsAndGeneratedTypes/Submit (0.00s)\n"}
{"Time":"2026-09-11T17:27:24.556975267-07:00","Action":"pass","Package":"github.com/JDinSeattle/forge-runtime/tests/client","Test":"TestSchemaMatchesActualGoWireModelsAndGeneratedTypes/Submit","Elapsed":0}
{"Time":"2026-09-11T17:27:24.556979648-07:00","Action":"run","Package":"github.com/JDinSeattle/forge-runtime/tests/client","Test":"TestSchemaMatchesActualGoWireModelsAndGeneratedTypes/Project"}
{"Time":"2026-09-11T17:27:24.556981865-07:00","Action":"output","Package":"github.com/JDinSeattle/forge-runtime/tests/client","Test":"TestSchemaMatchesActualGoWireModelsAndGeneratedTypes/Project","Output":"=== RUN   TestSchemaMatchesActualGoWireModelsAndGeneratedTypes/Project\n"}
{"Time":"2026-09-11T17:27:24.557525032-07:00","Action":"output","Package":"github.com/JDinSeattle/forge-runtime/tests/client","Test":"TestSchemaMatchesActualGoWireModelsAndGeneratedTypes/Project","Output":"--- PASS: TestSchemaMatchesActualGoWireModelsAndGeneratedTypes/Project (0.00s)\n"}
{"Time":"2026-09-11T17:27:24.557536284-07:00","Action":"pass","Package":"github.com/JDinSeattle/forge-runtime/tests/client","Test":"TestSchemaMatchesActualGoWireModelsAndGeneratedTypes/Project","Elapsed":0}
{"Time":"2026-09-11T17:27:24.557545216-07:00","Action":"run","Package":"github.com/JDinSeattle/forge-runtime/tests/client","Test":"TestSchemaMatchesActualGoWireModelsAndGeneratedTypes/Approval"}
{"Time":"2026-09-11T17:27:24.557547099-07:00","Action":"output","Package":"github.com/JDinSeattle/forge-runtime/tests/client","Test":"TestSchemaMatchesActualGoWireModelsAndGeneratedTypes/Approval","Output":"=== RUN   TestSchemaMatchesActualGoWireModelsAndGeneratedTypes/Approval\n"}
{"Time":"2026-09-11T17:27:24.558012627-07:00","Action":"output","Package":"github.com/JDinSeattle/forge-runtime/internal/eventstream","Test":"TestResetDetachesHubBeforeNotification/history-gap","Output":"--- PASS: TestResetDetachesHubBeforeNotification/history-gap (0.03s)\n"}
{"Time":"2026-09-11T17:27:24.558035255-07:00","Action":"pass","Package":"github.com/JDinSeattle/forge-runtime/internal/eventstream","Test":"TestResetDetachesHubBeforeNotification/history-gap","Elapsed":0.03}
{"Time":"2026-09-11T17:27:24.558064784-07:00","Action":"run","Package":"github.com/JDinSeattle/forge-runtime/internal/eventstream","Test":"TestResetDetachesHubBeforeNotification/source-reset"}
{"Time":"2026-09-11T17:27:24.55806715-07:00","Action":"output","Package":"github.com/JDinSeattle/forge-runtime/internal/eventstream","Test":"TestResetDetachesHubBeforeNotification/source-reset","Output":"=== RUN   TestResetDetachesHubBeforeNotification/source-reset\n"}
{"Time":"2026-09-11T17:27:24.558195022-07:00","Action":"output","Package":"github.com/JDinSeattle/forge-runtime/internal/provider","Test":"TestAdaptersDisableSDKRetriesAndRespectHTTPErrorMetadata/anthropic","Output":"--- PASS: TestAdaptersDisableSDKRetriesAndRespectHTTPErrorMetadata/anthropic (0.00s)\n"}
{"Time":"2026-09-11T17:27:24.558213711-07:00","Action":"pass","Package":"github.com/JDinSeattle/forge-runtime/internal/provider","Test":"TestAdaptersDisableSDKRetriesAndRespectHTTPErrorMetadata/anthropic","Elapsed":0}
{"Time":"2026-09-11T17:27:24.558226205-07:00","Action":"output","Package":"github.com/JDinSeattle/forge-runtime/internal/provider","Test":"TestAdaptersDisableSDKRetriesAndRespectHTTPErrorMetadata","Output":"--- PASS: TestAdaptersDisableSDKRetriesAndRespectHTTPErrorMetadata (0.00s)\n"}
{"Time":"2026-09-11T17:27:24.55824325-07:00","Action":"pass","Package":"github.com/JDinSeattle/forge-runtime/internal/provider","Test":"TestAdaptersDisableSDKRetriesAndRespectHTTPErrorMetadata","Elapsed":0}
{"Time":"2026-09-11T17:27:24.558258297-07:00","Action":"run","Package":"github.com/JDinSeattle/forge-runtime/internal/provider","Test":"TestOpenAIFinalToolMismatchRejected"}
{"Time":"2026-09-11T17:27:24.558263416-07:00","Action":"output","Package":"github.com/JDinSeattle/forge-runtime/internal/provider","Test":"TestOpenAIFinalToolMismatchRejected","Output":"=== RUN   TestOpenAIFinalToolMismatchRejected\n"}
{"Time":"2026-09-11T17:27:24.558483219-07:00","Action":"output","Package":"github.com/JDinSeattle/forge-runtime/tests/client","Test":"TestSchemaMatchesActualGoWireModelsAndGeneratedTypes/Approval","Output":"--- PASS: TestSchemaMatchesActualGoWireModelsAndGeneratedTypes/Approval (0.00s)\n"}
{"Time":"2026-09-11T17:27:24.558491764-07:00","Action":"pass","Package":"github.com/JDinSeattle/forge-runtime/tests/client","Test":"TestSchemaMatchesActualGoWireModelsAndGeneratedTypes/Approval","Elapsed":0}
{"Time":"2026-09-11T17:27:24.55851149-07:00","Action":"run","Package":"github.com/JDinSeattle/forge-runtime/tests/client","Test":"TestSchemaMatchesActualGoWireModelsAndGeneratedTypes/Artifact"}
{"Time":"2026-09-11T17:27:24.558524934-07:00","Action":"output","Package":"github.com/JDinSeattle/forge-runtime/tests/client","Test":"TestSchemaMatchesActualGoWireModelsAndGeneratedTypes/Artifact","Output":"=== RUN   TestSchemaMatchesActualGoWireModelsAndGeneratedTypes/Artifact\n"}
{"Time":"2026-09-11T17:27:24.55940521-07:00","Action":"output","Package":"github.com/JDinSeattle/forge-runtime/tests/client","Test":"TestSchemaMatchesActualGoWireModelsAndGeneratedTypes/Artifact","Output":"--- PASS: TestSchemaMatchesActualGoWireModelsAndGeneratedTypes/Artifact (0.00s)\n"}
{"Time":"2026-09-11T17:27:24.559419551-07:00","Action":"pass","Package":"github.com/JDinSeattle/forge-runtime/tests/client","Test":"TestSchemaMatchesActualGoWireModelsAndGeneratedTypes/Artifact","Elapsed":0}
{"Time":"2026-09-11T17:27:24.559422483-07:00","Action":"run","Package":"github.com/JDinSeattle/forge-runtime/tests/client","Test":"TestSchemaMatchesActualGoWireModelsAndGeneratedTypes/Event"}
{"Time":"2026-09-11T17:27:24.559423879-07:00","Action":"output","Package":"github.com/JDinSeattle/forge-runtime/tests/client","Test":"TestSchemaMatchesActualGoWireModelsAndGeneratedTypes/Event","Output":"=== RUN   TestSchemaMatchesActualGoWireModelsAndGeneratedTypes/Event\n"}
{"Time":"2026-09-11T17:27:24.559998441-07:00","Action":"output","Package":"github.com/JDinSeattle/forge-runtime/tests/client","Test":"TestSchemaMatchesActualGoWireModelsAndGeneratedTypes/Event","Output":"--- PASS: TestSchemaMatchesActualGoWireModelsAndGeneratedTypes/Event (0.00s)\n"}
{"Time":"2026-09-11T17:27:24.560004257-07:00","Action":"pass","Package":"github.com/JDinSeattle/forge-runtime/tests/client","Test":"TestSchemaMatchesActualGoWireModelsAndGeneratedTypes/Event","Elapsed":0}
{"Time":"2026-09-11T17:27:24.560015686-07:00","Action":"run","Package":"github.com/JDinSeattle/forge-runtime/tests/client","Test":"TestSchemaMatchesActualGoWireModelsAndGeneratedTypes/APIError"}
{"Time":"2026-09-11T17:27:24.56001708-07:00","Action":"output","Package":"github.com/JDinSeattle/forge-runtime/tests/client","Test":"TestSchemaMatchesActualGoWireModelsAndGeneratedTypes/APIError","Output":"=== RUN   TestSchemaMatchesActualGoWireModelsAndGeneratedTypes/APIError\n"}
{"Time":"2026-09-11T17:27:24.560303768-07:00","Action":"output","Package":"github.com/JDinSeattle/forge-runtime/tests/client","Test":"TestSchemaMatchesActualGoWireModelsAndGeneratedTypes/APIError","Output":"--- PASS: TestSchemaMatchesActualGoWireModelsAndGeneratedTypes/APIError (0.00s)\n"}
{"Time":"2026-09-11T17:27:24.560314371-07:00","Action":"pass","Package":"github.com/JDinSeattle/forge-runtime/tests/client","Test":"TestSchemaMatchesActualGoWireModelsAndGeneratedTypes/APIError","Elapsed":0}
{"Time":"2026-09-11T17:27:24.56031749-07:00","Action":"run","Package":"github.com/JDinSeattle/forge-runtime/tests/client","Test":"TestSchemaMatchesActualGoWireModelsAndGeneratedTypes/Run"}
{"Time":"2026-09-11T17:27:24.560319501-07:00","Action":"output","Package":"github.com/JDinSeattle/forge-runtime/tests/client","Test":"TestSchemaMatchesActualGoWireModelsAndGeneratedTypes/Run","Output":"=== RUN   TestSchemaMatchesActualGoWireModelsAndGeneratedTypes/Run\n"}
{"Time":"2026-09-11T17:27:24.560674947-07:00","Action":"output","Package":"github.com/JDinSeattle/forge-runtime/internal/provider","Test":"TestOpenAIFinalToolMismatchRejected","Output":"--- PASS: TestOpenAIFinalToolMismatchRejected (0.00s)\n"}
{"Time":"2026-09-11T17:27:24.560684775-07:00","Action":"pass","Package":"github.com/JDinSeattle/forge-runtime/internal/provider","Test":"TestOpenAIFinalToolMismatchRejected","Elapsed":0}
{"Time":"2026-09-11T17:27:24.560688763-07:00","Action":"run","Package":"github.com/JDinSeattle/forge-runtime/internal/provider","Test":"TestAnthropicOverloadInsideSuccessfulHTTPStream"}
{"Time":"2026-09-11T17:27:24.560690765-07:00","Action":"output","Package":"github.com/JDinSeattle/forge-runtime/internal/provider","Test":"TestAnthropicOverloadInsideSuccessfulHTTPStream","Output":"=== RUN   TestAnthropicOverloadInsideSuccessfulHTTPStream\n"}
{"Time":"2026-09-11T17:27:24.561773519-07:00","Action":"output","Package":"github.com/JDinSeattle/forge-runtime/internal/provider","Test":"TestAnthropicOverloadInsideSuccessfulHTTPStream","Output":"--- PASS: TestAnthropicOverloadInsideSuccessfulHTTPStream (0.00s)\n"}
{"Time":"2026-09-11T17:27:24.561793859-07:00","Action":"pass","Package":"github.com/JDinSeattle/forge-runtime/internal/provider","Test":"TestAnthropicOverloadInsideSuccessfulHTTPStream","Elapsed":0}
{"Time":"2026-09-11T17:27:24.561799324-07:00","Action":"run","Package":"github.com/JDinSeattle/forge-runtime/internal/provider","Test":"TestAdaptersBoundToolArgumentsAtWireBoundary"}
{"Time":"2026-09-11T17:27:24.561812516-07:00","Action":"output","Package":"github.com/JDinSeattle/forge-runtime/internal/provider","Test":"TestAdaptersBoundToolArgumentsAtWireBoundary","Output":"=== RUN   TestAdaptersBoundToolArgumentsAtWireBoundary\n"}
{"Time":"2026-09-11T17:27:24.561817568-07:00","Action":"run","Package":"github.com/JDinSeattle/forge-runtime/internal/provider","Test":"TestAdaptersBoundToolArgumentsAtWireBoundary/openai"}
{"Time":"2026-09-11T17:27:24.561821808-07:00","Action":"output","Package":"github.com/JDinSeattle/forge-runtime/internal/provider","Test":"TestAdaptersBoundToolArgumentsAtWireBoundary/openai","Output":"=== RUN   TestAdaptersBoundToolArgumentsAtWireBoundary/openai\n"}
{"Time":"2026-09-11T17:27:24.56369709-07:00","Action":"output","Package":"github.com/JDinSeattle/forge-runtime/internal/provider","Test":"TestAdaptersBoundToolArgumentsAtWireBoundary/openai","Output":"--- PASS: TestAdaptersBoundToolArgumentsAtWireBoundary/openai (0.00s)\n"}
{"Time":"2026-09-11T17:27:24.563725126-07:00","Action":"pass","Package":"github.com/JDinSeattle/forge-runtime/internal/provider","Test":"TestAdaptersBoundToolArgumentsAtWireBoundary/openai","Elapsed":0}
{"Time":"2026-09-11T17:27:24.563731893-07:00","Action":"run","Package":"github.com/JDinSeattle/forge-runtime/internal/provider","Test":"TestAdaptersBoundToolArgumentsAtWireBoundary/anthropic"}
{"Time":"2026-09-11T17:27:24.563735375-07:00","Action":"output","Package":"github.com/JDinSeattle/forge-runtime/internal/provider","Test":"TestAdaptersBoundToolArgumentsAtWireBoundary/anthropic","Output":"=== RUN   TestAdaptersBoundToolArgumentsAtWireBoundary/anthropic\n"}
{"Time":"2026-09-11T17:27:24.566463494-07:00","Action":"output","Package":"github.com/JDinSeattle/forge-runtime/internal/provider","Test":"TestAdaptersBoundToolArgumentsAtWireBoundary/anthropic","Output":"--- PASS: TestAdaptersBoundToolArgumentsAtWireBoundary/anthropic (0.00s)\n"}
{"Time":"2026-09-11T17:27:24.566514591-07:00","Action":"pass","Package":"github.com/JDinSeattle/forge-runtime/internal/provider","Test":"TestAdaptersBoundToolArgumentsAtWireBoundary/anthropic","Elapsed":0}
{"Time":"2026-09-11T17:27:24.566522057-07:00","Action":"output","Package":"github.com/JDinSeattle/forge-runtime/internal/provider","Test":"TestAdaptersBoundToolArgumentsAtWireBoundary","Output":"--- PASS: TestAdaptersBoundToolArgumentsAtWireBoundary (0.00s)\n"}
{"Time":"2026-09-11T17:27:24.566526301-07:00","Action":"pass","Package":"github.com/JDinSeattle/forge-runtime/internal/provider","Test":"TestAdaptersBoundToolArgumentsAtWireBoundary","Elapsed":0}
{"Time":"2026-09-11T17:27:24.566530289-07:00","Action":"run","Package":"github.com/JDinSeattle/forge-runtime/internal/provider","Test":"TestParallelAssemblyDoesNotReleasePartialCalls"}
{"Time":"2026-09-11T17:27:24.566533031-07:00","Action":"output","Package":"github.com/JDinSeattle/forge-runtime/internal/provider","Test":"TestParallelAssemblyDoesNotReleasePartialCalls","Output":"=== RUN   TestParallelAssemblyDoesNotReleasePartialCalls\n"}
{"Time":"2026-09-11T17:27:24.566876558-07:00","Action":"output","Package":"github.com/JDinSeattle/forge-runtime/tests/client","Test":"TestSchemaMatchesActualGoWireModelsAndGeneratedTypes/Run","Output":"--- PASS: TestSchemaMatchesActualGoWireModelsAndGeneratedTypes/Run (0.01s)\n"}
{"Time":"2026-09-11T17:27:24.566899172-07:00","Action":"pass","Package":"github.com/JDinSeattle/forge-runtime/tests/client","Test":"TestSchemaMatchesActualGoWireModelsAndGeneratedTypes/Run","Elapsed":0.01}
{"Time":"2026-09-11T17:27:24.566876693-07:00","Action":"output","Package":"github.com/JDinSeattle/forge-runtime/internal/provider","Test":"TestParallelAssemblyDoesNotReleasePartialCalls","Output":"--- PASS: TestParallelAssemblyDoesNotReleasePartialCalls (0.00s)\n"}
{"Time":"2026-09-11T17:27:24.566923552-07:00","Action":"run","Package":"github.com/JDinSeattle/forge-runtime/tests/client","Test":"TestSchemaMatchesActualGoWireModelsAndGeneratedTypes/State"}
{"Time":"2026-09-11T17:27:24.566936707-07:00","Action":"output","Package":"github.com/JDinSeattle/forge-runtime/tests/client","Test":"TestSchemaMatchesActualGoWireModelsAndGeneratedTypes/State","Output":"=== RUN   TestSchemaMatchesActualGoWireModelsAndGeneratedTypes/State\n"}
{"Time":"2026-09-11T17:27:24.566922223-07:00","Action":"pass","Package":"github.com/JDinSeattle/forge-runtime/internal/provider","Test":"TestParallelAssemblyDoesNotReleasePartialCalls","Elapsed":0}
{"Time":"2026-09-11T17:27:24.566945605-07:00","Action":"run","Package":"github.com/JDinSeattle/forge-runtime/internal/provider","Test":"TestFailedAttemptWithCompletedToolReturnsNoExecutableCall"}
{"Time":"2026-09-11T17:27:24.566947487-07:00","Action":"output","Package":"github.com/JDinSeattle/forge-runtime/internal/provider","Test":"TestFailedAttemptWithCompletedToolReturnsNoExecutableCall","Output":"=== RUN   TestFailedAttemptWithCompletedToolReturnsNoExecutableCall\n"}
{"Time":"2026-09-11T17:27:24.567115836-07:00","Action":"output","Package":"github.com/JDinSeattle/forge-runtime/internal/provider","Test":"TestFailedAttemptWithCompletedToolReturnsNoExecutableCall","Output":"--- PASS: TestFailedAttemptWithCompletedToolReturnsNoExecutableCall (0.00s)\n"}
{"Time":"2026-09-11T17:27:24.567133427-07:00","Action":"pass","Package":"github.com/JDinSeattle/forge-runtime/internal/provider","Test":"TestFailedAttemptWithCompletedToolReturnsNoExecutableCall","Elapsed":0}
{"Time":"2026-09-11T17:27:24.567140388-07:00","Action":"run","Package":"github.com/JDinSeattle/forge-runtime/internal/provider","Test":"TestArgumentBoundsAndSchema"}
{"Time":"2026-09-11T17:27:24.567144234-07:00","Action":"output","Package":"github.com/JDinSeattle/forge-runtime/internal/provider","Test":"TestArgumentBoundsAndSchema","Output":"=== RUN   TestArgumentBoundsAndSchema\n"}
{"Time":"2026-09-11T17:27:24.567153554-07:00","Action":"run","Package":"github.com/JDinSeattle/forge-runtime/internal/provider","Test":"TestArgumentBoundsAndSchema/syntax"}
{"Time":"2026-09-11T17:27:24.567157837-07:00","Action":"output","Package":"github.com/JDinSeattle/forge-runtime/internal/provider","Test":"TestArgumentBoundsAndSchema/syntax","Output":"=== RUN   TestArgumentBoundsAndSchema/syntax\n"}
{"Time":"2026-09-11T17:27:24.567331447-07:00","Action":"output","Package":"github.com/JDinSeattle/forge-runtime/internal/provider","Test":"TestArgumentBoundsAndSchema/syntax","Output":"--- PASS: TestArgumentBoundsAndSchema/syntax (0.00s)\n"}
{"Time":"2026-09-11T17:27:24.567339882-07:00","Action":"pass","Package":"github.com/JDinSeattle/forge-runtime/internal/provider","Test":"TestArgumentBoundsAndSchema/syntax","Elapsed":0}
{"Time":"2026-09-11T17:27:24.567343839-07:00","Action":"run","Package":"github.com/JDinSeattle/forge-runtime/internal/provider","Test":"TestArgumentBoundsAndSchema/duplicate_key"}
{"Time":"2026-09-11T17:27:24.567346724-07:00","Action":"output","Package":"github.com/JDinSeattle/forge-runtime/internal/provider","Test":"TestArgumentBoundsAndSchema/duplicate_key","Output":"=== RUN   TestArgumentBoundsAndSchema/duplicate_key\n"}
{"Time":"2026-09-11T17:27:24.567530622-07:00","Action":"output","Package":"github.com/JDinSeattle/forge-runtime/internal/provider","Test":"TestArgumentBoundsAndSchema/duplicate_key","Output":"--- PASS: TestArgumentBoundsAndSchema/duplicate_key (0.00s)\n"}
{"Time":"2026-09-11T17:27:24.567537463-07:00","Action":"pass","Package":"github.com/JDinSeattle/forge-runtime/internal/provider","Test":"TestArgumentBoundsAndSchema/duplicate_key","Elapsed":0}
{"Time":"2026-09-11T17:27:24.567550954-07:00","Action":"run","Package":"github.com/JDinSeattle/forge-runtime/internal/provider","Test":"TestArgumentBoundsAndSchema/required"}
{"Time":"2026-09-11T17:27:24.567554548-07:00","Action":"output","Package":"github.com/JDinSeattle/forge-runtime/internal/provider","Test":"TestArgumentBoundsAndSchema/required","Output":"=== RUN   TestArgumentBoundsAndSchema/required\n"}
{"Time":"2026-09-11T17:27:24.567719093-07:00","Action":"output","Package":"github.com/JDinSeattle/forge-runtime/internal/provider","Test":"TestArgumentBoundsAndSchema/required","Output":"--- PASS: TestArgumentBoundsAndSchema/required (0.00s)\n"}
{"Time":"2026-09-11T17:27:24.567725886-07:00","Action":"pass","Package":"github.com/JDinSeattle/forge-runtime/internal/provider","Test":"TestArgumentBoundsAndSchema/required","Elapsed":0}
{"Time":"2026-09-11T17:27:24.567729514-07:00","Action":"run","Package":"github.com/JDinSeattle/forge-runtime/internal/provider","Test":"TestArgumentBoundsAndSchema/wrong_type"}
{"Time":"2026-09-11T17:27:24.567732463-07:00","Action":"output","Package":"github.com/JDinSeattle/forge-runtime/internal/provider","Test":"TestArgumentBoundsAndSchema/wrong_type","Output":"=== RUN   TestArgumentBoundsAndSchema/wrong_type\n"}
{"Time":"2026-09-11T17:27:24.567917602-07:00","Action":"output","Package":"github.com/JDinSeattle/forge-runtime/internal/provider","Test":"TestArgumentBoundsAndSchema/wrong_type","Output":"--- PASS: TestArgumentBoundsAndSchema/wrong_type (0.00s)\n"}
{"Time":"2026-09-11T17:27:24.56793103-07:00","Action":"pass","Package":"github.com/JDinSeattle/forge-runtime/internal/provider","Test":"TestArgumentBoundsAndSchema/wrong_type","Elapsed":0}
{"Time":"2026-09-11T17:27:24.567935996-07:00","Action":"run","Package":"github.com/JDinSeattle/forge-runtime/internal/provider","Test":"TestArgumentBoundsAndSchema/additional"}
{"Time":"2026-09-11T17:27:24.567939418-07:00","Action":"output","Package":"github.com/JDinSeattle/forge-runtime/internal/provider","Test":"TestArgumentBoundsAndSchema/additional","Output":"=== RUN   TestArgumentBoundsAndSchema/additional\n"}
{"Time":"2026-09-11T17:27:24.568112136-07:00","Action":"output","Package":"github.com/JDinSeattle/forge-runtime/internal/provider","Test":"TestArgumentBoundsAndSchema/additional","Output":"--- PASS: TestArgumentBoundsAndSchema/additional (0.00s)\n"}
{"Time":"2026-09-11T17:27:24.568124143-07:00","Action":"pass","Package":"github.com/JDinSeattle/forge-runtime/internal/provider","Test":"TestArgumentBoundsAndSchema/additional","Elapsed":0}
{"Time":"2026-09-11T17:27:24.568128314-07:00","Action":"run","Package":"github.com/JDinSeattle/forge-runtime/internal/provider","Test":"TestArgumentBoundsAndSchema/depth"}
{"Time":"2026-09-11T17:27:24.568131085-07:00","Action":"output","Package":"github.com/JDinSeattle/forge-runtime/internal/provider","Test":"TestArgumentBoundsAndSchema/depth","Output":"=== RUN   TestArgumentBoundsAndSchema/depth\n"}
{"Time":"2026-09-11T17:27:24.568310066-07:00","Action":"output","Package":"github.com/JDinSeattle/forge-runtime/internal/provider","Test":"TestArgumentBoundsAndSchema/depth","Output":"--- PASS: TestArgumentBoundsAndSchema/depth (0.00s)\n"}
{"Time":"2026-09-11T17:27:24.568322924-07:00","Action":"pass","Package":"github.com/JDinSeattle/forge-runtime/internal/provider","Test":"TestArgumentBoundsAndSchema/depth","Elapsed":0}
{"Time":"2026-09-11T17:27:24.568326633-07:00","Action":"run","Package":"github.com/JDinSeattle/forge-runtime/internal/provider","Test":"TestArgumentBoundsAndSchema/size"}
{"Time":"2026-09-11T17:27:24.568328169-07:00","Action":"output","Package":"github.com/JDinSeattle/forge-runtime/internal/provider","Test":"TestArgumentBoundsAndSchema/size","Output":"=== RUN   TestArgumentBoundsAndSchema/size\n"}
{"Time":"2026-09-11T17:27:24.56842123-07:00","Action":"output","Package":"github.com/JDinSeattle/forge-runtime/internal/sandbox","Test":"TestStrictLogDockerMultiplexAlwaysDrainsAfterLimit","Output":"--- PASS: TestStrictLogDockerMultiplexAlwaysDrainsAfterLimit (0.04s)\n"}
{"Time":"2026-09-11T17:27:24.568439218-07:00","Action":"pass","Package":"github.com/JDinSeattle/forge-runtime/internal/sandbox","Test":"TestStrictLogDockerMultiplexAlwaysDrainsAfterLimit","Elapsed":0.04}
{"Time":"2026-09-11T17:27:24.568464648-07:00","Action":"run","Package":"github.com/JDinSeattle/forge-runtime/internal/sandbox","Test":"TestStrictLogDockerMultiplexRejectsBrokenFrames"}
{"Time":"2026-09-11T17:27:24.568470384-07:00","Action":"output","Package":"github.com/JDinSeattle/forge-runtime/internal/sandbox","Test":"TestStrictLogDockerMultiplexRejectsBrokenFrames","Output":"=== RUN   TestStrictLogDockerMultiplexRejectsBrokenFrames\n"}
{"Time":"2026-09-11T17:27:24.568507519-07:00","Action":"output","Package":"github.com/JDinSeattle/forge-runtime/internal/provider","Test":"TestArgumentBoundsAndSchema/size","Output":"--- PASS: TestArgumentBoundsAndSchema/size (0.00s)\n"}
{"Time":"2026-09-11T17:27:24.568513795-07:00","Action":"pass","Package":"github.com/JDinSeattle/forge-runtime/internal/provider","Test":"TestArgumentBoundsAndSchema/size","Elapsed":0}
{"Time":"2026-09-11T17:27:24.568517783-07:00","Action":"run","Package":"github.com/JDinSeattle/forge-runtime/internal/provider","Test":"TestArgumentBoundsAndSchema/trailing"}
{"Time":"2026-09-11T17:27:24.56852122-07:00","Action":"output","Package":"github.com/JDinSeattle/forge-runtime/internal/provider","Test":"TestArgumentBoundsAndSchema/trailing","Output":"=== RUN   TestArgumentBoundsAndSchema/trailing\n"}
{"Time":"2026-09-11T17:27:24.568529609-07:00","Action":"run","Package":"github.com/JDinSeattle/forge-runtime/internal/sandbox","Test":"TestStrictLogDockerMultiplexRejectsBrokenFrames/invalid_stream"}
{"Time":"2026-09-11T17:27:24.568533351-07:00","Action":"output","Package":"github.com/JDinSeattle/forge-runtime/internal/sandbox","Test":"TestStrictLogDockerMultiplexRejectsBrokenFrames/invalid_stream","Output":"=== RUN   TestStrictLogDockerMultiplexRejectsBrokenFrames/invalid_stream\n"}
{"Time":"2026-09-11T17:27:24.56862208-07:00","Action":"output","Package":"github.com/JDinSeattle/forge-runtime/internal/sandbox","Test":"TestStrictLogDockerMultiplexRejectsBrokenFrames/invalid_stream","Output":"--- PASS: TestStrictLogDockerMultiplexRejectsBrokenFrames/invalid_stream (0.00s)\n"}
{"Time":"2026-09-11T17:27:24.568629312-07:00","Action":"pass","Package":"github.com/JDinSeattle/forge-runtime/internal/sandbox","Test":"TestStrictLogDockerMultiplexRejectsBrokenFrames/invalid_stream","Elapsed":0}
{"Time":"2026-09-11T17:27:24.568643228-07:00","Action":"run","Package":"github.com/JDinSeattle/forge-runtime/internal/sandbox","Test":"TestStrictLogDockerMultiplexRejectsBrokenFrames/reserved_bytes"}
{"Time":"2026-09-11T17:27:24.568647531-07:00","Action":"output","Package":"github.com/JDinSeattle/forge-runtime/internal/sandbox","Test":"TestStrictLogDockerMultiplexRejectsBrokenFrames/reserved_bytes","Output":"=== RUN   TestStrictLogDockerMultiplexRejectsBrokenFrames/reserved_bytes\n"}
{"Time":"2026-09-11T17:27:24.568708738-07:00","Action":"output","Package":"github.com/JDinSeattle/forge-runtime/internal/sandbox","Test":"TestStrictLogDockerMultiplexRejectsBrokenFrames/reserved_bytes","Output":"--- PASS: TestStrictLogDockerMultiplexRejectsBrokenFrames/reserved_bytes (0.00s)\n"}
{"Time":"2026-09-11T17:27:24.568715126-07:00","Action":"pass","Package":"github.com/JDinSeattle/forge-runtime/internal/sandbox","Test":"TestStrictLogDockerMultiplexRejectsBrokenFrames/reserved_bytes","Elapsed":0}
{"Time":"2026-09-11T17:27:24.568721971-07:00","Action":"output","Package":"github.com/JDinSeattle/forge-runtime/internal/provider","Test":"TestArgumentBoundsAndSchema/trailing","Output":"--- PASS: TestArgumentBoundsAndSchema/trailing (0.00s)\n"}
{"Time":"2026-09-11T17:27:24.568726443-07:00","Action":"pass","Package":"github.com/JDinSeattle/forge-runtime/internal/provider","Test":"TestArgumentBoundsAndSchema/trailing","Elapsed":0}
{"Time":"2026-09-11T17:27:24.568730769-07:00","Action":"run","Package":"github.com/JDinSeattle/forge-runtime/internal/provider","Test":"TestArgumentBoundsAndSchema/array"}
{"Time":"2026-09-11T17:27:24.568734153-07:00","Action":"output","Package":"github.com/JDinSeattle/forge-runtime/internal/provider","Test":"TestArgumentBoundsAndSchema/array","Output":"=== RUN   TestArgumentBoundsAndSchema/array\n"}
{"Time":"2026-09-11T17:27:24.568739551-07:00","Action":"run","Package":"github.com/JDinSeattle/forge-runtime/internal/sandbox","Test":"TestStrictLogDockerMultiplexRejectsBrokenFrames/truncated_body"}
{"Time":"2026-09-11T17:27:24.56874316-07:00","Action":"output","Package":"github.com/JDinSeattle/forge-runtime/internal/sandbox","Test":"TestStrictLogDockerMultiplexRejectsBrokenFrames/truncated_body","Output":"=== RUN   TestStrictLogDockerMultiplexRejectsBrokenFrames/truncated_body\n"}
{"Time":"2026-09-11T17:27:24.56879774-07:00","Action":"output","Package":"github.com/JDinSeattle/forge-runtime/internal/sandbox","Test":"TestStrictLogDockerMultiplexRejectsBrokenFrames/truncated_body","Output":"--- PASS: TestStrictLogDockerMultiplexRejectsBrokenFrames/truncated_body (0.00s)\n"}
{"Time":"2026-09-11T17:27:24.568823062-07:00","Action":"pass","Package":"github.com/JDinSeattle/forge-runtime/internal/sandbox","Test":"TestStrictLogDockerMultiplexRejectsBrokenFrames/truncated_body","Elapsed":0}
{"Time":"2026-09-11T17:27:24.568829336-07:00","Action":"run","Package":"github.com/JDinSeattle/forge-runtime/internal/sandbox","Test":"TestStrictLogDockerMultiplexRejectsBrokenFrames/huge_length_bounded_reader"}
{"Time":"2026-09-11T17:27:24.568832338-07:00","Action":"output","Package":"github.com/JDinSeattle/forge-runtime/internal/sandbox","Test":"TestStrictLogDockerMultiplexRejectsBrokenFrames/huge_length_bounded_reader","Output":"=== RUN   TestStrictLogDockerMultiplexRejectsBrokenFrames/huge_length_bounded_reader\n"}
{"Time":"2026-09-11T17:27:24.568890491-07:00","Action":"output","Package":"github.com/JDinSeattle/forge-runtime/internal/sandbox","Test":"TestStrictLogDockerMultiplexRejectsBrokenFrames/huge_length_bounded_reader","Output":"--- PASS: TestStrictLogDockerMultiplexRejectsBrokenFrames/huge_length_bounded_reader (0.00s)\n"}
{"Time":"2026-09-11T17:27:24.568899506-07:00","Action":"pass","Package":"github.com/JDinSeattle/forge-runtime/internal/sandbox","Test":"TestStrictLogDockerMultiplexRejectsBrokenFrames/huge_length_bounded_reader","Elapsed":0}
{"Time":"2026-09-11T17:27:24.5689166-07:00","Action":"run","Package":"github.com/JDinSeattle/forge-runtime/internal/sandbox","Test":"TestStrictLogDockerMultiplexRejectsBrokenFrames/short_header"}
{"Time":"2026-09-11T17:27:24.568922732-07:00","Action":"output","Package":"github.com/JDinSeattle/forge-runtime/internal/sandbox","Test":"TestStrictLogDockerMultiplexRejectsBrokenFrames/short_header","Output":"=== RUN   TestStrictLogDockerMultiplexRejectsBrokenFrames/short_header\n"}
{"Time":"2026-09-11T17:27:24.568929638-07:00","Action":"output","Package":"github.com/JDinSeattle/forge-runtime/internal/provider","Test":"TestArgumentBoundsAndSchema/array","Output":"--- PASS: TestArgumentBoundsAndSchema/array (0.00s)\n"}
{"Time":"2026-09-11T17:27:24.568933536-07:00","Action":"pass","Package":"github.com/JDinSeattle/forge-runtime/internal/provider","Test":"TestArgumentBoundsAndSchema/array","Elapsed":0}
{"Time":"2026-09-11T17:27:24.568937479-07:00","Action":"output","Package":"github.com/JDinSeattle/forge-runtime/internal/provider","Test":"TestArgumentBoundsAndSchema","Output":"--- PASS: TestArgumentBoundsAndSchema (0.00s)\n"}
{"Time":"2026-09-11T17:27:24.56894616-07:00","Action":"pass","Package":"github.com/JDinSeattle/forge-runtime/internal/provider","Test":"TestArgumentBoundsAndSchema","Elapsed":0}
{"Time":"2026-09-11T17:27:24.568954258-07:00","Action":"run","Package":"github.com/JDinSeattle/forge-runtime/internal/provider","Test":"TestCallLimitUnknownToolAndDuplicateID"}
{"Time":"2026-09-11T17:27:24.568957632-07:00","Action":"output","Package":"github.com/JDinSeattle/forge-runtime/internal/provider","Test":"TestCallLimitUnknownToolAndDuplicateID","Output":"=== RUN   TestCallLimitUnknownToolAndDuplicateID\n"}
{"Time":"2026-09-11T17:27:24.56896194-07:00","Action":"run","Package":"github.com/JDinSeattle/forge-runtime/internal/provider","Test":"TestCallLimitUnknownToolAndDuplicateID/limit"}
{"Time":"2026-09-11T17:27:24.568965143-07:00","Action":"output","Package":"github.com/JDinSeattle/forge-runtime/internal/provider","Test":"TestCallLimitUnknownToolAndDuplicateID/limit","Output":"=== RUN   TestCallLimitUnknownToolAndDuplicateID/limit\n"}
{"Time":"2026-09-11T17:27:24.56898236-07:00","Action":"output","Package":"github.com/JDinSeattle/forge-runtime/internal/sandbox","Test":"TestStrictLogDockerMultiplexRejectsBrokenFrames/short_header","Output":"--- PASS: TestStrictLogDockerMultiplexRejectsBrokenFrames/short_header (0.00s)\n"}
{"Time":"2026-09-11T17:27:24.568990742-07:00","Action":"pass","Package":"github.com/JDinSeattle/forge-runtime/internal/sandbox","Test":"TestStrictLogDockerMultiplexRejectsBrokenFrames/short_header","Elapsed":0}
{"Time":"2026-09-11T17:27:24.569012178-07:00","Action":"output","Package":"github.com/JDinSeattle/forge-runtime/internal/sandbox","Test":"TestStrictLogDockerMultiplexRejectsBrokenFrames","Output":"--- PASS: TestStrictLogDockerMultiplexRejectsBrokenFrames (0.00s)\n"}
{"Time":"2026-09-11T17:27:24.569028798-07:00","Action":"pass","Package":"github.com/JDinSeattle/forge-runtime/internal/sandbox","Test":"TestStrictLogDockerMultiplexRejectsBrokenFrames","Elapsed":0}
{"Time":"2026-09-11T17:27:24.569041748-07:00","Action":"run","Package":"github.com/JDinSeattle/forge-runtime/internal/sandbox","Test":"TestStrictLogPolicyHardCeilingsAndVerificationGuard"}
{"Time":"2026-09-11T17:27:24.569048458-07:00","Action":"output","Package":"github.com/JDinSeattle/forge-runtime/internal/sandbox","Test":"TestStrictLogPolicyHardCeilingsAndVerificationGuard","Output":"=== RUN   TestStrictLogPolicyHardCeilingsAndVerificationGuard\n"}
{"Time":"2026-09-11T17:27:24.569119778-07:00","Action":"output","Package":"github.com/JDinSeattle/forge-runtime/internal/sandbox","Test":"TestStrictLogPolicyHardCeilingsAndVerificationGuard","Output":"--- PASS: TestStrictLogPolicyHardCeilingsAndVerificationGuard (0.00s)\n"}
{"Time":"2026-09-11T17:27:24.569129416-07:00","Action":"pass","Package":"github.com/JDinSeattle/forge-runtime/internal/sandbox","Test":"TestStrictLogPolicyHardCeilingsAndVerificationGuard","Elapsed":0}
{"Time":"2026-09-11T17:27:24.56913703-07:00","Action":"run","Package":"github.com/JDinSeattle/forge-runtime/internal/sandbox","Test":"TestStrictLogAttachUpgradePreservesBufferedFirstFrame"}
{"Time":"2026-09-11T17:27:24.569140144-07:00","Action":"output","Package":"github.com/JDinSeattle/forge-runtime/internal/sandbox","Test":"TestStrictLogAttachUpgradePreservesBufferedFirstFrame","Output":"=== RUN   TestStrictLogAttachUpgradePreservesBufferedFirstFrame\n"}
{"Time":"2026-09-11T17:27:24.569154446-07:00","Action":"output","Package":"github.com/JDinSeattle/forge-runtime/internal/provider","Test":"TestCallLimitUnknownToolAndDuplicateID/limit","Output":"--- PASS: TestCallLimitUnknownToolAndDuplicateID/limit (0.00s)\n"}
{"Time":"2026-09-11T17:27:24.569161153-07:00","Action":"pass","Package":"github.com/JDinSeattle/forge-runtime/internal/provider","Test":"TestCallLimitUnknownToolAndDuplicateID/limit","Elapsed":0}
{"Time":"2026-09-11T17:27:24.569169331-07:00","Action":"run","Package":"github.com/JDinSeattle/forge-runtime/internal/provider","Test":"TestCallLimitUnknownToolAndDuplicateID/unknown"}
{"Time":"2026-09-11T17:27:24.569171548-07:00","Action":"output","Package":"github.com/JDinSeattle/forge-runtime/internal/provider","Test":"TestCallLimitUnknownToolAndDuplicateID/unknown","Output":"=== RUN   TestCallLimitUnknownToolAndDuplicateID/unknown\n"}
{"Time":"2026-09-11T17:27:24.569346629-07:00","Action":"output","Package":"github.com/JDinSeattle/forge-runtime/internal/provider","Test":"TestCallLimitUnknownToolAndDuplicateID/unknown","Output":"--- PASS: TestCallLimitUnknownToolAndDuplicateID/unknown (0.00s)\n"}
{"Time":"2026-09-11T17:27:24.569351257-07:00","Action":"pass","Package":"github.com/JDinSeattle/forge-runtime/internal/provider","Test":"TestCallLimitUnknownToolAndDuplicateID/unknown","Elapsed":0}
{"Time":"2026-09-11T17:27:24.56935943-07:00","Action":"run","Package":"github.com/JDinSeattle/forge-runtime/internal/provider","Test":"TestCallLimitUnknownToolAndDuplicateID/duplicate"}
{"Time":"2026-09-11T17:27:24.569361462-07:00","Action":"output","Package":"github.com/JDinSeattle/forge-runtime/internal/provider","Test":"TestCallLimitUnknownToolAndDuplicateID/duplicate","Output":"=== RUN   TestCallLimitUnknownToolAndDuplicateID/duplicate\n"}
{"Time":"2026-09-11T17:27:24.569439304-07:00","Action":"output","Package":"github.com/JDinSeattle/forge-runtime/internal/sandbox","Test":"TestStrictLogAttachUpgradePreservesBufferedFirstFrame","Output":"--- PASS: TestStrictLogAttachUpgradePreservesBufferedFirstFrame (0.00s)\n"}
{"Time":"2026-09-11T17:27:24.569450328-07:00","Action":"pass","Package":"github.com/JDinSeattle/forge-runtime/internal/sandbox","Test":"TestStrictLogAttachUpgradePreservesBufferedFirstFrame","Elapsed":0}
{"Time":"2026-09-11T17:27:24.569455482-07:00","Action":"run","Package":"github.com/JDinSeattle/forge-runtime/internal/sandbox","Test":"TestStrictLogAttachHandshakeCancellationAndBounds"}
{"Time":"2026-09-11T17:27:24.569458762-07:00","Action":"output","Package":"github.com/JDinSeattle/forge-runtime/internal/sandbox","Test":"TestStrictLogAttachHandshakeCancellationAndBounds","Output":"=== RUN   TestStrictLogAttachHandshakeCancellationAndBounds\n"}
{"Time":"2026-09-11T17:27:24.569610219-07:00","Action":"output","Package":"github.com/JDinSeattle/forge-runtime/internal/provider","Test":"TestCallLimitUnknownToolAndDuplicateID/duplicate","Output":"--- PASS: TestCallLimitUnknownToolAndDuplicateID/duplicate (0.00s)\n"}
{"Time":"2026-09-11T17:27:24.569619927-07:00","Action":"pass","Package":"github.com/JDinSeattle/forge-runtime/internal/provider","Test":"TestCallLimitUnknownToolAndDuplicateID/duplicate","Elapsed":0}
{"Time":"2026-09-11T17:27:24.569633153-07:00","Action":"output","Package":"github.com/JDinSeattle/forge-runtime/internal/provider","Test":"TestCallLimitUnknownToolAndDuplicateID","Output":"--- PASS: TestCallLimitUnknownToolAndDuplicateID (0.00s)\n"}
{"Time":"2026-09-11T17:27:24.569641503-07:00","Action":"pass","Package":"github.com/JDinSeattle/forge-runtime/internal/provider","Test":"TestCallLimitUnknownToolAndDuplicateID","Elapsed":0}
{"Time":"2026-09-11T17:27:24.569651169-07:00","Action":"run","Package":"github.com/JDinSeattle/forge-runtime/internal/provider","Test":"TestSchemaRemoteReferencesRejectedWithoutHTTP"}
{"Time":"2026-09-11T17:27:24.569654228-07:00","Action":"output","Package":"github.com/JDinSeattle/forge-runtime/internal/provider","Test":"TestSchemaRemoteReferencesRejectedWithoutHTTP","Output":"=== RUN   TestSchemaRemoteReferencesRejectedWithoutHTTP\n"}
{"Time":"2026-09-11T17:27:24.569760301-07:00","Action":"output","Package":"github.com/JDinSeattle/forge-runtime/internal/provider","Test":"TestSchemaRemoteReferencesRejectedWithoutHTTP","Output":"--- PASS: TestSchemaRemoteReferencesRejectedWithoutHTTP (0.00s)\n"}
{"Time":"2026-09-11T17:27:24.569770239-07:00","Action":"pass","Package":"github.com/JDinSeattle/forge-runtime/internal/provider","Test":"TestSchemaRemoteReferencesRejectedWithoutHTTP","Elapsed":0}
{"Time":"2026-09-11T17:27:24.569792081-07:00","Action":"run","Package":"github.com/JDinSeattle/forge-runtime/internal/provider","Test":"TestConsumerCancellationAndModelCapabilityValidation"}
{"Time":"2026-09-11T17:27:24.569795856-07:00","Action":"output","Package":"github.com/JDinSeattle/forge-runtime/internal/provider","Test":"TestConsumerCancellationAndModelCapabilityValidation","Output":"=== RUN   TestConsumerCancellationAndModelCapabilityValidation\n"}
{"Time":"2026-09-11T17:27:24.570097085-07:00","Action":"output","Package":"github.com/JDinSeattle/forge-runtime/internal/provider","Test":"TestConsumerCancellationAndModelCapabilityValidation","Output":"--- PASS: TestConsumerCancellationAndModelCapabilityValidation (0.00s)\n"}
{"Time":"2026-09-11T17:27:24.570117247-07:00","Action":"pass","Package":"github.com/JDinSeattle/forge-runtime/internal/provider","Test":"TestConsumerCancellationAndModelCapabilityValidation","Elapsed":0}
{"Time":"2026-09-11T17:27:24.570121722-07:00","Action":"run","Package":"github.com/JDinSeattle/forge-runtime/internal/provider","Test":"TestRetryAfterAndHTTPMapping"}
{"Time":"2026-09-11T17:27:24.57012577-07:00","Action":"output","Package":"github.com/JDinSeattle/forge-runtime/internal/provider","Test":"TestRetryAfterAndHTTPMapping","Output":"=== RUN   TestRetryAfterAndHTTPMapping\n"}
{"Time":"2026-09-11T17:27:24.570160539-07:00","Action":"output","Package":"github.com/JDinSeattle/forge-runtime/internal/provider","Test":"TestRetryAfterAndHTTPMapping","Output":"--- PASS: TestRetryAfterAndHTTPMapping (0.00s)\n"}
{"Time":"2026-09-11T17:27:24.570172392-07:00","Action":"pass","Package":"github.com/JDinSeattle/forge-runtime/internal/provider","Test":"TestRetryAfterAndHTTPMapping","Elapsed":0}
{"Time":"2026-09-11T17:27:24.570179019-07:00","Action":"run","Package":"github.com/JDinSeattle/forge-runtime/internal/provider","Test":"FuzzToolArgumentDecoderIsUnambiguousAndBounded"}
{"Time":"2026-09-11T17:27:24.570184566-07:00","Action":"output","Package":"github.com/JDinSeattle/forge-runtime/internal/provider","Test":"FuzzToolArgumentDecoderIsUnambiguousAndBounded","Output":"=== RUN   FuzzToolArgumentDecoderIsUnambiguousAndBounded\n"}
{"Time":"2026-09-11T17:27:24.570251018-07:00","Action":"run","Package":"github.com/JDinSeattle/forge-runtime/internal/provider","Test":"FuzzToolArgumentDecoderIsUnambiguousAndBounded/seed#0"}
{"Time":"2026-09-11T17:27:24.570254339-07:00","Action":"output","Package":"github.com/JDinSeattle/forge-runtime/internal/provider","Test":"FuzzToolArgumentDecoderIsUnambiguousAndBounded/seed#0","Output":"=== RUN   FuzzToolArgumentDecoderIsUnambiguousAndBounded/seed#0\n"}
{"Time":"2026-09-11T17:27:24.570343888-07:00","Action":"output","Package":"github.com/JDinSeattle/forge-runtime/internal/provider","Test":"FuzzToolArgumentDecoderIsUnambiguousAndBounded/seed#0","Output":"--- PASS: FuzzToolArgumentDecoderIsUnambiguousAndBounded/seed#0 (0.00s)\n"}
{"Time":"2026-09-11T17:27:24.570349575-07:00","Action":"pass","Package":"github.com/JDinSeattle/forge-runtime/internal/provider","Test":"FuzzToolArgumentDecoderIsUnambiguousAndBounded/seed#0","Elapsed":0}
{"Time":"2026-09-11T17:27:24.570363291-07:00","Action":"run","Package":"github.com/JDinSeattle/forge-runtime/internal/provider","Test":"FuzzToolArgumentDecoderIsUnambiguousAndBounded/seed#1"}
{"Time":"2026-09-11T17:27:24.570368513-07:00","Action":"output","Package":"github.com/JDinSeattle/forge-runtime/internal/provider","Test":"FuzzToolArgumentDecoderIsUnambiguousAndBounded/seed#1","Output":"=== RUN   FuzzToolArgumentDecoderIsUnambiguousAndBounded/seed#1\n"}
{"Time":"2026-09-11T17:27:24.570475096-07:00","Action":"output","Package":"github.com/JDinSeattle/forge-runtime/internal/provider","Test":"FuzzToolArgumentDecoderIsUnambiguousAndBounded/seed#1","Output":"--- PASS: FuzzToolArgumentDecoderIsUnambiguousAndBounded/seed#1 (0.00s)\n"}
{"Time":"2026-09-11T17:27:24.570484138-07:00","Action":"pass","Package":"github.com/JDinSeattle/forge-runtime/internal/provider","Test":"FuzzToolArgumentDecoderIsUnambiguousAndBounded/seed#1","Elapsed":0}
{"Time":"2026-09-11T17:27:24.570499263-07:00","Action":"run","Package":"github.com/JDinSeattle/forge-runtime/internal/provider","Test":"FuzzToolArgumentDecoderIsUnambiguousAndBounded/seed#2"}
{"Time":"2026-09-11T17:27:24.570501096-07:00","Action":"output","Package":"github.com/JDinSeattle/forge-runtime/internal/provider","Test":"FuzzToolArgumentDecoderIsUnambiguousAndBounded/seed#2","Output":"=== RUN   FuzzToolArgumentDecoderIsUnambiguousAndBounded/seed#2\n"}
{"Time":"2026-09-11T17:27:24.570535636-07:00","Action":"output","Package":"github.com/JDinSeattle/forge-runtime/internal/provider","Test":"FuzzToolArgumentDecoderIsUnambiguousAndBounded/seed#2","Output":"--- PASS: FuzzToolArgumentDecoderIsUnambiguousAndBounded/seed#2 (0.00s)\n"}
{"Time":"2026-09-11T17:27:24.570543619-07:00","Action":"pass","Package":"github.com/JDinSeattle/forge-runtime/internal/provider","Test":"FuzzToolArgumentDecoderIsUnambiguousAndBounded/seed#2","Elapsed":0}
{"Time":"2026-09-11T17:27:24.570567419-07:00","Action":"run","Package":"github.com/JDinSeattle/forge-runtime/internal/provider","Test":"FuzzToolArgumentDecoderIsUnambiguousAndBounded/seed#3"}
{"Time":"2026-09-11T17:27:24.570578655-07:00","Action":"output","Package":"github.com/JDinSeattle/forge-runtime/internal/provider","Test":"FuzzToolArgumentDecoderIsUnambiguousAndBounded/seed#3","Output":"=== RUN   FuzzToolArgumentDecoderIsUnambiguousAndBounded/seed#3\n"}
{"Time":"2026-09-11T17:27:24.570654651-07:00","Action":"output","Package":"github.com/JDinSeattle/forge-runtime/internal/provider","Test":"FuzzToolArgumentDecoderIsUnambiguousAndBounded/seed#3","Output":"--- PASS: FuzzToolArgumentDecoderIsUnambiguousAndBounded/seed#3 (0.00s)\n"}
{"Time":"2026-09-11T17:27:24.570669728-07:00","Action":"pass","Package":"github.com/JDinSeattle/forge-runtime/internal/provider","Test":"FuzzToolArgumentDecoderIsUnambiguousAndBounded/seed#3","Elapsed":0}
{"Time":"2026-09-11T17:27:24.570676753-07:00","Action":"run","Package":"github.com/JDinSeattle/forge-runtime/internal/provider","Test":"FuzzToolArgumentDecoderIsUnambiguousAndBounded/seed#4"}
{"Time":"2026-09-11T17:27:24.570680524-07:00","Action":"output","Package":"github.com/JDinSeattle/forge-runtime/internal/provider","Test":"FuzzToolArgumentDecoderIsUnambiguousAndBounded/seed#4","Output":"=== RUN   FuzzToolArgumentDecoderIsUnambiguousAndBounded/seed#4\n"}
{"Time":"2026-09-11T17:27:24.570754358-07:00","Action":"output","Package":"github.com/JDinSeattle/forge-runtime/internal/provider","Test":"FuzzToolArgumentDecoderIsUnambiguousAndBounded/seed#4","Output":"--- PASS: FuzzToolArgumentDecoderIsUnambiguousAndBounded/seed#4 (0.00s)\n"}
{"Time":"2026-09-11T17:27:24.570762938-07:00","Action":"pass","Package":"github.com/JDinSeattle/forge-runtime/internal/provider","Test":"FuzzToolArgumentDecoderIsUnambiguousAndBounded/seed#4","Elapsed":0}
{"Time":"2026-09-11T17:27:24.5707673-07:00","Action":"run","Package":"github.com/JDinSeattle/forge-runtime/internal/provider","Test":"FuzzToolArgumentDecoderIsUnambiguousAndBounded/seed#5"}
{"Time":"2026-09-11T17:27:24.57077076-07:00","Action":"output","Package":"github.com/JDinSeattle/forge-runtime/internal/provider","Test":"FuzzToolArgumentDecoderIsUnambiguousAndBounded/seed#5","Output":"=== RUN   FuzzToolArgumentDecoderIsUnambiguousAndBounded/seed#5\n"}
{"Time":"2026-09-11T17:27:24.570783054-07:00","Action":"output","Package":"github.com/JDinSeattle/forge-runtime/internal/provider","Test":"FuzzToolArgumentDecoderIsUnambiguousAndBounded/seed#5","Output":"--- PASS: FuzzToolArgumentDecoderIsUnambiguousAndBounded/seed#5 (0.00s)\n"}
{"Time":"2026-09-11T17:27:24.570788883-07:00","Action":"pass","Package":"github.com/JDinSeattle/forge-runtime/internal/provider","Test":"FuzzToolArgumentDecoderIsUnambiguousAndBounded/seed#5","Elapsed":0}
{"Time":"2026-09-11T17:27:24.570796125-07:00","Action":"run","Package":"github.com/JDinSeattle/forge-runtime/internal/provider","Test":"FuzzToolArgumentDecoderIsUnambiguousAndBounded/seed#6"}
{"Time":"2026-09-11T17:27:24.570799951-07:00","Action":"output","Package":"github.com/JDinSeattle/forge-runtime/internal/provider","Test":"FuzzToolArgumentDecoderIsUnambiguousAndBounded/seed#6","Output":"=== RUN   FuzzToolArgumentDecoderIsUnambiguousAndBounded/seed#6\n"}
{"Time":"2026-09-11T17:27:24.570819395-07:00","Action":"output","Package":"github.com/JDinSeattle/forge-runtime/internal/provider","Test":"FuzzToolArgumentDecoderIsUnambiguousAndBounded/seed#6","Output":"--- PASS: FuzzToolArgumentDecoderIsUnambiguousAndBounded/seed#6 (0.00s)\n"}
{"Time":"2026-09-11T17:27:24.570830394-07:00","Action":"pass","Package":"github.com/JDinSeattle/forge-runtime/internal/provider","Test":"FuzzToolArgumentDecoderIsUnambiguousAndBounded/seed#6","Elapsed":0}
{"Time":"2026-09-11T17:27:24.570833601-07:00","Action":"run","Package":"github.com/JDinSeattle/forge-runtime/internal/provider","Test":"FuzzToolArgumentDecoderIsUnambiguousAndBounded/seed#7"}
{"Time":"2026-09-11T17:27:24.570835856-07:00","Action":"output","Package":"github.com/JDinSeattle/forge-runtime/internal/provider","Test":"FuzzToolArgumentDecoderIsUnambiguousAndBounded/seed#7","Output":"=== RUN   FuzzToolArgumentDecoderIsUnambiguousAndBounded/seed#7\n"}
{"Time":"2026-09-11T17:27:24.57085546-07:00","Action":"output","Package":"github.com/JDinSeattle/forge-runtime/internal/provider","Test":"FuzzToolArgumentDecoderIsUnambiguousAndBounded/seed#7","Output":"--- PASS: FuzzToolArgumentDecoderIsUnambiguousAndBounded/seed#7 (0.00s)\n"}
{"Time":"2026-09-11T17:27:24.570862743-07:00","Action":"pass","Package":"github.com/JDinSeattle/forge-runtime/internal/provider","Test":"FuzzToolArgumentDecoderIsUnambiguousAndBounded/seed#7","Elapsed":0}
{"Time":"2026-09-11T17:27:24.570880731-07:00","Action":"run","Package":"github.com/JDinSeattle/forge-runtime/internal/provider","Test":"FuzzToolArgumentDecoderIsUnambiguousAndBounded/seed#8"}
{"Time":"2026-09-11T17:27:24.570882987-07:00","Action":"output","Package":"github.com/JDinSeattle/forge-runtime/internal/provider","Test":"FuzzToolArgumentDecoderIsUnambiguousAndBounded/seed#8","Output":"=== RUN   FuzzToolArgumentDecoderIsUnambiguousAndBounded/seed#8\n"}
{"Time":"2026-09-11T17:27:24.570904208-07:00","Action":"output","Package":"github.com/JDinSeattle/forge-runtime/internal/provider","Test":"FuzzToolArgumentDecoderIsUnambiguousAndBounded/seed#8","Output":"--- PASS: FuzzToolArgumentDecoderIsUnambiguousAndBounded/seed#8 (0.00s)\n"}
{"Time":"2026-09-11T17:27:24.570911773-07:00","Action":"pass","Package":"github.com/JDinSeattle/forge-runtime/internal/provider","Test":"FuzzToolArgumentDecoderIsUnambiguousAndBounded/seed#8","Elapsed":0}
{"Time":"2026-09-11T17:27:24.570922877-07:00","Action":"run","Package":"github.com/JDinSeattle/forge-runtime/internal/provider","Test":"FuzzToolArgumentDecoderIsUnambiguousAndBounded/seed#9"}
{"Time":"2026-09-11T17:27:24.570924876-07:00","Action":"output","Package":"github.com/JDinSeattle/forge-runtime/internal/provider","Test":"FuzzToolArgumentDecoderIsUnambiguousAndBounded/seed#9","Output":"=== RUN   FuzzToolArgumentDecoderIsUnambiguousAndBounded/seed#9\n"}
{"Time":"2026-09-11T17:27:24.570988733-07:00","Action":"output","Package":"github.com/JDinSeattle/forge-runtime/internal/provider","Test":"FuzzToolArgumentDecoderIsUnambiguousAndBounded/seed#9","Output":"--- PASS: FuzzToolArgumentDecoderIsUnambiguousAndBounded/seed#9 (0.00s)\n"}
{"Time":"2026-09-11T17:27:24.570994485-07:00","Action":"pass","Package":"github.com/JDinSeattle/forge-runtime/internal/provider","Test":"FuzzToolArgumentDecoderIsUnambiguousAndBounded/seed#9","Elapsed":0}
{"Time":"2026-09-11T17:27:24.571007741-07:00","Action":"output","Package":"github.com/JDinSeattle/forge-runtime/internal/provider","Test":"FuzzToolArgumentDecoderIsUnambiguousAndBounded","Output":"--- PASS: FuzzToolArgumentDecoderIsUnambiguousAndBounded (0.00s)\n"}
{"Time":"2026-09-11T17:27:24.571015555-07:00","Action":"pass","Package":"github.com/JDinSeattle/forge-runtime/internal/provider","Test":"FuzzToolArgumentDecoderIsUnambiguousAndBounded","Elapsed":0}
{"Time":"2026-09-11T17:27:24.571022445-07:00","Action":"output","Package":"github.com/JDinSeattle/forge-runtime/internal/provider","Output":"PASS\n"}
{"Time":"2026-09-11T17:27:24.572098317-07:00","Action":"output","Package":"github.com/JDinSeattle/forge-runtime/tests/client","Test":"TestSchemaMatchesActualGoWireModelsAndGeneratedTypes/State","Output":"--- PASS: TestSchemaMatchesActualGoWireModelsAndGeneratedTypes/State (0.01s)\n"}
{"Time":"2026-09-11T17:27:24.572116249-07:00","Action":"run","Package":"github.com/JDinSeattle/forge-runtime/internal/sandbox","Test":"TestStrictLogAttachHandshakeCancellationAndBounds/wrong_status"}
{"Time":"2026-09-11T17:27:24.572118294-07:00","Action":"output","Package":"github.com/JDinSeattle/forge-runtime/internal/sandbox","Test":"TestStrictLogAttachHandshakeCancellationAndBounds/wrong_status","Output":"=== RUN   TestStrictLogAttachHandshakeCancellationAndBounds/wrong_status\n"}
{"Time":"2026-09-11T17:27:24.572124609-07:00","Action":"pass","Package":"github.com/JDinSeattle/forge-runtime/tests/client","Test":"TestSchemaMatchesActualGoWireModelsAndGeneratedTypes/State","Elapsed":0.01}
{"Time":"2026-09-11T17:27:24.572328231-07:00","Action":"output","Package":"github.com/JDinSeattle/forge-runtime/internal/sandbox","Test":"TestStrictLogAttachHandshakeCancellationAndBounds/wrong_status","Output":"--- PASS: TestStrictLogAttachHandshakeCancellationAndBounds/wrong_status (0.00s)\n"}
{"Time":"2026-09-11T17:27:24.572339635-07:00","Action":"pass","Package":"github.com/JDinSeattle/forge-runtime/internal/sandbox","Test":"TestStrictLogAttachHandshakeCancellationAndBounds/wrong_status","Elapsed":0}
{"Time":"2026-09-11T17:27:24.572359045-07:00","Action":"run","Package":"github.com/JDinSeattle/forge-runtime/internal/sandbox","Test":"TestStrictLogAttachHandshakeCancellationAndBounds/wrong_token"}
{"Time":"2026-09-11T17:27:24.572361007-07:00","Action":"output","Package":"github.com/JDinSeattle/forge-runtime/internal/sandbox","Test":"TestStrictLogAttachHandshakeCancellationAndBounds/wrong_token","Output":"=== RUN   TestStrictLogAttachHandshakeCancellationAndBounds/wrong_token\n"}
{"Time":"2026-09-11T17:27:24.572844604-07:00","Action":"output","Package":"github.com/JDinSeattle/forge-runtime/internal/sandbox","Test":"TestStrictLogAttachHandshakeCancellationAndBounds/wrong_token","Output":"--- PASS: TestStrictLogAttachHandshakeCancellationAndBounds/wrong_token (0.00s)\n"}
{"Time":"2026-09-11T17:27:24.572858427-07:00","Action":"pass","Package":"github.com/JDinSeattle/forge-runtime/internal/sandbox","Test":"TestStrictLogAttachHandshakeCancellationAndBounds/wrong_token","Elapsed":0}
{"Time":"2026-09-11T17:27:24.572861252-07:00","Action":"run","Package":"github.com/JDinSeattle/forge-runtime/internal/sandbox","Test":"TestStrictLogAttachHandshakeCancellationAndBounds/cancel"}
{"Time":"2026-09-11T17:27:24.572862662-07:00","Action":"output","Package":"github.com/JDinSeattle/forge-runtime/internal/sandbox","Test":"TestStrictLogAttachHandshakeCancellationAndBounds/cancel","Output":"=== RUN   TestStrictLogAttachHandshakeCancellationAndBounds/cancel\n"}
{"Time":"2026-09-11T17:27:24.572942329-07:00","Action":"output","Package":"github.com/JDinSeattle/forge-runtime/internal/sandbox","Test":"TestStrictLogAttachHandshakeCancellationAndBounds/cancel","Output":"--- PASS: TestStrictLogAttachHandshakeCancellationAndBounds/cancel (0.00s)\n"}
{"Time":"2026-09-11T17:27:24.572953746-07:00","Action":"pass","Package":"github.com/JDinSeattle/forge-runtime/internal/sandbox","Test":"TestStrictLogAttachHandshakeCancellationAndBounds/cancel","Elapsed":0}
{"Time":"2026-09-11T17:27:24.572960325-07:00","Action":"run","Package":"github.com/JDinSeattle/forge-runtime/internal/sandbox","Test":"TestStrictLogAttachHandshakeCancellationAndBounds/long_header"}
{"Time":"2026-09-11T17:27:24.57296208-07:00","Action":"output","Package":"github.com/JDinSeattle/forge-runtime/internal/sandbox","Test":"TestStrictLogAttachHandshakeCancellationAndBounds/long_header","Output":"=== RUN   TestStrictLogAttachHandshakeCancellationAndBounds/long_header\n"}
{"Time":"2026-09-11T17:27:24.573507868-07:00","Action":"output","Package":"github.com/JDinSeattle/forge-runtime/tests/client","Test":"TestSchemaMatchesActualGoWireModelsAndGeneratedTypes","Output":"--- PASS: TestSchemaMatchesActualGoWireModelsAndGeneratedTypes (0.03s)\n"}
{"Time":"2026-09-11T17:27:24.573527793-07:00","Action":"pass","Package":"github.com/JDinSeattle/forge-runtime/tests/client","Test":"TestSchemaMatchesActualGoWireModelsAndGeneratedTypes","Elapsed":0.03}
{"Time":"2026-09-11T17:27:24.573562788-07:00","Action":"run","Package":"github.com/JDinSeattle/forge-runtime/tests/client","Test":"TestSchemaRejectsMalformedBudgetsAndUnknownRequestProperties"}
{"Time":"2026-09-11T17:27:24.57357272-07:00","Action":"output","Package":"github.com/JDinSeattle/forge-runtime/tests/client","Test":"TestSchemaRejectsMalformedBudgetsAndUnknownRequestProperties","Output":"=== RUN   TestSchemaRejectsMalformedBudgetsAndUnknownRequestProperties\n"}
{"Time":"2026-09-11T17:27:24.574247637-07:00","Action":"output","Package":"github.com/JDinSeattle/forge-runtime/internal/sandbox","Test":"TestStrictLogAttachHandshakeCancellationAndBounds/long_header","Output":"--- PASS: TestStrictLogAttachHandshakeCancellationAndBounds/long_header (0.00s)\n"}
{"Time":"2026-09-11T17:27:24.57426865-07:00","Action":"pass","Package":"github.com/JDinSeattle/forge-runtime/internal/sandbox","Test":"TestStrictLogAttachHandshakeCancellationAndBounds/long_header","Elapsed":0}
{"Time":"2026-09-11T17:27:24.574322831-07:00","Action":"output","Package":"github.com/JDinSeattle/forge-runtime/internal/sandbox","Test":"TestStrictLogAttachHandshakeCancellationAndBounds","Output":"--- PASS: TestStrictLogAttachHandshakeCancellationAndBounds (0.00s)\n"}
{"Time":"2026-09-11T17:27:24.574352081-07:00","Action":"pass","Package":"github.com/JDinSeattle/forge-runtime/internal/sandbox","Test":"TestStrictLogAttachHandshakeCancellationAndBounds","Elapsed":0}
{"Time":"2026-09-11T17:27:24.574357769-07:00","Action":"run","Package":"github.com/JDinSeattle/forge-runtime/internal/sandbox","Test":"TestOrdinaryDirectoryIsNotAQuota"}
{"Time":"2026-09-11T17:27:24.574361266-07:00","Action":"output","Package":"github.com/JDinSeattle/forge-runtime/internal/sandbox","Test":"TestOrdinaryDirectoryIsNotAQuota","Output":"=== RUN   TestOrdinaryDirectoryIsNotAQuota\n"}
{"Time":"2026-09-11T17:27:24.574664819-07:00","Action":"output","Package":"github.com/JDinSeattle/forge-runtime/internal/sandbox","Test":"TestOrdinaryDirectoryIsNotAQuota","Output":"--- PASS: TestOrdinaryDirectoryIsNotAQuota (0.00s)\n"}
{"Time":"2026-09-11T17:27:24.574674431-07:00","Action":"pass","Package":"github.com/JDinSeattle/forge-runtime/internal/sandbox","Test":"TestOrdinaryDirectoryIsNotAQuota","Elapsed":0}
{"Time":"2026-09-11T17:27:24.57469771-07:00","Action":"output","Package":"github.com/JDinSeattle/forge-runtime/internal/sandbox","Output":"PASS\n"}
{"Time":"2026-09-11T17:27:24.591508842-07:00","Action":"output","Package":"github.com/JDinSeattle/forge-runtime/tests/client","Test":"TestSchemaRejectsMalformedBudgetsAndUnknownRequestProperties","Output":"--- PASS: TestSchemaRejectsMalformedBudgetsAndUnknownRequestProperties (0.02s)\n"}
{"Time":"2026-09-11T17:27:24.591583247-07:00","Action":"pass","Package":"github.com/JDinSeattle/forge-runtime/tests/client","Test":"TestSchemaRejectsMalformedBudgetsAndUnknownRequestProperties","Elapsed":0.02}
{"Time":"2026-09-11T17:27:24.591595451-07:00","Action":"run","Package":"github.com/JDinSeattle/forge-runtime/tests/client","Test":"TestEveryHTTPRouteHasMatchingContractOperation"}
{"Time":"2026-09-11T17:27:24.591611476-07:00","Action":"output","Package":"github.com/JDinSeattle/forge-runtime/tests/client","Test":"TestEveryHTTPRouteHasMatchingContractOperation","Output":"=== RUN   TestEveryHTTPRouteHasMatchingContractOperation\n"}
{"Time":"2026-09-11T17:27:24.591693159-07:00","Action":"output","Package":"github.com/JDinSeattle/forge-runtime/internal/eventstream","Test":"TestResetDetachesHubBeforeNotification/source-reset","Output":"--- PASS: TestResetDetachesHubBeforeNotification/source-reset (0.03s)\n"}
{"Time":"2026-09-11T17:27:24.591716683-07:00","Action":"pass","Package":"github.com/JDinSeattle/forge-runtime/internal/eventstream","Test":"TestResetDetachesHubBeforeNotification/source-reset","Elapsed":0.03}
{"Time":"2026-09-11T17:27:24.59178991-07:00","Action":"output","Package":"github.com/JDinSeattle/forge-runtime/internal/eventstream","Test":"TestResetDetachesHubBeforeNotification","Output":"--- PASS: TestResetDetachesHubBeforeNotification (0.07s)\n"}
{"Time":"2026-09-11T17:27:24.591800718-07:00","Action":"pass","Package":"github.com/JDinSeattle/forge-runtime/internal/eventstream","Test":"TestResetDetachesHubBeforeNotification","Elapsed":0.07}
{"Time":"2026-09-11T17:27:24.591856801-07:00","Action":"output","Package":"github.com/JDinSeattle/forge-runtime/internal/eventstream","Output":"PASS\n"}
{"Time":"2026-09-11T17:27:24.607511866-07:00","Action":"output","Package":"github.com/JDinSeattle/forge-runtime/tests/client","Test":"TestEveryHTTPRouteHasMatchingContractOperation","Output":"--- PASS: TestEveryHTTPRouteHasMatchingContractOperation (0.02s)\n"}
{"Time":"2026-09-11T17:27:24.607557325-07:00","Action":"pass","Package":"github.com/JDinSeattle/forge-runtime/tests/client","Test":"TestEveryHTTPRouteHasMatchingContractOperation","Elapsed":0.02}
{"Time":"2026-09-11T17:27:24.607585361-07:00","Action":"run","Package":"github.com/JDinSeattle/forge-runtime/tests/client","Test":"TestActualUnauthenticatedFailureHasTypedErrorContract"}
{"Time":"2026-09-11T17:27:24.607588216-07:00","Action":"output","Package":"github.com/JDinSeattle/forge-runtime/tests/client","Test":"TestActualUnauthenticatedFailureHasTypedErrorContract","Output":"=== RUN   TestActualUnauthenticatedFailureHasTypedErrorContract\n"}
{"Time":"2026-09-11T17:27:24.618419691-07:00","Action":"output","Package":"github.com/JDinSeattle/forge-runtime/internal/runnerclient","Test":"TestUDSContractAndPermissions","Output":"--- PASS: TestUDSContractAndPermissions (0.08s)\n"}
{"Time":"2026-09-11T17:27:24.618454412-07:00","Action":"pass","Package":"github.com/JDinSeattle/forge-runtime/internal/runnerclient","Test":"TestUDSContractAndPermissions","Elapsed":0.08}
{"Time":"2026-09-11T17:27:24.618464431-07:00","Action":"run","Package":"github.com/JDinSeattle/forge-runtime/internal/runnerclient","Test":"TestStartTimeoutInspectsSameIDWithoutResubmission"}
{"Time":"2026-09-11T17:27:24.61846774-07:00","Action":"output","Package":"github.com/JDinSeattle/forge-runtime/internal/runnerclient","Test":"TestStartTimeoutInspectsSameIDWithoutResubmission","Output":"=== RUN   TestStartTimeoutInspectsSameIDWithoutResubmission\n"}
{"Time":"2026-09-11T17:27:24.618472544-07:00","Action":"run","Package":"github.com/JDinSeattle/forge-runtime/internal/runnerclient","Test":"TestStartTimeoutInspectsSameIDWithoutResubmission/accepted"}
{"Time":"2026-09-11T17:27:24.618475254-07:00","Action":"output","Package":"github.com/JDinSeattle/forge-runtime/internal/runnerclient","Test":"TestStartTimeoutInspectsSameIDWithoutResubmission/accepted","Output":"=== RUN   TestStartTimeoutInspectsSameIDWithoutResubmission/accepted\n"}
{"Time":"2026-09-11T17:27:24.620720985-07:00","Action":"output","Package":"github.com/JDinSeattle/forge-runtime/tests/client","Test":"TestActualUnauthenticatedFailureHasTypedErrorContract","Output":"--- PASS: TestActualUnauthenticatedFailureHasTypedErrorContract (0.01s)\n"}
{"Time":"2026-09-11T17:27:24.620756067-07:00","Action":"pass","Package":"github.com/JDinSeattle/forge-runtime/tests/client","Test":"TestActualUnauthenticatedFailureHasTypedErrorContract","Elapsed":0.01}
{"Time":"2026-09-11T17:27:24.620805936-07:00","Action":"output","Package":"github.com/JDinSeattle/forge-runtime/tests/client","Output":"PASS\n"}
{"Time":"2026-09-11T17:27:24.623966079-07:00","Action":"output","Package":"github.com/JDinSeattle/forge-runtime/cmd/forge","Test":"TestSubmitParentBindingIsIncludedInIdempotencyReceipt","Output":"--- PASS: TestSubmitParentBindingIsIncludedInIdempotencyReceipt (0.11s)\n"}
{"Time":"2026-09-11T17:27:24.623989171-07:00","Action":"pass","Package":"github.com/JDinSeattle/forge-runtime/cmd/forge","Test":"TestSubmitParentBindingIsIncludedInIdempotencyReceipt","Elapsed":0.11}
{"Time":"2026-09-11T17:27:24.623995821-07:00","Action":"run","Package":"github.com/JDinSeattle/forge-runtime/cmd/forge","Test":"FuzzEventCursorOnlyAcknowledgesPrintedContiguousFrames"}
{"Time":"2026-09-11T17:27:24.623997552-07:00","Action":"output","Package":"github.com/JDinSeattle/forge-runtime/cmd/forge","Test":"FuzzEventCursorOnlyAcknowledgesPrintedContiguousFrames","Output":"=== RUN   FuzzEventCursorOnlyAcknowledgesPrintedContiguousFrames\n"}
{"Time":"2026-09-11T17:27:24.624049646-07:00","Action":"run","Package":"github.com/JDinSeattle/forge-runtime/cmd/forge","Test":"FuzzEventCursorOnlyAcknowledgesPrintedContiguousFrames/seed#0"}
{"Time":"2026-09-11T17:27:24.624051309-07:00","Action":"output","Package":"github.com/JDinSeattle/forge-runtime/cmd/forge","Test":"FuzzEventCursorOnlyAcknowledgesPrintedContiguousFrames/seed#0","Output":"=== RUN   FuzzEventCursorOnlyAcknowledgesPrintedContiguousFrames/seed#0\n"}
{"Time":"2026-09-11T17:27:24.624170393-07:00","Action":"output","Package":"github.com/JDinSeattle/forge-runtime/cmd/forge","Test":"FuzzEventCursorOnlyAcknowledgesPrintedContiguousFrames/seed#0","Output":"--- PASS: FuzzEventCursorOnlyAcknowledgesPrintedContiguousFrames/seed#0 (0.00s)\n"}
{"Time":"2026-09-11T17:27:24.624179201-07:00","Action":"pass","Package":"github.com/JDinSeattle/forge-runtime/cmd/forge","Test":"FuzzEventCursorOnlyAcknowledgesPrintedContiguousFrames/seed#0","Elapsed":0}
{"Time":"2026-09-11T17:27:24.624190992-07:00","Action":"run","Package":"github.com/JDinSeattle/forge-runtime/cmd/forge","Test":"FuzzEventCursorOnlyAcknowledgesPrintedContiguousFrames/seed#1"}
{"Time":"2026-09-11T17:27:24.624194748-07:00","Action":"output","Package":"github.com/JDinSeattle/forge-runtime/cmd/forge","Test":"FuzzEventCursorOnlyAcknowledgesPrintedContiguousFrames/seed#1","Output":"=== RUN   FuzzEventCursorOnlyAcknowledgesPrintedContiguousFrames/seed#1\n"}
{"Time":"2026-09-11T17:27:24.624293783-07:00","Action":"output","Package":"github.com/JDinSeattle/forge-runtime/cmd/forge","Test":"FuzzEventCursorOnlyAcknowledgesPrintedContiguousFrames/seed#1","Output":"--- PASS: FuzzEventCursorOnlyAcknowledgesPrintedContiguousFrames/seed#1 (0.00s)\n"}
{"Time":"2026-09-11T17:27:24.62429772-07:00","Action":"pass","Package":"github.com/JDinSeattle/forge-runtime/cmd/forge","Test":"FuzzEventCursorOnlyAcknowledgesPrintedContiguousFrames/seed#1","Elapsed":0}
{"Time":"2026-09-11T17:27:24.624311269-07:00","Action":"run","Package":"github.com/JDinSeattle/forge-runtime/cmd/forge","Test":"FuzzEventCursorOnlyAcknowledgesPrintedContiguousFrames/seed#2"}
{"Time":"2026-09-11T17:27:24.624313499-07:00","Action":"output","Package":"github.com/JDinSeattle/forge-runtime/cmd/forge","Test":"FuzzEventCursorOnlyAcknowledgesPrintedContiguousFrames/seed#2","Output":"=== RUN   FuzzEventCursorOnlyAcknowledgesPrintedContiguousFrames/seed#2\n"}
{"Time":"2026-09-11T17:27:24.624336624-07:00","Action":"output","Package":"github.com/JDinSeattle/forge-runtime/cmd/forge","Test":"FuzzEventCursorOnlyAcknowledgesPrintedContiguousFrames/seed#2","Output":"--- PASS: FuzzEventCursorOnlyAcknowledgesPrintedContiguousFrames/seed#2 (0.00s)\n"}
{"Time":"2026-09-11T17:27:24.624342321-07:00","Action":"pass","Package":"github.com/JDinSeattle/forge-runtime/cmd/forge","Test":"FuzzEventCursorOnlyAcknowledgesPrintedContiguousFrames/seed#2","Elapsed":0}
{"Time":"2026-09-11T17:27:24.624355023-07:00","Action":"run","Package":"github.com/JDinSeattle/forge-runtime/cmd/forge","Test":"FuzzEventCursorOnlyAcknowledgesPrintedContiguousFrames/seed#3"}
{"Time":"2026-09-11T17:27:24.624358999-07:00","Action":"output","Package":"github.com/JDinSeattle/forge-runtime/cmd/forge","Test":"FuzzEventCursorOnlyAcknowledgesPrintedContiguousFrames/seed#3","Output":"=== RUN   FuzzEventCursorOnlyAcknowledgesPrintedContiguousFrames/seed#3\n"}
{"Time":"2026-09-11T17:27:24.624374351-07:00","Action":"output","Package":"github.com/JDinSeattle/forge-runtime/cmd/forge","Test":"FuzzEventCursorOnlyAcknowledgesPrintedContiguousFrames/seed#3","Output":"--- PASS: FuzzEventCursorOnlyAcknowledgesPrintedContiguousFrames/seed#3 (0.00s)\n"}
{"Time":"2026-09-11T17:27:24.624378016-07:00","Action":"pass","Package":"github.com/JDinSeattle/forge-runtime/cmd/forge","Test":"FuzzEventCursorOnlyAcknowledgesPrintedContiguousFrames/seed#3","Elapsed":0}
{"Time":"2026-09-11T17:27:24.624393735-07:00","Action":"run","Package":"github.com/JDinSeattle/forge-runtime/cmd/forge","Test":"FuzzEventCursorOnlyAcknowledgesPrintedContiguousFrames/seed#4"}
{"Time":"2026-09-11T17:27:24.624396384-07:00","Action":"output","Package":"github.com/JDinSeattle/forge-runtime/cmd/forge","Test":"FuzzEventCursorOnlyAcknowledgesPrintedContiguousFrames/seed#4","Output":"=== RUN   FuzzEventCursorOnlyAcknowledgesPrintedContiguousFrames/seed#4\n"}
{"Time":"2026-09-11T17:27:24.624430764-07:00","Action":"output","Package":"github.com/JDinSeattle/forge-runtime/cmd/forge","Test":"FuzzEventCursorOnlyAcknowledgesPrintedContiguousFrames/seed#4","Output":"--- PASS: FuzzEventCursorOnlyAcknowledgesPrintedContiguousFrames/seed#4 (0.00s)\n"}
{"Time":"2026-09-11T17:27:24.624434763-07:00","Action":"pass","Package":"github.com/JDinSeattle/forge-runtime/cmd/forge","Test":"FuzzEventCursorOnlyAcknowledgesPrintedContiguousFrames/seed#4","Elapsed":0}
{"Time":"2026-09-11T17:27:24.62444577-07:00","Action":"run","Package":"github.com/JDinSeattle/forge-runtime/cmd/forge","Test":"FuzzEventCursorOnlyAcknowledgesPrintedContiguousFrames/seed#5"}
{"Time":"2026-09-11T17:27:24.624448758-07:00","Action":"output","Package":"github.com/JDinSeattle/forge-runtime/cmd/forge","Test":"FuzzEventCursorOnlyAcknowledgesPrintedContiguousFrames/seed#5","Output":"=== RUN   FuzzEventCursorOnlyAcknowledgesPrintedContiguousFrames/seed#5\n"}
{"Time":"2026-09-11T17:27:24.624480271-07:00","Action":"output","Package":"github.com/JDinSeattle/forge-runtime/cmd/forge","Test":"FuzzEventCursorOnlyAcknowledgesPrintedContiguousFrames/seed#5","Output":"--- PASS: FuzzEventCursorOnlyAcknowledgesPrintedContiguousFrames/seed#5 (0.00s)\n"}
{"Time":"2026-09-11T17:27:24.624494087-07:00","Action":"pass","Package":"github.com/JDinSeattle/forge-runtime/cmd/forge","Test":"FuzzEventCursorOnlyAcknowledgesPrintedContiguousFrames/seed#5","Elapsed":0}
{"Time":"2026-09-11T17:27:24.624496987-07:00","Action":"run","Package":"github.com/JDinSeattle/forge-runtime/cmd/forge","Test":"FuzzEventCursorOnlyAcknowledgesPrintedContiguousFrames/seed#6"}
{"Time":"2026-09-11T17:27:24.62449939-07:00","Action":"output","Package":"github.com/JDinSeattle/forge-runtime/cmd/forge","Test":"FuzzEventCursorOnlyAcknowledgesPrintedContiguousFrames/seed#6","Output":"=== RUN   FuzzEventCursorOnlyAcknowledgesPrintedContiguousFrames/seed#6\n"}
{"Time":"2026-09-11T17:27:24.624528019-07:00","Action":"output","Package":"github.com/JDinSeattle/forge-runtime/cmd/forge","Test":"FuzzEventCursorOnlyAcknowledgesPrintedContiguousFrames/seed#6","Output":"--- PASS: FuzzEventCursorOnlyAcknowledgesPrintedContiguousFrames/seed#6 (0.00s)\n"}
{"Time":"2026-09-11T17:27:24.624538706-07:00","Action":"pass","Package":"github.com/JDinSeattle/forge-runtime/cmd/forge","Test":"FuzzEventCursorOnlyAcknowledgesPrintedContiguousFrames/seed#6","Elapsed":0}
{"Time":"2026-09-11T17:27:24.624541051-07:00","Action":"run","Package":"github.com/JDinSeattle/forge-runtime/cmd/forge","Test":"FuzzEventCursorOnlyAcknowledgesPrintedContiguousFrames/seed#7"}
{"Time":"2026-09-11T17:27:24.624542418-07:00","Action":"output","Package":"github.com/JDinSeattle/forge-runtime/cmd/forge","Test":"FuzzEventCursorOnlyAcknowledgesPrintedContiguousFrames/seed#7","Output":"=== RUN   FuzzEventCursorOnlyAcknowledgesPrintedContiguousFrames/seed#7\n"}
{"Time":"2026-09-11T17:27:24.624561912-07:00","Action":"output","Package":"github.com/JDinSeattle/forge-runtime/cmd/forge","Test":"FuzzEventCursorOnlyAcknowledgesPrintedContiguousFrames/seed#7","Output":"--- PASS: FuzzEventCursorOnlyAcknowledgesPrintedContiguousFrames/seed#7 (0.00s)\n"}
{"Time":"2026-09-11T17:27:24.624564445-07:00","Action":"pass","Package":"github.com/JDinSeattle/forge-runtime/cmd/forge","Test":"FuzzEventCursorOnlyAcknowledgesPrintedContiguousFrames/seed#7","Elapsed":0}
{"Time":"2026-09-11T17:27:24.62458629-07:00","Action":"output","Package":"github.com/JDinSeattle/forge-runtime/cmd/forge","Test":"FuzzEventCursorOnlyAcknowledgesPrintedContiguousFrames","Output":"--- PASS: FuzzEventCursorOnlyAcknowledgesPrintedContiguousFrames (0.00s)\n"}
{"Time":"2026-09-11T17:27:24.62458902-07:00","Action":"pass","Package":"github.com/JDinSeattle/forge-runtime/cmd/forge","Test":"FuzzEventCursorOnlyAcknowledgesPrintedContiguousFrames","Elapsed":0}
{"Time":"2026-09-11T17:27:24.624594664-07:00","Action":"output","Package":"github.com/JDinSeattle/forge-runtime/cmd/forge","Output":"PASS\n"}
{"Time":"2026-09-11T17:27:24.62761664-07:00","Action":"output","Package":"github.com/JDinSeattle/forge-runtime/internal/dependency","Test":"TestTransactionOperationPreservesDeadlineCause","Output":"--- PASS: TestTransactionOperationPreservesDeadlineCause (0.11s)\n"}
{"Time":"2026-09-11T17:27:24.627644581-07:00","Action":"pass","Package":"github.com/JDinSeattle/forge-runtime/internal/dependency","Test":"TestTransactionOperationPreservesDeadlineCause","Elapsed":0.11}
{"Time":"2026-09-11T17:27:24.627650438-07:00","Action":"run","Package":"github.com/JDinSeattle/forge-runtime/internal/dependency","Test":"TestTransactionOperationPropagatesExplicitCancellation"}
{"Time":"2026-09-11T17:27:24.627653756-07:00","Action":"output","Package":"github.com/JDinSeattle/forge-runtime/internal/dependency","Test":"TestTransactionOperationPropagatesExplicitCancellation","Output":"=== RUN   TestTransactionOperationPropagatesExplicitCancellation\n"}
{"Time":"2026-09-11T17:27:24.62780166-07:00","Action":"output","Package":"github.com/JDinSeattle/forge-runtime/internal/dependency","Test":"TestTransactionOperationPropagatesExplicitCancellation","Output":"--- PASS: TestTransactionOperationPropagatesExplicitCancellation (0.00s)\n"}
{"Time":"2026-09-11T17:27:24.627816806-07:00","Action":"pass","Package":"github.com/JDinSeattle/forge-runtime/internal/dependency","Test":"TestTransactionOperationPropagatesExplicitCancellation","Elapsed":0}
{"Time":"2026-09-11T17:27:24.62783278-07:00","Action":"output","Package":"github.com/JDinSeattle/forge-runtime/internal/dependency","Output":"PASS\n"}
{"Time":"2026-09-11T17:27:24.651328676-07:00","Action":"output","Package":"github.com/JDinSeattle/forge-runtime/internal/artifact","Test":"TestPutDeadlineUnblocksClosableInputAndReleasesPublication","Output":"--- PASS: TestPutDeadlineUnblocksClosableInputAndReleasesPublication (0.13s)\n"}
{"Time":"2026-09-11T17:27:24.651350643-07:00","Action":"pass","Package":"github.com/JDinSeattle/forge-runtime/internal/artifact","Test":"TestPutDeadlineUnblocksClosableInputAndReleasesPublication","Elapsed":0.13}
{"Time":"2026-09-11T17:27:24.651357021-07:00","Action":"run","Package":"github.com/JDinSeattle/forge-runtime/internal/artifact","Test":"TestArtifactReaderCancellationClosesOnceAndUnblocksRead"}
{"Time":"2026-09-11T17:27:24.651367609-07:00","Action":"output","Package":"github.com/JDinSeattle/forge-runtime/internal/artifact","Test":"TestArtifactReaderCancellationClosesOnceAndUnblocksRead","Output":"=== RUN   TestArtifactReaderCancellationClosesOnceAndUnblocksRead\n"}
{"Time":"2026-09-11T17:27:24.671344238-07:00","Action":"output","Package":"github.com/JDinSeattle/forge-runtime/internal/runnerclient","Test":"TestStartTimeoutInspectsSameIDWithoutResubmission/accepted","Output":"--- PASS: TestStartTimeoutInspectsSameIDWithoutResubmission/accepted (0.05s)\n"}
{"Time":"2026-09-11T17:27:24.671377659-07:00","Action":"pass","Package":"github.com/JDinSeattle/forge-runtime/internal/runnerclient","Test":"TestStartTimeoutInspectsSameIDWithoutResubmission/accepted","Elapsed":0.05}
{"Time":"2026-09-11T17:27:24.671385368-07:00","Action":"run","Package":"github.com/JDinSeattle/forge-runtime/internal/runnerclient","Test":"TestStartTimeoutInspectsSameIDWithoutResubmission/unknown"}
{"Time":"2026-09-11T17:27:24.67141077-07:00","Action":"output","Package":"github.com/JDinSeattle/forge-runtime/internal/runnerclient","Test":"TestStartTimeoutInspectsSameIDWithoutResubmission/unknown","Output":"=== RUN   TestStartTimeoutInspectsSameIDWithoutResubmission/unknown\n"}
{"Time":"2026-09-11T17:27:24.681763382-07:00","Action":"output","Package":"github.com/JDinSeattle/forge-runtime/internal/artifact","Test":"TestArtifactReaderCancellationClosesOnceAndUnblocksRead","Output":"--- PASS: TestArtifactReaderCancellationClosesOnceAndUnblocksRead (0.03s)\n"}
{"Time":"2026-09-11T17:27:24.681785683-07:00","Action":"pass","Package":"github.com/JDinSeattle/forge-runtime/internal/artifact","Test":"TestArtifactReaderCancellationClosesOnceAndUnblocksRead","Elapsed":0.03}
{"Time":"2026-09-11T17:27:24.681791886-07:00","Action":"run","Package":"github.com/JDinSeattle/forge-runtime/internal/artifact","Test":"TestLocalOpenBudgetLivesUntilReaderClose"}
{"Time":"2026-09-11T17:27:24.681793892-07:00","Action":"output","Package":"github.com/JDinSeattle/forge-runtime/internal/artifact","Test":"TestLocalOpenBudgetLivesUntilReaderClose","Output":"=== RUN   TestLocalOpenBudgetLivesUntilReaderClose\n"}
{"Time":"2026-09-11T17:27:24.716846284-07:00","Action":"output","Package":"github.com/JDinSeattle/forge-runtime/internal/retention","Test":"TestJournalReferenceReaderProtectsOldReceiptsAndNewPinsFailsClosed","Output":"--- PASS: TestJournalReferenceReaderProtectsOldReceiptsAndNewPinsFailsClosed (0.19s)\n"}
{"Time":"2026-09-11T17:27:24.716870218-07:00","Action":"pass","Package":"github.com/JDinSeattle/forge-runtime/internal/retention","Test":"TestJournalReferenceReaderProtectsOldReceiptsAndNewPinsFailsClosed","Elapsed":0.19}
{"Time":"2026-09-11T17:27:24.716874953-07:00","Action":"run","Package":"github.com/JDinSeattle/forge-runtime/internal/retention","Test":"TestCrossStoreOrphanCollectionPublicationRaces"}
{"Time":"2026-09-11T17:27:24.716876554-07:00","Action":"output","Package":"github.com/JDinSeattle/forge-runtime/internal/retention","Test":"TestCrossStoreOrphanCollectionPublicationRaces","Output":"=== RUN   TestCrossStoreOrphanCollectionPublicationRaces\n"}
{"Time":"2026-09-11T17:27:24.724086402-07:00","Action":"output","Package":"github.com/JDinSeattle/forge-runtime/internal/runnerclient","Test":"TestStartTimeoutInspectsSameIDWithoutResubmission/unknown","Output":"--- PASS: TestStartTimeoutInspectsSameIDWithoutResubmission/unknown (0.05s)\n"}
{"Time":"2026-09-11T17:27:24.724106122-07:00","Action":"pass","Package":"github.com/JDinSeattle/forge-runtime/internal/runnerclient","Test":"TestStartTimeoutInspectsSameIDWithoutResubmission/unknown","Elapsed":0.05}
{"Time":"2026-09-11T17:27:24.724111053-07:00","Action":"output","Package":"github.com/JDinSeattle/forge-runtime/internal/runnerclient","Test":"TestStartTimeoutInspectsSameIDWithoutResubmission","Output":"--- PASS: TestStartTimeoutInspectsSameIDWithoutResubmission (0.11s)\n"}
{"Time":"2026-09-11T17:27:24.724113141-07:00","Action":"pass","Package":"github.com/JDinSeattle/forge-runtime/internal/runnerclient","Test":"TestStartTimeoutInspectsSameIDWithoutResubmission","Elapsed":0.11}
{"Time":"2026-09-11T17:27:24.724115989-07:00","Action":"run","Package":"github.com/JDinSeattle/forge-runtime/internal/runnerclient","Test":"TestRemoteRequiresVerifiedMutualIdentity"}
{"Time":"2026-09-11T17:27:24.72411751-07:00","Action":"output","Package":"github.com/JDinSeattle/forge-runtime/internal/runnerclient","Test":"TestRemoteRequiresVerifiedMutualIdentity","Output":"=== RUN   TestRemoteRequiresVerifiedMutualIdentity\n"}
{"Time":"2026-09-11T17:27:24.852326062-07:00","Action":"output","Package":"github.com/JDinSeattle/forge-runtime/internal/artifact","Test":"TestLocalOpenBudgetLivesUntilReaderClose","Output":"--- PASS: TestLocalOpenBudgetLivesUntilReaderClose (0.17s)\n"}
{"Time":"2026-09-11T17:27:24.852346463-07:00","Action":"pass","Package":"github.com/JDinSeattle/forge-runtime/internal/artifact","Test":"TestLocalOpenBudgetLivesUntilReaderClose","Elapsed":0.17}
{"Time":"2026-09-11T17:27:24.852351124-07:00","Action":"run","Package":"github.com/JDinSeattle/forge-runtime/internal/artifact","Test":"TestJournalRegistrationIsAtomicAndRefusesOmittedAuthorities"}
{"Time":"2026-09-11T17:27:24.852352824-07:00","Action":"output","Package":"github.com/JDinSeattle/forge-runtime/internal/artifact","Test":"TestJournalRegistrationIsAtomicAndRefusesOmittedAuthorities","Output":"=== RUN   TestJournalRegistrationIsAtomicAndRefusesOmittedAuthorities\n"}
{"Time":"2026-09-11T17:27:24.926519296-07:00","Action":"output","Package":"github.com/JDinSeattle/forge-runtime/internal/quota","Test":"TestSharedBudgetsAcrossTenantsAndIndependentPools","Output":"--- PASS: TestSharedBudgetsAcrossTenantsAndIndependentPools (0.41s)\n"}
{"Time":"2026-09-11T17:27:24.926544933-07:00","Action":"pass","Package":"github.com/JDinSeattle/forge-runtime/internal/quota","Test":"TestSharedBudgetsAcrossTenantsAndIndependentPools","Elapsed":0.41}
{"Time":"2026-09-11T17:27:24.926549403-07:00","Action":"run","Package":"github.com/JDinSeattle/forge-runtime/internal/quota","Test":"TestGlobalAdmissionAndIdempotencyAcrossStoreInstances"}
{"Time":"2026-09-11T17:27:24.926551128-07:00","Action":"output","Package":"github.com/JDinSeattle/forge-runtime/internal/quota","Test":"TestGlobalAdmissionAndIdempotencyAcrossStoreInstances","Output":"=== RUN   TestGlobalAdmissionAndIdempotencyAcrossStoreInstances\n"}
{"Time":"2026-09-11T17:27:24.973522671-07:00","Action":"output","Package":"github.com/JDinSeattle/forge-runtime/tests/review","Test":"TestReviewFixedRunnerClaimAndTakeoverRemainOnAssignedTransport","Output":"--- PASS: TestReviewFixedRunnerClaimAndTakeoverRemainOnAssignedTransport (0.43s)\n"}
{"Time":"2026-09-11T17:27:24.973560232-07:00","Action":"pass","Package":"github.com/JDinSeattle/forge-runtime/tests/review","Test":"TestReviewFixedRunnerClaimAndTakeoverRemainOnAssignedTransport","Elapsed":0.43}
{"Time":"2026-09-11T17:27:24.973568788-07:00","Action":"run","Package":"github.com/JDinSeattle/forge-runtime/tests/review","Test":"TestReviewFailedVerifierDiagnosticsEnableNextRepair"}
{"Time":"2026-09-11T17:27:24.973584033-07:00","Action":"output","Package":"github.com/JDinSeattle/forge-runtime/tests/review","Test":"TestReviewFailedVerifierDiagnosticsEnableNextRepair","Output":"=== RUN   TestReviewFailedVerifierDiagnosticsEnableNextRepair\n"}
{"Time":"2026-09-11T17:27:24.973632401-07:00","Action":"run","Package":"github.com/JDinSeattle/forge-runtime/tests/review","Test":"TestReviewFailedVerifierDiagnosticsEnableNextRepair/native_false"}
{"Time":"2026-09-11T17:27:24.97365551-07:00","Action":"output","Package":"github.com/JDinSeattle/forge-runtime/tests/review","Test":"TestReviewFailedVerifierDiagnosticsEnableNextRepair/native_false","Output":"=== RUN   TestReviewFailedVerifierDiagnosticsEnableNextRepair/native_false\n"}
{"Time":"2026-09-11T17:27:25.000818226-07:00","Action":"output","Package":"github.com/JDinSeattle/forge-runtime/internal/artifact","Test":"TestJournalRegistrationIsAtomicAndRefusesOmittedAuthorities","Output":"--- PASS: TestJournalRegistrationIsAtomicAndRefusesOmittedAuthorities (0.15s)\n"}
{"Time":"2026-09-11T17:27:25.000851441-07:00","Action":"pass","Package":"github.com/JDinSeattle/forge-runtime/internal/artifact","Test":"TestJournalRegistrationIsAtomicAndRefusesOmittedAuthorities","Elapsed":0.15}
{"Time":"2026-09-11T17:27:25.000868233-07:00","Action":"run","Package":"github.com/JDinSeattle/forge-runtime/internal/artifact","Test":"TestImmutableConcurrentPutOwnershipAndCorruption"}
{"Time":"2026-09-11T17:27:25.000872572-07:00","Action":"output","Package":"github.com/JDinSeattle/forge-runtime/internal/artifact","Test":"TestImmutableConcurrentPutOwnershipAndCorruption","Output":"=== RUN   TestImmutableConcurrentPutOwnershipAndCorruption\n"}
{"Time":"2026-09-11T17:27:25.026845043-07:00","Action":"output","Package":"github.com/JDinSeattle/forge-runtime/internal/runtime","Test":"TestProgressHistoryIsBoundedAndEvictionIsConservative","Output":"--- PASS: TestProgressHistoryIsBoundedAndEvictionIsConservative (0.50s)\n"}
{"Time":"2026-09-11T17:27:25.026882224-07:00","Action":"pass","Package":"github.com/JDinSeattle/forge-runtime/internal/runtime","Test":"TestProgressHistoryIsBoundedAndEvictionIsConservative","Elapsed":0.5}
{"Time":"2026-09-11T17:27:25.026890343-07:00","Action":"run","Package":"github.com/JDinSeattle/forge-runtime/internal/runtime","Test":"TestPartialModelNeverDispatchesTools"}
{"Time":"2026-09-11T17:27:25.026893835-07:00","Action":"output","Package":"github.com/JDinSeattle/forge-runtime/internal/runtime","Test":"TestPartialModelNeverDispatchesTools","Output":"=== RUN   TestPartialModelNeverDispatchesTools\n"}
{"Time":"2026-09-11T17:27:25.027201587-07:00","Action":"output","Package":"github.com/JDinSeattle/forge-runtime/internal/runtime","Test":"TestPartialModelNeverDispatchesTools","Output":"--- PASS: TestPartialModelNeverDispatchesTools (0.00s)\n"}
{"Time":"2026-09-11T17:27:25.027209964-07:00","Action":"pass","Package":"github.com/JDinSeattle/forge-runtime/internal/runtime","Test":"TestPartialModelNeverDispatchesTools","Elapsed":0}
{"Time":"2026-09-11T17:27:25.027227521-07:00","Action":"run","Package":"github.com/JDinSeattle/forge-runtime/internal/runtime","Test":"TestOnlyCurrentUnexpiredLeaseMayAdvance"}
{"Time":"2026-09-11T17:27:25.027231969-07:00","Action":"output","Package":"github.com/JDinSeattle/forge-runtime/internal/runtime","Test":"TestOnlyCurrentUnexpiredLeaseMayAdvance","Output":"=== RUN   TestOnlyCurrentUnexpiredLeaseMayAdvance\n"}
{"Time":"2026-09-11T17:27:25.027736346-07:00","Action":"output","Package":"github.com/JDinSeattle/forge-runtime/internal/runtime","Test":"TestOnlyCurrentUnexpiredLeaseMayAdvance","Output":"--- PASS: TestOnlyCurrentUnexpiredLeaseMayAdvance (0.00s)\n"}
{"Time":"2026-09-11T17:27:25.027746631-07:00","Action":"pass","Package":"github.com/JDinSeattle/forge-runtime/internal/runtime","Test":"TestOnlyCurrentUnexpiredLeaseMayAdvance","Elapsed":0}
{"Time":"2026-09-11T17:27:25.027760799-07:00","Action":"run","Package":"github.com/JDinSeattle/forge-runtime/internal/runtime","Test":"TestToolArgumentIntegrityAndBatchUniqueness"}
{"Time":"2026-09-11T17:27:25.027765855-07:00","Action":"output","Package":"github.com/JDinSeattle/forge-runtime/internal/runtime","Test":"TestToolArgumentIntegrityAndBatchUniqueness","Output":"=== RUN   TestToolArgumentIntegrityAndBatchUniqueness\n"}
{"Time":"2026-09-11T17:27:25.027839914-07:00","Action":"run","Package":"github.com/JDinSeattle/forge-runtime/internal/runtime","Test":"TestToolArgumentIntegrityAndBatchUniqueness/hash_tampering"}
{"Time":"2026-09-11T17:27:25.027844761-07:00","Action":"output","Package":"github.com/JDinSeattle/forge-runtime/internal/runtime","Test":"TestToolArgumentIntegrityAndBatchUniqueness/hash_tampering","Output":"=== RUN   TestToolArgumentIntegrityAndBatchUniqueness/hash_tampering\n"}
{"Time":"2026-09-11T17:27:25.028038973-07:00","Action":"output","Package":"github.com/JDinSeattle/forge-runtime/internal/runtime","Test":"TestToolArgumentIntegrityAndBatchUniqueness/hash_tampering","Output":"--- PASS: TestToolArgumentIntegrityAndBatchUniqueness/hash_tampering (0.00s)\n"}
{"Time":"2026-09-11T17:27:25.028054453-07:00","Action":"pass","Package":"github.com/JDinSeattle/forge-runtime/internal/runtime","Test":"TestToolArgumentIntegrityAndBatchUniqueness/hash_tampering","Elapsed":0}
{"Time":"2026-09-11T17:27:25.028071479-07:00","Action":"run","Package":"github.com/JDinSeattle/forge-runtime/internal/runtime","Test":"TestToolArgumentIntegrityAndBatchUniqueness/duplicate_operation"}
{"Time":"2026-09-11T17:27:25.028077353-07:00","Action":"output","Package":"github.com/JDinSeattle/forge-runtime/internal/runtime","Test":"TestToolArgumentIntegrityAndBatchUniqueness/duplicate_operation","Output":"=== RUN   TestToolArgumentIntegrityAndBatchUniqueness/duplicate_operation\n"}
{"Time":"2026-09-11T17:27:25.028270245-07:00","Action":"output","Package":"github.com/JDinSeattle/forge-runtime/internal/runtime","Test":"TestToolArgumentIntegrityAndBatchUniqueness/duplicate_operation","Output":"--- PASS: TestToolArgumentIntegrityAndBatchUniqueness/duplicate_operation (0.00s)\n"}
{"Time":"2026-09-11T17:27:25.028278468-07:00","Action":"pass","Package":"github.com/JDinSeattle/forge-runtime/internal/runtime","Test":"TestToolArgumentIntegrityAndBatchUniqueness/duplicate_operation","Elapsed":0}
{"Time":"2026-09-11T17:27:25.028452828-07:00","Action":"output","Package":"github.com/JDinSeattle/forge-runtime/internal/runtime","Test":"TestToolArgumentIntegrityAndBatchUniqueness","Output":"--- PASS: TestToolArgumentIntegrityAndBatchUniqueness (0.00s)\n"}
{"Time":"2026-09-11T17:27:25.028482971-07:00","Action":"pass","Package":"github.com/JDinSeattle/forge-runtime/internal/runtime","Test":"TestToolArgumentIntegrityAndBatchUniqueness","Elapsed":0}
{"Time":"2026-09-11T17:27:25.02849878-07:00","Action":"run","Package":"github.com/JDinSeattle/forge-runtime/internal/runtime","Test":"TestSequentialBatchUsesReceiptRevisionAndStopsOnFailure"}
{"Time":"2026-09-11T17:27:25.028502479-07:00","Action":"output","Package":"github.com/JDinSeattle/forge-runtime/internal/runtime","Test":"TestSequentialBatchUsesReceiptRevisionAndStopsOnFailure","Output":"=== RUN   TestSequentialBatchUsesReceiptRevisionAndStopsOnFailure\n"}
{"Time":"2026-09-11T17:27:25.028751523-07:00","Action":"output","Package":"github.com/JDinSeattle/forge-runtime/internal/runtime","Test":"TestSequentialBatchUsesReceiptRevisionAndStopsOnFailure","Output":"--- PASS: TestSequentialBatchUsesReceiptRevisionAndStopsOnFailure (0.00s)\n"}
{"Time":"2026-09-11T17:27:25.028770641-07:00","Action":"pass","Package":"github.com/JDinSeattle/forge-runtime/internal/runtime","Test":"TestSequentialBatchUsesReceiptRevisionAndStopsOnFailure","Elapsed":0}
{"Time":"2026-09-11T17:27:25.028776147-07:00","Action":"run","Package":"github.com/JDinSeattle/forge-runtime/internal/runtime","Test":"TestUnknownEffectRecoveryNeverReplaysOperation"}
{"Time":"2026-09-11T17:27:25.028780361-07:00","Action":"output","Package":"github.com/JDinSeattle/forge-runtime/internal/runtime","Test":"TestUnknownEffectRecoveryNeverReplaysOperation","Output":"=== RUN   TestUnknownEffectRecoveryNeverReplaysOperation\n"}
{"Time":"2026-09-11T17:27:25.02931519-07:00","Action":"output","Package":"github.com/JDinSeattle/forge-runtime/internal/runtime","Test":"TestUnknownEffectRecoveryNeverReplaysOperation","Output":"--- PASS: TestUnknownEffectRecoveryNeverReplaysOperation (0.00s)\n"}
{"Time":"2026-09-11T17:27:25.029333011-07:00","Action":"pass","Package":"github.com/JDinSeattle/forge-runtime/internal/runtime","Test":"TestUnknownEffectRecoveryNeverReplaysOperation","Elapsed":0}
{"Time":"2026-09-11T17:27:25.029338665-07:00","Action":"run","Package":"github.com/JDinSeattle/forge-runtime/internal/runtime","Test":"TestAdoptionRequiresOldWriterStopEvidence"}
{"Time":"2026-09-11T17:27:25.029341738-07:00","Action":"output","Package":"github.com/JDinSeattle/forge-runtime/internal/runtime","Test":"TestAdoptionRequiresOldWriterStopEvidence","Output":"=== RUN   TestAdoptionRequiresOldWriterStopEvidence\n"}
{"Time":"2026-09-11T17:27:25.029689827-07:00","Action":"output","Package":"github.com/JDinSeattle/forge-runtime/internal/runtime","Test":"TestAdoptionRequiresOldWriterStopEvidence","Output":"--- PASS: TestAdoptionRequiresOldWriterStopEvidence (0.00s)\n"}
{"Time":"2026-09-11T17:27:25.029700484-07:00","Action":"pass","Package":"github.com/JDinSeattle/forge-runtime/internal/runtime","Test":"TestAdoptionRequiresOldWriterStopEvidence","Elapsed":0}
{"Time":"2026-09-11T17:27:25.02970491-07:00","Action":"run","Package":"github.com/JDinSeattle/forge-runtime/internal/runtime","Test":"TestCancellationRequiresSettledReceiptAndNeverLosesToCompletion"}
{"Time":"2026-09-11T17:27:25.029707991-07:00","Action":"output","Package":"github.com/JDinSeattle/forge-runtime/internal/runtime","Test":"TestCancellationRequiresSettledReceiptAndNeverLosesToCompletion","Output":"=== RUN   TestCancellationRequiresSettledReceiptAndNeverLosesToCompletion\n"}
{"Time":"2026-09-11T17:27:25.030612199-07:00","Action":"output","Package":"github.com/JDinSeattle/forge-runtime/internal/runtime","Test":"TestCancellationRequiresSettledReceiptAndNeverLosesToCompletion","Output":"--- PASS: TestCancellationRequiresSettledReceiptAndNeverLosesToCompletion (0.00s)\n"}
{"Time":"2026-09-11T17:27:25.030632916-07:00","Action":"pass","Package":"github.com/JDinSeattle/forge-runtime/internal/runtime","Test":"TestCancellationRequiresSettledReceiptAndNeverLosesToCompletion","Elapsed":0}
{"Time":"2026-09-11T17:27:25.030638847-07:00","Action":"run","Package":"github.com/JDinSeattle/forge-runtime/internal/runtime","Test":"TestCancelBeforeClaimStillRequiresExplicitAcknowledgment"}
{"Time":"2026-09-11T17:27:25.030642045-07:00","Action":"output","Package":"github.com/JDinSeattle/forge-runtime/internal/runtime","Test":"TestCancelBeforeClaimStillRequiresExplicitAcknowledgment","Output":"=== RUN   TestCancelBeforeClaimStillRequiresExplicitAcknowledgment\n"}
{"Time":"2026-09-11T17:27:25.030661829-07:00","Action":"output","Package":"github.com/JDinSeattle/forge-runtime/internal/runtime","Test":"TestCancelBeforeClaimStillRequiresExplicitAcknowledgment","Output":"--- PASS: TestCancelBeforeClaimStillRequiresExplicitAcknowledgment (0.00s)\n"}
{"Time":"2026-09-11T17:27:25.030668205-07:00","Action":"pass","Package":"github.com/JDinSeattle/forge-runtime/internal/runtime","Test":"TestCancelBeforeClaimStillRequiresExplicitAcknowledgment","Elapsed":0}
{"Time":"2026-09-11T17:27:25.03067257-07:00","Action":"run","Package":"github.com/JDinSeattle/forge-runtime/internal/runtime","Test":"TestApprovalBoundToAllOperationInputs"}
{"Time":"2026-09-11T17:27:25.030675611-07:00","Action":"output","Package":"github.com/JDinSeattle/forge-runtime/internal/runtime","Test":"TestApprovalBoundToAllOperationInputs","Output":"=== RUN   TestApprovalBoundToAllOperationInputs\n"}
{"Time":"2026-09-11T17:27:25.030750122-07:00","Action":"run","Package":"github.com/JDinSeattle/forge-runtime/internal/runtime","Test":"TestApprovalBoundToAllOperationInputs/operation"}
{"Time":"2026-09-11T17:27:25.030755485-07:00","Action":"output","Package":"github.com/JDinSeattle/forge-runtime/internal/runtime","Test":"TestApprovalBoundToAllOperationInputs/operation","Output":"=== RUN   TestApprovalBoundToAllOperationInputs/operation\n"}
{"Time":"2026-09-11T17:27:25.03089546-07:00","Action":"output","Package":"github.com/JDinSeattle/forge-runtime/internal/runtime","Test":"TestApprovalBoundToAllOperationInputs/operation","Output":"--- PASS: TestApprovalBoundToAllOperationInputs/operation (0.00s)\n"}
{"Time":"2026-09-11T17:27:25.030905082-07:00","Action":"pass","Package":"github.com/JDinSeattle/forge-runtime/internal/runtime","Test":"TestApprovalBoundToAllOperationInputs/operation","Elapsed":0}
{"Time":"2026-09-11T17:27:25.030908609-07:00","Action":"run","Package":"github.com/JDinSeattle/forge-runtime/internal/runtime","Test":"TestApprovalBoundToAllOperationInputs/arguments"}
{"Time":"2026-09-11T17:27:25.030911456-07:00","Action":"output","Package":"github.com/JDinSeattle/forge-runtime/internal/runtime","Test":"TestApprovalBoundToAllOperationInputs/arguments","Output":"=== RUN   TestApprovalBoundToAllOperationInputs/arguments\n"}
{"Time":"2026-09-11T17:27:25.031049782-07:00","Action":"output","Package":"github.com/JDinSeattle/forge-runtime/internal/runtime","Test":"TestApprovalBoundToAllOperationInputs/arguments","Output":"--- PASS: TestApprovalBoundToAllOperationInputs/arguments (0.00s)\n"}
{"Time":"2026-09-11T17:27:25.03105862-07:00","Action":"pass","Package":"github.com/JDinSeattle/forge-runtime/internal/runtime","Test":"TestApprovalBoundToAllOperationInputs/arguments","Elapsed":0}
{"Time":"2026-09-11T17:27:25.031062616-07:00","Action":"run","Package":"github.com/JDinSeattle/forge-runtime/internal/runtime","Test":"TestApprovalBoundToAllOperationInputs/revision"}
{"Time":"2026-09-11T17:27:25.031069224-07:00","Action":"output","Package":"github.com/JDinSeattle/forge-runtime/internal/runtime","Test":"TestApprovalBoundToAllOperationInputs/revision","Output":"=== RUN   TestApprovalBoundToAllOperationInputs/revision\n"}
{"Time":"2026-09-11T17:27:25.031203902-07:00","Action":"output","Package":"github.com/JDinSeattle/forge-runtime/internal/runtime","Test":"TestApprovalBoundToAllOperationInputs/revision","Output":"--- PASS: TestApprovalBoundToAllOperationInputs/revision (0.00s)\n"}
{"Time":"2026-09-11T17:27:25.031211614-07:00","Action":"pass","Package":"github.com/JDinSeattle/forge-runtime/internal/runtime","Test":"TestApprovalBoundToAllOperationInputs/revision","Elapsed":0}
{"Time":"2026-09-11T17:27:25.031215212-07:00","Action":"run","Package":"github.com/JDinSeattle/forge-runtime/internal/runtime","Test":"TestApprovalBoundToAllOperationInputs/policy"}
{"Time":"2026-09-11T17:27:25.03121777-07:00","Action":"output","Package":"github.com/JDinSeattle/forge-runtime/internal/runtime","Test":"TestApprovalBoundToAllOperationInputs/policy","Output":"=== RUN   TestApprovalBoundToAllOperationInputs/policy\n"}
{"Time":"2026-09-11T17:27:25.031341751-07:00","Action":"output","Package":"github.com/JDinSeattle/forge-runtime/internal/runtime","Test":"TestApprovalBoundToAllOperationInputs/policy","Output":"--- PASS: TestApprovalBoundToAllOperationInputs/policy (0.00s)\n"}
{"Time":"2026-09-11T17:27:25.031353485-07:00","Action":"pass","Package":"github.com/JDinSeattle/forge-runtime/internal/runtime","Test":"TestApprovalBoundToAllOperationInputs/policy","Elapsed":0}
{"Time":"2026-09-11T17:27:25.031356777-07:00","Action":"run","Package":"github.com/JDinSeattle/forge-runtime/internal/runtime","Test":"TestApprovalBoundToAllOperationInputs/version"}
{"Time":"2026-09-11T17:27:25.031359383-07:00","Action":"output","Package":"github.com/JDinSeattle/forge-runtime/internal/runtime","Test":"TestApprovalBoundToAllOperationInputs/version","Output":"=== RUN   TestApprovalBoundToAllOperationInputs/version\n"}
{"Time":"2026-09-11T17:27:25.031531129-07:00","Action":"output","Package":"github.com/JDinSeattle/forge-runtime/internal/runtime","Test":"TestApprovalBoundToAllOperationInputs/version","Output":"--- PASS: TestApprovalBoundToAllOperationInputs/version (0.00s)\n"}
{"Time":"2026-09-11T17:27:25.031544119-07:00","Action":"pass","Package":"github.com/JDinSeattle/forge-runtime/internal/runtime","Test":"TestApprovalBoundToAllOperationInputs/version","Elapsed":0}
{"Time":"2026-09-11T17:27:25.031547209-07:00","Action":"run","Package":"github.com/JDinSeattle/forge-runtime/internal/runtime","Test":"TestApprovalBoundToAllOperationInputs/already_granted"}
{"Time":"2026-09-11T17:27:25.031549015-07:00","Action":"output","Package":"github.com/JDinSeattle/forge-runtime/internal/runtime","Test":"TestApprovalBoundToAllOperationInputs/already_granted","Output":"=== RUN   TestApprovalBoundToAllOperationInputs/already_granted\n"}
{"Time":"2026-09-11T17:27:25.031700017-07:00","Action":"output","Package":"github.com/JDinSeattle/forge-runtime/internal/runtime","Test":"TestApprovalBoundToAllOperationInputs/already_granted","Output":"--- PASS: TestApprovalBoundToAllOperationInputs/already_granted (0.00s)\n"}
{"Time":"2026-09-11T17:27:25.031708054-07:00","Action":"pass","Package":"github.com/JDinSeattle/forge-runtime/internal/runtime","Test":"TestApprovalBoundToAllOperationInputs/already_granted","Elapsed":0}
{"Time":"2026-09-11T17:27:25.031830744-07:00","Action":"output","Package":"github.com/JDinSeattle/forge-runtime/internal/runtime","Test":"TestApprovalBoundToAllOperationInputs","Output":"--- PASS: TestApprovalBoundToAllOperationInputs (0.00s)\n"}
{"Time":"2026-09-11T17:27:25.031839601-07:00","Action":"pass","Package":"github.com/JDinSeattle/forge-runtime/internal/runtime","Test":"TestApprovalBoundToAllOperationInputs","Elapsed":0}
{"Time":"2026-09-11T17:27:25.031846992-07:00","Action":"run","Package":"github.com/JDinSeattle/forge-runtime/internal/runtime","Test":"TestVerificationDistinguishesTargetProofFromRegressionOnly"}
{"Time":"2026-09-11T17:27:25.031851622-07:00","Action":"output","Package":"github.com/JDinSeattle/forge-runtime/internal/runtime","Test":"TestVerificationDistinguishesTargetProofFromRegressionOnly","Output":"=== RUN   TestVerificationDistinguishesTargetProofFromRegressionOnly\n"}
{"Time":"2026-09-11T17:27:25.031875877-07:00","Action":"run","Package":"github.com/JDinSeattle/forge-runtime/internal/runtime","Test":"TestVerificationDistinguishesTargetProofFromRegressionOnly/target_and_regression"}
{"Time":"2026-09-11T17:27:25.031890642-07:00","Action":"output","Package":"github.com/JDinSeattle/forge-runtime/internal/runtime","Test":"TestVerificationDistinguishesTargetProofFromRegressionOnly/target_and_regression","Output":"=== RUN   TestVerificationDistinguishesTargetProofFromRegressionOnly/target_and_regression\n"}
{"Time":"2026-09-11T17:27:25.031969405-07:00","Action":"output","Package":"github.com/JDinSeattle/forge-runtime/internal/runtime","Test":"TestVerificationDistinguishesTargetProofFromRegressionOnly/target_and_regression","Output":"--- PASS: TestVerificationDistinguishesTargetProofFromRegressionOnly/target_and_regression (0.00s)\n"}
{"Time":"2026-09-11T17:27:25.031977682-07:00","Action":"pass","Package":"github.com/JDinSeattle/forge-runtime/internal/runtime","Test":"TestVerificationDistinguishesTargetProofFromRegressionOnly/target_and_regression","Elapsed":0}
{"Time":"2026-09-11T17:27:25.031982427-07:00","Action":"run","Package":"github.com/JDinSeattle/forge-runtime/internal/runtime","Test":"TestVerificationDistinguishesTargetProofFromRegressionOnly/regression_only"}
{"Time":"2026-09-11T17:27:25.031986602-07:00","Action":"output","Package":"github.com/JDinSeattle/forge-runtime/internal/runtime","Test":"TestVerificationDistinguishesTargetProofFromRegressionOnly/regression_only","Output":"=== RUN   TestVerificationDistinguishesTargetProofFromRegressionOnly/regression_only\n"}
{"Time":"2026-09-11T17:27:25.032067808-07:00","Action":"output","Package":"github.com/JDinSeattle/forge-runtime/internal/runtime","Test":"TestVerificationDistinguishesTargetProofFromRegressionOnly/regression_only","Output":"--- PASS: TestVerificationDistinguishesTargetProofFromRegressionOnly/regression_only (0.00s)\n"}
{"Time":"2026-09-11T17:27:25.032071853-07:00","Action":"pass","Package":"github.com/JDinSeattle/forge-runtime/internal/runtime","Test":"TestVerificationDistinguishesTargetProofFromRegressionOnly/regression_only","Elapsed":0}
{"Time":"2026-09-11T17:27:25.03207998-07:00","Action":"run","Package":"github.com/JDinSeattle/forge-runtime/internal/runtime","Test":"TestVerificationDistinguishesTargetProofFromRegressionOnly/target_without_baseline"}
{"Time":"2026-09-11T17:27:25.032089958-07:00","Action":"output","Package":"github.com/JDinSeattle/forge-runtime/internal/runtime","Test":"TestVerificationDistinguishesTargetProofFromRegressionOnly/target_without_baseline","Output":"=== RUN   TestVerificationDistinguishesTargetProofFromRegressionOnly/target_without_baseline\n"}
{"Time":"2026-09-11T17:27:25.032175388-07:00","Action":"output","Package":"github.com/JDinSeattle/forge-runtime/internal/runtime","Test":"TestVerificationDistinguishesTargetProofFromRegressionOnly/target_without_baseline","Output":"--- PASS: TestVerificationDistinguishesTargetProofFromRegressionOnly/target_without_baseline (0.00s)\n"}
{"Time":"2026-09-11T17:27:25.032178441-07:00","Action":"pass","Package":"github.com/JDinSeattle/forge-runtime/internal/runtime","Test":"TestVerificationDistinguishesTargetProofFromRegressionOnly/target_without_baseline","Elapsed":0}
{"Time":"2026-09-11T17:27:25.032185468-07:00","Action":"run","Package":"github.com/JDinSeattle/forge-runtime/internal/runtime","Test":"TestVerificationDistinguishesTargetProofFromRegressionOnly/target_still_broken"}
{"Time":"2026-09-11T17:27:25.032187188-07:00","Action":"output","Package":"github.com/JDinSeattle/forge-runtime/internal/runtime","Test":"TestVerificationDistinguishesTargetProofFromRegressionOnly/target_still_broken","Output":"=== RUN   TestVerificationDistinguishesTargetProofFromRegressionOnly/target_still_broken\n"}
{"Time":"2026-09-11T17:27:25.032210003-07:00","Action":"output","Package":"github.com/JDinSeattle/forge-runtime/internal/runtime","Test":"TestVerificationDistinguishesTargetProofFromRegressionOnly/target_still_broken","Output":"--- PASS: TestVerificationDistinguishesTargetProofFromRegressionOnly/target_still_broken (0.00s)\n"}
{"Time":"2026-09-11T17:27:25.032214231-07:00","Action":"pass","Package":"github.com/JDinSeattle/forge-runtime/internal/runtime","Test":"TestVerificationDistinguishesTargetProofFromRegressionOnly/target_still_broken","Elapsed":0}
{"Time":"2026-09-11T17:27:25.032221555-07:00","Action":"run","Package":"github.com/JDinSeattle/forge-runtime/internal/runtime","Test":"TestVerificationDistinguishesTargetProofFromRegressionOnly/regression_broken"}
{"Time":"2026-09-11T17:27:25.032223641-07:00","Action":"output","Package":"github.com/JDinSeattle/forge-runtime/internal/runtime","Test":"TestVerificationDistinguishesTargetProofFromRegressionOnly/regression_broken","Output":"=== RUN   TestVerificationDistinguishesTargetProofFromRegressionOnly/regression_broken\n"}
{"Time":"2026-09-11T17:27:25.032242099-07:00","Action":"output","Package":"github.com/JDinSeattle/forge-runtime/internal/runtime","Test":"TestVerificationDistinguishesTargetProofFromRegressionOnly/regression_broken","Output":"--- PASS: TestVerificationDistinguishesTargetProofFromRegressionOnly/regression_broken (0.00s)\n"}
{"Time":"2026-09-11T17:27:25.032249253-07:00","Action":"pass","Package":"github.com/JDinSeattle/forge-runtime/internal/runtime","Test":"TestVerificationDistinguishesTargetProofFromRegressionOnly/regression_broken","Elapsed":0}
{"Time":"2026-09-11T17:27:25.032259247-07:00","Action":"output","Package":"github.com/JDinSeattle/forge-runtime/internal/runtime","Test":"TestVerificationDistinguishesTargetProofFromRegressionOnly","Output":"--- PASS: TestVerificationDistinguishesTargetProofFromRegressionOnly (0.00s)\n"}
{"Time":"2026-09-11T17:27:25.032261851-07:00","Action":"pass","Package":"github.com/JDinSeattle/forge-runtime/internal/runtime","Test":"TestVerificationDistinguishesTargetProofFromRegressionOnly","Elapsed":0}
{"Time":"2026-09-11T17:27:25.032270087-07:00","Action":"run","Package":"github.com/JDinSeattle/forge-runtime/internal/runtime","Test":"TestModelCannotForgeVerificationOrUseOldRevision"}
{"Time":"2026-09-11T17:27:25.032271903-07:00","Action":"output","Package":"github.com/JDinSeattle/forge-runtime/internal/runtime","Test":"TestModelCannotForgeVerificationOrUseOldRevision","Output":"=== RUN   TestModelCannotForgeVerificationOrUseOldRevision\n"}
{"Time":"2026-09-11T17:27:25.032417015-07:00","Action":"output","Package":"github.com/JDinSeattle/forge-runtime/internal/runtime","Test":"TestModelCannotForgeVerificationOrUseOldRevision","Output":"--- PASS: TestModelCannotForgeVerificationOrUseOldRevision (0.00s)\n"}
{"Time":"2026-09-11T17:27:25.032421535-07:00","Action":"pass","Package":"github.com/JDinSeattle/forge-runtime/internal/runtime","Test":"TestModelCannotForgeVerificationOrUseOldRevision","Elapsed":0}
{"Time":"2026-09-11T17:27:25.032423519-07:00","Action":"run","Package":"github.com/JDinSeattle/forge-runtime/internal/runtime","Test":"TestBudgetStopsBeforeNewWorkAndWaitsForAcknowledgement"}
{"Time":"2026-09-11T17:27:25.03242475-07:00","Action":"output","Package":"github.com/JDinSeattle/forge-runtime/internal/runtime","Test":"TestBudgetStopsBeforeNewWorkAndWaitsForAcknowledgement","Output":"=== RUN   TestBudgetStopsBeforeNewWorkAndWaitsForAcknowledgement\n"}
{"Time":"2026-09-11T17:27:25.032456014-07:00","Action":"output","Package":"github.com/JDinSeattle/forge-runtime/internal/runtime","Test":"TestBudgetStopsBeforeNewWorkAndWaitsForAcknowledgement","Output":"--- PASS: TestBudgetStopsBeforeNewWorkAndWaitsForAcknowledgement (0.00s)\n"}
{"Time":"2026-09-11T17:27:25.032459012-07:00","Action":"pass","Package":"github.com/JDinSeattle/forge-runtime/internal/runtime","Test":"TestBudgetStopsBeforeNewWorkAndWaitsForAcknowledgement","Elapsed":0}
{"Time":"2026-09-11T17:27:25.032467157-07:00","Action":"run","Package":"github.com/JDinSeattle/forge-runtime/internal/runtime","Test":"TestReducerOutputsDoNotAliasPersistedInputOrEvent"}
{"Time":"2026-09-11T17:27:25.032470618-07:00","Action":"output","Package":"github.com/JDinSeattle/forge-runtime/internal/runtime","Test":"TestReducerOutputsDoNotAliasPersistedInputOrEvent","Output":"=== RUN   TestReducerOutputsDoNotAliasPersistedInputOrEvent\n"}
{"Time":"2026-09-11T17:27:25.032884362-07:00","Action":"output","Package":"github.com/JDinSeattle/forge-runtime/internal/runtime","Test":"TestReducerOutputsDoNotAliasPersistedInputOrEvent","Output":"--- PASS: TestReducerOutputsDoNotAliasPersistedInputOrEvent (0.00s)\n"}
{"Time":"2026-09-11T17:27:25.032890621-07:00","Action":"pass","Package":"github.com/JDinSeattle/forge-runtime/internal/runtime","Test":"TestReducerOutputsDoNotAliasPersistedInputOrEvent","Elapsed":0}
{"Time":"2026-09-11T17:27:25.032902115-07:00","Action":"run","Package":"github.com/JDinSeattle/forge-runtime/internal/runtime","Test":"TestMalformedSnapshotsFailClosedBeforeCommands"}
{"Time":"2026-09-11T17:27:25.032903665-07:00","Action":"output","Package":"github.com/JDinSeattle/forge-runtime/internal/runtime","Test":"TestMalformedSnapshotsFailClosedBeforeCommands","Output":"=== RUN   TestMalformedSnapshotsFailClosedBeforeCommands\n"}
{"Time":"2026-09-11T17:27:25.032920077-07:00","Action":"run","Package":"github.com/JDinSeattle/forge-runtime/internal/runtime","Test":"TestMalformedSnapshotsFailClosedBeforeCommands/nonterminal_stop_target"}
{"Time":"2026-09-11T17:27:25.03292247-07:00","Action":"output","Package":"github.com/JDinSeattle/forge-runtime/internal/runtime","Test":"TestMalformedSnapshotsFailClosedBeforeCommands/nonterminal_stop_target","Output":"=== RUN   TestMalformedSnapshotsFailClosedBeforeCommands/nonterminal_stop_target\n"}
{"Time":"2026-09-11T17:27:25.033016294-07:00","Action":"output","Package":"github.com/JDinSeattle/forge-runtime/internal/runtime","Test":"TestMalformedSnapshotsFailClosedBeforeCommands/nonterminal_stop_target","Output":"--- PASS: TestMalformedSnapshotsFailClosedBeforeCommands/nonterminal_stop_target (0.00s)\n"}
{"Time":"2026-09-11T17:27:25.033021371-07:00","Action":"pass","Package":"github.com/JDinSeattle/forge-runtime/internal/runtime","Test":"TestMalformedSnapshotsFailClosedBeforeCommands/nonterminal_stop_target","Elapsed":0}
{"Time":"2026-09-11T17:27:25.033031745-07:00","Action":"run","Package":"github.com/JDinSeattle/forge-runtime/internal/runtime","Test":"TestMalformedSnapshotsFailClosedBeforeCommands/nonterminal_stopped_stage"}
{"Time":"2026-09-11T17:27:25.03303371-07:00","Action":"output","Package":"github.com/JDinSeattle/forge-runtime/internal/runtime","Test":"TestMalformedSnapshotsFailClosedBeforeCommands/nonterminal_stopped_stage","Output":"=== RUN   TestMalformedSnapshotsFailClosedBeforeCommands/nonterminal_stopped_stage\n"}
{"Time":"2026-09-11T17:27:25.033112897-07:00","Action":"output","Package":"github.com/JDinSeattle/forge-runtime/internal/runtime","Test":"TestMalformedSnapshotsFailClosedBeforeCommands/nonterminal_stopped_stage","Output":"--- PASS: TestMalformedSnapshotsFailClosedBeforeCommands/nonterminal_stopped_stage (0.00s)\n"}
{"Time":"2026-09-11T17:27:25.033119494-07:00","Action":"pass","Package":"github.com/JDinSeattle/forge-runtime/internal/runtime","Test":"TestMalformedSnapshotsFailClosedBeforeCommands/nonterminal_stopped_stage","Elapsed":0}
{"Time":"2026-09-11T17:27:25.033126568-07:00","Action":"run","Package":"github.com/JDinSeattle/forge-runtime/internal/runtime","Test":"TestMalformedSnapshotsFailClosedBeforeCommands/running_without_authority"}
{"Time":"2026-09-11T17:27:25.033128379-07:00","Action":"output","Package":"github.com/JDinSeattle/forge-runtime/internal/runtime","Test":"TestMalformedSnapshotsFailClosedBeforeCommands/running_without_authority","Output":"=== RUN   TestMalformedSnapshotsFailClosedBeforeCommands/running_without_authority\n"}
{"Time":"2026-09-11T17:27:25.033202317-07:00","Action":"output","Package":"github.com/JDinSeattle/forge-runtime/internal/runtime","Test":"TestMalformedSnapshotsFailClosedBeforeCommands/running_without_authority","Output":"--- PASS: TestMalformedSnapshotsFailClosedBeforeCommands/running_without_authority (0.00s)\n"}
{"Time":"2026-09-11T17:27:25.033208305-07:00","Action":"pass","Package":"github.com/JDinSeattle/forge-runtime/internal/runtime","Test":"TestMalformedSnapshotsFailClosedBeforeCommands/running_without_authority","Elapsed":0}
{"Time":"2026-09-11T17:27:25.033215461-07:00","Action":"run","Package":"github.com/JDinSeattle/forge-runtime/internal/runtime","Test":"TestMalformedSnapshotsFailClosedBeforeCommands/reconciliation_at_executable_stage"}
{"Time":"2026-09-11T17:27:25.03321721-07:00","Action":"output","Package":"github.com/JDinSeattle/forge-runtime/internal/runtime","Test":"TestMalformedSnapshotsFailClosedBeforeCommands/reconciliation_at_executable_stage","Output":"=== RUN   TestMalformedSnapshotsFailClosedBeforeCommands/reconciliation_at_executable_stage\n"}
{"Time":"2026-09-11T17:27:25.03329027-07:00","Action":"output","Package":"github.com/JDinSeattle/forge-runtime/internal/runtime","Test":"TestMalformedSnapshotsFailClosedBeforeCommands/reconciliation_at_executable_stage","Output":"--- PASS: TestMalformedSnapshotsFailClosedBeforeCommands/reconciliation_at_executable_stage (0.00s)\n"}
{"Time":"2026-09-11T17:27:25.033293748-07:00","Action":"pass","Package":"github.com/JDinSeattle/forge-runtime/internal/runtime","Test":"TestMalformedSnapshotsFailClosedBeforeCommands/reconciliation_at_executable_stage","Elapsed":0}
{"Time":"2026-09-11T17:27:25.033302471-07:00","Action":"run","Package":"github.com/JDinSeattle/forge-runtime/internal/runtime","Test":"TestMalformedSnapshotsFailClosedBeforeCommands/approval_without_effect"}
{"Time":"2026-09-11T17:27:25.033304209-07:00","Action":"output","Package":"github.com/JDinSeattle/forge-runtime/internal/runtime","Test":"TestMalformedSnapshotsFailClosedBeforeCommands/approval_without_effect","Output":"=== RUN   TestMalformedSnapshotsFailClosedBeforeCommands/approval_without_effect\n"}
{"Time":"2026-09-11T17:27:25.033384316-07:00","Action":"output","Package":"github.com/JDinSeattle/forge-runtime/internal/runtime","Test":"TestMalformedSnapshotsFailClosedBeforeCommands/approval_without_effect","Output":"--- PASS: TestMalformedSnapshotsFailClosedBeforeCommands/approval_without_effect (0.00s)\n"}
{"Time":"2026-09-11T17:27:25.033390732-07:00","Action":"pass","Package":"github.com/JDinSeattle/forge-runtime/internal/runtime","Test":"TestMalformedSnapshotsFailClosedBeforeCommands/approval_without_effect","Elapsed":0}
{"Time":"2026-09-11T17:27:25.033395804-07:00","Action":"run","Package":"github.com/JDinSeattle/forge-runtime/internal/runtime","Test":"TestMalformedSnapshotsFailClosedBeforeCommands/unknown_snapshot_schema"}
{"Time":"2026-09-11T17:27:25.03339763-07:00","Action":"output","Package":"github.com/JDinSeattle/forge-runtime/internal/runtime","Test":"TestMalformedSnapshotsFailClosedBeforeCommands/unknown_snapshot_schema","Output":"=== RUN   TestMalformedSnapshotsFailClosedBeforeCommands/unknown_snapshot_schema\n"}
{"Time":"2026-09-11T17:27:25.033473999-07:00","Action":"output","Package":"github.com/JDinSeattle/forge-runtime/internal/runtime","Test":"TestMalformedSnapshotsFailClosedBeforeCommands/unknown_snapshot_schema","Output":"--- PASS: TestMalformedSnapshotsFailClosedBeforeCommands/unknown_snapshot_schema (0.00s)\n"}
{"Time":"2026-09-11T17:27:25.033482691-07:00","Action":"pass","Package":"github.com/JDinSeattle/forge-runtime/internal/runtime","Test":"TestMalformedSnapshotsFailClosedBeforeCommands/unknown_snapshot_schema","Elapsed":0}
{"Time":"2026-09-11T17:27:25.033658615-07:00","Action":"output","Package":"github.com/JDinSeattle/forge-runtime/internal/runtime","Test":"TestMalformedSnapshotsFailClosedBeforeCommands","Output":"--- PASS: TestMalformedSnapshotsFailClosedBeforeCommands (0.00s)\n"}
{"Time":"2026-09-11T17:27:25.033670875-07:00","Action":"pass","Package":"github.com/JDinSeattle/forge-runtime/internal/runtime","Test":"TestMalformedSnapshotsFailClosedBeforeCommands","Elapsed":0}
{"Time":"2026-09-11T17:27:25.033675853-07:00","Action":"run","Package":"github.com/JDinSeattle/forge-runtime/internal/runtime","Test":"FuzzTerminalIsMonotonic"}
{"Time":"2026-09-11T17:27:25.033693288-07:00","Action":"output","Package":"github.com/JDinSeattle/forge-runtime/internal/runtime","Test":"FuzzTerminalIsMonotonic","Output":"=== RUN   FuzzTerminalIsMonotonic\n"}
{"Time":"2026-09-11T17:27:25.033724988-07:00","Action":"run","Package":"github.com/JDinSeattle/forge-runtime/internal/runtime","Test":"FuzzTerminalIsMonotonic/seed#0"}
{"Time":"2026-09-11T17:27:25.033730194-07:00","Action":"output","Package":"github.com/JDinSeattle/forge-runtime/internal/runtime","Test":"FuzzTerminalIsMonotonic/seed#0","Output":"=== RUN   FuzzTerminalIsMonotonic/seed#0\n"}
{"Time":"2026-09-11T17:27:25.033812966-07:00","Action":"output","Package":"github.com/JDinSeattle/forge-runtime/internal/runtime","Test":"FuzzTerminalIsMonotonic/seed#0","Output":"--- PASS: FuzzTerminalIsMonotonic/seed#0 (0.00s)\n"}
{"Time":"2026-09-11T17:27:25.033819515-07:00","Action":"pass","Package":"github.com/JDinSeattle/forge-runtime/internal/runtime","Test":"FuzzTerminalIsMonotonic/seed#0","Elapsed":0}
{"Time":"2026-09-11T17:27:25.033830652-07:00","Action":"run","Package":"github.com/JDinSeattle/forge-runtime/internal/runtime","Test":"FuzzTerminalIsMonotonic/seed#1"}
{"Time":"2026-09-11T17:27:25.033832741-07:00","Action":"output","Package":"github.com/JDinSeattle/forge-runtime/internal/runtime","Test":"FuzzTerminalIsMonotonic/seed#1","Output":"=== RUN   FuzzTerminalIsMonotonic/seed#1\n"}
{"Time":"2026-09-11T17:27:25.033901501-07:00","Action":"output","Package":"github.com/JDinSeattle/forge-runtime/internal/runtime","Test":"FuzzTerminalIsMonotonic/seed#1","Output":"--- PASS: FuzzTerminalIsMonotonic/seed#1 (0.00s)\n"}
{"Time":"2026-09-11T17:27:25.033905191-07:00","Action":"pass","Package":"github.com/JDinSeattle/forge-runtime/internal/runtime","Test":"FuzzTerminalIsMonotonic/seed#1","Elapsed":0}
{"Time":"2026-09-11T17:27:25.033916799-07:00","Action":"output","Package":"github.com/JDinSeattle/forge-runtime/internal/runtime","Test":"FuzzTerminalIsMonotonic","Output":"--- PASS: FuzzTerminalIsMonotonic (0.00s)\n"}
{"Time":"2026-09-11T17:27:25.03392455-07:00","Action":"pass","Package":"github.com/JDinSeattle/forge-runtime/internal/runtime","Test":"FuzzTerminalIsMonotonic","Elapsed":0}
{"Time":"2026-09-11T17:27:25.033930547-07:00","Action":"run","Package":"github.com/JDinSeattle/forge-runtime/internal/runtime","Test":"FuzzMalformedSnapshotCannotPanic"}
{"Time":"2026-09-11T17:27:25.033932534-07:00","Action":"output","Package":"github.com/JDinSeattle/forge-runtime/internal/runtime","Test":"FuzzMalformedSnapshotCannotPanic","Output":"=== RUN   FuzzMalformedSnapshotCannotPanic\n"}
{"Time":"2026-09-11T17:27:25.03400053-07:00","Action":"run","Package":"github.com/JDinSeattle/forge-runtime/internal/runtime","Test":"FuzzMalformedSnapshotCannotPanic/seed#0"}
{"Time":"2026-09-11T17:27:25.034002748-07:00","Action":"output","Package":"github.com/JDinSeattle/forge-runtime/internal/runtime","Test":"FuzzMalformedSnapshotCannotPanic/seed#0","Output":"=== RUN   FuzzMalformedSnapshotCannotPanic/seed#0\n"}
{"Time":"2026-09-11T17:27:25.034137953-07:00","Action":"output","Package":"github.com/JDinSeattle/forge-runtime/internal/runtime","Test":"FuzzMalformedSnapshotCannotPanic/seed#0","Output":"--- PASS: FuzzMalformedSnapshotCannotPanic/seed#0 (0.00s)\n"}
{"Time":"2026-09-11T17:27:25.034143061-07:00","Action":"pass","Package":"github.com/JDinSeattle/forge-runtime/internal/runtime","Test":"FuzzMalformedSnapshotCannotPanic/seed#0","Elapsed":0}
{"Time":"2026-09-11T17:27:25.034153547-07:00","Action":"run","Package":"github.com/JDinSeattle/forge-runtime/internal/runtime","Test":"FuzzMalformedSnapshotCannotPanic/seed#1"}
{"Time":"2026-09-11T17:27:25.034155495-07:00","Action":"output","Package":"github.com/JDinSeattle/forge-runtime/internal/runtime","Test":"FuzzMalformedSnapshotCannotPanic/seed#1","Output":"=== RUN   FuzzMalformedSnapshotCannotPanic/seed#1\n"}
{"Time":"2026-09-11T17:27:25.034198864-07:00","Action":"output","Package":"github.com/JDinSeattle/forge-runtime/internal/runtime","Test":"FuzzMalformedSnapshotCannotPanic/seed#1","Output":"--- PASS: FuzzMalformedSnapshotCannotPanic/seed#1 (0.00s)\n"}
{"Time":"2026-09-11T17:27:25.034202968-07:00","Action":"pass","Package":"github.com/JDinSeattle/forge-runtime/internal/runtime","Test":"FuzzMalformedSnapshotCannotPanic/seed#1","Elapsed":0}
{"Time":"2026-09-11T17:27:25.034212874-07:00","Action":"run","Package":"github.com/JDinSeattle/forge-runtime/internal/runtime","Test":"FuzzMalformedSnapshotCannotPanic/seed#2"}
{"Time":"2026-09-11T17:27:25.034214653-07:00","Action":"output","Package":"github.com/JDinSeattle/forge-runtime/internal/runtime","Test":"FuzzMalformedSnapshotCannotPanic/seed#2","Output":"=== RUN   FuzzMalformedSnapshotCannotPanic/seed#2\n"}
{"Time":"2026-09-11T17:27:25.034298638-07:00","Action":"output","Package":"github.com/JDinSeattle/forge-runtime/internal/runtime","Test":"FuzzMalformedSnapshotCannotPanic/seed#2","Output":"--- PASS: FuzzMalformedSnapshotCannotPanic/seed#2 (0.00s)\n"}
{"Time":"2026-09-11T17:27:25.034301396-07:00","Action":"pass","Package":"github.com/JDinSeattle/forge-runtime/internal/runtime","Test":"FuzzMalformedSnapshotCannotPanic/seed#2","Elapsed":0}
{"Time":"2026-09-11T17:27:25.034316121-07:00","Action":"output","Package":"github.com/JDinSeattle/forge-runtime/internal/runtime","Test":"FuzzMalformedSnapshotCannotPanic","Output":"--- PASS: FuzzMalformedSnapshotCannotPanic (0.00s)\n"}
{"Time":"2026-09-11T17:27:25.034321947-07:00","Action":"pass","Package":"github.com/JDinSeattle/forge-runtime/internal/runtime","Test":"FuzzMalformedSnapshotCannotPanic","Elapsed":0}
{"Time":"2026-09-11T17:27:25.034327473-07:00","Action":"output","Package":"github.com/JDinSeattle/forge-runtime/internal/runtime","Output":"PASS\n"}
{"Time":"2026-09-11T17:27:25.073875248-07:00","Action":"output","Package":"github.com/JDinSeattle/forge-runtime/internal/persistence","Test":"TestSnapshotHeaderSQLUnicodeFoldRemainsComplete","Output":"--- PASS: TestSnapshotHeaderSQLUnicodeFoldRemainsComplete (0.55s)\n"}
{"Time":"2026-09-11T17:27:25.073898526-07:00","Action":"pass","Package":"github.com/JDinSeattle/forge-runtime/internal/persistence","Test":"TestSnapshotHeaderSQLUnicodeFoldRemainsComplete","Elapsed":0.55}
{"Time":"2026-09-11T17:27:25.073903443-07:00","Action":"run","Package":"github.com/JDinSeattle/forge-runtime/internal/persistence","Test":"TestSnapshotHeaderRejectsAmbiguousMembers"}
{"Time":"2026-09-11T17:27:25.073905014-07:00","Action":"output","Package":"github.com/JDinSeattle/forge-runtime/internal/persistence","Test":"TestSnapshotHeaderRejectsAmbiguousMembers","Output":"=== RUN   TestSnapshotHeaderRejectsAmbiguousMembers\n"}
{"Time":"2026-09-11T17:27:25.07400794-07:00","Action":"output","Package":"github.com/JDinSeattle/forge-runtime/internal/persistence","Test":"TestSnapshotHeaderRejectsAmbiguousMembers","Output":"--- PASS: TestSnapshotHeaderRejectsAmbiguousMembers (0.00s)\n"}
{"Time":"2026-09-11T17:27:25.074022431-07:00","Action":"pass","Package":"github.com/JDinSeattle/forge-runtime/internal/persistence","Test":"TestSnapshotHeaderRejectsAmbiguousMembers","Elapsed":0}
{"Time":"2026-09-11T17:27:25.074033011-07:00","Action":"run","Package":"github.com/JDinSeattle/forge-runtime/internal/persistence","Test":"TestConcurrentSubmitAndCursor"}
{"Time":"2026-09-11T17:27:25.074034803-07:00","Action":"output","Package":"github.com/JDinSeattle/forge-runtime/internal/persistence","Test":"TestConcurrentSubmitAndCursor","Output":"=== RUN   TestConcurrentSubmitAndCursor\n"}
{"Time":"2026-09-11T17:27:25.106056718-07:00","Action":"output","Package":"github.com/JDinSeattle/forge-runtime/internal/runner","Test":"TestConcurrentIdempotentPatchWritesExactlyOnce","Output":"--- PASS: TestConcurrentIdempotentPatchWritesExactlyOnce (0.58s)\n"}
{"Time":"2026-09-11T17:27:25.10608106-07:00","Action":"pass","Package":"github.com/JDinSeattle/forge-runtime/internal/runner","Test":"TestConcurrentIdempotentPatchWritesExactlyOnce","Elapsed":0.58}
{"Time":"2026-09-11T17:27:25.106085449-07:00","Action":"run","Package":"github.com/JDinSeattle/forge-runtime/internal/runner","Test":"TestAppliedPatchReceiptWindowRecoversWithoutReplay"}
{"Time":"2026-09-11T17:27:25.106090113-07:00","Action":"output","Package":"github.com/JDinSeattle/forge-runtime/internal/runner","Test":"TestAppliedPatchReceiptWindowRecoversWithoutReplay","Output":"=== RUN   TestAppliedPatchReceiptWindowRecoversWithoutReplay\n"}
{"Time":"2026-09-11T17:27:25.124658143-07:00","Action":"output","Package":"github.com/JDinSeattle/forge-runtime/internal/application","Test":"TestPrepareCapacityRequeuesAtomically","Output":"    capacity_integration_test.go:125: capacity_requeue snapshot={\"kind\":\"capacity_rejected\",\"expected_version\":2,\"owner\":\"capacity-worker\",\"epoch\":1,\"at\":\"2026-09-11T17:27:25.11366-07:00\",\"not_before\":\"2026-09-11T17:27:26.11366-07:00\"} allocation_state=released runner=runner workspace=run_EDORDVYE52TEE6KQQ7AOU2BLMU\n"}
{"Time":"2026-09-11T17:27:25.125294107-07:00","Action":"output","Package":"github.com/JDinSeattle/forge-runtime/internal/artifact","Test":"TestImmutableConcurrentPutOwnershipAndCorruption","Output":"--- PASS: TestImmutableConcurrentPutOwnershipAndCorruption (0.12s)\n"}
{"Time":"2026-09-11T17:27:25.125312702-07:00","Action":"pass","Package":"github.com/JDinSeattle/forge-runtime/internal/artifact","Test":"TestImmutableConcurrentPutOwnershipAndCorruption","Elapsed":0.12}
{"Time":"2026-09-11T17:27:25.12532065-07:00","Action":"run","Package":"github.com/JDinSeattle/forge-runtime/internal/artifact","Test":"TestArtifactByteLimitAndContextDoNotPublishObjects"}
{"Time":"2026-09-11T17:27:25.125325784-07:00","Action":"output","Package":"github.com/JDinSeattle/forge-runtime/internal/artifact","Test":"TestArtifactByteLimitAndContextDoNotPublishObjects","Output":"=== RUN   TestArtifactByteLimitAndContextDoNotPublishObjects\n"}
{"Time":"2026-09-11T17:27:25.199387329-07:00","Action":"output","Package":"github.com/JDinSeattle/forge-runtime/internal/artifact","Test":"TestArtifactByteLimitAndContextDoNotPublishObjects","Output":"--- PASS: TestArtifactByteLimitAndContextDoNotPublishObjects (0.07s)\n"}
{"Time":"2026-09-11T17:27:25.19947525-07:00","Action":"pass","Package":"github.com/JDinSeattle/forge-runtime/internal/artifact","Test":"TestArtifactByteLimitAndContextDoNotPublishObjects","Elapsed":0.07}
{"Time":"2026-09-11T17:27:25.199480334-07:00","Action":"run","Package":"github.com/JDinSeattle/forge-runtime/internal/artifact","Test":"TestCollectionExcludesOldDeduplicatingPublisherAndPreservesCommittedReference"}
{"Time":"2026-09-11T17:27:25.19948194-07:00","Action":"output","Package":"github.com/JDinSeattle/forge-runtime/internal/artifact","Test":"TestCollectionExcludesOldDeduplicatingPublisherAndPreservesCommittedReference","Output":"=== RUN   TestCollectionExcludesOldDeduplicatingPublisherAndPreservesCommittedReference\n"}
{"Time":"2026-09-11T17:27:25.377515204-07:00","Action":"output","Package":"github.com/JDinSeattle/forge-runtime/internal/runnerclient","Test":"TestRemoteRequiresVerifiedMutualIdentity","Output":"--- PASS: TestRemoteRequiresVerifiedMutualIdentity (0.65s)\n"}
{"Time":"2026-09-11T17:27:25.377582983-07:00","Action":"pass","Package":"github.com/JDinSeattle/forge-runtime/internal/runnerclient","Test":"TestRemoteRequiresVerifiedMutualIdentity","Elapsed":0.65}
{"Time":"2026-09-11T17:27:25.377601391-07:00","Action":"run","Package":"github.com/JDinSeattle/forge-runtime/internal/runnerclient","Test":"TestOversizedResultUsesDurableReceiptReference"}
{"Time":"2026-09-11T17:27:25.377609968-07:00","Action":"output","Package":"github.com/JDinSeattle/forge-runtime/internal/runnerclient","Test":"TestOversizedResultUsesDurableReceiptReference","Output":"=== RUN   TestOversizedResultUsesDurableReceiptReference\n"}
{"Time":"2026-09-11T17:27:25.388155749-07:00","Action":"output","Package":"github.com/JDinSeattle/forge-runtime/internal/runnerclient","Test":"TestOversizedResultUsesDurableReceiptReference","Output":"--- PASS: TestOversizedResultUsesDurableReceiptReference (0.01s)\n"}
{"Time":"2026-09-11T17:27:25.388197734-07:00","Action":"pass","Package":"github.com/JDinSeattle/forge-runtime/internal/runnerclient","Test":"TestOversizedResultUsesDurableReceiptReference","Elapsed":0.01}
{"Time":"2026-09-11T17:27:25.388227415-07:00","Action":"output","Package":"github.com/JDinSeattle/forge-runtime/internal/runnerclient","Output":"PASS\n"}
{"Time":"2026-09-11T17:27:25.421284111-07:00","Action":"output","Package":"github.com/JDinSeattle/forge-runtime/benchmarks","Output":"ok  \tgithub.com/JDinSeattle/forge-runtime/benchmarks\t1.031s\n"}
{"Time":"2026-09-11T17:27:25.421313336-07:00","Action":"pass","Package":"github.com/JDinSeattle/forge-runtime/benchmarks","Elapsed":1.031}
{"Time":"2026-09-11T17:27:25.424917597-07:00","Action":"output","Package":"github.com/JDinSeattle/forge-runtime/cmd/forge-runner","Output":"ok  \tgithub.com/JDinSeattle/forge-runtime/cmd/forge-runner\t1.034s\n"}
{"Time":"2026-09-11T17:27:25.424934446-07:00","Action":"pass","Package":"github.com/JDinSeattle/forge-runtime/cmd/forge-runner","Elapsed":1.034}
{"Time":"2026-09-11T17:27:25.455011641-07:00","Action":"output","Package":"github.com/JDinSeattle/forge-runtime/internal/persistence","Test":"TestConcurrentSubmitAndCursor","Output":"--- PASS: TestConcurrentSubmitAndCursor (0.38s)\n"}
{"Time":"2026-09-11T17:27:25.45504397-07:00","Action":"pass","Package":"github.com/JDinSeattle/forge-runtime/internal/persistence","Test":"TestConcurrentSubmitAndCursor","Elapsed":0.38}
{"Time":"2026-09-11T17:27:25.455051773-07:00","Action":"run","Package":"github.com/JDinSeattle/forge-runtime/internal/persistence","Test":"TestClaimFencingAndCapacity"}
{"Time":"2026-09-11T17:27:25.45505526-07:00","Action":"output","Package":"github.com/JDinSeattle/forge-runtime/internal/persistence","Test":"TestClaimFencingAndCapacity","Output":"=== RUN   TestClaimFencingAndCapacity\n"}
{"Time":"2026-09-11T17:27:25.50213292-07:00","Action":"output","Package":"github.com/JDinSeattle/forge-runtime/internal/artifact","Test":"TestCollectionExcludesOldDeduplicatingPublisherAndPreservesCommittedReference","Output":"--- PASS: TestCollectionExcludesOldDeduplicatingPublisherAndPreservesCommittedReference (0.30s)\n"}
{"Time":"2026-09-11T17:27:25.502171907-07:00","Action":"pass","Package":"github.com/JDinSeattle/forge-runtime/internal/artifact","Test":"TestCollectionExcludesOldDeduplicatingPublisherAndPreservesCommittedReference","Elapsed":0.3}
{"Time":"2026-09-11T17:27:25.502182868-07:00","Action":"run","Package":"github.com/JDinSeattle/forge-runtime/internal/artifact","Test":"TestCollectionFailsClosedAndCollectsOnlyAgedRecognizedNames"}
{"Time":"2026-09-11T17:27:25.502186567-07:00","Action":"output","Package":"github.com/JDinSeattle/forge-runtime/internal/artifact","Test":"TestCollectionFailsClosedAndCollectsOnlyAgedRecognizedNames","Output":"=== RUN   TestCollectionFailsClosedAndCollectsOnlyAgedRecognizedNames\n"}
{"Time":"2026-09-11T17:27:25.520800556-07:00","Action":"output","Package":"github.com/JDinSeattle/forge-runtime/internal/domain","Output":"ok  \tgithub.com/JDinSeattle/forge-runtime/internal/domain\t1.016s\n"}
{"Time":"2026-09-11T17:27:25.520833089-07:00","Action":"pass","Package":"github.com/JDinSeattle/forge-runtime/internal/domain","Elapsed":1.016}
{"Time":"2026-09-11T17:27:25.545721448-07:00","Action":"output","Package":"github.com/JDinSeattle/forge-runtime/internal/quota","Test":"TestGlobalAdmissionAndIdempotencyAcrossStoreInstances","Output":"--- PASS: TestGlobalAdmissionAndIdempotencyAcrossStoreInstances (0.62s)\n"}
{"Time":"2026-09-11T17:27:25.545745051-07:00","Action":"pass","Package":"github.com/JDinSeattle/forge-runtime/internal/quota","Test":"TestGlobalAdmissionAndIdempotencyAcrossStoreInstances","Elapsed":0.62}
{"Time":"2026-09-11T17:27:25.545750831-07:00","Action":"run","Package":"github.com/JDinSeattle/forge-runtime/internal/quota","Test":"TestSettlementExactlyOnceAndActualOverage"}
{"Time":"2026-09-11T17:27:25.545753254-07:00","Action":"output","Package":"github.com/JDinSeattle/forge-runtime/internal/quota","Test":"TestSettlementExactlyOnceAndActualOverage","Output":"=== RUN   TestSettlementExactlyOnceAndActualOverage\n"}
{"Time":"2026-09-11T17:27:25.545985372-07:00","Action":"output","Package":"github.com/JDinSeattle/forge-runtime/internal/localsetup","Output":"ok  \tgithub.com/JDinSeattle/forge-runtime/internal/localsetup\t1.041s\n"}
{"Time":"2026-09-11T17:27:25.54601326-07:00","Action":"pass","Package":"github.com/JDinSeattle/forge-runtime/internal/localsetup","Elapsed":1.041}
{"Time":"2026-09-11T17:27:25.549420131-07:00","Action":"output","Package":"github.com/JDinSeattle/forge-runtime/internal/configuration","Output":"ok  \tgithub.com/JDinSeattle/forge-runtime/internal/configuration\t1.044s\n"}
{"Time":"2026-09-11T17:27:25.549433841-07:00","Action":"pass","Package":"github.com/JDinSeattle/forge-runtime/internal/configuration","Elapsed":1.044}
{"Time":"2026-09-11T17:27:25.553874828-07:00","Action":"output","Package":"github.com/JDinSeattle/forge-runtime/scripts/faults/application","Output":"ok  \tgithub.com/JDinSeattle/forge-runtime/scripts/faults/application\t1.047s\n"}
{"Time":"2026-09-11T17:27:25.553903633-07:00","Action":"pass","Package":"github.com/JDinSeattle/forge-runtime/scripts/faults/application","Elapsed":1.047}
{"Time":"2026-09-11T17:27:25.573280156-07:00","Action":"output","Package":"github.com/JDinSeattle/forge-runtime/internal/provider","Output":"ok  \tgithub.com/JDinSeattle/forge-runtime/internal/provider\t1.068s\n"}
{"Time":"2026-09-11T17:27:25.573327506-07:00","Action":"pass","Package":"github.com/JDinSeattle/forge-runtime/internal/provider","Elapsed":1.068}
{"Time":"2026-09-11T17:27:25.578140389-07:00","Action":"output","Package":"github.com/JDinSeattle/forge-runtime/internal/sandbox","Output":"ok  \tgithub.com/JDinSeattle/forge-runtime/internal/sandbox\t1.072s\n"}
{"Time":"2026-09-11T17:27:25.578169929-07:00","Action":"pass","Package":"github.com/JDinSeattle/forge-runtime/internal/sandbox","Elapsed":1.072}
{"Time":"2026-09-11T17:27:25.59368636-07:00","Action":"output","Package":"github.com/JDinSeattle/forge-runtime/internal/eventstream","Output":"ok  \tgithub.com/JDinSeattle/forge-runtime/internal/eventstream\t1.088s\n"}
{"Time":"2026-09-11T17:27:25.593714914-07:00","Action":"pass","Package":"github.com/JDinSeattle/forge-runtime/internal/eventstream","Elapsed":1.089}
{"Time":"2026-09-11T17:27:25.623417435-07:00","Action":"output","Package":"github.com/JDinSeattle/forge-runtime/tests/client","Output":"ok  \tgithub.com/JDinSeattle/forge-runtime/tests/client\t1.117s\n"}
{"Time":"2026-09-11T17:27:25.623449699-07:00","Action":"pass","Package":"github.com/JDinSeattle/forge-runtime/tests/client","Elapsed":1.117}
{"Time":"2026-09-11T17:27:25.624895993-07:00","Action":"output","Package":"github.com/JDinSeattle/forge-runtime/internal/telemetry","Test":"TestCollectorBackpressureKeepsObservationsBounded","Output":"--- PASS: TestCollectorBackpressureKeepsObservationsBounded (1.09s)\n"}
{"Time":"2026-09-11T17:27:25.624912716-07:00","Action":"pass","Package":"github.com/JDinSeattle/forge-runtime/internal/telemetry","Test":"TestCollectorBackpressureKeepsObservationsBounded","Elapsed":1.09}
{"Time":"2026-09-11T17:27:25.624916775-07:00","Action":"run","Package":"github.com/JDinSeattle/forge-runtime/internal/telemetry","Test":"TestBoundedPhaseLifecycleAndActualLinks"}
{"Time":"2026-09-11T17:27:25.624918936-07:00","Action":"output","Package":"github.com/JDinSeattle/forge-runtime/internal/telemetry","Test":"TestBoundedPhaseLifecycleAndActualLinks","Output":"=== RUN   TestBoundedPhaseLifecycleAndActualLinks\n"}
{"Time":"2026-09-11T17:27:25.627033584-07:00","Action":"output","Package":"github.com/JDinSeattle/forge-runtime/cmd/forge","Output":"ok  \tgithub.com/JDinSeattle/forge-runtime/cmd/forge\t1.237s\n"}
{"Time":"2026-09-11T17:27:25.627052318-07:00","Action":"pass","Package":"github.com/JDinSeattle/forge-runtime/cmd/forge","Elapsed":1.237}
{"Time":"2026-09-11T17:27:25.627645949-07:00","Action":"output","Package":"github.com/JDinSeattle/forge-runtime/internal/telemetry","Test":"TestBoundedPhaseLifecycleAndActualLinks","Output":"--- PASS: TestBoundedPhaseLifecycleAndActualLinks (0.00s)\n"}
{"Time":"2026-09-11T17:27:25.627654117-07:00","Action":"pass","Package":"github.com/JDinSeattle/forge-runtime/internal/telemetry","Test":"TestBoundedPhaseLifecycleAndActualLinks","Elapsed":0}
{"Time":"2026-09-11T17:27:25.627665363-07:00","Action":"run","Package":"github.com/JDinSeattle/forge-runtime/internal/telemetry","Test":"TestPinnedGenAIUsageKnownAndUnknown"}
{"Time":"2026-09-11T17:27:25.627667842-07:00","Action":"output","Package":"github.com/JDinSeattle/forge-runtime/internal/telemetry","Test":"TestPinnedGenAIUsageKnownAndUnknown","Output":"=== RUN   TestPinnedGenAIUsageKnownAndUnknown\n"}
{"Time":"2026-09-11T17:27:25.629007915-07:00","Action":"output","Package":"github.com/JDinSeattle/forge-runtime/internal/telemetry","Test":"TestPinnedGenAIUsageKnownAndUnknown","Output":"--- PASS: TestPinnedGenAIUsageKnownAndUnknown (0.00s)\n"}
{"Time":"2026-09-11T17:27:25.629013863-07:00","Action":"pass","Package":"github.com/JDinSeattle/forge-runtime/internal/telemetry","Test":"TestPinnedGenAIUsageKnownAndUnknown","Elapsed":0}
{"Time":"2026-09-11T17:27:25.62902217-07:00","Action":"run","Package":"github.com/JDinSeattle/forge-runtime/internal/telemetry","Test":"TestQueueTraceContinuityAndSSEWriter"}
{"Time":"2026-09-11T17:27:25.629023859-07:00","Action":"output","Package":"github.com/JDinSeattle/forge-runtime/internal/telemetry","Test":"TestQueueTraceContinuityAndSSEWriter","Output":"=== RUN   TestQueueTraceContinuityAndSSEWriter\n"}
{"Time":"2026-09-11T17:27:25.629740918-07:00","Action":"output","Package":"github.com/JDinSeattle/forge-runtime/internal/dependency","Output":"ok  \tgithub.com/JDinSeattle/forge-runtime/internal/dependency\t1.125s\n"}
{"Time":"2026-09-11T17:27:25.6297586-07:00","Action":"pass","Package":"github.com/JDinSeattle/forge-runtime/internal/dependency","Elapsed":1.125}
{"Time":"2026-09-11T17:27:25.633464737-07:00","Action":"output","Package":"github.com/JDinSeattle/forge-runtime/internal/telemetry","Test":"TestQueueTraceContinuityAndSSEWriter","Output":"--- PASS: TestQueueTraceContinuityAndSSEWriter (0.00s)\n"}
{"Time":"2026-09-11T17:27:25.633487902-07:00","Action":"pass","Package":"github.com/JDinSeattle/forge-runtime/internal/telemetry","Test":"TestQueueTraceContinuityAndSSEWriter","Elapsed":0}
{"Time":"2026-09-11T17:27:25.633494019-07:00","Action":"run","Package":"github.com/JDinSeattle/forge-runtime/internal/telemetry","Test":"TestUntrustedDimensionsCollapseAndEndIsConcurrentSafe"}
{"Time":"2026-09-11T17:27:25.633497452-07:00","Action":"output","Package":"github.com/JDinSeattle/forge-runtime/internal/telemetry","Test":"TestUntrustedDimensionsCollapseAndEndIsConcurrentSafe","Output":"=== RUN   TestUntrustedDimensionsCollapseAndEndIsConcurrentSafe\n"}
{"Time":"2026-09-11T17:27:25.63570986-07:00","Action":"output","Package":"github.com/JDinSeattle/forge-runtime/internal/telemetry","Test":"TestUntrustedDimensionsCollapseAndEndIsConcurrentSafe","Output":"--- PASS: TestUntrustedDimensionsCollapseAndEndIsConcurrentSafe (0.00s)\n"}
{"Time":"2026-09-11T17:27:25.635727889-07:00","Action":"pass","Package":"github.com/JDinSeattle/forge-runtime/internal/telemetry","Test":"TestUntrustedDimensionsCollapseAndEndIsConcurrentSafe","Elapsed":0}
{"Time":"2026-09-11T17:27:25.635731027-07:00","Action":"run","Package":"github.com/JDinSeattle/forge-runtime/internal/telemetry","Test":"TestUnmatchedPathsNeverBecomeLabels"}
{"Time":"2026-09-11T17:27:25.635732602-07:00","Action":"output","Package":"github.com/JDinSeattle/forge-runtime/internal/telemetry","Test":"TestUnmatchedPathsNeverBecomeLabels","Output":"=== RUN   TestUnmatchedPathsNeverBecomeLabels\n"}
{"Time":"2026-09-11T17:27:25.667234556-07:00","Action":"output","Package":"github.com/JDinSeattle/forge-runtime/internal/telemetry","Test":"TestUnmatchedPathsNeverBecomeLabels","Output":"--- PASS: TestUnmatchedPathsNeverBecomeLabels (0.03s)\n"}
{"Time":"2026-09-11T17:27:25.66725556-07:00","Action":"pass","Package":"github.com/JDinSeattle/forge-runtime/internal/telemetry","Test":"TestUnmatchedPathsNeverBecomeLabels","Elapsed":0.03}
{"Time":"2026-09-11T17:27:25.667260817-07:00","Action":"run","Package":"github.com/JDinSeattle/forge-runtime/internal/telemetry","Test":"TestPanicEndsSpanWithoutRecordingPayload"}
{"Time":"2026-09-11T17:27:25.667264896-07:00","Action":"output","Package":"github.com/JDinSeattle/forge-runtime/internal/telemetry","Test":"TestPanicEndsSpanWithoutRecordingPayload","Output":"=== RUN   TestPanicEndsSpanWithoutRecordingPayload\n"}
{"Time":"2026-09-11T17:27:25.669016257-07:00","Action":"output","Package":"github.com/JDinSeattle/forge-runtime/internal/telemetry","Test":"TestPanicEndsSpanWithoutRecordingPayload","Output":"--- PASS: TestPanicEndsSpanWithoutRecordingPayload (0.00s)\n"}
{"Time":"2026-09-11T17:27:25.66902927-07:00","Action":"pass","Package":"github.com/JDinSeattle/forge-runtime/internal/telemetry","Test":"TestPanicEndsSpanWithoutRecordingPayload","Elapsed":0}
{"Time":"2026-09-11T17:27:25.669032028-07:00","Action":"run","Package":"github.com/JDinSeattle/forge-runtime/internal/telemetry","Test":"TestSetupIsolationAndInvalidTraceparent"}
{"Time":"2026-09-11T17:27:25.669033434-07:00","Action":"output","Package":"github.com/JDinSeattle/forge-runtime/internal/telemetry","Test":"TestSetupIsolationAndInvalidTraceparent","Output":"=== RUN   TestSetupIsolationAndInvalidTraceparent\n"}
{"Time":"2026-09-11T17:27:25.669950271-07:00","Action":"output","Package":"github.com/JDinSeattle/forge-runtime/internal/artifact","Test":"TestCollectionFailsClosedAndCollectsOnlyAgedRecognizedNames","Output":"--- PASS: TestCollectionFailsClosedAndCollectsOnlyAgedRecognizedNames (0.17s)\n"}
{"Time":"2026-09-11T17:27:25.669964373-07:00","Action":"pass","Package":"github.com/JDinSeattle/forge-runtime/internal/artifact","Test":"TestCollectionFailsClosedAndCollectsOnlyAgedRecognizedNames","Elapsed":0.17}
{"Time":"2026-09-11T17:27:25.669977246-07:00","Action":"run","Package":"github.com/JDinSeattle/forge-runtime/internal/artifact","Test":"TestPublicationLockSurvivesAcrossProcessesAndReleasesOnDeath"}
{"Time":"2026-09-11T17:27:25.669979571-07:00","Action":"output","Package":"github.com/JDinSeattle/forge-runtime/internal/artifact","Test":"TestPublicationLockSurvivesAcrossProcessesAndReleasesOnDeath","Output":"=== RUN   TestPublicationLockSurvivesAcrossProcessesAndReleasesOnDeath\n"}
{"Time":"2026-09-11T17:27:25.671499658-07:00","Action":"output","Package":"github.com/JDinSeattle/forge-runtime/internal/telemetry","Test":"TestSetupIsolationAndInvalidTraceparent","Output":"--- PASS: TestSetupIsolationAndInvalidTraceparent (0.00s)\n"}
{"Time":"2026-09-11T17:27:25.671510848-07:00","Action":"pass","Package":"github.com/JDinSeattle/forge-runtime/internal/telemetry","Test":"TestSetupIsolationAndInvalidTraceparent","Elapsed":0}
{"Time":"2026-09-11T17:27:25.671514403-07:00","Action":"run","Package":"github.com/JDinSeattle/forge-runtime/internal/telemetry","Test":"TestOperationalSnapshotsAndSSECleanup"}
{"Time":"2026-09-11T17:27:25.67151682-07:00","Action":"output","Package":"github.com/JDinSeattle/forge-runtime/internal/telemetry","Test":"TestOperationalSnapshotsAndSSECleanup","Output":"=== RUN   TestOperationalSnapshotsAndSSECleanup\n"}
{"Time":"2026-09-11T17:27:25.672733036-07:00","Action":"output","Package":"github.com/JDinSeattle/forge-runtime/internal/telemetry","Test":"TestOperationalSnapshotsAndSSECleanup","Output":"--- PASS: TestOperationalSnapshotsAndSSECleanup (0.00s)\n"}
{"Time":"2026-09-11T17:27:25.672771449-07:00","Action":"pass","Package":"github.com/JDinSeattle/forge-runtime/internal/telemetry","Test":"TestOperationalSnapshotsAndSSECleanup","Elapsed":0}
{"Time":"2026-09-11T17:27:25.672788144-07:00","Action":"output","Package":"github.com/JDinSeattle/forge-runtime/internal/telemetry","Output":"PASS\n"}
{"Time":"2026-09-11T17:27:25.740215353-07:00","Action":"output","Package":"github.com/JDinSeattle/forge-runtime/internal/runner","Test":"TestAppliedPatchReceiptWindowRecoversWithoutReplay","Output":"--- PASS: TestAppliedPatchReceiptWindowRecoversWithoutReplay (0.63s)\n"}
{"Time":"2026-09-11T17:27:25.740237032-07:00","Action":"pass","Package":"github.com/JDinSeattle/forge-runtime/internal/runner","Test":"TestAppliedPatchReceiptWindowRecoversWithoutReplay","Elapsed":0.63}
{"Time":"2026-09-11T17:27:25.740244636-07:00","Action":"run","Package":"github.com/JDinSeattle/forge-runtime/internal/runner","Test":"TestPartialMultiFilePatchRemainsUnknownAndBlocksAdoption"}
{"Time":"2026-09-11T17:27:25.740246865-07:00","Action":"output","Package":"github.com/JDinSeattle/forge-runtime/internal/runner","Test":"TestPartialMultiFilePatchRemainsUnknownAndBlocksAdoption","Output":"=== RUN   TestPartialMultiFilePatchRemainsUnknownAndBlocksAdoption\n"}
{"Time":"2026-09-11T17:27:25.775487899-07:00","Action":"output","Package":"github.com/JDinSeattle/forge-runtime/internal/retention","Test":"TestCrossStoreOrphanCollectionPublicationRaces","Output":"    objects_test.go:244: READY refs=2, runner-only refs=1, old orphan deleted=1; both GC/publication orderings preserved consistency\n"}
{"Time":"2026-09-11T17:27:25.810965838-07:00","Action":"output","Package":"github.com/JDinSeattle/forge-runtime/internal/persistence","Test":"TestClaimFencingAndCapacity","Output":"--- PASS: TestClaimFencingAndCapacity (0.36s)\n"}
{"Time":"2026-09-11T17:27:25.811004268-07:00","Action":"pass","Package":"github.com/JDinSeattle/forge-runtime/internal/persistence","Test":"TestClaimFencingAndCapacity","Elapsed":0.36}
{"Time":"2026-09-11T17:27:25.811032056-07:00","Action":"run","Package":"github.com/JDinSeattle/forge-runtime/internal/persistence","Test":"TestControlAndReadyEvidence"}
{"Time":"2026-09-11T17:27:25.811036626-07:00","Action":"output","Package":"github.com/JDinSeattle/forge-runtime/internal/persistence","Test":"TestControlAndReadyEvidence","Output":"=== RUN   TestControlAndReadyEvidence\n"}
{"Time":"2026-09-11T17:27:25.823098714-07:00","Action":"output","Package":"github.com/JDinSeattle/forge-runtime/internal/retention","Test":"TestCrossStoreOrphanCollectionPublicationRaces","Output":"--- PASS: TestCrossStoreOrphanCollectionPublicationRaces (1.11s)\n"}
{"Time":"2026-09-11T17:27:25.823122082-07:00","Action":"pass","Package":"github.com/JDinSeattle/forge-runtime/internal/retention","Test":"TestCrossStoreOrphanCollectionPublicationRaces","Elapsed":1.11}
{"Time":"2026-09-11T17:27:25.823134452-07:00","Action":"output","Package":"github.com/JDinSeattle/forge-runtime/internal/retention","Output":"PASS\n"}
{"Time":"2026-09-11T17:27:25.984696801-07:00","Action":"output","Package":"github.com/JDinSeattle/forge-runtime/internal/quota","Test":"TestSettlementExactlyOnceAndActualOverage","Output":"--- PASS: TestSettlementExactlyOnceAndActualOverage (0.44s)\n"}
{"Time":"2026-09-11T17:27:25.984720739-07:00","Action":"pass","Package":"github.com/JDinSeattle/forge-runtime/internal/quota","Test":"TestSettlementExactlyOnceAndActualOverage","Elapsed":0.44}
{"Time":"2026-09-11T17:27:25.984726131-07:00","Action":"run","Package":"github.com/JDinSeattle/forge-runtime/internal/quota","Test":"TestUnknownRetainsTokenAndCostAcrossExpiryAndWindowRotation"}
{"Time":"2026-09-11T17:27:25.984727603-07:00","Action":"output","Package":"github.com/JDinSeattle/forge-runtime/internal/quota","Test":"TestUnknownRetainsTokenAndCostAcrossExpiryAndWindowRotation","Output":"=== RUN   TestUnknownRetainsTokenAndCostAcrossExpiryAndWindowRotation\n"}
{"Time":"2026-09-11T17:27:25.988441274-07:00","Action":"output","Package":"github.com/JDinSeattle/forge-runtime/internal/artifact","Test":"TestPublicationLockSurvivesAcrossProcessesAndReleasesOnDeath","Output":"--- PASS: TestPublicationLockSurvivesAcrossProcessesAndReleasesOnDeath (0.32s)\n"}
{"Time":"2026-09-11T17:27:25.98846925-07:00","Action":"pass","Package":"github.com/JDinSeattle/forge-runtime/internal/artifact","Test":"TestPublicationLockSurvivesAcrossProcessesAndReleasesOnDeath","Elapsed":0.32}
{"Time":"2026-09-11T17:27:25.988473033-07:00","Action":"output","Package":"github.com/JDinSeattle/forge-runtime/internal/artifact","Output":"PASS\n"}
{"Time":"2026-09-11T17:27:26.037629926-07:00","Action":"output","Package":"github.com/JDinSeattle/forge-runtime/internal/runtime","Output":"ok  \tgithub.com/JDinSeattle/forge-runtime/internal/runtime\t1.532s\n"}
{"Time":"2026-09-11T17:27:26.037671573-07:00","Action":"pass","Package":"github.com/JDinSeattle/forge-runtime/internal/runtime","Elapsed":1.532}
{"Time":"2026-09-11T17:27:26.139893405-07:00","Action":"output","Package":"github.com/JDinSeattle/forge-runtime/internal/persistence","Test":"TestControlAndReadyEvidence","Output":"--- PASS: TestControlAndReadyEvidence (0.33s)\n"}
{"Time":"2026-09-11T17:27:26.139922948-07:00","Action":"pass","Package":"github.com/JDinSeattle/forge-runtime/internal/persistence","Test":"TestControlAndReadyEvidence","Elapsed":0.33}
{"Time":"2026-09-11T17:27:26.139929238-07:00","Action":"run","Package":"github.com/JDinSeattle/forge-runtime/internal/persistence","Test":"TestSubmitWithoutParentPreservesPreRetryIdempotencyHashInput"}
{"Time":"2026-09-11T17:27:26.139931591-07:00","Action":"output","Package":"github.com/JDinSeattle/forge-runtime/internal/persistence","Test":"TestSubmitWithoutParentPreservesPreRetryIdempotencyHashInput","Output":"=== RUN   TestSubmitWithoutParentPreservesPreRetryIdempotencyHashInput\n"}
{"Time":"2026-09-11T17:27:26.139970162-07:00","Action":"output","Package":"github.com/JDinSeattle/forge-runtime/internal/persistence","Test":"TestSubmitWithoutParentPreservesPreRetryIdempotencyHashInput","Output":"--- PASS: TestSubmitWithoutParentPreservesPreRetryIdempotencyHashInput (0.00s)\n"}
{"Time":"2026-09-11T17:27:26.139974507-07:00","Action":"pass","Package":"github.com/JDinSeattle/forge-runtime/internal/persistence","Test":"TestSubmitWithoutParentPreservesPreRetryIdempotencyHashInput","Elapsed":0}
{"Time":"2026-09-11T17:27:26.139978519-07:00","Action":"run","Package":"github.com/JDinSeattle/forge-runtime/internal/persistence","Test":"TestObservationOnlyAfterConfirmedCommit"}
{"Time":"2026-09-11T17:27:26.139981897-07:00","Action":"output","Package":"github.com/JDinSeattle/forge-runtime/internal/persistence","Test":"TestObservationOnlyAfterConfirmedCommit","Output":"=== RUN   TestObservationOnlyAfterConfirmedCommit\n"}
{"Time":"2026-09-11T17:27:26.139993347-07:00","Action":"run","Package":"github.com/JDinSeattle/forge-runtime/internal/persistence","Test":"TestObservationOnlyAfterConfirmedCommit/committed"}
{"Time":"2026-09-11T17:27:26.13999742-07:00","Action":"output","Package":"github.com/JDinSeattle/forge-runtime/internal/persistence","Test":"TestObservationOnlyAfterConfirmedCommit/committed","Output":"=== RUN   TestObservationOnlyAfterConfirmedCommit/committed\n"}
{"Time":"2026-09-11T17:27:26.140020949-07:00","Action":"output","Package":"github.com/JDinSeattle/forge-runtime/internal/persistence","Test":"TestObservationOnlyAfterConfirmedCommit/committed","Output":"--- PASS: TestObservationOnlyAfterConfirmedCommit/committed (0.00s)\n"}
{"Time":"2026-09-11T17:27:26.140032528-07:00","Action":"pass","Package":"github.com/JDinSeattle/forge-runtime/internal/persistence","Test":"TestObservationOnlyAfterConfirmedCommit/committed","Elapsed":0}
{"Time":"2026-09-11T17:27:26.140035629-07:00","Action":"run","Package":"github.com/JDinSeattle/forge-runtime/internal/persistence","Test":"TestObservationOnlyAfterConfirmedCommit/rollback"}
{"Time":"2026-09-11T17:27:26.140037434-07:00","Action":"output","Package":"github.com/JDinSeattle/forge-runtime/internal/persistence","Test":"TestObservationOnlyAfterConfirmedCommit/rollback","Output":"=== RUN   TestObservationOnlyAfterConfirmedCommit/rollback\n"}
{"Time":"2026-09-11T17:27:26.140052575-07:00","Action":"output","Package":"github.com/JDinSeattle/forge-runtime/internal/persistence","Test":"TestObservationOnlyAfterConfirmedCommit/rollback","Output":"--- PASS: TestObservationOnlyAfterConfirmedCommit/rollback (0.00s)\n"}
{"Time":"2026-09-11T17:27:26.140056248-07:00","Action":"pass","Package":"github.com/JDinSeattle/forge-runtime/internal/persistence","Test":"TestObservationOnlyAfterConfirmedCommit/rollback","Elapsed":0}
{"Time":"2026-09-11T17:27:26.140061271-07:00","Action":"run","Package":"github.com/JDinSeattle/forge-runtime/internal/persistence","Test":"TestObservationOnlyAfterConfirmedCommit/failed_commit"}
{"Time":"2026-09-11T17:27:26.140063838-07:00","Action":"output","Package":"github.com/JDinSeattle/forge-runtime/internal/persistence","Test":"TestObservationOnlyAfterConfirmedCommit/failed_commit","Output":"=== RUN   TestObservationOnlyAfterConfirmedCommit/failed_commit\n"}
{"Time":"2026-09-11T17:27:26.140076997-07:00","Action":"output","Package":"github.com/JDinSeattle/forge-runtime/internal/persistence","Test":"TestObservationOnlyAfterConfirmedCommit/failed_commit","Output":"--- PASS: TestObservationOnlyAfterConfirmedCommit/failed_commit (0.00s)\n"}
{"Time":"2026-09-11T17:27:26.140080457-07:00","Action":"pass","Package":"github.com/JDinSeattle/forge-runtime/internal/persistence","Test":"TestObservationOnlyAfterConfirmedCommit/failed_commit","Elapsed":0}
{"Time":"2026-09-11T17:27:26.140090355-07:00","Action":"run","Package":"github.com/JDinSeattle/forge-runtime/internal/persistence","Test":"TestObservationOnlyAfterConfirmedCommit/ambiguous_commit"}
{"Time":"2026-09-11T17:27:26.140093261-07:00","Action":"output","Package":"github.com/JDinSeattle/forge-runtime/internal/persistence","Test":"TestObservationOnlyAfterConfirmedCommit/ambiguous_commit","Output":"=== RUN   TestObservationOnlyAfterConfirmedCommit/ambiguous_commit\n"}
{"Time":"2026-09-11T17:27:26.140111192-07:00","Action":"output","Package":"github.com/JDinSeattle/forge-runtime/internal/persistence","Test":"TestObservationOnlyAfterConfirmedCommit/ambiguous_commit","Output":"--- PASS: TestObservationOnlyAfterConfirmedCommit/ambiguous_commit (0.00s)\n"}
{"Time":"2026-09-11T17:27:26.140115051-07:00","Action":"pass","Package":"github.com/JDinSeattle/forge-runtime/internal/persistence","Test":"TestObservationOnlyAfterConfirmedCommit/ambiguous_commit","Elapsed":0}
{"Time":"2026-09-11T17:27:26.140124481-07:00","Action":"output","Package":"github.com/JDinSeattle/forge-runtime/internal/persistence","Test":"TestObservationOnlyAfterConfirmedCommit","Output":"--- PASS: TestObservationOnlyAfterConfirmedCommit (0.00s)\n"}
{"Time":"2026-09-11T17:27:26.140128367-07:00","Action":"pass","Package":"github.com/JDinSeattle/forge-runtime/internal/persistence","Test":"TestObservationOnlyAfterConfirmedCommit","Elapsed":0}
{"Time":"2026-09-11T17:27:26.140132794-07:00","Action":"run","Package":"github.com/JDinSeattle/forge-runtime/internal/persistence","Test":"TestTelemetryPostgresCommitRollbackAndReconciliation"}
{"Time":"2026-09-11T17:27:26.140135041-07:00","Action":"output","Package":"github.com/JDinSeattle/forge-runtime/internal/persistence","Test":"TestTelemetryPostgresCommitRollbackAndReconciliation","Output":"=== RUN   TestTelemetryPostgresCommitRollbackAndReconciliation\n"}
{"Time":"2026-09-11T17:27:26.154223139-07:00","Action":"output","Package":"github.com/JDinSeattle/forge-runtime/internal/application","Test":"TestPrepareCapacityRequeuesAtomically","Output":"    capacity_integration_test.go:172: capacity_requeue snapshot={\"kind\":\"capacity_rejected\",\"expected_version\":4,\"owner\":\"retry-worker\",\"epoch\":2,\"at\":\"2026-09-11T17:27:26.146438-07:00\",\"not_before\":\"2026-09-11T17:27:27.146438-07:00\"} allocation_state=released runner=runner workspace=run_EDORDVYE52TEE6KQQ7AOU2BLMU\n"}
{"Time":"2026-09-11T17:27:26.246376704-07:00","Action":"output","Package":"github.com/JDinSeattle/forge-runtime/internal/runner","Test":"TestPartialMultiFilePatchRemainsUnknownAndBlocksAdoption","Output":"--- PASS: TestPartialMultiFilePatchRemainsUnknownAndBlocksAdoption (0.51s)\n"}
{"Time":"2026-09-11T17:27:26.246442544-07:00","Action":"pass","Package":"github.com/JDinSeattle/forge-runtime/internal/runner","Test":"TestPartialMultiFilePatchRemainsUnknownAndBlocksAdoption","Elapsed":0.51}
{"Time":"2026-09-11T17:27:26.2464546-07:00","Action":"run","Package":"github.com/JDinSeattle/forge-runtime/internal/runner","Test":"TestUnknownStartDoesNotCreateAnotherJob"}
{"Time":"2026-09-11T17:27:26.246460658-07:00","Action":"output","Package":"github.com/JDinSeattle/forge-runtime/internal/runner","Test":"TestUnknownStartDoesNotCreateAnotherJob","Output":"=== RUN   TestUnknownStartDoesNotCreateAnotherJob\n"}
{"Time":"2026-09-11T17:27:26.322872268-07:00","Action":"output","Package":"github.com/JDinSeattle/forge-runtime/internal/quota","Test":"TestUnknownRetainsTokenAndCostAcrossExpiryAndWindowRotation","Output":"--- PASS: TestUnknownRetainsTokenAndCostAcrossExpiryAndWindowRotation (0.34s)\n"}
{"Time":"2026-09-11T17:27:26.322910736-07:00","Action":"pass","Package":"github.com/JDinSeattle/forge-runtime/internal/quota","Test":"TestUnknownRetainsTokenAndCostAcrossExpiryAndWindowRotation","Elapsed":0.34}
{"Time":"2026-09-11T17:27:26.322918941-07:00","Action":"run","Package":"github.com/JDinSeattle/forge-runtime/internal/quota","Test":"TestCircuitSharedSingleProbeAndCrashAfterSettlement"}
{"Time":"2026-09-11T17:27:26.322922371-07:00","Action":"output","Package":"github.com/JDinSeattle/forge-runtime/internal/quota","Test":"TestCircuitSharedSingleProbeAndCrashAfterSettlement","Output":"=== RUN   TestCircuitSharedSingleProbeAndCrashAfterSettlement\n"}
{"Time":"2026-09-11T17:27:26.39103646-07:00","Action":"output","Package":"github.com/JDinSeattle/forge-runtime/internal/runnerclient","Output":"ok  \tgithub.com/JDinSeattle/forge-runtime/internal/runnerclient\t1.885s\n"}
{"Time":"2026-09-11T17:27:26.391078071-07:00","Action":"pass","Package":"github.com/JDinSeattle/forge-runtime/internal/runnerclient","Elapsed":1.885}
{"Time":"2026-09-11T17:27:26.426413851-07:00","Action":"output","Package":"github.com/JDinSeattle/forge-runtime/internal/persistence","Test":"TestTelemetryPostgresCommitRollbackAndReconciliation","Output":"--- PASS: TestTelemetryPostgresCommitRollbackAndReconciliation (0.29s)\n"}
{"Time":"2026-09-11T17:27:26.426443257-07:00","Action":"pass","Package":"github.com/JDinSeattle/forge-runtime/internal/persistence","Test":"TestTelemetryPostgresCommitRollbackAndReconciliation","Elapsed":0.29}
{"Time":"2026-09-11T17:27:26.426452989-07:00","Action":"run","Package":"github.com/JDinSeattle/forge-runtime/internal/persistence","Test":"TestTelemetryImmediateDeferNeverCountsExpiration"}
{"Time":"2026-09-11T17:27:26.426456433-07:00","Action":"output","Package":"github.com/JDinSeattle/forge-runtime/internal/persistence","Test":"TestTelemetryImmediateDeferNeverCountsExpiration","Output":"=== RUN   TestTelemetryImmediateDeferNeverCountsExpiration\n"}
{"Time":"2026-09-11T17:27:26.639901106-07:00","Action":"output","Package":"github.com/JDinSeattle/forge-runtime/internal/runner","Test":"TestUnknownStartDoesNotCreateAnotherJob","Output":"--- PASS: TestUnknownStartDoesNotCreateAnotherJob (0.39s)\n"}
{"Time":"2026-09-11T17:27:26.639956247-07:00","Action":"pass","Package":"github.com/JDinSeattle/forge-runtime/internal/runner","Test":"TestUnknownStartDoesNotCreateAnotherJob","Elapsed":0.39}
{"Time":"2026-09-11T17:27:26.639966962-07:00","Action":"run","Package":"github.com/JDinSeattle/forge-runtime/internal/runner","Test":"TestScopeAndPathBoundaries"}
{"Time":"2026-09-11T17:27:26.639972458-07:00","Action":"output","Package":"github.com/JDinSeattle/forge-runtime/internal/runner","Test":"TestScopeAndPathBoundaries","Output":"=== RUN   TestScopeAndPathBoundaries\n"}
{"Time":"2026-09-11T17:27:26.678315792-07:00","Action":"output","Package":"github.com/JDinSeattle/forge-runtime/internal/telemetry","Output":"ok  \tgithub.com/JDinSeattle/forge-runtime/internal/telemetry\t2.172s\n"}
{"Time":"2026-09-11T17:27:26.678375626-07:00","Action":"pass","Package":"github.com/JDinSeattle/forge-runtime/internal/telemetry","Elapsed":2.172}
{"Time":"2026-09-11T17:27:26.741429131-07:00","Action":"output","Package":"github.com/JDinSeattle/forge-runtime/internal/quota","Test":"TestCircuitSharedSingleProbeAndCrashAfterSettlement","Output":"--- PASS: TestCircuitSharedSingleProbeAndCrashAfterSettlement (0.42s)\n"}
{"Time":"2026-09-11T17:27:26.741453515-07:00","Action":"pass","Package":"github.com/JDinSeattle/forge-runtime/internal/quota","Test":"TestCircuitSharedSingleProbeAndCrashAfterSettlement","Elapsed":0.42}
{"Time":"2026-09-11T17:27:26.741458064-07:00","Action":"output","Package":"github.com/JDinSeattle/forge-runtime/internal/quota","Output":"PASS\n"}
{"Time":"2026-09-11T17:27:26.827880828-07:00","Action":"output","Package":"github.com/JDinSeattle/forge-runtime/internal/retention","Output":"ok  \tgithub.com/JDinSeattle/forge-runtime/internal/retention\t2.322s\n"}
{"Time":"2026-09-11T17:27:26.8279077-07:00","Action":"pass","Package":"github.com/JDinSeattle/forge-runtime/internal/retention","Elapsed":2.322}
{"Time":"2026-09-11T17:27:26.946555571-07:00","Action":"output","Package":"github.com/JDinSeattle/forge-runtime/internal/runner","Test":"TestScopeAndPathBoundaries","Output":"--- PASS: TestScopeAndPathBoundaries (0.31s)\n"}
{"Time":"2026-09-11T17:27:26.946591689-07:00","Action":"pass","Package":"github.com/JDinSeattle/forge-runtime/internal/runner","Test":"TestScopeAndPathBoundaries","Elapsed":0.31}
{"Time":"2026-09-11T17:27:26.946601329-07:00","Action":"run","Package":"github.com/JDinSeattle/forge-runtime/internal/runner","Test":"TestGrantExpiryPermissionAndLeaseMargin"}
{"Time":"2026-09-11T17:27:26.946605741-07:00","Action":"output","Package":"github.com/JDinSeattle/forge-runtime/internal/runner","Test":"TestGrantExpiryPermissionAndLeaseMargin","Output":"=== RUN   TestGrantExpiryPermissionAndLeaseMargin\n"}
{"Time":"2026-09-11T17:27:26.946911039-07:00","Action":"output","Package":"github.com/JDinSeattle/forge-runtime/internal/runner","Test":"TestGrantExpiryPermissionAndLeaseMargin","Output":"--- PASS: TestGrantExpiryPermissionAndLeaseMargin (0.00s)\n"}
{"Time":"2026-09-11T17:27:26.946926225-07:00","Action":"pass","Package":"github.com/JDinSeattle/forge-runtime/internal/runner","Test":"TestGrantExpiryPermissionAndLeaseMargin","Elapsed":0}
{"Time":"2026-09-11T17:27:26.946946463-07:00","Action":"run","Package":"github.com/JDinSeattle/forge-runtime/internal/runner","Test":"TestFencedAdoptionCancelsOldJobBeforeNewWrites"}
{"Time":"2026-09-11T17:27:26.946953227-07:00","Action":"output","Package":"github.com/JDinSeattle/forge-runtime/internal/runner","Test":"TestFencedAdoptionCancelsOldJobBeforeNewWrites","Output":"=== RUN   TestFencedAdoptionCancelsOldJobBeforeNewWrites\n"}
{"Time":"2026-09-11T17:27:26.99220671-07:00","Action":"output","Package":"github.com/JDinSeattle/forge-runtime/internal/artifact","Output":"ok  \tgithub.com/JDinSeattle/forge-runtime/internal/artifact\t2.487s\n"}
{"Time":"2026-09-11T17:27:26.992235082-07:00","Action":"pass","Package":"github.com/JDinSeattle/forge-runtime/internal/artifact","Elapsed":2.487}
{"Time":"2026-09-11T17:27:27.515575413-07:00","Action":"run","Package":"github.com/JDinSeattle/forge-runtime/tests/review","Test":"TestReviewFailedVerifierDiagnosticsEnableNextRepair/native_false/cleanup_after_snapshot_publication"}
{"Time":"2026-09-11T17:27:27.515678138-07:00","Action":"output","Package":"github.com/JDinSeattle/forge-runtime/tests/review","Test":"TestReviewFailedVerifierDiagnosticsEnableNextRepair/native_false/cleanup_after_snapshot_publication","Output":"=== RUN   TestReviewFailedVerifierDiagnosticsEnableNextRepair/native_false/cleanup_after_snapshot_publication\n"}
{"Time":"2026-09-11T17:27:27.590583702-07:00","Action":"output","Package":"github.com/JDinSeattle/forge-runtime/internal/runner","Test":"TestFencedAdoptionCancelsOldJobBeforeNewWrites","Output":"--- PASS: TestFencedAdoptionCancelsOldJobBeforeNewWrites (0.64s)\n"}
{"Time":"2026-09-11T17:27:27.590611557-07:00","Action":"pass","Package":"github.com/JDinSeattle/forge-runtime/internal/runner","Test":"TestFencedAdoptionCancelsOldJobBeforeNewWrites","Elapsed":0.64}
{"Time":"2026-09-11T17:27:27.590619754-07:00","Action":"run","Package":"github.com/JDinSeattle/forge-runtime/internal/runner","Test":"TestStableDaemonJobRecoveredAcrossJournalReopen"}
{"Time":"2026-09-11T17:27:27.590622109-07:00","Action":"output","Package":"github.com/JDinSeattle/forge-runtime/internal/runner","Test":"TestStableDaemonJobRecoveredAcrossJournalReopen","Output":"=== RUN   TestStableDaemonJobRecoveredAcrossJournalReopen\n"}
{"Time":"2026-09-11T17:27:27.752970797-07:00","Action":"output","Package":"github.com/JDinSeattle/forge-runtime/internal/quota","Output":"ok  \tgithub.com/JDinSeattle/forge-runtime/internal/quota\t3.247s\n"}
{"Time":"2026-09-11T17:27:27.753014568-07:00","Action":"pass","Package":"github.com/JDinSeattle/forge-runtime/internal/quota","Elapsed":3.247}
{"Time":"2026-09-11T17:27:27.858115166-07:00","Action":"output","Package":"github.com/JDinSeattle/forge-runtime/tests/review","Test":"TestReviewFailedVerifierDiagnosticsEnableNextRepair/native_false/cleanup_after_snapshot_publication","Output":"--- PASS: TestReviewFailedVerifierDiagnosticsEnableNextRepair/native_false/cleanup_after_snapshot_publication (0.34s)\n"}
{"Time":"2026-09-11T17:27:27.858151122-07:00","Action":"pass","Package":"github.com/JDinSeattle/forge-runtime/tests/review","Test":"TestReviewFailedVerifierDiagnosticsEnableNextRepair/native_false/cleanup_after_snapshot_publication","Elapsed":0.34}
{"Time":"2026-09-11T17:27:27.912564629-07:00","Action":"output","Package":"github.com/JDinSeattle/forge-runtime/tests/review","Test":"TestReviewFailedVerifierDiagnosticsEnableNextRepair/native_false","Output":"--- PASS: TestReviewFailedVerifierDiagnosticsEnableNextRepair/native_false (2.94s)\n"}
{"Time":"2026-09-11T17:27:27.912608689-07:00","Action":"pass","Package":"github.com/JDinSeattle/forge-runtime/tests/review","Test":"TestReviewFailedVerifierDiagnosticsEnableNextRepair/native_false","Elapsed":2.94}
{"Time":"2026-09-11T17:27:27.912619355-07:00","Action":"run","Package":"github.com/JDinSeattle/forge-runtime/tests/review","Test":"TestReviewFailedVerifierDiagnosticsEnableNextRepair/native_true"}
{"Time":"2026-09-11T17:27:27.912622867-07:00","Action":"output","Package":"github.com/JDinSeattle/forge-runtime/tests/review","Test":"TestReviewFailedVerifierDiagnosticsEnableNextRepair/native_true","Output":"=== RUN   TestReviewFailedVerifierDiagnosticsEnableNextRepair/native_true\n"}
{"Time":"2026-09-11T17:27:28.049997269-07:00","Action":"output","Package":"github.com/JDinSeattle/forge-runtime/internal/httpapi","Test":"TestSSESurvivesIndependentDatabaseDeadline","Output":"--- PASS: TestSSESurvivesIndependentDatabaseDeadline (3.52s)\n"}
{"Time":"2026-09-11T17:27:28.050027094-07:00","Action":"pass","Package":"github.com/JDinSeattle/forge-runtime/internal/httpapi","Test":"TestSSESurvivesIndependentDatabaseDeadline","Elapsed":3.52}
{"Time":"2026-09-11T17:27:28.05003465-07:00","Action":"output","Package":"github.com/JDinSeattle/forge-runtime/internal/httpapi","Output":"PASS\n"}
{"Time":"2026-09-11T17:27:28.084502042-07:00","Action":"output","Package":"github.com/JDinSeattle/forge-runtime/internal/runner","Test":"TestStableDaemonJobRecoveredAcrossJournalReopen","Output":"--- PASS: TestStableDaemonJobRecoveredAcrossJournalReopen (0.49s)\n"}
{"Time":"2026-09-11T17:27:28.084548623-07:00","Action":"pass","Package":"github.com/JDinSeattle/forge-runtime/internal/runner","Test":"TestStableDaemonJobRecoveredAcrossJournalReopen","Elapsed":0.49}
{"Time":"2026-09-11T17:27:28.084564547-07:00","Action":"run","Package":"github.com/JDinSeattle/forge-runtime/internal/runner","Test":"TestSnapshotReleasePreserveReceiptAndCloseAdmission"}
{"Time":"2026-09-11T17:27:28.084571279-07:00","Action":"output","Package":"github.com/JDinSeattle/forge-runtime/internal/runner","Test":"TestSnapshotReleasePreserveReceiptAndCloseAdmission","Output":"=== RUN   TestSnapshotReleasePreserveReceiptAndCloseAdmission\n"}
{"Time":"2026-09-11T17:27:28.583054915-07:00","Action":"output","Package":"github.com/JDinSeattle/forge-runtime/internal/runner","Test":"TestSnapshotReleasePreserveReceiptAndCloseAdmission","Output":"--- PASS: TestSnapshotReleasePreserveReceiptAndCloseAdmission (0.50s)\n"}
{"Time":"2026-09-11T17:27:28.583080151-07:00","Action":"pass","Package":"github.com/JDinSeattle/forge-runtime/internal/runner","Test":"TestSnapshotReleasePreserveReceiptAndCloseAdmission","Elapsed":0.5}
{"Time":"2026-09-11T17:27:28.583084205-07:00","Action":"run","Package":"github.com/JDinSeattle/forge-runtime/internal/runner","Test":"TestWorkspaceLockExcludesOtherProcesses"}
{"Time":"2026-09-11T17:27:28.583085752-07:00","Action":"output","Package":"github.com/JDinSeattle/forge-runtime/internal/runner","Test":"TestWorkspaceLockExcludesOtherProcesses","Output":"=== RUN   TestWorkspaceLockExcludesOtherProcesses\n"}
{"Time":"2026-09-11T17:27:28.658122969-07:00","Action":"output","Package":"github.com/JDinSeattle/forge-runtime/internal/persistence","Test":"TestTelemetryImmediateDeferNeverCountsExpiration","Output":"    telemetry_test.go:164: 100 immediate Defer cycles; 94 equal-microsecond SQL timestamps; zero false expirations\n"}
{"Time":"2026-09-11T17:27:28.698651582-07:00","Action":"output","Package":"github.com/JDinSeattle/forge-runtime/internal/persistence","Test":"TestTelemetryImmediateDeferNeverCountsExpiration","Output":"--- PASS: TestTelemetryImmediateDeferNeverCountsExpiration (2.27s)\n"}
{"Time":"2026-09-11T17:27:28.698684943-07:00","Action":"pass","Package":"github.com/JDinSeattle/forge-runtime/internal/persistence","Test":"TestTelemetryImmediateDeferNeverCountsExpiration","Elapsed":2.27}
{"Time":"2026-09-11T17:27:28.698693263-07:00","Action":"run","Package":"github.com/JDinSeattle/forge-runtime/internal/persistence","Test":"TestDatabaseDefaultDeadlineReleasesBlockedRead"}
{"Time":"2026-09-11T17:27:28.698849106-07:00","Action":"output","Package":"github.com/JDinSeattle/forge-runtime/internal/persistence","Test":"TestDatabaseDefaultDeadlineReleasesBlockedRead","Output":"=== RUN   TestDatabaseDefaultDeadlineReleasesBlockedRead\n"}
{"Time":"2026-09-11T17:27:29.050121962-07:00","Action":"output","Package":"github.com/JDinSeattle/forge-runtime/internal/application","Test":"TestPrepareCapacityRequeuesAtomically","Output":"    capacity_integration_test.go:213: capacity_result run=run_EDORDVYE52TEE6KQQ7AOU2BLMU terminal=completed epochs=1,2,3 rejections=2 model_calls=3 final_active=0 final_reserved_slots=0 events=46\n"}
{"Time":"2026-09-11T17:27:29.053855425-07:00","Action":"output","Package":"github.com/JDinSeattle/forge-runtime/internal/httpapi","Output":"ok  \tgithub.com/JDinSeattle/forge-runtime/internal/httpapi\t4.549s\n"}
{"Time":"2026-09-11T17:27:29.053887807-07:00","Action":"pass","Package":"github.com/JDinSeattle/forge-runtime/internal/httpapi","Elapsed":4.549}
{"Time":"2026-09-11T17:27:29.101668448-07:00","Action":"output","Package":"github.com/JDinSeattle/forge-runtime/internal/application","Test":"TestPrepareCapacityRequeuesAtomically","Output":"--- PASS: TestPrepareCapacityRequeuesAtomically (4.56s)\n"}
{"Time":"2026-09-11T17:27:29.101711881-07:00","Action":"pass","Package":"github.com/JDinSeattle/forge-runtime/internal/application","Test":"TestPrepareCapacityRequeuesAtomically","Elapsed":4.56}
{"Time":"2026-09-11T17:27:29.101723907-07:00","Action":"run","Package":"github.com/JDinSeattle/forge-runtime/internal/application","Test":"TestPrepareCapacityDoesNotDiscardDurableIntent"}
{"Time":"2026-09-11T17:27:29.10172871-07:00","Action":"output","Package":"github.com/JDinSeattle/forge-runtime/internal/application","Test":"TestPrepareCapacityDoesNotDiscardDurableIntent","Output":"=== RUN   TestPrepareCapacityDoesNotDiscardDurableIntent\n"}
{"Time":"2026-09-11T17:27:29.649562487-07:00","Action":"output","Package":"github.com/JDinSeattle/forge-runtime/internal/runner","Test":"TestWorkspaceLockExcludesOtherProcesses","Output":"--- PASS: TestWorkspaceLockExcludesOtherProcesses (1.07s)\n"}
{"Time":"2026-09-11T17:27:29.649616875-07:00","Action":"pass","Package":"github.com/JDinSeattle/forge-runtime/internal/runner","Test":"TestWorkspaceLockExcludesOtherProcesses","Elapsed":1.07}
{"Time":"2026-09-11T17:27:29.649624128-07:00","Action":"run","Package":"github.com/JDinSeattle/forge-runtime/internal/runner","Test":"TestGrantRecheckedAfterWaitingForWorkspaceLock"}
{"Time":"2026-09-11T17:27:29.649626897-07:00","Action":"output","Package":"github.com/JDinSeattle/forge-runtime/internal/runner","Test":"TestGrantRecheckedAfterWaitingForWorkspaceLock","Output":"=== RUN   TestGrantRecheckedAfterWaitingForWorkspaceLock\n"}
{"Time":"2026-09-11T17:27:29.659418548-07:00","Action":"output","Package":"github.com/JDinSeattle/forge-runtime/internal/application","Test":"TestPrepareCapacityDoesNotDiscardDurableIntent","Output":"--- PASS: TestPrepareCapacityDoesNotDiscardDurableIntent (0.56s)\n"}
{"Time":"2026-09-11T17:27:29.659486423-07:00","Action":"pass","Package":"github.com/JDinSeattle/forge-runtime/internal/application","Test":"TestPrepareCapacityDoesNotDiscardDurableIntent","Elapsed":0.56}
{"Time":"2026-09-11T17:27:29.659496743-07:00","Action":"run","Package":"github.com/JDinSeattle/forge-runtime/internal/application","Test":"TestPrepareNonCapacityErrorsPreserveHandling"}
{"Time":"2026-09-11T17:27:29.659498743-07:00","Action":"output","Package":"github.com/JDinSeattle/forge-runtime/internal/application","Test":"TestPrepareNonCapacityErrorsPreserveHandling","Output":"=== RUN   TestPrepareNonCapacityErrorsPreserveHandling\n"}
{"Time":"2026-09-11T17:27:29.659509001-07:00","Action":"run","Package":"github.com/JDinSeattle/forge-runtime/internal/application","Test":"TestPrepareNonCapacityErrorsPreserveHandling/invalid_argument"}
{"Time":"2026-09-11T17:27:29.659510678-07:00","Action":"output","Package":"github.com/JDinSeattle/forge-runtime/internal/application","Test":"TestPrepareNonCapacityErrorsPreserveHandling/invalid_argument","Output":"=== RUN   TestPrepareNonCapacityErrorsPreserveHandling/invalid_argument\n"}
{"Time":"2026-09-11T17:27:29.98475479-07:00","Action":"output","Package":"github.com/JDinSeattle/forge-runtime/internal/runner","Test":"TestGrantRecheckedAfterWaitingForWorkspaceLock","Output":"--- PASS: TestGrantRecheckedAfterWaitingForWorkspaceLock (0.34s)\n"}
{"Time":"2026-09-11T17:27:29.984778197-07:00","Action":"pass","Package":"github.com/JDinSeattle/forge-runtime/internal/runner","Test":"TestGrantRecheckedAfterWaitingForWorkspaceLock","Elapsed":0.34}
{"Time":"2026-09-11T17:27:29.984782747-07:00","Action":"run","Package":"github.com/JDinSeattle/forge-runtime/internal/runner","Test":"TestExecutableModeSurvivesImportAndAppearsInDiff"}
{"Time":"2026-09-11T17:27:29.984784345-07:00","Action":"output","Package":"github.com/JDinSeattle/forge-runtime/internal/runner","Test":"TestExecutableModeSurvivesImportAndAppearsInDiff","Output":"=== RUN   TestExecutableModeSurvivesImportAndAppearsInDiff\n"}
{"Time":"2026-09-11T17:27:30.181000875-07:00","Action":"run","Package":"github.com/JDinSeattle/forge-runtime/tests/review","Test":"TestReviewFailedVerifierDiagnosticsEnableNextRepair/native_true/cleanup_after_release_before_commit"}
{"Time":"2026-09-11T17:27:30.181034868-07:00","Action":"output","Package":"github.com/JDinSeattle/forge-runtime/tests/review","Test":"TestReviewFailedVerifierDiagnosticsEnableNextRepair/native_true/cleanup_after_release_before_commit","Output":"=== RUN   TestReviewFailedVerifierDiagnosticsEnableNextRepair/native_true/cleanup_after_release_before_commit\n"}
{"Time":"2026-09-11T17:27:30.202428505-07:00","Action":"output","Package":"github.com/JDinSeattle/forge-runtime/internal/application","Test":"TestPrepareNonCapacityErrorsPreserveHandling/invalid_argument","Output":"time=2026-09-11T17:27:30.202-07:00 level=WARN msg=\"step failed\" run_id=run_WEMSNW27UYCNSGYYORG2PON3AW stage=initialize error=invalid_argument\n"}
{"Time":"2026-09-11T17:27:30.336482456-07:00","Action":"output","Package":"github.com/JDinSeattle/forge-runtime/internal/application","Test":"TestPrepareNonCapacityErrorsPreserveHandling/invalid_argument","Output":"--- PASS: TestPrepareNonCapacityErrorsPreserveHandling/invalid_argument (0.68s)\n"}
{"Time":"2026-09-11T17:27:30.336505594-07:00","Action":"pass","Package":"github.com/JDinSeattle/forge-runtime/internal/application","Test":"TestPrepareNonCapacityErrorsPreserveHandling/invalid_argument","Elapsed":0.68}
{"Time":"2026-09-11T17:27:30.336509604-07:00","Action":"run","Package":"github.com/JDinSeattle/forge-runtime/internal/application","Test":"TestPrepareNonCapacityErrorsPreserveHandling/reconciliation_required"}
{"Time":"2026-09-11T17:27:30.336510966-07:00","Action":"output","Package":"github.com/JDinSeattle/forge-runtime/internal/application","Test":"TestPrepareNonCapacityErrorsPreserveHandling/reconciliation_required","Output":"=== RUN   TestPrepareNonCapacityErrorsPreserveHandling/reconciliation_required\n"}
{"Time":"2026-09-11T17:27:30.379221421-07:00","Action":"output","Package":"github.com/JDinSeattle/forge-runtime/tests/review","Test":"TestReviewFailedVerifierDiagnosticsEnableNextRepair/native_true/cleanup_after_release_before_commit","Output":"--- PASS: TestReviewFailedVerifierDiagnosticsEnableNextRepair/native_true/cleanup_after_release_before_commit (0.20s)\n"}
{"Time":"2026-09-11T17:27:30.379259063-07:00","Action":"pass","Package":"github.com/JDinSeattle/forge-runtime/tests/review","Test":"TestReviewFailedVerifierDiagnosticsEnableNextRepair/native_true/cleanup_after_release_before_commit","Elapsed":0.2}
{"Time":"2026-09-11T17:27:30.424945225-07:00","Action":"output","Package":"github.com/JDinSeattle/forge-runtime/tests/review","Test":"TestReviewFailedVerifierDiagnosticsEnableNextRepair/native_true","Output":"--- PASS: TestReviewFailedVerifierDiagnosticsEnableNextRepair/native_true (2.51s)\n"}
{"Time":"2026-09-11T17:27:30.424969449-07:00","Action":"pass","Package":"github.com/JDinSeattle/forge-runtime/tests/review","Test":"TestReviewFailedVerifierDiagnosticsEnableNextRepair/native_true","Elapsed":2.51}
{"Time":"2026-09-11T17:27:30.424976971-07:00","Action":"output","Package":"github.com/JDinSeattle/forge-runtime/tests/review","Test":"TestReviewFailedVerifierDiagnosticsEnableNextRepair","Output":"--- PASS: TestReviewFailedVerifierDiagnosticsEnableNextRepair (5.45s)\n"}
{"Time":"2026-09-11T17:27:30.424981901-07:00","Action":"pass","Package":"github.com/JDinSeattle/forge-runtime/tests/review","Test":"TestReviewFailedVerifierDiagnosticsEnableNextRepair","Elapsed":5.45}
{"Time":"2026-09-11T17:27:30.424998085-07:00","Action":"run","Package":"github.com/JDinSeattle/forge-runtime/tests/review","Test":"TestReviewModelInputMustFitFrozenReservationBeforeDispatch"}
{"Time":"2026-09-11T17:27:30.4249997-07:00","Action":"output","Package":"github.com/JDinSeattle/forge-runtime/tests/review","Test":"TestReviewModelInputMustFitFrozenReservationBeforeDispatch","Output":"=== RUN   TestReviewModelInputMustFitFrozenReservationBeforeDispatch\n"}
{"Time":"2026-09-11T17:27:30.458948057-07:00","Action":"output","Package":"github.com/JDinSeattle/forge-runtime/internal/runner","Test":"TestExecutableModeSurvivesImportAndAppearsInDiff","Output":"--- PASS: TestExecutableModeSurvivesImportAndAppearsInDiff (0.47s)\n"}
{"Time":"2026-09-11T17:27:30.458972606-07:00","Action":"pass","Package":"github.com/JDinSeattle/forge-runtime/internal/runner","Test":"TestExecutableModeSurvivesImportAndAppearsInDiff","Elapsed":0.47}
{"Time":"2026-09-11T17:27:30.458976867-07:00","Action":"run","Package":"github.com/JDinSeattle/forge-runtime/internal/runner","Test":"TestInterruptedInitializationResumesOnlyPinnedSource"}
{"Time":"2026-09-11T17:27:30.45897845-07:00","Action":"output","Package":"github.com/JDinSeattle/forge-runtime/internal/runner","Test":"TestInterruptedInitializationResumesOnlyPinnedSource","Output":"=== RUN   TestInterruptedInitializationResumesOnlyPinnedSource\n"}
{"Time":"2026-09-11T17:27:30.458985496-07:00","Action":"run","Package":"github.com/JDinSeattle/forge-runtime/internal/runner","Test":"TestInterruptedInitializationResumesOnlyPinnedSource/after_volume_lease"}
{"Time":"2026-09-11T17:27:30.458987019-07:00","Action":"output","Package":"github.com/JDinSeattle/forge-runtime/internal/runner","Test":"TestInterruptedInitializationResumesOnlyPinnedSource/after_volume_lease","Output":"=== RUN   TestInterruptedInitializationResumesOnlyPinnedSource/after_volume_lease\n"}
{"Time":"2026-09-11T17:27:30.890978424-07:00","Action":"output","Package":"github.com/JDinSeattle/forge-runtime/tests/review","Test":"TestReviewModelInputMustFitFrozenReservationBeforeDispatch","Output":"--- PASS: TestReviewModelInputMustFitFrozenReservationBeforeDispatch (0.47s)\n"}
{"Time":"2026-09-11T17:27:30.891004966-07:00","Action":"pass","Package":"github.com/JDinSeattle/forge-runtime/tests/review","Test":"TestReviewModelInputMustFitFrozenReservationBeforeDispatch","Elapsed":0.47}
{"Time":"2026-09-11T17:27:30.891009753-07:00","Action":"run","Package":"github.com/JDinSeattle/forge-runtime/tests/review","Test":"TestReviewApprovalRejectsMembershipChangedAfterAuthentication"}
{"Time":"2026-09-11T17:27:30.89101116-07:00","Action":"output","Package":"github.com/JDinSeattle/forge-runtime/tests/review","Test":"TestReviewApprovalRejectsMembershipChangedAfterAuthentication","Output":"=== RUN   TestReviewApprovalRejectsMembershipChangedAfterAuthentication\n"}
{"Time":"2026-09-11T17:27:30.891017953-07:00","Action":"run","Package":"github.com/JDinSeattle/forge-runtime/tests/review","Test":"TestReviewApprovalRejectsMembershipChangedAfterAuthentication/downgrade"}
{"Time":"2026-09-11T17:27:30.891019452-07:00","Action":"output","Package":"github.com/JDinSeattle/forge-runtime/tests/review","Test":"TestReviewApprovalRejectsMembershipChangedAfterAuthentication/downgrade","Output":"=== RUN   TestReviewApprovalRejectsMembershipChangedAfterAuthentication/downgrade\n"}
{"Time":"2026-09-11T17:27:30.95949487-07:00","Action":"output","Package":"github.com/JDinSeattle/forge-runtime/internal/application","Test":"TestPrepareNonCapacityErrorsPreserveHandling/reconciliation_required","Output":"--- PASS: TestPrepareNonCapacityErrorsPreserveHandling/reconciliation_required (0.62s)\n"}
{"Time":"2026-09-11T17:27:30.959530366-07:00","Action":"pass","Package":"github.com/JDinSeattle/forge-runtime/internal/application","Test":"TestPrepareNonCapacityErrorsPreserveHandling/reconciliation_required","Elapsed":0.62}
{"Time":"2026-09-11T17:27:30.95957145-07:00","Action":"output","Package":"github.com/JDinSeattle/forge-runtime/internal/application","Test":"TestPrepareNonCapacityErrorsPreserveHandling","Output":"--- PASS: TestPrepareNonCapacityErrorsPreserveHandling (1.30s)\n"}
{"Time":"2026-09-11T17:27:30.959591846-07:00","Action":"pass","Package":"github.com/JDinSeattle/forge-runtime/internal/application","Test":"TestPrepareNonCapacityErrorsPreserveHandling","Elapsed":1.3}
{"Time":"2026-09-11T17:27:30.959606785-07:00","Action":"run","Package":"github.com/JDinSeattle/forge-runtime/internal/application","Test":"TestPrepareCapacityAfterAdoptionCannotRequeue"}
{"Time":"2026-09-11T17:27:30.959611732-07:00","Action":"output","Package":"github.com/JDinSeattle/forge-runtime/internal/application","Test":"TestPrepareCapacityAfterAdoptionCannotRequeue","Output":"=== RUN   TestPrepareCapacityAfterAdoptionCannotRequeue\n"}
{"Time":"2026-09-11T17:27:31.008921616-07:00","Action":"output","Package":"github.com/JDinSeattle/forge-runtime/internal/runner","Test":"TestInterruptedInitializationResumesOnlyPinnedSource/after_volume_lease","Output":"--- PASS: TestInterruptedInitializationResumesOnlyPinnedSource/after_volume_lease (0.55s)\n"}
{"Time":"2026-09-11T17:27:31.008954767-07:00","Action":"pass","Package":"github.com/JDinSeattle/forge-runtime/internal/runner","Test":"TestInterruptedInitializationResumesOnlyPinnedSource/after_volume_lease","Elapsed":0.55}
{"Time":"2026-09-11T17:27:31.008963251-07:00","Action":"run","Package":"github.com/JDinSeattle/forge-runtime/internal/runner","Test":"TestInterruptedInitializationResumesOnlyPinnedSource/after_import_file"}
{"Time":"2026-09-11T17:27:31.008966526-07:00","Action":"output","Package":"github.com/JDinSeattle/forge-runtime/internal/runner","Test":"TestInterruptedInitializationResumesOnlyPinnedSource/after_import_file","Output":"=== RUN   TestInterruptedInitializationResumesOnlyPinnedSource/after_import_file\n"}
{"Time":"2026-09-11T17:27:31.346350335-07:00","Action":"output","Package":"github.com/JDinSeattle/forge-runtime/tests/review","Test":"TestReviewApprovalRejectsMembershipChangedAfterAuthentication/downgrade","Output":"--- PASS: TestReviewApprovalRejectsMembershipChangedAfterAuthentication/downgrade (0.46s)\n"}
{"Time":"2026-09-11T17:27:31.346374058-07:00","Action":"pass","Package":"github.com/JDinSeattle/forge-runtime/tests/review","Test":"TestReviewApprovalRejectsMembershipChangedAfterAuthentication/downgrade","Elapsed":0.46}
{"Time":"2026-09-11T17:27:31.346404192-07:00","Action":"run","Package":"github.com/JDinSeattle/forge-runtime/tests/review","Test":"TestReviewApprovalRejectsMembershipChangedAfterAuthentication/remove"}
{"Time":"2026-09-11T17:27:31.346421167-07:00","Action":"output","Package":"github.com/JDinSeattle/forge-runtime/tests/review","Test":"TestReviewApprovalRejectsMembershipChangedAfterAuthentication/remove","Output":"=== RUN   TestReviewApprovalRejectsMembershipChangedAfterAuthentication/remove\n"}
{"Time":"2026-09-11T17:27:31.539400381-07:00","Action":"output","Package":"github.com/JDinSeattle/forge-runtime/internal/runner","Test":"TestInterruptedInitializationResumesOnlyPinnedSource/after_import_file","Output":"--- PASS: TestInterruptedInitializationResumesOnlyPinnedSource/after_import_file (0.53s)\n"}
{"Time":"2026-09-11T17:27:31.539491684-07:00","Action":"pass","Package":"github.com/JDinSeattle/forge-runtime/internal/runner","Test":"TestInterruptedInitializationResumesOnlyPinnedSource/after_import_file","Elapsed":0.53}
{"Time":"2026-09-11T17:27:31.539519712-07:00","Action":"run","Package":"github.com/JDinSeattle/forge-runtime/internal/runner","Test":"TestInterruptedInitializationResumesOnlyPinnedSource/after_import_before_workspace"}
{"Time":"2026-09-11T17:27:31.539522041-07:00","Action":"output","Package":"github.com/JDinSeattle/forge-runtime/internal/runner","Test":"TestInterruptedInitializationResumesOnlyPinnedSource/after_import_before_workspace","Output":"=== RUN   TestInterruptedInitializationResumesOnlyPinnedSource/after_import_before_workspace\n"}
{"Time":"2026-09-11T17:27:31.545349627-07:00","Action":"output","Package":"github.com/JDinSeattle/forge-runtime/internal/application","Test":"TestPrepareCapacityAfterAdoptionCannotRequeue","Output":"--- PASS: TestPrepareCapacityAfterAdoptionCannotRequeue (0.59s)\n"}
{"Time":"2026-09-11T17:27:31.545364501-07:00","Action":"pass","Package":"github.com/JDinSeattle/forge-runtime/internal/application","Test":"TestPrepareCapacityAfterAdoptionCannotRequeue","Elapsed":0.59}
{"Time":"2026-09-11T17:27:31.545368011-07:00","Action":"run","Package":"github.com/JDinSeattle/forge-runtime/internal/application","Test":"TestExternalModelAndRunnerWaitsHoldNoSQLTransaction"}
{"Time":"2026-09-11T17:27:31.545369715-07:00","Action":"output","Package":"github.com/JDinSeattle/forge-runtime/internal/application","Test":"TestExternalModelAndRunnerWaitsHoldNoSQLTransaction","Output":"=== RUN   TestExternalModelAndRunnerWaitsHoldNoSQLTransaction\n"}
{"Time":"2026-09-11T17:27:31.545386275-07:00","Action":"run","Package":"github.com/JDinSeattle/forge-runtime/internal/application","Test":"TestExternalModelAndRunnerWaitsHoldNoSQLTransaction/model"}
{"Time":"2026-09-11T17:27:31.545390769-07:00","Action":"output","Package":"github.com/JDinSeattle/forge-runtime/internal/application","Test":"TestExternalModelAndRunnerWaitsHoldNoSQLTransaction/model","Output":"=== RUN   TestExternalModelAndRunnerWaitsHoldNoSQLTransaction/model\n"}
{"Time":"2026-09-11T17:27:31.840746527-07:00","Action":"output","Package":"github.com/JDinSeattle/forge-runtime/tests/review","Test":"TestReviewApprovalRejectsMembershipChangedAfterAuthentication/remove","Output":"--- PASS: TestReviewApprovalRejectsMembershipChangedAfterAuthentication/remove (0.49s)\n"}
{"Time":"2026-09-11T17:27:31.840780552-07:00","Action":"pass","Package":"github.com/JDinSeattle/forge-runtime/tests/review","Test":"TestReviewApprovalRejectsMembershipChangedAfterAuthentication/remove","Elapsed":0.49}
{"Time":"2026-09-11T17:27:31.840789229-07:00","Action":"output","Package":"github.com/JDinSeattle/forge-runtime/tests/review","Test":"TestReviewApprovalRejectsMembershipChangedAfterAuthentication","Output":"--- PASS: TestReviewApprovalRejectsMembershipChangedAfterAuthentication (0.95s)\n"}
{"Time":"2026-09-11T17:27:31.840797652-07:00","Action":"pass","Package":"github.com/JDinSeattle/forge-runtime/tests/review","Test":"TestReviewApprovalRejectsMembershipChangedAfterAuthentication","Elapsed":0.95}
{"Time":"2026-09-11T17:27:31.840826443-07:00","Action":"run","Package":"github.com/JDinSeattle/forge-runtime/tests/review","Test":"TestReviewApprovalMembershipLockHelperIsScopedAndReadOnly"}
{"Time":"2026-09-11T17:27:31.840831954-07:00","Action":"output","Package":"github.com/JDinSeattle/forge-runtime/tests/review","Test":"TestReviewApprovalMembershipLockHelperIsScopedAndReadOnly","Output":"=== RUN   TestReviewApprovalMembershipLockHelperIsScopedAndReadOnly\n"}
{"Time":"2026-09-11T17:27:31.904844101-07:00","Action":"output","Package":"github.com/JDinSeattle/forge-runtime/internal/persistence","Test":"TestDatabaseDefaultDeadlineReleasesBlockedRead","Output":"    deadline_integration_test.go:56: pool acquired=0 after 3.72348ms cleanup observation\n"}
{"Time":"2026-09-11T17:27:31.962929297-07:00","Action":"output","Package":"github.com/JDinSeattle/forge-runtime/internal/persistence","Test":"TestDatabaseDefaultDeadlineReleasesBlockedRead","Output":"--- PASS: TestDatabaseDefaultDeadlineReleasesBlockedRead (3.26s)\n"}
{"Time":"2026-09-11T17:27:31.962961405-07:00","Action":"pass","Package":"github.com/JDinSeattle/forge-runtime/internal/persistence","Test":"TestDatabaseDefaultDeadlineReleasesBlockedRead","Elapsed":3.26}
{"Time":"2026-09-11T17:27:31.962969995-07:00","Action":"run","Package":"github.com/JDinSeattle/forge-runtime/internal/persistence","Test":"TestDatabaseDeadlineBoundsWorkerPoolAcquisition"}
{"Time":"2026-09-11T17:27:31.962972969-07:00","Action":"output","Package":"github.com/JDinSeattle/forge-runtime/internal/persistence","Test":"TestDatabaseDeadlineBoundsWorkerPoolAcquisition","Output":"=== RUN   TestDatabaseDeadlineBoundsWorkerPoolAcquisition\n"}
{"Time":"2026-09-11T17:27:32.018040733-07:00","Action":"output","Package":"github.com/JDinSeattle/forge-runtime/internal/runner","Test":"TestInterruptedInitializationResumesOnlyPinnedSource/after_import_before_workspace","Output":"--- PASS: TestInterruptedInitializationResumesOnlyPinnedSource/after_import_before_workspace (0.48s)\n"}
{"Time":"2026-09-11T17:27:32.018065326-07:00","Action":"pass","Package":"github.com/JDinSeattle/forge-runtime/internal/runner","Test":"TestInterruptedInitializationResumesOnlyPinnedSource/after_import_before_workspace","Elapsed":0.48}
{"Time":"2026-09-11T17:27:32.018070503-07:00","Action":"output","Package":"github.com/JDinSeattle/forge-runtime/internal/runner","Test":"TestInterruptedInitializationResumesOnlyPinnedSource","Output":"--- PASS: TestInterruptedInitializationResumesOnlyPinnedSource (1.56s)\n"}
{"Time":"2026-09-11T17:27:32.018072283-07:00","Action":"pass","Package":"github.com/JDinSeattle/forge-runtime/internal/runner","Test":"TestInterruptedInitializationResumesOnlyPinnedSource","Elapsed":1.56}
{"Time":"2026-09-11T17:27:32.018074792-07:00","Action":"run","Package":"github.com/JDinSeattle/forge-runtime/internal/runner","Test":"TestInterruptedInitializationNeverOverwritesOrRebinds"}
{"Time":"2026-09-11T17:27:32.018076496-07:00","Action":"output","Package":"github.com/JDinSeattle/forge-runtime/internal/runner","Test":"TestInterruptedInitializationNeverOverwritesOrRebinds","Output":"=== RUN   TestInterruptedInitializationNeverOverwritesOrRebinds\n"}
{"Time":"2026-09-11T17:27:32.018097809-07:00","Action":"run","Package":"github.com/JDinSeattle/forge-runtime/internal/runner","Test":"TestInterruptedInitializationNeverOverwritesOrRebinds/source_changed"}
{"Time":"2026-09-11T17:27:32.018099188-07:00","Action":"output","Package":"github.com/JDinSeattle/forge-runtime/internal/runner","Test":"TestInterruptedInitializationNeverOverwritesOrRebinds/source_changed","Output":"=== RUN   TestInterruptedInitializationNeverOverwritesOrRebinds/source_changed\n"}
{"Time":"2026-09-11T17:27:32.267700377-07:00","Action":"output","Package":"github.com/JDinSeattle/forge-runtime/tests/review","Test":"TestReviewApprovalMembershipLockHelperIsScopedAndReadOnly","Output":"--- PASS: TestReviewApprovalMembershipLockHelperIsScopedAndReadOnly (0.43s)\n"}
{"Time":"2026-09-11T17:27:32.267727273-07:00","Action":"pass","Package":"github.com/JDinSeattle/forge-runtime/tests/review","Test":"TestReviewApprovalMembershipLockHelperIsScopedAndReadOnly","Elapsed":0.43}
{"Time":"2026-09-11T17:27:32.267732244-07:00","Action":"run","Package":"github.com/JDinSeattle/forge-runtime/tests/review","Test":"TestReviewApprovalMembershipRemainsLockedUntilDecisionCommit"}
{"Time":"2026-09-11T17:27:32.26773352-07:00","Action":"output","Package":"github.com/JDinSeattle/forge-runtime/tests/review","Test":"TestReviewApprovalMembershipRemainsLockedUntilDecisionCommit","Output":"=== RUN   TestReviewApprovalMembershipRemainsLockedUntilDecisionCommit\n"}
{"Time":"2026-09-11T17:27:32.473092729-07:00","Action":"output","Package":"github.com/JDinSeattle/forge-runtime/internal/runner","Test":"TestInterruptedInitializationNeverOverwritesOrRebinds/source_changed","Output":"--- PASS: TestInterruptedInitializationNeverOverwritesOrRebinds/source_changed (0.45s)\n"}
{"Time":"2026-09-11T17:27:32.473128323-07:00","Action":"pass","Package":"github.com/JDinSeattle/forge-runtime/internal/runner","Test":"TestInterruptedInitializationNeverOverwritesOrRebinds/source_changed","Elapsed":0.45}
{"Time":"2026-09-11T17:27:32.473135953-07:00","Action":"run","Package":"github.com/JDinSeattle/forge-runtime/internal/runner","Test":"TestInterruptedInitializationNeverOverwritesOrRebinds/partial_changed"}
{"Time":"2026-09-11T17:27:32.473138998-07:00","Action":"output","Package":"github.com/JDinSeattle/forge-runtime/internal/runner","Test":"TestInterruptedInitializationNeverOverwritesOrRebinds/partial_changed","Output":"=== RUN   TestInterruptedInitializationNeverOverwritesOrRebinds/partial_changed\n"}
{"Time":"2026-09-11T17:27:32.880744329-07:00","Action":"output","Package":"github.com/JDinSeattle/forge-runtime/internal/runner","Test":"TestInterruptedInitializationNeverOverwritesOrRebinds/partial_changed","Output":"--- PASS: TestInterruptedInitializationNeverOverwritesOrRebinds/partial_changed (0.41s)\n"}
{"Time":"2026-09-11T17:27:32.88078822-07:00","Action":"pass","Package":"github.com/JDinSeattle/forge-runtime/internal/runner","Test":"TestInterruptedInitializationNeverOverwritesOrRebinds/partial_changed","Elapsed":0.41}
{"Time":"2026-09-11T17:27:32.880797189-07:00","Action":"run","Package":"github.com/JDinSeattle/forge-runtime/internal/runner","Test":"TestInterruptedInitializationNeverOverwritesOrRebinds/unexpected_cache"}
{"Time":"2026-09-11T17:27:32.880800919-07:00","Action":"output","Package":"github.com/JDinSeattle/forge-runtime/internal/runner","Test":"TestInterruptedInitializationNeverOverwritesOrRebinds/unexpected_cache","Output":"=== RUN   TestInterruptedInitializationNeverOverwritesOrRebinds/unexpected_cache\n"}
{"Time":"2026-09-11T17:27:32.968184769-07:00","Action":"output","Package":"github.com/JDinSeattle/forge-runtime/tests/review","Test":"TestReviewApprovalMembershipRemainsLockedUntilDecisionCommit","Output":"--- PASS: TestReviewApprovalMembershipRemainsLockedUntilDecisionCommit (0.70s)\n"}
{"Time":"2026-09-11T17:27:32.968211545-07:00","Action":"pass","Package":"github.com/JDinSeattle/forge-runtime/tests/review","Test":"TestReviewApprovalMembershipRemainsLockedUntilDecisionCommit","Elapsed":0.7}
{"Time":"2026-09-11T17:27:32.968219415-07:00","Action":"run","Package":"github.com/JDinSeattle/forge-runtime/tests/review","Test":"TestReviewApprovalDenialAndTerminalDuplicatesKeepTheirSemantics"}
{"Time":"2026-09-11T17:27:32.968221096-07:00","Action":"output","Package":"github.com/JDinSeattle/forge-runtime/tests/review","Test":"TestReviewApprovalDenialAndTerminalDuplicatesKeepTheirSemantics","Output":"=== RUN   TestReviewApprovalDenialAndTerminalDuplicatesKeepTheirSemantics\n"}
{"Time":"2026-09-11T17:27:33.240711255-07:00","Action":"output","Package":"github.com/JDinSeattle/forge-runtime/internal/runner","Test":"TestInterruptedInitializationNeverOverwritesOrRebinds/unexpected_cache","Output":"--- PASS: TestInterruptedInitializationNeverOverwritesOrRebinds/unexpected_cache (0.36s)\n"}
{"Time":"2026-09-11T17:27:33.240744926-07:00","Action":"pass","Package":"github.com/JDinSeattle/forge-runtime/internal/runner","Test":"TestInterruptedInitializationNeverOverwritesOrRebinds/unexpected_cache","Elapsed":0.36}
{"Time":"2026-09-11T17:27:33.24075114-07:00","Action":"run","Package":"github.com/JDinSeattle/forge-runtime/internal/runner","Test":"TestInterruptedInitializationNeverOverwritesOrRebinds/legacy_unbound"}
{"Time":"2026-09-11T17:27:33.2407536-07:00","Action":"output","Package":"github.com/JDinSeattle/forge-runtime/internal/runner","Test":"TestInterruptedInitializationNeverOverwritesOrRebinds/legacy_unbound","Output":"=== RUN   TestInterruptedInitializationNeverOverwritesOrRebinds/legacy_unbound\n"}
{"Time":"2026-09-11T17:27:33.490692626-07:00","Action":"output","Package":"github.com/JDinSeattle/forge-runtime/tests/review","Test":"TestReviewApprovalDenialAndTerminalDuplicatesKeepTheirSemantics","Output":"--- PASS: TestReviewApprovalDenialAndTerminalDuplicatesKeepTheirSemantics (0.52s)\n"}
{"Time":"2026-09-11T17:27:33.4907172-07:00","Action":"pass","Package":"github.com/JDinSeattle/forge-runtime/tests/review","Test":"TestReviewApprovalDenialAndTerminalDuplicatesKeepTheirSemantics","Elapsed":0.52}
{"Time":"2026-09-11T17:27:33.490721546-07:00","Action":"run","Package":"github.com/JDinSeattle/forge-runtime/tests/review","Test":"TestReviewCleanupRequiresTerminalSettledAgedStateAndIndependentLease"}
{"Time":"2026-09-11T17:27:33.490723111-07:00","Action":"output","Package":"github.com/JDinSeattle/forge-runtime/tests/review","Test":"TestReviewCleanupRequiresTerminalSettledAgedStateAndIndependentLease","Output":"=== RUN   TestReviewCleanupRequiresTerminalSettledAgedStateAndIndependentLease\n"}
{"Time":"2026-09-11T17:27:33.589710553-07:00","Action":"output","Package":"github.com/JDinSeattle/forge-runtime/internal/runner","Test":"TestInterruptedInitializationNeverOverwritesOrRebinds/legacy_unbound","Output":"--- PASS: TestInterruptedInitializationNeverOverwritesOrRebinds/legacy_unbound (0.35s)\n"}
{"Time":"2026-09-11T17:27:33.589743594-07:00","Action":"pass","Package":"github.com/JDinSeattle/forge-runtime/internal/runner","Test":"TestInterruptedInitializationNeverOverwritesOrRebinds/legacy_unbound","Elapsed":0.35}
{"Time":"2026-09-11T17:27:33.589750576-07:00","Action":"output","Package":"github.com/JDinSeattle/forge-runtime/internal/runner","Test":"TestInterruptedInitializationNeverOverwritesOrRebinds","Output":"--- PASS: TestInterruptedInitializationNeverOverwritesOrRebinds (1.57s)\n"}
{"Time":"2026-09-11T17:27:33.589760056-07:00","Action":"pass","Package":"github.com/JDinSeattle/forge-runtime/internal/runner","Test":"TestInterruptedInitializationNeverOverwritesOrRebinds","Elapsed":1.57}
{"Time":"2026-09-11T17:27:33.589779038-07:00","Action":"run","Package":"github.com/JDinSeattle/forge-runtime/internal/runner","Test":"TestUndispatchedOperationCancellationHasDurableProof"}
{"Time":"2026-09-11T17:27:33.589781769-07:00","Action":"output","Package":"github.com/JDinSeattle/forge-runtime/internal/runner","Test":"TestUndispatchedOperationCancellationHasDurableProof","Output":"=== RUN   TestUndispatchedOperationCancellationHasDurableProof\n"}
{"Time":"2026-09-11T17:27:34.015455534-07:00","Action":"output","Package":"github.com/JDinSeattle/forge-runtime/internal/runner","Test":"TestUndispatchedOperationCancellationHasDurableProof","Output":"--- PASS: TestUndispatchedOperationCancellationHasDurableProof (0.43s)\n"}
{"Time":"2026-09-11T17:27:34.01550038-07:00","Action":"pass","Package":"github.com/JDinSeattle/forge-runtime/internal/runner","Test":"TestUndispatchedOperationCancellationHasDurableProof","Elapsed":0.43}
{"Time":"2026-09-11T17:27:34.015509445-07:00","Action":"run","Package":"github.com/JDinSeattle/forge-runtime/internal/runner","Test":"TestAllReturnedArtifactKindsAreDurablyPinned"}
{"Time":"2026-09-11T17:27:34.01551346-07:00","Action":"output","Package":"github.com/JDinSeattle/forge-runtime/internal/runner","Test":"TestAllReturnedArtifactKindsAreDurablyPinned","Output":"=== RUN   TestAllReturnedArtifactKindsAreDurablyPinned\n"}
{"Time":"2026-09-11T17:27:34.478698095-07:00","Action":"output","Package":"github.com/JDinSeattle/forge-runtime/internal/runner","Test":"TestAllReturnedArtifactKindsAreDurablyPinned","Output":"--- PASS: TestAllReturnedArtifactKindsAreDurablyPinned (0.46s)\n"}
{"Time":"2026-09-11T17:27:34.478728227-07:00","Action":"pass","Package":"github.com/JDinSeattle/forge-runtime/internal/runner","Test":"TestAllReturnedArtifactKindsAreDurablyPinned","Elapsed":0.46}
{"Time":"2026-09-11T17:27:34.478734994-07:00","Action":"run","Package":"github.com/JDinSeattle/forge-runtime/internal/runner","Test":"TestArtifactPinIdentityAllowsKindButRejectsCorruption"}
{"Time":"2026-09-11T17:27:34.478741984-07:00","Action":"output","Package":"github.com/JDinSeattle/forge-runtime/internal/runner","Test":"TestArtifactPinIdentityAllowsKindButRejectsCorruption","Output":"=== RUN   TestArtifactPinIdentityAllowsKindButRejectsCorruption\n"}
{"Time":"2026-09-11T17:27:34.62224484-07:00","Action":"output","Package":"github.com/JDinSeattle/forge-runtime/tests/review","Test":"TestReviewCleanupRequiresTerminalSettledAgedStateAndIndependentLease","Output":"--- PASS: TestReviewCleanupRequiresTerminalSettledAgedStateAndIndependentLease (1.13s)\n"}
{"Time":"2026-09-11T17:27:34.622276633-07:00","Action":"pass","Package":"github.com/JDinSeattle/forge-runtime/tests/review","Test":"TestReviewCleanupRequiresTerminalSettledAgedStateAndIndependentLease","Elapsed":1.13}
{"Time":"2026-09-11T17:27:34.622281555-07:00","Action":"run","Package":"github.com/JDinSeattle/forge-runtime/tests/review","Test":"TestRecoveryIndependentCollectorDelivery"}
{"Time":"2026-09-11T17:27:34.622283965-07:00","Action":"output","Package":"github.com/JDinSeattle/forge-runtime/tests/review","Test":"TestRecoveryIndependentCollectorDelivery","Output":"=== RUN   TestRecoveryIndependentCollectorDelivery\n"}
{"Time":"2026-09-11T17:27:34.622301053-07:00","Action":"output","Package":"github.com/JDinSeattle/forge-runtime/tests/review","Test":"TestRecoveryIndependentCollectorDelivery","Output":"    collector_test.go:27: requires separately running collector and its file-exporter output\n"}
{"Time":"2026-09-11T17:27:34.622315695-07:00","Action":"output","Package":"github.com/JDinSeattle/forge-runtime/tests/review","Test":"TestRecoveryIndependentCollectorDelivery","Output":"--- SKIP: TestRecoveryIndependentCollectorDelivery (0.00s)\n"}
{"Time":"2026-09-11T17:27:34.622325033-07:00","Action":"skip","Package":"github.com/JDinSeattle/forge-runtime/tests/review","Test":"TestRecoveryIndependentCollectorDelivery","Elapsed":0}
{"Time":"2026-09-11T17:27:34.622328675-07:00","Action":"run","Package":"github.com/JDinSeattle/forge-runtime/tests/review","Test":"TestReviewSSESnapshotToRegistrationGapReplaysHistory"}
{"Time":"2026-09-11T17:27:34.622329848-07:00","Action":"output","Package":"github.com/JDinSeattle/forge-runtime/tests/review","Test":"TestReviewSSESnapshotToRegistrationGapReplaysHistory","Output":"=== RUN   TestReviewSSESnapshotToRegistrationGapReplaysHistory\n"}
{"Time":"2026-09-11T17:27:34.623717941-07:00","Action":"output","Package":"github.com/JDinSeattle/forge-runtime/tests/review","Test":"TestReviewSSESnapshotToRegistrationGapReplaysHistory","Output":"--- PASS: TestReviewSSESnapshotToRegistrationGapReplaysHistory (0.00s)\n"}
{"Time":"2026-09-11T17:27:34.623745121-07:00","Action":"pass","Package":"github.com/JDinSeattle/forge-runtime/tests/review","Test":"TestReviewSSESnapshotToRegistrationGapReplaysHistory","Elapsed":0}
{"Time":"2026-09-11T17:27:34.623755635-07:00","Action":"run","Package":"github.com/JDinSeattle/forge-runtime/tests/review","Test":"TestReviewSSEReconnectAfterGapStartsFreshHub"}
{"Time":"2026-09-11T17:27:34.623758736-07:00","Action":"output","Package":"github.com/JDinSeattle/forge-runtime/tests/review","Test":"TestReviewSSEReconnectAfterGapStartsFreshHub","Output":"=== RUN   TestReviewSSEReconnectAfterGapStartsFreshHub\n"}
{"Time":"2026-09-11T17:27:34.62688292-07:00","Action":"output","Package":"github.com/JDinSeattle/forge-runtime/tests/review","Test":"TestReviewSSEReconnectAfterGapStartsFreshHub","Output":"--- PASS: TestReviewSSEReconnectAfterGapStartsFreshHub (0.00s)\n"}
{"Time":"2026-09-11T17:27:34.626891478-07:00","Action":"pass","Package":"github.com/JDinSeattle/forge-runtime/tests/review","Test":"TestReviewSSEReconnectAfterGapStartsFreshHub","Elapsed":0}
{"Time":"2026-09-11T17:27:34.626905738-07:00","Action":"run","Package":"github.com/JDinSeattle/forge-runtime/tests/review","Test":"TestReviewHTTPExpiredCursorRequiresSnapshotReset"}
{"Time":"2026-09-11T17:27:34.626909044-07:00","Action":"output","Package":"github.com/JDinSeattle/forge-runtime/tests/review","Test":"TestReviewHTTPExpiredCursorRequiresSnapshotReset","Output":"=== RUN   TestReviewHTTPExpiredCursorRequiresSnapshotReset\n"}
{"Time":"2026-09-11T17:27:34.626931986-07:00","Action":"run","Package":"github.com/JDinSeattle/forge-runtime/tests/review","Test":"TestReviewHTTPExpiredCursorRequiresSnapshotReset/cutoff_during_subscribe_false"}
{"Time":"2026-09-11T17:27:34.626935663-07:00","Action":"output","Package":"github.com/JDinSeattle/forge-runtime/tests/review","Test":"TestReviewHTTPExpiredCursorRequiresSnapshotReset/cutoff_during_subscribe_false","Output":"=== RUN   TestReviewHTTPExpiredCursorRequiresSnapshotReset/cutoff_during_subscribe_false\n"}
{"Time":"2026-09-11T17:27:34.765924017-07:00","Action":"output","Package":"github.com/JDinSeattle/forge-runtime/internal/runner","Test":"TestArtifactPinIdentityAllowsKindButRejectsCorruption","Output":"--- PASS: TestArtifactPinIdentityAllowsKindButRejectsCorruption (0.29s)\n"}
{"Time":"2026-09-11T17:27:34.765996955-07:00","Action":"pass","Package":"github.com/JDinSeattle/forge-runtime/internal/runner","Test":"TestArtifactPinIdentityAllowsKindButRejectsCorruption","Elapsed":0.29}
{"Time":"2026-09-11T17:27:34.766031549-07:00","Action":"run","Package":"github.com/JDinSeattle/forge-runtime/internal/runner","Test":"TestStartIntentPreventsNeverStartedAssumption"}
{"Time":"2026-09-11T17:27:34.766042342-07:00","Action":"output","Package":"github.com/JDinSeattle/forge-runtime/internal/runner","Test":"TestStartIntentPreventsNeverStartedAssumption","Output":"=== RUN   TestStartIntentPreventsNeverStartedAssumption\n"}
{"Time":"2026-09-11T17:27:35.062484551-07:00","Action":"output","Package":"github.com/JDinSeattle/forge-runtime/tests/review","Test":"TestReviewHTTPExpiredCursorRequiresSnapshotReset/cutoff_during_subscribe_false","Output":"--- PASS: TestReviewHTTPExpiredCursorRequiresSnapshotReset/cutoff_during_subscribe_false (0.44s)\n"}
{"Time":"2026-09-11T17:27:35.062517063-07:00","Action":"pass","Package":"github.com/JDinSeattle/forge-runtime/tests/review","Test":"TestReviewHTTPExpiredCursorRequiresSnapshotReset/cutoff_during_subscribe_false","Elapsed":0.44}
{"Time":"2026-09-11T17:27:35.062525143-07:00","Action":"run","Package":"github.com/JDinSeattle/forge-runtime/tests/review","Test":"TestReviewHTTPExpiredCursorRequiresSnapshotReset/cutoff_during_subscribe_true"}
{"Time":"2026-09-11T17:27:35.062528819-07:00","Action":"output","Package":"github.com/JDinSeattle/forge-runtime/tests/review","Test":"TestReviewHTTPExpiredCursorRequiresSnapshotReset/cutoff_during_subscribe_true","Output":"=== RUN   TestReviewHTTPExpiredCursorRequiresSnapshotReset/cutoff_during_subscribe_true\n"}
{"Time":"2026-09-11T17:27:35.071365367-07:00","Action":"output","Package":"github.com/JDinSeattle/forge-runtime/internal/runner","Test":"TestStartIntentPreventsNeverStartedAssumption","Output":"--- PASS: TestStartIntentPreventsNeverStartedAssumption (0.31s)\n"}
{"Time":"2026-09-11T17:27:35.071398674-07:00","Action":"pass","Package":"github.com/JDinSeattle/forge-runtime/internal/runner","Test":"TestStartIntentPreventsNeverStartedAssumption","Elapsed":0.31}
{"Time":"2026-09-11T17:27:35.071410907-07:00","Action":"run","Package":"github.com/JDinSeattle/forge-runtime/internal/runner","Test":"TestCreatedUndispatchedCancellationReachesLockedProof"}
{"Time":"2026-09-11T17:27:35.071414809-07:00","Action":"output","Package":"github.com/JDinSeattle/forge-runtime/internal/runner","Test":"TestCreatedUndispatchedCancellationReachesLockedProof","Output":"=== RUN   TestCreatedUndispatchedCancellationReachesLockedProof\n"}
{"Time":"2026-09-11T17:27:35.071469987-07:00","Action":"run","Package":"github.com/JDinSeattle/forge-runtime/internal/runner","Test":"TestCreatedUndispatchedCancellationReachesLockedProof/cancel"}
{"Time":"2026-09-11T17:27:35.071490893-07:00","Action":"output","Package":"github.com/JDinSeattle/forge-runtime/internal/runner","Test":"TestCreatedUndispatchedCancellationReachesLockedProof/cancel","Output":"=== RUN   TestCreatedUndispatchedCancellationReachesLockedProof/cancel\n"}
{"Time":"2026-09-11T17:27:35.470723066-07:00","Action":"output","Package":"github.com/JDinSeattle/forge-runtime/internal/runner","Test":"TestCreatedUndispatchedCancellationReachesLockedProof/cancel","Output":"--- PASS: TestCreatedUndispatchedCancellationReachesLockedProof/cancel (0.40s)\n"}
{"Time":"2026-09-11T17:27:35.470752252-07:00","Action":"pass","Package":"github.com/JDinSeattle/forge-runtime/internal/runner","Test":"TestCreatedUndispatchedCancellationReachesLockedProof/cancel","Elapsed":0.4}
{"Time":"2026-09-11T17:27:35.470756958-07:00","Action":"run","Package":"github.com/JDinSeattle/forge-runtime/internal/runner","Test":"TestCreatedUndispatchedCancellationReachesLockedProof/stop"}
{"Time":"2026-09-11T17:27:35.470759-07:00","Action":"output","Package":"github.com/JDinSeattle/forge-runtime/internal/runner","Test":"TestCreatedUndispatchedCancellationReachesLockedProof/stop","Output":"=== RUN   TestCreatedUndispatchedCancellationReachesLockedProof/stop\n"}
{"Time":"2026-09-11T17:27:35.499205374-07:00","Action":"output","Package":"github.com/JDinSeattle/forge-runtime/internal/persistence","Test":"TestDatabaseDeadlineBoundsWorkerPoolAcquisition","Output":"--- PASS: TestDatabaseDeadlineBoundsWorkerPoolAcquisition (3.54s)\n"}
{"Time":"2026-09-11T17:27:35.499250014-07:00","Action":"pass","Package":"github.com/JDinSeattle/forge-runtime/internal/persistence","Test":"TestDatabaseDeadlineBoundsWorkerPoolAcquisition","Elapsed":3.54}
{"Time":"2026-09-11T17:27:35.499260929-07:00","Action":"run","Package":"github.com/JDinSeattle/forge-runtime/internal/persistence","Test":"TestTransactionDeadlineCannotResetAndRollbackUsesCleanupContext"}
{"Time":"2026-09-11T17:27:35.499264609-07:00","Action":"output","Package":"github.com/JDinSeattle/forge-runtime/internal/persistence","Test":"TestTransactionDeadlineCannotResetAndRollbackUsesCleanupContext","Output":"=== RUN   TestTransactionDeadlineCannotResetAndRollbackUsesCleanupContext\n"}
{"Time":"2026-09-11T17:27:35.642441338-07:00","Action":"output","Package":"github.com/JDinSeattle/forge-runtime/tests/review","Test":"TestReviewHTTPExpiredCursorRequiresSnapshotReset/cutoff_during_subscribe_true","Output":"--- PASS: TestReviewHTTPExpiredCursorRequiresSnapshotReset/cutoff_during_subscribe_true (0.58s)\n"}
{"Time":"2026-09-11T17:27:35.642476742-07:00","Action":"pass","Package":"github.com/JDinSeattle/forge-runtime/tests/review","Test":"TestReviewHTTPExpiredCursorRequiresSnapshotReset/cutoff_during_subscribe_true","Elapsed":0.58}
{"Time":"2026-09-11T17:27:35.642656271-07:00","Action":"output","Package":"github.com/JDinSeattle/forge-runtime/tests/review","Test":"TestReviewHTTPExpiredCursorRequiresSnapshotReset","Output":"--- PASS: TestReviewHTTPExpiredCursorRequiresSnapshotReset (1.02s)\n"}
{"Time":"2026-09-11T17:27:35.642683887-07:00","Action":"pass","Package":"github.com/JDinSeattle/forge-runtime/tests/review","Test":"TestReviewHTTPExpiredCursorRequiresSnapshotReset","Elapsed":1.02}
{"Time":"2026-09-11T17:27:35.642692308-07:00","Action":"run","Package":"github.com/JDinSeattle/forge-runtime/tests/review","Test":"TestReviewHTTPUsesRealNonOwnerTenantScopeAndArtifactBytes"}
{"Time":"2026-09-11T17:27:35.642696864-07:00","Action":"output","Package":"github.com/JDinSeattle/forge-runtime/tests/review","Test":"TestReviewHTTPUsesRealNonOwnerTenantScopeAndArtifactBytes","Output":"=== RUN   TestReviewHTTPUsesRealNonOwnerTenantScopeAndArtifactBytes\n"}
{"Time":"2026-09-11T17:27:35.839316662-07:00","Action":"output","Package":"github.com/JDinSeattle/forge-runtime/internal/runner","Test":"TestCreatedUndispatchedCancellationReachesLockedProof/stop","Output":"--- PASS: TestCreatedUndispatchedCancellationReachesLockedProof/stop (0.37s)\n"}
{"Time":"2026-09-11T17:27:35.839352579-07:00","Action":"pass","Package":"github.com/JDinSeattle/forge-runtime/internal/runner","Test":"TestCreatedUndispatchedCancellationReachesLockedProof/stop","Elapsed":0.37}
{"Time":"2026-09-11T17:27:35.83936237-07:00","Action":"run","Package":"github.com/JDinSeattle/forge-runtime/internal/runner","Test":"TestCreatedUndispatchedCancellationReachesLockedProof/adopt"}
{"Time":"2026-09-11T17:27:35.839372521-07:00","Action":"output","Package":"github.com/JDinSeattle/forge-runtime/internal/runner","Test":"TestCreatedUndispatchedCancellationReachesLockedProof/adopt","Output":"=== RUN   TestCreatedUndispatchedCancellationReachesLockedProof/adopt\n"}
{"Time":"2026-09-11T17:27:35.840682786-07:00","Action":"output","Package":"github.com/JDinSeattle/forge-runtime/internal/persistence","Test":"TestTransactionDeadlineCannotResetAndRollbackUsesCleanupContext","Output":"    deadline_integration_test.go:107: pool acquired=0 after 3.688766ms cleanup observation\n"}
{"Time":"2026-09-11T17:27:35.895039704-07:00","Action":"output","Package":"github.com/JDinSeattle/forge-runtime/internal/persistence","Test":"TestTransactionDeadlineCannotResetAndRollbackUsesCleanupContext","Output":"--- PASS: TestTransactionDeadlineCannotResetAndRollbackUsesCleanupContext (0.40s)\n"}
{"Time":"2026-09-11T17:27:35.895065014-07:00","Action":"pass","Package":"github.com/JDinSeattle/forge-runtime/internal/persistence","Test":"TestTransactionDeadlineCannotResetAndRollbackUsesCleanupContext","Elapsed":0.4}
{"Time":"2026-09-11T17:27:35.895070089-07:00","Action":"run","Package":"github.com/JDinSeattle/forge-runtime/internal/persistence","Test":"TestQuotaLockDeadlineLeavesLedgerUsable"}
{"Time":"2026-09-11T17:27:35.895071851-07:00","Action":"output","Package":"github.com/JDinSeattle/forge-runtime/internal/persistence","Test":"TestQuotaLockDeadlineLeavesLedgerUsable","Output":"=== RUN   TestQuotaLockDeadlineLeavesLedgerUsable\n"}
{"Time":"2026-09-11T17:27:36.118569461-07:00","Action":"run","Package":"github.com/JDinSeattle/forge-runtime/tests/review","Test":"TestReviewHTTPUsesRealNonOwnerTenantScopeAndArtifactBytes/missing_bearer"}
{"Time":"2026-09-11T17:27:36.11866341-07:00","Action":"output","Package":"github.com/JDinSeattle/forge-runtime/tests/review","Test":"TestReviewHTTPUsesRealNonOwnerTenantScopeAndArtifactBytes/missing_bearer","Output":"=== RUN   TestReviewHTTPUsesRealNonOwnerTenantScopeAndArtifactBytes/missing_bearer\n"}
{"Time":"2026-09-11T17:27:36.11903925-07:00","Action":"output","Package":"github.com/JDinSeattle/forge-runtime/tests/review","Test":"TestReviewHTTPUsesRealNonOwnerTenantScopeAndArtifactBytes/missing_bearer","Output":"--- PASS: TestReviewHTTPUsesRealNonOwnerTenantScopeAndArtifactBytes/missing_bearer (0.00s)\n"}
{"Time":"2026-09-11T17:27:36.119092957-07:00","Action":"pass","Package":"github.com/JDinSeattle/forge-runtime/tests/review","Test":"TestReviewHTTPUsesRealNonOwnerTenantScopeAndArtifactBytes/missing_bearer","Elapsed":0}
{"Time":"2026-09-11T17:27:36.11911685-07:00","Action":"run","Package":"github.com/JDinSeattle/forge-runtime/tests/review","Test":"TestReviewHTTPUsesRealNonOwnerTenantScopeAndArtifactBytes/valid_own_run"}
{"Time":"2026-09-11T17:27:36.119135149-07:00","Action":"output","Package":"github.com/JDinSeattle/forge-runtime/tests/review","Test":"TestReviewHTTPUsesRealNonOwnerTenantScopeAndArtifactBytes/valid_own_run","Output":"=== RUN   TestReviewHTTPUsesRealNonOwnerTenantScopeAndArtifactBytes/valid_own_run\n"}
{"Time":"2026-09-11T17:27:36.131017872-07:00","Action":"output","Package":"github.com/JDinSeattle/forge-runtime/tests/review","Test":"TestReviewHTTPUsesRealNonOwnerTenantScopeAndArtifactBytes/valid_own_run","Output":"--- PASS: TestReviewHTTPUsesRealNonOwnerTenantScopeAndArtifactBytes/valid_own_run (0.01s)\n"}
{"Time":"2026-09-11T17:27:36.131057069-07:00","Action":"pass","Package":"github.com/JDinSeattle/forge-runtime/tests/review","Test":"TestReviewHTTPUsesRealNonOwnerTenantScopeAndArtifactBytes/valid_own_run","Elapsed":0.01}
{"Time":"2026-09-11T17:27:36.131066797-07:00","Action":"run","Package":"github.com/JDinSeattle/forge-runtime/tests/review","Test":"TestReviewHTTPUsesRealNonOwnerTenantScopeAndArtifactBytes/same_principal_wrong_tenant"}
{"Time":"2026-09-11T17:27:36.131070279-07:00","Action":"output","Package":"github.com/JDinSeattle/forge-runtime/tests/review","Test":"TestReviewHTTPUsesRealNonOwnerTenantScopeAndArtifactBytes/same_principal_wrong_tenant","Output":"=== RUN   TestReviewHTTPUsesRealNonOwnerTenantScopeAndArtifactBytes/same_principal_wrong_tenant\n"}
{"Time":"2026-09-11T17:27:36.13269219-07:00","Action":"output","Package":"github.com/JDinSeattle/forge-runtime/tests/review","Test":"TestReviewHTTPUsesRealNonOwnerTenantScopeAndArtifactBytes/same_principal_wrong_tenant","Output":"--- PASS: TestReviewHTTPUsesRealNonOwnerTenantScopeAndArtifactBytes/same_principal_wrong_tenant (0.00s)\n"}
{"Time":"2026-09-11T17:27:36.132709622-07:00","Action":"pass","Package":"github.com/JDinSeattle/forge-runtime/tests/review","Test":"TestReviewHTTPUsesRealNonOwnerTenantScopeAndArtifactBytes/same_principal_wrong_tenant","Elapsed":0}
{"Time":"2026-09-11T17:27:36.132727972-07:00","Action":"run","Package":"github.com/JDinSeattle/forge-runtime/tests/review","Test":"TestReviewHTTPUsesRealNonOwnerTenantScopeAndArtifactBytes/missing_membership"}
{"Time":"2026-09-11T17:27:36.132732018-07:00","Action":"output","Package":"github.com/JDinSeattle/forge-runtime/tests/review","Test":"TestReviewHTTPUsesRealNonOwnerTenantScopeAndArtifactBytes/missing_membership","Output":"=== RUN   TestReviewHTTPUsesRealNonOwnerTenantScopeAndArtifactBytes/missing_membership\n"}
{"Time":"2026-09-11T17:27:36.133205989-07:00","Action":"output","Package":"github.com/JDinSeattle/forge-runtime/tests/review","Test":"TestReviewHTTPUsesRealNonOwnerTenantScopeAndArtifactBytes/missing_membership","Output":"--- PASS: TestReviewHTTPUsesRealNonOwnerTenantScopeAndArtifactBytes/missing_membership (0.00s)\n"}
{"Time":"2026-09-11T17:27:36.133225493-07:00","Action":"pass","Package":"github.com/JDinSeattle/forge-runtime/tests/review","Test":"TestReviewHTTPUsesRealNonOwnerTenantScopeAndArtifactBytes/missing_membership","Elapsed":0}
{"Time":"2026-09-11T17:27:36.133249072-07:00","Action":"run","Package":"github.com/JDinSeattle/forge-runtime/tests/review","Test":"TestReviewHTTPUsesRealNonOwnerTenantScopeAndArtifactBytes/viewer_read"}
{"Time":"2026-09-11T17:27:36.133253089-07:00","Action":"output","Package":"github.com/JDinSeattle/forge-runtime/tests/review","Test":"TestReviewHTTPUsesRealNonOwnerTenantScopeAndArtifactBytes/viewer_read","Output":"=== RUN   TestReviewHTTPUsesRealNonOwnerTenantScopeAndArtifactBytes/viewer_read\n"}
{"Time":"2026-09-11T17:27:36.135483202-07:00","Action":"output","Package":"github.com/JDinSeattle/forge-runtime/tests/review","Test":"TestReviewHTTPUsesRealNonOwnerTenantScopeAndArtifactBytes/viewer_read","Output":"--- PASS: TestReviewHTTPUsesRealNonOwnerTenantScopeAndArtifactBytes/viewer_read (0.00s)\n"}
{"Time":"2026-09-11T17:27:36.135504636-07:00","Action":"pass","Package":"github.com/JDinSeattle/forge-runtime/tests/review","Test":"TestReviewHTTPUsesRealNonOwnerTenantScopeAndArtifactBytes/viewer_read","Elapsed":0}
{"Time":"2026-09-11T17:27:36.135517949-07:00","Action":"run","Package":"github.com/JDinSeattle/forge-runtime/tests/review","Test":"TestReviewHTTPUsesRealNonOwnerTenantScopeAndArtifactBytes/viewer_cancel"}
{"Time":"2026-09-11T17:27:36.135521477-07:00","Action":"output","Package":"github.com/JDinSeattle/forge-runtime/tests/review","Test":"TestReviewHTTPUsesRealNonOwnerTenantScopeAndArtifactBytes/viewer_cancel","Output":"=== RUN   TestReviewHTTPUsesRealNonOwnerTenantScopeAndArtifactBytes/viewer_cancel\n"}
{"Time":"2026-09-11T17:27:36.136309774-07:00","Action":"output","Package":"github.com/JDinSeattle/forge-runtime/tests/review","Test":"TestReviewHTTPUsesRealNonOwnerTenantScopeAndArtifactBytes/viewer_cancel","Output":"--- PASS: TestReviewHTTPUsesRealNonOwnerTenantScopeAndArtifactBytes/viewer_cancel (0.00s)\n"}
{"Time":"2026-09-11T17:27:36.136343397-07:00","Action":"pass","Package":"github.com/JDinSeattle/forge-runtime/tests/review","Test":"TestReviewHTTPUsesRealNonOwnerTenantScopeAndArtifactBytes/viewer_cancel","Elapsed":0}
{"Time":"2026-09-11T17:27:36.136352993-07:00","Action":"run","Package":"github.com/JDinSeattle/forge-runtime/tests/review","Test":"TestReviewHTTPUsesRealNonOwnerTenantScopeAndArtifactBytes/viewer_message"}
{"Time":"2026-09-11T17:27:36.136356837-07:00","Action":"output","Package":"github.com/JDinSeattle/forge-runtime/tests/review","Test":"TestReviewHTTPUsesRealNonOwnerTenantScopeAndArtifactBytes/viewer_message","Output":"=== RUN   TestReviewHTTPUsesRealNonOwnerTenantScopeAndArtifactBytes/viewer_message\n"}
{"Time":"2026-09-11T17:27:36.137133597-07:00","Action":"output","Package":"github.com/JDinSeattle/forge-runtime/tests/review","Test":"TestReviewHTTPUsesRealNonOwnerTenantScopeAndArtifactBytes/viewer_message","Output":"--- PASS: TestReviewHTTPUsesRealNonOwnerTenantScopeAndArtifactBytes/viewer_message (0.00s)\n"}
{"Time":"2026-09-11T17:27:36.13714833-07:00","Action":"pass","Package":"github.com/JDinSeattle/forge-runtime/tests/review","Test":"TestReviewHTTPUsesRealNonOwnerTenantScopeAndArtifactBytes/viewer_message","Elapsed":0}
{"Time":"2026-09-11T17:27:36.137175371-07:00","Action":"run","Package":"github.com/JDinSeattle/forge-runtime/tests/review","Test":"TestReviewHTTPUsesRealNonOwnerTenantScopeAndArtifactBytes/cross_tenant_artifact_list"}
{"Time":"2026-09-11T17:27:36.137180222-07:00","Action":"output","Package":"github.com/JDinSeattle/forge-runtime/tests/review","Test":"TestReviewHTTPUsesRealNonOwnerTenantScopeAndArtifactBytes/cross_tenant_artifact_list","Output":"=== RUN   TestReviewHTTPUsesRealNonOwnerTenantScopeAndArtifactBytes/cross_tenant_artifact_list\n"}
{"Time":"2026-09-11T17:27:36.138668124-07:00","Action":"output","Package":"github.com/JDinSeattle/forge-runtime/tests/review","Test":"TestReviewHTTPUsesRealNonOwnerTenantScopeAndArtifactBytes/cross_tenant_artifact_list","Output":"--- PASS: TestReviewHTTPUsesRealNonOwnerTenantScopeAndArtifactBytes/cross_tenant_artifact_list (0.00s)\n"}
{"Time":"2026-09-11T17:27:36.138679156-07:00","Action":"pass","Package":"github.com/JDinSeattle/forge-runtime/tests/review","Test":"TestReviewHTTPUsesRealNonOwnerTenantScopeAndArtifactBytes/cross_tenant_artifact_list","Elapsed":0}
{"Time":"2026-09-11T17:27:36.256759258-07:00","Action":"output","Package":"github.com/JDinSeattle/forge-runtime/internal/persistence","Test":"TestQuotaLockDeadlineLeavesLedgerUsable","Output":"--- PASS: TestQuotaLockDeadlineLeavesLedgerUsable (0.36s)\n"}
{"Time":"2026-09-11T17:27:36.256782848-07:00","Action":"pass","Package":"github.com/JDinSeattle/forge-runtime/internal/persistence","Test":"TestQuotaLockDeadlineLeavesLedgerUsable","Elapsed":0.36}
{"Time":"2026-09-11T17:27:36.256788576-07:00","Action":"output","Package":"github.com/JDinSeattle/forge-runtime/internal/persistence","Output":"PASS\n"}
{"Time":"2026-09-11T17:27:36.290163202-07:00","Action":"output","Package":"github.com/JDinSeattle/forge-runtime/tests/review","Test":"TestReviewHTTPUsesRealNonOwnerTenantScopeAndArtifactBytes","Output":"--- PASS: TestReviewHTTPUsesRealNonOwnerTenantScopeAndArtifactBytes (0.65s)\n"}
{"Time":"2026-09-11T17:27:36.290193936-07:00","Action":"pass","Package":"github.com/JDinSeattle/forge-runtime/tests/review","Test":"TestReviewHTTPUsesRealNonOwnerTenantScopeAndArtifactBytes","Elapsed":0.65}
{"Time":"2026-09-11T17:27:36.290202292-07:00","Action":"run","Package":"github.com/JDinSeattle/forge-runtime/tests/review","Test":"TestReviewAPIProcessShutdownDrainsAndSuccessorReplays"}
{"Time":"2026-09-11T17:27:36.290205876-07:00","Action":"output","Package":"github.com/JDinSeattle/forge-runtime/tests/review","Test":"TestReviewAPIProcessShutdownDrainsAndSuccessorReplays","Output":"=== RUN   TestReviewAPIProcessShutdownDrainsAndSuccessorReplays\n"}
{"Time":"2026-09-11T17:27:36.313887578-07:00","Action":"output","Package":"github.com/JDinSeattle/forge-runtime/internal/runner","Test":"TestCreatedUndispatchedCancellationReachesLockedProof/adopt","Output":"--- PASS: TestCreatedUndispatchedCancellationReachesLockedProof/adopt (0.47s)\n"}
{"Time":"2026-09-11T17:27:36.313914745-07:00","Action":"pass","Package":"github.com/JDinSeattle/forge-runtime/internal/runner","Test":"TestCreatedUndispatchedCancellationReachesLockedProof/adopt","Elapsed":0.47}
{"Time":"2026-09-11T17:27:36.313921653-07:00","Action":"output","Package":"github.com/JDinSeattle/forge-runtime/internal/runner","Test":"TestCreatedUndispatchedCancellationReachesLockedProof","Output":"--- PASS: TestCreatedUndispatchedCancellationReachesLockedProof (1.24s)\n"}
{"Time":"2026-09-11T17:27:36.313927553-07:00","Action":"pass","Package":"github.com/JDinSeattle/forge-runtime/internal/runner","Test":"TestCreatedUndispatchedCancellationReachesLockedProof","Elapsed":1.24}
{"Time":"2026-09-11T17:27:36.313940159-07:00","Action":"run","Package":"github.com/JDinSeattle/forge-runtime/internal/runner","Test":"TestJournalIdentityStableAcrossReopenAndDistinctAcrossFiles"}
{"Time":"2026-09-11T17:27:36.313941555-07:00","Action":"output","Package":"github.com/JDinSeattle/forge-runtime/internal/runner","Test":"TestJournalIdentityStableAcrossReopenAndDistinctAcrossFiles","Output":"=== RUN   TestJournalIdentityStableAcrossReopenAndDistinctAcrossFiles\n"}
{"Time":"2026-09-11T17:27:36.633977855-07:00","Action":"output","Package":"github.com/JDinSeattle/forge-runtime/internal/runner","Test":"TestJournalIdentityStableAcrossReopenAndDistinctAcrossFiles","Output":"--- PASS: TestJournalIdentityStableAcrossReopenAndDistinctAcrossFiles (0.32s)\n"}
{"Time":"2026-09-11T17:27:36.634005278-07:00","Action":"pass","Package":"github.com/JDinSeattle/forge-runtime/internal/runner","Test":"TestJournalIdentityStableAcrossReopenAndDistinctAcrossFiles","Elapsed":0.32}
{"Time":"2026-09-11T17:27:36.63400946-07:00","Action":"run","Package":"github.com/JDinSeattle/forge-runtime/internal/runner","Test":"TestExistingV4NeverInventsMissingOrMalformedIdentity"}
{"Time":"2026-09-11T17:27:36.63401137-07:00","Action":"output","Package":"github.com/JDinSeattle/forge-runtime/internal/runner","Test":"TestExistingV4NeverInventsMissingOrMalformedIdentity","Output":"=== RUN   TestExistingV4NeverInventsMissingOrMalformedIdentity\n"}
{"Time":"2026-09-11T17:27:36.634027544-07:00","Action":"run","Package":"github.com/JDinSeattle/forge-runtime/internal/runner","Test":"TestExistingV4NeverInventsMissingOrMalformedIdentity/table"}
{"Time":"2026-09-11T17:27:36.634029172-07:00","Action":"output","Package":"github.com/JDinSeattle/forge-runtime/internal/runner","Test":"TestExistingV4NeverInventsMissingOrMalformedIdentity/table","Output":"=== RUN   TestExistingV4NeverInventsMissingOrMalformedIdentity/table\n"}
{"Time":"2026-09-11T17:27:36.797511043-07:00","Action":"output","Package":"github.com/JDinSeattle/forge-runtime/internal/runner","Test":"TestExistingV4NeverInventsMissingOrMalformedIdentity/table","Output":"--- PASS: TestExistingV4NeverInventsMissingOrMalformedIdentity/table (0.16s)\n"}
{"Time":"2026-09-11T17:27:36.797540955-07:00","Action":"pass","Package":"github.com/JDinSeattle/forge-runtime/internal/runner","Test":"TestExistingV4NeverInventsMissingOrMalformedIdentity/table","Elapsed":0.16}
{"Time":"2026-09-11T17:27:36.797546228-07:00","Action":"run","Package":"github.com/JDinSeattle/forge-runtime/internal/runner","Test":"TestExistingV4NeverInventsMissingOrMalformedIdentity/row"}
{"Time":"2026-09-11T17:27:36.797548631-07:00","Action":"output","Package":"github.com/JDinSeattle/forge-runtime/internal/runner","Test":"TestExistingV4NeverInventsMissingOrMalformedIdentity/row","Output":"=== RUN   TestExistingV4NeverInventsMissingOrMalformedIdentity/row\n"}
{"Time":"2026-09-11T17:27:36.977125675-07:00","Action":"output","Package":"github.com/JDinSeattle/forge-runtime/internal/runner","Test":"TestExistingV4NeverInventsMissingOrMalformedIdentity/row","Output":"--- PASS: TestExistingV4NeverInventsMissingOrMalformedIdentity/row (0.18s)\n"}
{"Time":"2026-09-11T17:27:36.977161241-07:00","Action":"pass","Package":"github.com/JDinSeattle/forge-runtime/internal/runner","Test":"TestExistingV4NeverInventsMissingOrMalformedIdentity/row","Elapsed":0.18}
{"Time":"2026-09-11T17:27:36.977167546-07:00","Action":"run","Package":"github.com/JDinSeattle/forge-runtime/internal/runner","Test":"TestExistingV4NeverInventsMissingOrMalformedIdentity/malformed"}
{"Time":"2026-09-11T17:27:36.97716985-07:00","Action":"output","Package":"github.com/JDinSeattle/forge-runtime/internal/runner","Test":"TestExistingV4NeverInventsMissingOrMalformedIdentity/malformed","Output":"=== RUN   TestExistingV4NeverInventsMissingOrMalformedIdentity/malformed\n"}
{"Time":"2026-09-11T17:27:37.034654175-07:00","Action":"output","Package":"github.com/JDinSeattle/forge-runtime/tests/review","Test":"TestReviewAPIProcessShutdownDrainsAndSuccessorReplays","Output":"--- PASS: TestReviewAPIProcessShutdownDrainsAndSuccessorReplays (0.74s)\n"}
{"Time":"2026-09-11T17:27:37.034682688-07:00","Action":"pass","Package":"github.com/JDinSeattle/forge-runtime/tests/review","Test":"TestReviewAPIProcessShutdownDrainsAndSuccessorReplays","Elapsed":0.74}
{"Time":"2026-09-11T17:27:37.034690344-07:00","Action":"run","Package":"github.com/JDinSeattle/forge-runtime/tests/review","Test":"TestReviewReservedPriorityIsBoundedAndPreservesFIFO"}
{"Time":"2026-09-11T17:27:37.034693688-07:00","Action":"output","Package":"github.com/JDinSeattle/forge-runtime/tests/review","Test":"TestReviewReservedPriorityIsBoundedAndPreservesFIFO","Output":"=== RUN   TestReviewReservedPriorityIsBoundedAndPreservesFIFO\n"}
{"Time":"2026-09-11T17:27:37.152055522-07:00","Action":"output","Package":"github.com/JDinSeattle/forge-runtime/internal/runner","Test":"TestExistingV4NeverInventsMissingOrMalformedIdentity/malformed","Output":"--- PASS: TestExistingV4NeverInventsMissingOrMalformedIdentity/malformed (0.17s)\n"}
{"Time":"2026-09-11T17:27:37.152088461-07:00","Action":"pass","Package":"github.com/JDinSeattle/forge-runtime/internal/runner","Test":"TestExistingV4NeverInventsMissingOrMalformedIdentity/malformed","Elapsed":0.17}
{"Time":"2026-09-11T17:27:37.152098165-07:00","Action":"output","Package":"github.com/JDinSeattle/forge-runtime/internal/runner","Test":"TestExistingV4NeverInventsMissingOrMalformedIdentity","Output":"--- PASS: TestExistingV4NeverInventsMissingOrMalformedIdentity (0.52s)\n"}
{"Time":"2026-09-11T17:27:37.152102741-07:00","Action":"pass","Package":"github.com/JDinSeattle/forge-runtime/internal/runner","Test":"TestExistingV4NeverInventsMissingOrMalformedIdentity","Elapsed":0.52}
{"Time":"2026-09-11T17:27:37.152118629-07:00","Action":"run","Package":"github.com/JDinSeattle/forge-runtime/internal/runner","Test":"TestV3MigrationCreatesIdentityWithoutChangingLegacyDispatchEvidence"}
{"Time":"2026-09-11T17:27:37.152121845-07:00","Action":"output","Package":"github.com/JDinSeattle/forge-runtime/internal/runner","Test":"TestV3MigrationCreatesIdentityWithoutChangingLegacyDispatchEvidence","Output":"=== RUN   TestV3MigrationCreatesIdentityWithoutChangingLegacyDispatchEvidence\n"}
{"Time":"2026-09-11T17:27:37.263170152-07:00","Action":"output","Package":"github.com/JDinSeattle/forge-runtime/internal/persistence","Output":"ok  \tgithub.com/JDinSeattle/forge-runtime/internal/persistence\t12.758s\n"}
{"Time":"2026-09-11T17:27:37.263206805-07:00","Action":"pass","Package":"github.com/JDinSeattle/forge-runtime/internal/persistence","Elapsed":12.758}
{"Time":"2026-09-11T17:27:37.440156309-07:00","Action":"output","Package":"github.com/JDinSeattle/forge-runtime/tests/review","Test":"TestReviewReservedPriorityIsBoundedAndPreservesFIFO","Output":"--- PASS: TestReviewReservedPriorityIsBoundedAndPreservesFIFO (0.41s)\n"}
{"Time":"2026-09-11T17:27:37.440186669-07:00","Action":"pass","Package":"github.com/JDinSeattle/forge-runtime/tests/review","Test":"TestReviewReservedPriorityIsBoundedAndPreservesFIFO","Elapsed":0.41}
{"Time":"2026-09-11T17:27:37.440191432-07:00","Action":"run","Package":"github.com/JDinSeattle/forge-runtime/tests/review","Test":"TestRecoverySourceProcess"}
{"Time":"2026-09-11T17:27:37.440193292-07:00","Action":"output","Package":"github.com/JDinSeattle/forge-runtime/tests/review","Test":"TestRecoverySourceProcess","Output":"=== RUN   TestRecoverySourceProcess\n"}
{"Time":"2026-09-11T17:27:37.440201646-07:00","Action":"output","Package":"github.com/JDinSeattle/forge-runtime/internal/runner","Test":"TestV3MigrationCreatesIdentityWithoutChangingLegacyDispatchEvidence","Output":"--- PASS: TestV3MigrationCreatesIdentityWithoutChangingLegacyDispatchEvidence (0.29s)\n"}
{"Time":"2026-09-11T17:27:37.440207703-07:00","Action":"output","Package":"github.com/JDinSeattle/forge-runtime/tests/review","Test":"TestRecoverySourceProcess","Output":"    recovery_test.go:235: operator-only paired recovery rehearsal: FORGE_RECOVERY_CONFIG is required\n"}
{"Time":"2026-09-11T17:27:37.440214492-07:00","Action":"pass","Package":"github.com/JDinSeattle/forge-runtime/internal/runner","Test":"TestV3MigrationCreatesIdentityWithoutChangingLegacyDispatchEvidence","Elapsed":0.29}
{"Time":"2026-09-11T17:27:37.440222319-07:00","Action":"output","Package":"github.com/JDinSeattle/forge-runtime/tests/review","Test":"TestRecoverySourceProcess","Output":"--- SKIP: TestRecoverySourceProcess (0.00s)\n"}
{"Time":"2026-09-11T17:27:37.440226041-07:00","Action":"run","Package":"github.com/JDinSeattle/forge-runtime/internal/runner","Test":"TestStrictLogShutdownPreservesJobAndGapAcrossReopen"}
{"Time":"2026-09-11T17:27:37.440227935-07:00","Action":"output","Package":"github.com/JDinSeattle/forge-runtime/internal/runner","Test":"TestStrictLogShutdownPreservesJobAndGapAcrossReopen","Output":"=== RUN   TestStrictLogShutdownPreservesJobAndGapAcrossReopen\n"}
{"Time":"2026-09-11T17:27:37.440230428-07:00","Action":"skip","Package":"github.com/JDinSeattle/forge-runtime/tests/review","Test":"TestRecoverySourceProcess","Elapsed":0}
{"Time":"2026-09-11T17:27:37.440240467-07:00","Action":"run","Package":"github.com/JDinSeattle/forge-runtime/tests/review","Test":"TestRecoveryRestoredProcess"}
{"Time":"2026-09-11T17:27:37.440242332-07:00","Action":"output","Package":"github.com/JDinSeattle/forge-runtime/tests/review","Test":"TestRecoveryRestoredProcess","Output":"=== RUN   TestRecoveryRestoredProcess\n"}
{"Time":"2026-09-11T17:27:37.440260505-07:00","Action":"output","Package":"github.com/JDinSeattle/forge-runtime/tests/review","Test":"TestRecoveryRestoredProcess","Output":"    recovery_test.go:335: operator-only paired recovery rehearsal: FORGE_RECOVERY_CONFIG is required\n"}
{"Time":"2026-09-11T17:27:37.440271693-07:00","Action":"output","Package":"github.com/JDinSeattle/forge-runtime/tests/review","Test":"TestRecoveryRestoredProcess","Output":"--- SKIP: TestRecoveryRestoredProcess (0.00s)\n"}
{"Time":"2026-09-11T17:27:37.44027572-07:00","Action":"skip","Package":"github.com/JDinSeattle/forge-runtime/tests/review","Test":"TestRecoveryRestoredProcess","Elapsed":0}
{"Time":"2026-09-11T17:27:37.440282909-07:00","Action":"run","Package":"github.com/JDinSeattle/forge-runtime/tests/review","Test":"TestReviewHTTPResumePreservesIdentityAndCapacity"}
{"Time":"2026-09-11T17:27:37.440284665-07:00","Action":"output","Package":"github.com/JDinSeattle/forge-runtime/tests/review","Test":"TestReviewHTTPResumePreservesIdentityAndCapacity","Output":"=== RUN   TestReviewHTTPResumePreservesIdentityAndCapacity\n"}
{"Time":"2026-09-11T17:27:37.888628716-07:00","Action":"output","Package":"github.com/JDinSeattle/forge-runtime/internal/runner","Test":"TestStrictLogShutdownPreservesJobAndGapAcrossReopen","Output":"--- PASS: TestStrictLogShutdownPreservesJobAndGapAcrossReopen (0.45s)\n"}
{"Time":"2026-09-11T17:27:37.888691922-07:00","Action":"pass","Package":"github.com/JDinSeattle/forge-runtime/internal/runner","Test":"TestStrictLogShutdownPreservesJobAndGapAcrossReopen","Elapsed":0.45}
{"Time":"2026-09-11T17:27:37.888703736-07:00","Action":"run","Package":"github.com/JDinSeattle/forge-runtime/internal/runner","Test":"TestStrictLogReceiptCrashReusesCapturedBytesAndReservation"}
{"Time":"2026-09-11T17:27:37.88870831-07:00","Action":"output","Package":"github.com/JDinSeattle/forge-runtime/internal/runner","Test":"TestStrictLogReceiptCrashReusesCapturedBytesAndReservation","Output":"=== RUN   TestStrictLogReceiptCrashReusesCapturedBytesAndReservation\n"}
{"Time":"2026-09-11T17:27:38.20674537-07:00","Action":"output","Package":"github.com/JDinSeattle/forge-runtime/internal/application","Test":"TestExternalModelAndRunnerWaitsHoldNoSQLTransaction/model","Output":"--- PASS: TestExternalModelAndRunnerWaitsHoldNoSQLTransaction/model (6.66s)\n"}
{"Time":"2026-09-11T17:27:38.206766633-07:00","Action":"pass","Package":"github.com/JDinSeattle/forge-runtime/internal/application","Test":"TestExternalModelAndRunnerWaitsHoldNoSQLTransaction/model","Elapsed":6.66}
{"Time":"2026-09-11T17:27:38.206775941-07:00","Action":"run","Package":"github.com/JDinSeattle/forge-runtime/internal/application","Test":"TestExternalModelAndRunnerWaitsHoldNoSQLTransaction/runner"}
{"Time":"2026-09-11T17:27:38.206777596-07:00","Action":"output","Package":"github.com/JDinSeattle/forge-runtime/internal/application","Test":"TestExternalModelAndRunnerWaitsHoldNoSQLTransaction/runner","Output":"=== RUN   TestExternalModelAndRunnerWaitsHoldNoSQLTransaction/runner\n"}
{"Time":"2026-09-11T17:27:38.215549285-07:00","Action":"output","Package":"github.com/JDinSeattle/forge-runtime/tests/review","Test":"TestReviewHTTPResumePreservesIdentityAndCapacity","Output":"--- PASS: TestReviewHTTPResumePreservesIdentityAndCapacity (0.78s)\n"}
{"Time":"2026-09-11T17:27:38.215559148-07:00","Action":"pass","Package":"github.com/JDinSeattle/forge-runtime/tests/review","Test":"TestReviewHTTPResumePreservesIdentityAndCapacity","Elapsed":0.78}
{"Time":"2026-09-11T17:27:38.215571453-07:00","Action":"run","Package":"github.com/JDinSeattle/forge-runtime/tests/review","Test":"TestReviewConcurrentFinalizeDoesNotReleaseSentinelCapacity"}
{"Time":"2026-09-11T17:27:38.215573759-07:00","Action":"output","Package":"github.com/JDinSeattle/forge-runtime/tests/review","Test":"TestReviewConcurrentFinalizeDoesNotReleaseSentinelCapacity","Output":"=== RUN   TestReviewConcurrentFinalizeDoesNotReleaseSentinelCapacity\n"}
{"Time":"2026-09-11T17:27:38.459907477-07:00","Action":"output","Package":"github.com/JDinSeattle/forge-runtime/internal/runner","Test":"TestStrictLogReceiptCrashReusesCapturedBytesAndReservation","Output":"--- PASS: TestStrictLogReceiptCrashReusesCapturedBytesAndReservation (0.57s)\n"}
{"Time":"2026-09-11T17:27:38.459979267-07:00","Action":"pass","Package":"github.com/JDinSeattle/forge-runtime/internal/runner","Test":"TestStrictLogReceiptCrashReusesCapturedBytesAndReservation","Elapsed":0.57}
{"Time":"2026-09-11T17:27:38.459992194-07:00","Action":"run","Package":"github.com/JDinSeattle/forge-runtime/internal/runner","Test":"TestStrictLogFramesBoundedAndBinaryStreamsPreserved"}
{"Time":"2026-09-11T17:27:38.459998083-07:00","Action":"output","Package":"github.com/JDinSeattle/forge-runtime/internal/runner","Test":"TestStrictLogFramesBoundedAndBinaryStreamsPreserved","Output":"=== RUN   TestStrictLogFramesBoundedAndBinaryStreamsPreserved\n"}
{"Time":"2026-09-11T17:27:38.494717182-07:00","Action":"output","Package":"github.com/JDinSeattle/forge-runtime/internal/runner","Test":"TestStrictLogFramesBoundedAndBinaryStreamsPreserved","Output":"--- PASS: TestStrictLogFramesBoundedAndBinaryStreamsPreserved (0.03s)\n"}
{"Time":"2026-09-11T17:27:38.494762956-07:00","Action":"pass","Package":"github.com/JDinSeattle/forge-runtime/internal/runner","Test":"TestStrictLogFramesBoundedAndBinaryStreamsPreserved","Elapsed":0.03}
{"Time":"2026-09-11T17:27:38.494771959-07:00","Action":"run","Package":"github.com/JDinSeattle/forge-runtime/internal/runner","Test":"TestStrictLogFloodStopsStorageButContinuesCountingBothStreams"}
{"Time":"2026-09-11T17:27:38.494775969-07:00","Action":"output","Package":"github.com/JDinSeattle/forge-runtime/internal/runner","Test":"TestStrictLogFloodStopsStorageButContinuesCountingBothStreams","Output":"=== RUN   TestStrictLogFloodStopsStorageButContinuesCountingBothStreams\n"}
{"Time":"2026-09-11T17:27:38.547073008-07:00","Action":"output","Package":"github.com/JDinSeattle/forge-runtime/internal/runner","Test":"TestStrictLogFloodStopsStorageButContinuesCountingBothStreams","Output":"--- PASS: TestStrictLogFloodStopsStorageButContinuesCountingBothStreams (0.05s)\n"}
{"Time":"2026-09-11T17:27:38.547147272-07:00","Action":"pass","Package":"github.com/JDinSeattle/forge-runtime/internal/runner","Test":"TestStrictLogFloodStopsStorageButContinuesCountingBothStreams","Elapsed":0.05}
{"Time":"2026-09-11T17:27:38.547170054-07:00","Action":"run","Package":"github.com/JDinSeattle/forge-runtime/internal/runner","Test":"TestStrictLogCrashPrefixNeverInventsCompleteCapture"}
{"Time":"2026-09-11T17:27:38.547199533-07:00","Action":"output","Package":"github.com/JDinSeattle/forge-runtime/internal/runner","Test":"TestStrictLogCrashPrefixNeverInventsCompleteCapture","Output":"=== RUN   TestStrictLogCrashPrefixNeverInventsCompleteCapture\n"}
{"Time":"2026-09-11T17:27:38.575579907-07:00","Action":"output","Package":"github.com/JDinSeattle/forge-runtime/internal/runner","Test":"TestStrictLogCrashPrefixNeverInventsCompleteCapture","Output":"--- PASS: TestStrictLogCrashPrefixNeverInventsCompleteCapture (0.03s)\n"}
{"Time":"2026-09-11T17:27:38.575628857-07:00","Action":"pass","Package":"github.com/JDinSeattle/forge-runtime/internal/runner","Test":"TestStrictLogCrashPrefixNeverInventsCompleteCapture","Elapsed":0.03}
{"Time":"2026-09-11T17:27:38.575642935-07:00","Action":"run","Package":"github.com/JDinSeattle/forge-runtime/internal/runner","Test":"TestStrictLogCorruptionAndSymlinkFailClosed"}
{"Time":"2026-09-11T17:27:38.575650522-07:00","Action":"output","Package":"github.com/JDinSeattle/forge-runtime/internal/runner","Test":"TestStrictLogCorruptionAndSymlinkFailClosed","Output":"=== RUN   TestStrictLogCorruptionAndSymlinkFailClosed\n"}
{"Time":"2026-09-11T17:27:38.628486685-07:00","Action":"output","Package":"github.com/JDinSeattle/forge-runtime/internal/runner","Test":"TestStrictLogCorruptionAndSymlinkFailClosed","Output":"--- PASS: TestStrictLogCorruptionAndSymlinkFailClosed (0.05s)\n"}
{"Time":"2026-09-11T17:27:38.628576601-07:00","Action":"pass","Package":"github.com/JDinSeattle/forge-runtime/internal/runner","Test":"TestStrictLogCorruptionAndSymlinkFailClosed","Elapsed":0.05}
{"Time":"2026-09-11T17:27:38.628604671-07:00","Action":"run","Package":"github.com/JDinSeattle/forge-runtime/internal/runner","Test":"TestStrictLogRunReservationSurvivesReopenAndDuplicate"}
{"Time":"2026-09-11T17:27:38.62861937-07:00","Action":"output","Package":"github.com/JDinSeattle/forge-runtime/internal/runner","Test":"TestStrictLogRunReservationSurvivesReopenAndDuplicate","Output":"=== RUN   TestStrictLogRunReservationSurvivesReopenAndDuplicate\n"}
{"Time":"2026-09-11T17:27:39.309926089-07:00","Action":"output","Package":"github.com/JDinSeattle/forge-runtime/internal/runner","Test":"TestStrictLogRunReservationSurvivesReopenAndDuplicate","Output":"--- PASS: TestStrictLogRunReservationSurvivesReopenAndDuplicate (0.68s)\n"}
{"Time":"2026-09-11T17:27:39.309970647-07:00","Action":"pass","Package":"github.com/JDinSeattle/forge-runtime/internal/runner","Test":"TestStrictLogRunReservationSurvivesReopenAndDuplicate","Elapsed":0.68}
{"Time":"2026-09-11T17:27:39.309978466-07:00","Action":"run","Package":"github.com/JDinSeattle/forge-runtime/internal/runner","Test":"TestStrictLogV4MigrationPreservesIdentityAndLegacyWithoutInventingBudget"}
{"Time":"2026-09-11T17:27:39.309986398-07:00","Action":"output","Package":"github.com/JDinSeattle/forge-runtime/internal/runner","Test":"TestStrictLogV4MigrationPreservesIdentityAndLegacyWithoutInventingBudget","Output":"=== RUN   TestStrictLogV4MigrationPreservesIdentityAndLegacyWithoutInventingBudget\n"}
{"Time":"2026-09-11T17:27:39.469757761-07:00","Action":"output","Package":"github.com/JDinSeattle/forge-runtime/tests/review","Test":"TestReviewConcurrentFinalizeDoesNotReleaseSentinelCapacity","Output":"--- PASS: TestReviewConcurrentFinalizeDoesNotReleaseSentinelCapacity (1.25s)\n"}
{"Time":"2026-09-11T17:27:39.469782063-07:00","Action":"pass","Package":"github.com/JDinSeattle/forge-runtime/tests/review","Test":"TestReviewConcurrentFinalizeDoesNotReleaseSentinelCapacity","Elapsed":1.25}
{"Time":"2026-09-11T17:27:39.469797915-07:00","Action":"run","Package":"github.com/JDinSeattle/forge-runtime/tests/review","Test":"TestReviewCLIResumeSucceedsThroughRealHTTP"}
{"Time":"2026-09-11T17:27:39.46979977-07:00","Action":"output","Package":"github.com/JDinSeattle/forge-runtime/tests/review","Test":"TestReviewCLIResumeSucceedsThroughRealHTTP","Output":"=== RUN   TestReviewCLIResumeSucceedsThroughRealHTTP\n"}
{"Time":"2026-09-11T17:27:39.499554758-07:00","Action":"output","Package":"github.com/JDinSeattle/forge-runtime/internal/runner","Test":"TestStrictLogV4MigrationPreservesIdentityAndLegacyWithoutInventingBudget","Output":"--- PASS: TestStrictLogV4MigrationPreservesIdentityAndLegacyWithoutInventingBudget (0.19s)\n"}
{"Time":"2026-09-11T17:27:39.499582089-07:00","Action":"pass","Package":"github.com/JDinSeattle/forge-runtime/internal/runner","Test":"TestStrictLogV4MigrationPreservesIdentityAndLegacyWithoutInventingBudget","Elapsed":0.19}
{"Time":"2026-09-11T17:27:39.499587399-07:00","Action":"run","Package":"github.com/JDinSeattle/forge-runtime/internal/runner","Test":"TestStrictLogReadRejectsSymlinkDirectoryAndInvalidMetadata"}
{"Time":"2026-09-11T17:27:39.499589543-07:00","Action":"output","Package":"github.com/JDinSeattle/forge-runtime/internal/runner","Test":"TestStrictLogReadRejectsSymlinkDirectoryAndInvalidMetadata","Output":"=== RUN   TestStrictLogReadRejectsSymlinkDirectoryAndInvalidMetadata\n"}
{"Time":"2026-09-11T17:27:39.534015984-07:00","Action":"run","Package":"github.com/JDinSeattle/forge-runtime/internal/runner","Test":"TestStrictLogReadRejectsSymlinkDirectoryAndInvalidMetadata/observed_without_request"}
{"Time":"2026-09-11T17:27:39.534041153-07:00","Action":"output","Package":"github.com/JDinSeattle/forge-runtime/internal/runner","Test":"TestStrictLogReadRejectsSymlinkDirectoryAndInvalidMetadata/observed_without_request","Output":"=== RUN   TestStrictLogReadRejectsSymlinkDirectoryAndInvalidMetadata/observed_without_request\n"}
{"Time":"2026-09-11T17:27:39.534443098-07:00","Action":"output","Package":"github.com/JDinSeattle/forge-runtime/internal/runner","Test":"TestStrictLogReadRejectsSymlinkDirectoryAndInvalidMetadata/observed_without_request","Output":"--- PASS: TestStrictLogReadRejectsSymlinkDirectoryAndInvalidMetadata/observed_without_request (0.00s)\n"}
{"Time":"2026-09-11T17:27:39.534458513-07:00","Action":"pass","Package":"github.com/JDinSeattle/forge-runtime/internal/runner","Test":"TestStrictLogReadRejectsSymlinkDirectoryAndInvalidMetadata/observed_without_request","Elapsed":0}
{"Time":"2026-09-11T17:27:39.534474237-07:00","Action":"run","Package":"github.com/JDinSeattle/forge-runtime/internal/runner","Test":"TestStrictLogReadRejectsSymlinkDirectoryAndInvalidMetadata/forged_success"}
{"Time":"2026-09-11T17:27:39.534477155-07:00","Action":"output","Package":"github.com/JDinSeattle/forge-runtime/internal/runner","Test":"TestStrictLogReadRejectsSymlinkDirectoryAndInvalidMetadata/forged_success","Output":"=== RUN   TestStrictLogReadRejectsSymlinkDirectoryAndInvalidMetadata/forged_success\n"}
{"Time":"2026-09-11T17:27:39.534821351-07:00","Action":"output","Package":"github.com/JDinSeattle/forge-runtime/internal/runner","Test":"TestStrictLogReadRejectsSymlinkDirectoryAndInvalidMetadata/forged_success","Output":"--- PASS: TestStrictLogReadRejectsSymlinkDirectoryAndInvalidMetadata/forged_success (0.00s)\n"}
{"Time":"2026-09-11T17:27:39.5348308-07:00","Action":"pass","Package":"github.com/JDinSeattle/forge-runtime/internal/runner","Test":"TestStrictLogReadRejectsSymlinkDirectoryAndInvalidMetadata/forged_success","Elapsed":0}
{"Time":"2026-09-11T17:27:39.534841451-07:00","Action":"run","Package":"github.com/JDinSeattle/forge-runtime/internal/runner","Test":"TestStrictLogReadRejectsSymlinkDirectoryAndInvalidMetadata/unknown_reason"}
{"Time":"2026-09-11T17:27:39.534844152-07:00","Action":"output","Package":"github.com/JDinSeattle/forge-runtime/internal/runner","Test":"TestStrictLogReadRejectsSymlinkDirectoryAndInvalidMetadata/unknown_reason","Output":"=== RUN   TestStrictLogReadRejectsSymlinkDirectoryAndInvalidMetadata/unknown_reason\n"}
{"Time":"2026-09-11T17:27:39.535174169-07:00","Action":"output","Package":"github.com/JDinSeattle/forge-runtime/internal/runner","Test":"TestStrictLogReadRejectsSymlinkDirectoryAndInvalidMetadata/unknown_reason","Output":"--- PASS: TestStrictLogReadRejectsSymlinkDirectoryAndInvalidMetadata/unknown_reason (0.00s)\n"}
{"Time":"2026-09-11T17:27:39.535180053-07:00","Action":"pass","Package":"github.com/JDinSeattle/forge-runtime/internal/runner","Test":"TestStrictLogReadRejectsSymlinkDirectoryAndInvalidMetadata/unknown_reason","Elapsed":0}
{"Time":"2026-09-11T17:27:39.535191117-07:00","Action":"run","Package":"github.com/JDinSeattle/forge-runtime/internal/runner","Test":"TestStrictLogReadRejectsSymlinkDirectoryAndInvalidMetadata/seen_underflow"}
{"Time":"2026-09-11T17:27:39.535192859-07:00","Action":"output","Package":"github.com/JDinSeattle/forge-runtime/internal/runner","Test":"TestStrictLogReadRejectsSymlinkDirectoryAndInvalidMetadata/seen_underflow","Output":"=== RUN   TestStrictLogReadRejectsSymlinkDirectoryAndInvalidMetadata/seen_underflow\n"}
{"Time":"2026-09-11T17:27:39.535538377-07:00","Action":"output","Package":"github.com/JDinSeattle/forge-runtime/internal/runner","Test":"TestStrictLogReadRejectsSymlinkDirectoryAndInvalidMetadata/seen_underflow","Output":"--- PASS: TestStrictLogReadRejectsSymlinkDirectoryAndInvalidMetadata/seen_underflow (0.00s)\n"}
{"Time":"2026-09-11T17:27:39.535549446-07:00","Action":"pass","Package":"github.com/JDinSeattle/forge-runtime/internal/runner","Test":"TestStrictLogReadRejectsSymlinkDirectoryAndInvalidMetadata/seen_underflow","Elapsed":0}
{"Time":"2026-09-11T17:27:39.535559761-07:00","Action":"run","Package":"github.com/JDinSeattle/forge-runtime/internal/runner","Test":"TestStrictLogReadRejectsSymlinkDirectoryAndInvalidMetadata/invented_drop"}
{"Time":"2026-09-11T17:27:39.535562351-07:00","Action":"output","Package":"github.com/JDinSeattle/forge-runtime/internal/runner","Test":"TestStrictLogReadRejectsSymlinkDirectoryAndInvalidMetadata/invented_drop","Output":"=== RUN   TestStrictLogReadRejectsSymlinkDirectoryAndInvalidMetadata/invented_drop\n"}
{"Time":"2026-09-11T17:27:39.535894408-07:00","Action":"output","Package":"github.com/JDinSeattle/forge-runtime/internal/runner","Test":"TestStrictLogReadRejectsSymlinkDirectoryAndInvalidMetadata/invented_drop","Output":"--- PASS: TestStrictLogReadRejectsSymlinkDirectoryAndInvalidMetadata/invented_drop (0.00s)\n"}
{"Time":"2026-09-11T17:27:39.535900739-07:00","Action":"pass","Package":"github.com/JDinSeattle/forge-runtime/internal/runner","Test":"TestStrictLogReadRejectsSymlinkDirectoryAndInvalidMetadata/invented_drop","Elapsed":0}
{"Time":"2026-09-11T17:27:39.53590942-07:00","Action":"run","Package":"github.com/JDinSeattle/forge-runtime/internal/runner","Test":"TestStrictLogReadRejectsSymlinkDirectoryAndInvalidMetadata/unknown_complete"}
{"Time":"2026-09-11T17:27:39.535911872-07:00","Action":"output","Package":"github.com/JDinSeattle/forge-runtime/internal/runner","Test":"TestStrictLogReadRejectsSymlinkDirectoryAndInvalidMetadata/unknown_complete","Output":"=== RUN   TestStrictLogReadRejectsSymlinkDirectoryAndInvalidMetadata/unknown_complete\n"}
{"Time":"2026-09-11T17:27:39.536184736-07:00","Action":"output","Package":"github.com/JDinSeattle/forge-runtime/internal/runner","Test":"TestStrictLogReadRejectsSymlinkDirectoryAndInvalidMetadata/unknown_complete","Output":"--- PASS: TestStrictLogReadRejectsSymlinkDirectoryAndInvalidMetadata/unknown_complete (0.00s)\n"}
{"Time":"2026-09-11T17:27:39.536189494-07:00","Action":"pass","Package":"github.com/JDinSeattle/forge-runtime/internal/runner","Test":"TestStrictLogReadRejectsSymlinkDirectoryAndInvalidMetadata/unknown_complete","Elapsed":0}
{"Time":"2026-09-11T17:27:39.536327548-07:00","Action":"output","Package":"github.com/JDinSeattle/forge-runtime/internal/runner","Test":"TestStrictLogReadRejectsSymlinkDirectoryAndInvalidMetadata","Output":"--- PASS: TestStrictLogReadRejectsSymlinkDirectoryAndInvalidMetadata (0.04s)\n"}
{"Time":"2026-09-11T17:27:39.536335343-07:00","Action":"pass","Package":"github.com/JDinSeattle/forge-runtime/internal/runner","Test":"TestStrictLogReadRejectsSymlinkDirectoryAndInvalidMetadata","Elapsed":0.04}
{"Time":"2026-09-11T17:27:39.536348597-07:00","Action":"run","Package":"github.com/JDinSeattle/forge-runtime/internal/runner","Test":"TestStrictLogDockerBackendAcceptance"}
{"Time":"2026-09-11T17:27:39.536351059-07:00","Action":"output","Package":"github.com/JDinSeattle/forge-runtime/internal/runner","Test":"TestStrictLogDockerBackendAcceptance","Output":"=== RUN   TestStrictLogDockerBackendAcceptance\n"}
{"Time":"2026-09-11T17:27:39.536376226-07:00","Action":"output","Package":"github.com/JDinSeattle/forge-runtime/internal/runner","Test":"TestStrictLogDockerBackendAcceptance","Output":"    logs_backend_integration_test.go:144: operator-only: requires explicit exclusive fixed-volume handoff config\n"}
{"Time":"2026-09-11T17:27:39.536387096-07:00","Action":"output","Package":"github.com/JDinSeattle/forge-runtime/internal/runner","Test":"TestStrictLogDockerBackendAcceptance","Output":"--- SKIP: TestStrictLogDockerBackendAcceptance (0.00s)\n"}
{"Time":"2026-09-11T17:27:39.53640769-07:00","Action":"skip","Package":"github.com/JDinSeattle/forge-runtime/internal/runner","Test":"TestStrictLogDockerBackendAcceptance","Elapsed":0}
{"Time":"2026-09-11T17:27:39.536424452-07:00","Action":"run","Package":"github.com/JDinSeattle/forge-runtime/internal/runner","Test":"TestStrictLogBackendFixtureProgramsParse"}
{"Time":"2026-09-11T17:27:39.536426687-07:00","Action":"output","Package":"github.com/JDinSeattle/forge-runtime/internal/runner","Test":"TestStrictLogBackendFixtureProgramsParse","Output":"=== RUN   TestStrictLogBackendFixtureProgramsParse\n"}
{"Time":"2026-09-11T17:27:39.536446752-07:00","Action":"run","Package":"github.com/JDinSeattle/forge-runtime/internal/runner","Test":"TestStrictLogBackendFixtureProgramsParse/binary"}
{"Time":"2026-09-11T17:27:39.536449142-07:00","Action":"output","Package":"github.com/JDinSeattle/forge-runtime/internal/runner","Test":"TestStrictLogBackendFixtureProgramsParse/binary","Output":"=== RUN   TestStrictLogBackendFixtureProgramsParse/binary\n"}
{"Time":"2026-09-11T17:27:39.550468908-07:00","Action":"output","Package":"github.com/JDinSeattle/forge-runtime/internal/runner","Test":"TestStrictLogBackendFixtureProgramsParse/binary","Output":"--- PASS: TestStrictLogBackendFixtureProgramsParse/binary (0.01s)\n"}
{"Time":"2026-09-11T17:27:39.550510508-07:00","Action":"pass","Package":"github.com/JDinSeattle/forge-runtime/internal/runner","Test":"TestStrictLogBackendFixtureProgramsParse/binary","Elapsed":0.01}
{"Time":"2026-09-11T17:27:39.550518523-07:00","Action":"run","Package":"github.com/JDinSeattle/forge-runtime/internal/runner","Test":"TestStrictLogBackendFixtureProgramsParse/flood"}
{"Time":"2026-09-11T17:27:39.550522158-07:00","Action":"output","Package":"github.com/JDinSeattle/forge-runtime/internal/runner","Test":"TestStrictLogBackendFixtureProgramsParse/flood","Output":"=== RUN   TestStrictLogBackendFixtureProgramsParse/flood\n"}
{"Time":"2026-09-11T17:27:39.562699338-07:00","Action":"output","Package":"github.com/JDinSeattle/forge-runtime/internal/runner","Test":"TestStrictLogBackendFixtureProgramsParse/flood","Output":"--- PASS: TestStrictLogBackendFixtureProgramsParse/flood (0.01s)\n"}
{"Time":"2026-09-11T17:27:39.56273054-07:00","Action":"pass","Package":"github.com/JDinSeattle/forge-runtime/internal/runner","Test":"TestStrictLogBackendFixtureProgramsParse/flood","Elapsed":0.01}
{"Time":"2026-09-11T17:27:39.562738088-07:00","Action":"run","Package":"github.com/JDinSeattle/forge-runtime/internal/runner","Test":"TestStrictLogBackendFixtureProgramsParse/cancel"}
{"Time":"2026-09-11T17:27:39.562742112-07:00","Action":"output","Package":"github.com/JDinSeattle/forge-runtime/internal/runner","Test":"TestStrictLogBackendFixtureProgramsParse/cancel","Output":"=== RUN   TestStrictLogBackendFixtureProgramsParse/cancel\n"}
{"Time":"2026-09-11T17:27:39.57226485-07:00","Action":"output","Package":"github.com/JDinSeattle/forge-runtime/internal/runner","Test":"TestStrictLogBackendFixtureProgramsParse/cancel","Output":"--- PASS: TestStrictLogBackendFixtureProgramsParse/cancel (0.01s)\n"}
{"Time":"2026-09-11T17:27:39.572283964-07:00","Action":"pass","Package":"github.com/JDinSeattle/forge-runtime/internal/runner","Test":"TestStrictLogBackendFixtureProgramsParse/cancel","Elapsed":0.01}
{"Time":"2026-09-11T17:27:39.57228979-07:00","Action":"run","Package":"github.com/JDinSeattle/forge-runtime/internal/runner","Test":"TestStrictLogBackendFixtureProgramsParse/shutdown"}
{"Time":"2026-09-11T17:27:39.572297997-07:00","Action":"output","Package":"github.com/JDinSeattle/forge-runtime/internal/runner","Test":"TestStrictLogBackendFixtureProgramsParse/shutdown","Output":"=== RUN   TestStrictLogBackendFixtureProgramsParse/shutdown\n"}
{"Time":"2026-09-11T17:27:39.585222805-07:00","Action":"output","Package":"github.com/JDinSeattle/forge-runtime/internal/runner","Test":"TestStrictLogBackendFixtureProgramsParse/shutdown","Output":"--- PASS: TestStrictLogBackendFixtureProgramsParse/shutdown (0.01s)\n"}
{"Time":"2026-09-11T17:27:39.585254434-07:00","Action":"pass","Package":"github.com/JDinSeattle/forge-runtime/internal/runner","Test":"TestStrictLogBackendFixtureProgramsParse/shutdown","Elapsed":0.01}
{"Time":"2026-09-11T17:27:39.585262376-07:00","Action":"output","Package":"github.com/JDinSeattle/forge-runtime/internal/runner","Test":"TestStrictLogBackendFixtureProgramsParse","Output":"--- PASS: TestStrictLogBackendFixtureProgramsParse (0.05s)\n"}
{"Time":"2026-09-11T17:27:39.585267686-07:00","Action":"pass","Package":"github.com/JDinSeattle/forge-runtime/internal/runner","Test":"TestStrictLogBackendFixtureProgramsParse","Elapsed":0.05}
{"Time":"2026-09-11T17:27:39.58529988-07:00","Action":"run","Package":"github.com/JDinSeattle/forge-runtime/internal/runner","Test":"TestShutdownFencesQueuedAdmissionAndPreservesJobForSuccessor"}
{"Time":"2026-09-11T17:27:39.585305418-07:00","Action":"output","Package":"github.com/JDinSeattle/forge-runtime/internal/runner","Test":"TestShutdownFencesQueuedAdmissionAndPreservesJobForSuccessor","Output":"=== RUN   TestShutdownFencesQueuedAdmissionAndPreservesJobForSuccessor\n"}
{"Time":"2026-09-11T17:27:40.031936723-07:00","Action":"output","Package":"github.com/JDinSeattle/forge-runtime/tests/review","Test":"TestReviewCLIResumeSucceedsThroughRealHTTP","Output":"    resume_capacity_test.go:418: actual CLI pid=3401459 exit=0 accepted run=run_OIDSDOSTTRJ6TVFI47NXOUXCLA reviewed_version=7\n"}
{"Time":"2026-09-11T17:27:40.071058373-07:00","Action":"output","Package":"github.com/JDinSeattle/forge-runtime/internal/runner","Test":"TestShutdownFencesQueuedAdmissionAndPreservesJobForSuccessor","Output":"--- PASS: TestShutdownFencesQueuedAdmissionAndPreservesJobForSuccessor (0.49s)\n"}
{"Time":"2026-09-11T17:27:40.071086955-07:00","Action":"pass","Package":"github.com/JDinSeattle/forge-runtime/internal/runner","Test":"TestShutdownFencesQueuedAdmissionAndPreservesJobForSuccessor","Elapsed":0.49}
{"Time":"2026-09-11T17:27:40.071091908-07:00","Action":"run","Package":"github.com/JDinSeattle/forge-runtime/internal/runner","Test":"TestStoppedWorkspaceCannotReopenAfterRestart"}
{"Time":"2026-09-11T17:27:40.071093474-07:00","Action":"output","Package":"github.com/JDinSeattle/forge-runtime/internal/runner","Test":"TestStoppedWorkspaceCannotReopenAfterRestart","Output":"=== RUN   TestStoppedWorkspaceCannotReopenAfterRestart\n"}
{"Time":"2026-09-11T17:27:40.078092182-07:00","Action":"output","Package":"github.com/JDinSeattle/forge-runtime/tests/review","Test":"TestReviewCLIResumeSucceedsThroughRealHTTP","Output":"--- PASS: TestReviewCLIResumeSucceedsThroughRealHTTP (0.61s)\n"}
{"Time":"2026-09-11T17:27:40.078140806-07:00","Action":"pass","Package":"github.com/JDinSeattle/forge-runtime/tests/review","Test":"TestReviewCLIResumeSucceedsThroughRealHTTP","Elapsed":0.61}
{"Time":"2026-09-11T17:27:40.078149681-07:00","Action":"run","Package":"github.com/JDinSeattle/forge-runtime/tests/review","Test":"TestReviewTrimEventsPreservesActiveStatesAndReplayEvidence"}
{"Time":"2026-09-11T17:27:40.078152805-07:00","Action":"output","Package":"github.com/JDinSeattle/forge-runtime/tests/review","Test":"TestReviewTrimEventsPreservesActiveStatesAndReplayEvidence","Output":"=== RUN   TestReviewTrimEventsPreservesActiveStatesAndReplayEvidence\n"}
{"Time":"2026-09-11T17:27:40.345796465-07:00","Action":"output","Package":"github.com/JDinSeattle/forge-runtime/internal/runner","Test":"TestStoppedWorkspaceCannotReopenAfterRestart","Output":"--- PASS: TestStoppedWorkspaceCannotReopenAfterRestart (0.27s)\n"}
{"Time":"2026-09-11T17:27:40.345824213-07:00","Action":"pass","Package":"github.com/JDinSeattle/forge-runtime/internal/runner","Test":"TestStoppedWorkspaceCannotReopenAfterRestart","Elapsed":0.27}
{"Time":"2026-09-11T17:27:40.345828998-07:00","Action":"run","Package":"github.com/JDinSeattle/forge-runtime/internal/runner","Test":"TestNoncanonicalArgsNeverReserveOperation"}
{"Time":"2026-09-11T17:27:40.345830597-07:00","Action":"output","Package":"github.com/JDinSeattle/forge-runtime/internal/runner","Test":"TestNoncanonicalArgsNeverReserveOperation","Output":"=== RUN   TestNoncanonicalArgsNeverReserveOperation\n"}
{"Time":"2026-09-11T17:27:40.611893662-07:00","Action":"output","Package":"github.com/JDinSeattle/forge-runtime/internal/runner","Test":"TestNoncanonicalArgsNeverReserveOperation","Output":"--- PASS: TestNoncanonicalArgsNeverReserveOperation (0.27s)\n"}
{"Time":"2026-09-11T17:27:40.611918759-07:00","Action":"pass","Package":"github.com/JDinSeattle/forge-runtime/internal/runner","Test":"TestNoncanonicalArgsNeverReserveOperation","Elapsed":0.27}
{"Time":"2026-09-11T17:27:40.611923311-07:00","Action":"run","Package":"github.com/JDinSeattle/forge-runtime/internal/runner","Test":"TestPublicReceiptContainsNoGrant"}
{"Time":"2026-09-11T17:27:40.611925339-07:00","Action":"output","Package":"github.com/JDinSeattle/forge-runtime/internal/runner","Test":"TestPublicReceiptContainsNoGrant","Output":"=== RUN   TestPublicReceiptContainsNoGrant\n"}
{"Time":"2026-09-11T17:27:40.914722115-07:00","Action":"output","Package":"github.com/JDinSeattle/forge-runtime/internal/runner","Test":"TestPublicReceiptContainsNoGrant","Output":"--- PASS: TestPublicReceiptContainsNoGrant (0.30s)\n"}
{"Time":"2026-09-11T17:27:40.914758186-07:00","Action":"pass","Package":"github.com/JDinSeattle/forge-runtime/internal/runner","Test":"TestPublicReceiptContainsNoGrant","Elapsed":0.3}
{"Time":"2026-09-11T17:27:40.914766721-07:00","Action":"run","Package":"github.com/JDinSeattle/forge-runtime/internal/runner","Test":"TestCleanVerificationExcludesGeneratedFiles"}
{"Time":"2026-09-11T17:27:40.914769782-07:00","Action":"output","Package":"github.com/JDinSeattle/forge-runtime/internal/runner","Test":"TestCleanVerificationExcludesGeneratedFiles","Output":"=== RUN   TestCleanVerificationExcludesGeneratedFiles\n"}
{"Time":"2026-09-11T17:27:41.365107181-07:00","Action":"output","Package":"github.com/JDinSeattle/forge-runtime/internal/runner","Test":"TestCleanVerificationExcludesGeneratedFiles","Output":"--- PASS: TestCleanVerificationExcludesGeneratedFiles (0.45s)\n"}
{"Time":"2026-09-11T17:27:41.36513373-07:00","Action":"pass","Package":"github.com/JDinSeattle/forge-runtime/internal/runner","Test":"TestCleanVerificationExcludesGeneratedFiles","Elapsed":0.45}
{"Time":"2026-09-11T17:27:41.365139794-07:00","Action":"run","Package":"github.com/JDinSeattle/forge-runtime/internal/runner","Test":"TestPoolLeaseSurvivesCrashAndReusesOnlyAfterRelease"}
{"Time":"2026-09-11T17:27:41.36514143-07:00","Action":"output","Package":"github.com/JDinSeattle/forge-runtime/internal/runner","Test":"TestPoolLeaseSurvivesCrashAndReusesOnlyAfterRelease","Output":"=== RUN   TestPoolLeaseSurvivesCrashAndReusesOnlyAfterRelease\n"}
{"Time":"2026-09-11T17:27:41.382548246-07:00","Action":"output","Package":"github.com/JDinSeattle/forge-runtime/tests/review","Test":"TestReviewTrimEventsPreservesActiveStatesAndReplayEvidence","Output":"--- PASS: TestReviewTrimEventsPreservesActiveStatesAndReplayEvidence (1.30s)\n"}
{"Time":"2026-09-11T17:27:41.382583165-07:00","Action":"pass","Package":"github.com/JDinSeattle/forge-runtime/tests/review","Test":"TestReviewTrimEventsPreservesActiveStatesAndReplayEvidence","Elapsed":1.3}
{"Time":"2026-09-11T17:27:41.382590683-07:00","Action":"run","Package":"github.com/JDinSeattle/forge-runtime/tests/review","Test":"TestReviewWholeTaskRetryCreatesOneChildWithoutReopeningParent"}
{"Time":"2026-09-11T17:27:41.382594505-07:00","Action":"output","Package":"github.com/JDinSeattle/forge-runtime/tests/review","Test":"TestReviewWholeTaskRetryCreatesOneChildWithoutReopeningParent","Output":"=== RUN   TestReviewWholeTaskRetryCreatesOneChildWithoutReopeningParent\n"}
{"Time":"2026-09-11T17:27:41.806576947-07:00","Action":"run","Package":"github.com/JDinSeattle/forge-runtime/tests/review","Test":"TestReviewWholeTaskRetryCreatesOneChildWithoutReopeningParent/changed_task"}
{"Time":"2026-09-11T17:27:41.806614353-07:00","Action":"output","Package":"github.com/JDinSeattle/forge-runtime/tests/review","Test":"TestReviewWholeTaskRetryCreatesOneChildWithoutReopeningParent/changed_task","Output":"=== RUN   TestReviewWholeTaskRetryCreatesOneChildWithoutReopeningParent/changed_task\n"}
{"Time":"2026-09-11T17:27:41.814014095-07:00","Action":"output","Package":"github.com/JDinSeattle/forge-runtime/tests/review","Test":"TestReviewWholeTaskRetryCreatesOneChildWithoutReopeningParent/changed_task","Output":"--- PASS: TestReviewWholeTaskRetryCreatesOneChildWithoutReopeningParent/changed_task (0.01s)\n"}
{"Time":"2026-09-11T17:27:41.81409644-07:00","Action":"pass","Package":"github.com/JDinSeattle/forge-runtime/tests/review","Test":"TestReviewWholeTaskRetryCreatesOneChildWithoutReopeningParent/changed_task","Elapsed":0.01}
{"Time":"2026-09-11T17:27:41.814120965-07:00","Action":"run","Package":"github.com/JDinSeattle/forge-runtime/tests/review","Test":"TestReviewWholeTaskRetryCreatesOneChildWithoutReopeningParent/missing_parent"}
{"Time":"2026-09-11T17:27:41.814133302-07:00","Action":"output","Package":"github.com/JDinSeattle/forge-runtime/tests/review","Test":"TestReviewWholeTaskRetryCreatesOneChildWithoutReopeningParent/missing_parent","Output":"=== RUN   TestReviewWholeTaskRetryCreatesOneChildWithoutReopeningParent/missing_parent\n"}
{"Time":"2026-09-11T17:27:41.820514254-07:00","Action":"output","Package":"github.com/JDinSeattle/forge-runtime/tests/review","Test":"TestReviewWholeTaskRetryCreatesOneChildWithoutReopeningParent/missing_parent","Output":"--- PASS: TestReviewWholeTaskRetryCreatesOneChildWithoutReopeningParent/missing_parent (0.01s)\n"}
{"Time":"2026-09-11T17:27:41.820573226-07:00","Action":"pass","Package":"github.com/JDinSeattle/forge-runtime/tests/review","Test":"TestReviewWholeTaskRetryCreatesOneChildWithoutReopeningParent/missing_parent","Elapsed":0.01}
{"Time":"2026-09-11T17:27:41.820592688-07:00","Action":"run","Package":"github.com/JDinSeattle/forge-runtime/tests/review","Test":"TestReviewWholeTaskRetryCreatesOneChildWithoutReopeningParent/foreign_parent"}
{"Time":"2026-09-11T17:27:41.820603022-07:00","Action":"output","Package":"github.com/JDinSeattle/forge-runtime/tests/review","Test":"TestReviewWholeTaskRetryCreatesOneChildWithoutReopeningParent/foreign_parent","Output":"=== RUN   TestReviewWholeTaskRetryCreatesOneChildWithoutReopeningParent/foreign_parent\n"}
{"Time":"2026-09-11T17:27:41.825190405-07:00","Action":"output","Package":"github.com/JDinSeattle/forge-runtime/tests/review","Test":"TestReviewWholeTaskRetryCreatesOneChildWithoutReopeningParent/foreign_parent","Output":"--- PASS: TestReviewWholeTaskRetryCreatesOneChildWithoutReopeningParent/foreign_parent (0.00s)\n"}
{"Time":"2026-09-11T17:27:41.825263293-07:00","Action":"pass","Package":"github.com/JDinSeattle/forge-runtime/tests/review","Test":"TestReviewWholeTaskRetryCreatesOneChildWithoutReopeningParent/foreign_parent","Elapsed":0}
{"Time":"2026-09-11T17:27:41.825283837-07:00","Action":"run","Package":"github.com/JDinSeattle/forge-runtime/tests/review","Test":"TestReviewWholeTaskRetryCreatesOneChildWithoutReopeningParent/unregistered_base"}
{"Time":"2026-09-11T17:27:41.825295962-07:00","Action":"output","Package":"github.com/JDinSeattle/forge-runtime/tests/review","Test":"TestReviewWholeTaskRetryCreatesOneChildWithoutReopeningParent/unregistered_base","Output":"=== RUN   TestReviewWholeTaskRetryCreatesOneChildWithoutReopeningParent/unregistered_base\n"}
{"Time":"2026-09-11T17:27:41.829810233-07:00","Action":"output","Package":"github.com/JDinSeattle/forge-runtime/tests/review","Test":"TestReviewWholeTaskRetryCreatesOneChildWithoutReopeningParent/unregistered_base","Output":"--- PASS: TestReviewWholeTaskRetryCreatesOneChildWithoutReopeningParent/unregistered_base (0.00s)\n"}
{"Time":"2026-09-11T17:27:41.829901745-07:00","Action":"pass","Package":"github.com/JDinSeattle/forge-runtime/tests/review","Test":"TestReviewWholeTaskRetryCreatesOneChildWithoutReopeningParent/unregistered_base","Elapsed":0}
{"Time":"2026-09-11T17:27:41.859037444-07:00","Action":"output","Package":"github.com/JDinSeattle/forge-runtime/internal/runner","Test":"TestPoolLeaseSurvivesCrashAndReusesOnlyAfterRelease","Output":"--- PASS: TestPoolLeaseSurvivesCrashAndReusesOnlyAfterRelease (0.49s)\n"}
{"Time":"2026-09-11T17:27:41.859087192-07:00","Action":"pass","Package":"github.com/JDinSeattle/forge-runtime/internal/runner","Test":"TestPoolLeaseSurvivesCrashAndReusesOnlyAfterRelease","Elapsed":0.49}
{"Time":"2026-09-11T17:27:41.859099962-07:00","Action":"run","Package":"github.com/JDinSeattle/forge-runtime/internal/runner","Test":"TestPoolUnknownOperationRetainsCapacity"}
{"Time":"2026-09-11T17:27:41.85910225-07:00","Action":"output","Package":"github.com/JDinSeattle/forge-runtime/internal/runner","Test":"TestPoolUnknownOperationRetainsCapacity","Output":"=== RUN   TestPoolUnknownOperationRetainsCapacity\n"}
{"Time":"2026-09-11T17:27:41.922234834-07:00","Action":"output","Package":"github.com/JDinSeattle/forge-runtime/tests/review","Test":"TestReviewWholeTaskRetryCreatesOneChildWithoutReopeningParent","Output":"--- PASS: TestReviewWholeTaskRetryCreatesOneChildWithoutReopeningParent (0.54s)\n"}
{"Time":"2026-09-11T17:27:41.922272653-07:00","Action":"pass","Package":"github.com/JDinSeattle/forge-runtime/tests/review","Test":"TestReviewWholeTaskRetryCreatesOneChildWithoutReopeningParent","Elapsed":0.54}
{"Time":"2026-09-11T17:27:41.922281432-07:00","Action":"run","Package":"github.com/JDinSeattle/forge-runtime/tests/review","Test":"TestReviewStoppedWorkspaceRejectsDelayedSameEpochAdoption"}
{"Time":"2026-09-11T17:27:41.922284999-07:00","Action":"output","Package":"github.com/JDinSeattle/forge-runtime/tests/review","Test":"TestReviewStoppedWorkspaceRejectsDelayedSameEpochAdoption","Output":"=== RUN   TestReviewStoppedWorkspaceRejectsDelayedSameEpochAdoption\n"}
{"Time":"2026-09-11T17:27:42.248120767-07:00","Action":"output","Package":"github.com/JDinSeattle/forge-runtime/tests/review","Test":"TestReviewStoppedWorkspaceRejectsDelayedSameEpochAdoption","Output":"--- PASS: TestReviewStoppedWorkspaceRejectsDelayedSameEpochAdoption (0.33s)\n"}
{"Time":"2026-09-11T17:27:42.248145239-07:00","Action":"pass","Package":"github.com/JDinSeattle/forge-runtime/tests/review","Test":"TestReviewStoppedWorkspaceRejectsDelayedSameEpochAdoption","Elapsed":0.33}
{"Time":"2026-09-11T17:27:42.248151771-07:00","Action":"run","Package":"github.com/JDinSeattle/forge-runtime/tests/review","Test":"TestReviewReleaseRechecksGrantAfterWaitingForWriter"}
{"Time":"2026-09-11T17:27:42.24815572-07:00","Action":"output","Package":"github.com/JDinSeattle/forge-runtime/tests/review","Test":"TestReviewReleaseRechecksGrantAfterWaitingForWriter","Output":"=== RUN   TestReviewReleaseRechecksGrantAfterWaitingForWriter\n"}
{"Time":"2026-09-11T17:27:42.29674597-07:00","Action":"output","Package":"github.com/JDinSeattle/forge-runtime/internal/runner","Test":"TestPoolUnknownOperationRetainsCapacity","Output":"--- PASS: TestPoolUnknownOperationRetainsCapacity (0.44s)\n"}
{"Time":"2026-09-11T17:27:42.296800297-07:00","Action":"pass","Package":"github.com/JDinSeattle/forge-runtime/internal/runner","Test":"TestPoolUnknownOperationRetainsCapacity","Elapsed":0.44}
{"Time":"2026-09-11T17:27:42.296811855-07:00","Action":"run","Package":"github.com/JDinSeattle/forge-runtime/internal/runner","Test":"TestOldReleaseAfterSlotReusePreservesNewWorkspace"}
{"Time":"2026-09-11T17:27:42.296816333-07:00","Action":"output","Package":"github.com/JDinSeattle/forge-runtime/internal/runner","Test":"TestOldReleaseAfterSlotReusePreservesNewWorkspace","Output":"=== RUN   TestOldReleaseAfterSlotReusePreservesNewWorkspace\n"}
{"Time":"2026-09-11T17:27:42.704451086-07:00","Action":"output","Package":"github.com/JDinSeattle/forge-runtime/tests/review","Test":"TestReviewReleaseRechecksGrantAfterWaitingForWriter","Output":"--- PASS: TestReviewReleaseRechecksGrantAfterWaitingForWriter (0.46s)\n"}
{"Time":"2026-09-11T17:27:42.704503545-07:00","Action":"pass","Package":"github.com/JDinSeattle/forge-runtime/tests/review","Test":"TestReviewReleaseRechecksGrantAfterWaitingForWriter","Elapsed":0.46}
{"Time":"2026-09-11T17:27:42.704529009-07:00","Action":"run","Package":"github.com/JDinSeattle/forge-runtime/tests/review","Test":"TestReviewCancelPreservesAlreadyCompletedJobOutcome"}
{"Time":"2026-09-11T17:27:42.70453368-07:00","Action":"output","Package":"github.com/JDinSeattle/forge-runtime/tests/review","Test":"TestReviewCancelPreservesAlreadyCompletedJobOutcome","Output":"=== RUN   TestReviewCancelPreservesAlreadyCompletedJobOutcome\n"}
{"Time":"2026-09-11T17:27:43.110961056-07:00","Action":"output","Package":"github.com/JDinSeattle/forge-runtime/internal/runner","Test":"TestOldReleaseAfterSlotReusePreservesNewWorkspace","Output":"--- PASS: TestOldReleaseAfterSlotReusePreservesNewWorkspace (0.81s)\n"}
{"Time":"2026-09-11T17:27:43.111002479-07:00","Action":"pass","Package":"github.com/JDinSeattle/forge-runtime/internal/runner","Test":"TestOldReleaseAfterSlotReusePreservesNewWorkspace","Elapsed":0.81}
{"Time":"2026-09-11T17:27:43.111011911-07:00","Action":"run","Package":"github.com/JDinSeattle/forge-runtime/internal/runner","Test":"FuzzToolPathsStayRelative"}
{"Time":"2026-09-11T17:27:43.111015312-07:00","Action":"output","Package":"github.com/JDinSeattle/forge-runtime/internal/runner","Test":"FuzzToolPathsStayRelative","Output":"=== RUN   FuzzToolPathsStayRelative\n"}
{"Time":"2026-09-11T17:27:43.111145262-07:00","Action":"run","Package":"github.com/JDinSeattle/forge-runtime/internal/runner","Test":"FuzzToolPathsStayRelative/seed#0"}
{"Time":"2026-09-11T17:27:43.111151184-07:00","Action":"output","Package":"github.com/JDinSeattle/forge-runtime/internal/runner","Test":"FuzzToolPathsStayRelative/seed#0","Output":"=== RUN   FuzzToolPathsStayRelative/seed#0\n"}
{"Time":"2026-09-11T17:27:43.111239197-07:00","Action":"output","Package":"github.com/JDinSeattle/forge-runtime/internal/runner","Test":"FuzzToolPathsStayRelative/seed#0","Output":"--- PASS: FuzzToolPathsStayRelative/seed#0 (0.00s)\n"}
{"Time":"2026-09-11T17:27:43.111268507-07:00","Action":"pass","Package":"github.com/JDinSeattle/forge-runtime/internal/runner","Test":"FuzzToolPathsStayRelative/seed#0","Elapsed":0}
{"Time":"2026-09-11T17:27:43.111295752-07:00","Action":"run","Package":"github.com/JDinSeattle/forge-runtime/internal/runner","Test":"FuzzToolPathsStayRelative/seed#1"}
{"Time":"2026-09-11T17:27:43.111299924-07:00","Action":"output","Package":"github.com/JDinSeattle/forge-runtime/internal/runner","Test":"FuzzToolPathsStayRelative/seed#1","Output":"=== RUN   FuzzToolPathsStayRelative/seed#1\n"}
{"Time":"2026-09-11T17:27:43.111355479-07:00","Action":"output","Package":"github.com/JDinSeattle/forge-runtime/internal/runner","Test":"FuzzToolPathsStayRelative/seed#1","Output":"--- PASS: FuzzToolPathsStayRelative/seed#1 (0.00s)\n"}
{"Time":"2026-09-11T17:27:43.111365573-07:00","Action":"pass","Package":"github.com/JDinSeattle/forge-runtime/internal/runner","Test":"FuzzToolPathsStayRelative/seed#1","Elapsed":0}
{"Time":"2026-09-11T17:27:43.111397126-07:00","Action":"run","Package":"github.com/JDinSeattle/forge-runtime/internal/runner","Test":"FuzzToolPathsStayRelative/seed#2"}
{"Time":"2026-09-11T17:27:43.111401475-07:00","Action":"output","Package":"github.com/JDinSeattle/forge-runtime/internal/runner","Test":"FuzzToolPathsStayRelative/seed#2","Output":"=== RUN   FuzzToolPathsStayRelative/seed#2\n"}
{"Time":"2026-09-11T17:27:43.111447417-07:00","Action":"output","Package":"github.com/JDinSeattle/forge-runtime/internal/runner","Test":"FuzzToolPathsStayRelative/seed#2","Output":"--- PASS: FuzzToolPathsStayRelative/seed#2 (0.00s)\n"}
{"Time":"2026-09-11T17:27:43.111456189-07:00","Action":"pass","Package":"github.com/JDinSeattle/forge-runtime/internal/runner","Test":"FuzzToolPathsStayRelative/seed#2","Elapsed":0}
{"Time":"2026-09-11T17:27:43.111482109-07:00","Action":"run","Package":"github.com/JDinSeattle/forge-runtime/internal/runner","Test":"FuzzToolPathsStayRelative/seed#3"}
{"Time":"2026-09-11T17:27:43.111486489-07:00","Action":"output","Package":"github.com/JDinSeattle/forge-runtime/internal/runner","Test":"FuzzToolPathsStayRelative/seed#3","Output":"=== RUN   FuzzToolPathsStayRelative/seed#3\n"}
{"Time":"2026-09-11T17:27:43.111519766-07:00","Action":"output","Package":"github.com/JDinSeattle/forge-runtime/internal/runner","Test":"FuzzToolPathsStayRelative/seed#3","Output":"--- PASS: FuzzToolPathsStayRelative/seed#3 (0.00s)\n"}
{"Time":"2026-09-11T17:27:43.11152852-07:00","Action":"pass","Package":"github.com/JDinSeattle/forge-runtime/internal/runner","Test":"FuzzToolPathsStayRelative/seed#3","Elapsed":0}
{"Time":"2026-09-11T17:27:43.111551249-07:00","Action":"run","Package":"github.com/JDinSeattle/forge-runtime/internal/runner","Test":"FuzzToolPathsStayRelative/seed#4"}
{"Time":"2026-09-11T17:27:43.111555347-07:00","Action":"output","Package":"github.com/JDinSeattle/forge-runtime/internal/runner","Test":"FuzzToolPathsStayRelative/seed#4","Output":"=== RUN   FuzzToolPathsStayRelative/seed#4\n"}
{"Time":"2026-09-11T17:27:43.111583572-07:00","Action":"output","Package":"github.com/JDinSeattle/forge-runtime/internal/runner","Test":"FuzzToolPathsStayRelative/seed#4","Output":"--- PASS: FuzzToolPathsStayRelative/seed#4 (0.00s)\n"}
{"Time":"2026-09-11T17:27:43.111592905-07:00","Action":"pass","Package":"github.com/JDinSeattle/forge-runtime/internal/runner","Test":"FuzzToolPathsStayRelative/seed#4","Elapsed":0}
{"Time":"2026-09-11T17:27:43.11161541-07:00","Action":"run","Package":"github.com/JDinSeattle/forge-runtime/internal/runner","Test":"FuzzToolPathsStayRelative/seed#5"}
{"Time":"2026-09-11T17:27:43.111619443-07:00","Action":"output","Package":"github.com/JDinSeattle/forge-runtime/internal/runner","Test":"FuzzToolPathsStayRelative/seed#5","Output":"=== RUN   FuzzToolPathsStayRelative/seed#5\n"}
{"Time":"2026-09-11T17:27:43.111655056-07:00","Action":"output","Package":"github.com/JDinSeattle/forge-runtime/internal/runner","Test":"FuzzToolPathsStayRelative/seed#5","Output":"--- PASS: FuzzToolPathsStayRelative/seed#5 (0.00s)\n"}
{"Time":"2026-09-11T17:27:43.111664515-07:00","Action":"pass","Package":"github.com/JDinSeattle/forge-runtime/internal/runner","Test":"FuzzToolPathsStayRelative/seed#5","Elapsed":0}
{"Time":"2026-09-11T17:27:43.111698474-07:00","Action":"run","Package":"github.com/JDinSeattle/forge-runtime/internal/runner","Test":"FuzzToolPathsStayRelative/seed#6"}
{"Time":"2026-09-11T17:27:43.111702503-07:00","Action":"output","Package":"github.com/JDinSeattle/forge-runtime/internal/runner","Test":"FuzzToolPathsStayRelative/seed#6","Output":"=== RUN   FuzzToolPathsStayRelative/seed#6\n"}
{"Time":"2026-09-11T17:27:43.111738519-07:00","Action":"output","Package":"github.com/JDinSeattle/forge-runtime/internal/runner","Test":"FuzzToolPathsStayRelative/seed#6","Output":"--- PASS: FuzzToolPathsStayRelative/seed#6 (0.00s)\n"}
{"Time":"2026-09-11T17:27:43.111744334-07:00","Action":"pass","Package":"github.com/JDinSeattle/forge-runtime/internal/runner","Test":"FuzzToolPathsStayRelative/seed#6","Elapsed":0}
{"Time":"2026-09-11T17:27:43.111783341-07:00","Action":"output","Package":"github.com/JDinSeattle/forge-runtime/internal/runner","Test":"FuzzToolPathsStayRelative","Output":"--- PASS: FuzzToolPathsStayRelative (0.00s)\n"}
{"Time":"2026-09-11T17:27:43.111792854-07:00","Action":"pass","Package":"github.com/JDinSeattle/forge-runtime/internal/runner","Test":"FuzzToolPathsStayRelative","Elapsed":0}
{"Time":"2026-09-11T17:27:43.111809703-07:00","Action":"output","Package":"github.com/JDinSeattle/forge-runtime/internal/runner","Output":"PASS\n"}
{"Time":"2026-09-11T17:27:43.211351232-07:00","Action":"output","Package":"github.com/JDinSeattle/forge-runtime/tests/review","Test":"TestReviewCancelPreservesAlreadyCompletedJobOutcome","Output":"--- PASS: TestReviewCancelPreservesAlreadyCompletedJobOutcome (0.51s)\n"}
{"Time":"2026-09-11T17:27:43.211440152-07:00","Action":"pass","Package":"github.com/JDinSeattle/forge-runtime/tests/review","Test":"TestReviewCancelPreservesAlreadyCompletedJobOutcome","Elapsed":0.51}
{"Time":"2026-09-11T17:27:43.211458246-07:00","Action":"run","Package":"github.com/JDinSeattle/forge-runtime/tests/review","Test":"TestReviewDockerRejectsMissingOrUnverifiedWorkspaceQuota"}
{"Time":"2026-09-11T17:27:43.211465683-07:00","Action":"output","Package":"github.com/JDinSeattle/forge-runtime/tests/review","Test":"TestReviewDockerRejectsMissingOrUnverifiedWorkspaceQuota","Output":"=== RUN   TestReviewDockerRejectsMissingOrUnverifiedWorkspaceQuota\n"}
{"Time":"2026-09-11T17:27:43.211897251-07:00","Action":"run","Package":"github.com/JDinSeattle/forge-runtime/tests/review","Test":"TestReviewDockerRejectsMissingOrUnverifiedWorkspaceQuota/missing"}
{"Time":"2026-09-11T17:27:43.211909393-07:00","Action":"output","Package":"github.com/JDinSeattle/forge-runtime/tests/review","Test":"TestReviewDockerRejectsMissingOrUnverifiedWorkspaceQuota/missing","Output":"=== RUN   TestReviewDockerRejectsMissingOrUnverifiedWorkspaceQuota/missing\n"}
{"Time":"2026-09-11T17:27:43.215489535-07:00","Action":"output","Package":"github.com/JDinSeattle/forge-runtime/tests/review","Test":"TestReviewDockerRejectsMissingOrUnverifiedWorkspaceQuota/missing","Output":"--- PASS: TestReviewDockerRejectsMissingOrUnverifiedWorkspaceQuota/missing (0.00s)\n"}
{"Time":"2026-09-11T17:27:43.215551761-07:00","Action":"pass","Package":"github.com/JDinSeattle/forge-runtime/tests/review","Test":"TestReviewDockerRejectsMissingOrUnverifiedWorkspaceQuota/missing","Elapsed":0}
{"Time":"2026-09-11T17:27:43.215564705-07:00","Action":"run","Package":"github.com/JDinSeattle/forge-runtime/tests/review","Test":"TestReviewDockerRejectsMissingOrUnverifiedWorkspaceQuota/rejected"}
{"Time":"2026-09-11T17:27:43.21557103-07:00","Action":"output","Package":"github.com/JDinSeattle/forge-runtime/tests/review","Test":"TestReviewDockerRejectsMissingOrUnverifiedWorkspaceQuota/rejected","Output":"=== RUN   TestReviewDockerRejectsMissingOrUnverifiedWorkspaceQuota/rejected\n"}
{"Time":"2026-09-11T17:27:43.218643587-07:00","Action":"output","Package":"github.com/JDinSeattle/forge-runtime/tests/review","Test":"TestReviewDockerRejectsMissingOrUnverifiedWorkspaceQuota/rejected","Output":"--- PASS: TestReviewDockerRejectsMissingOrUnverifiedWorkspaceQuota/rejected (0.00s)\n"}
{"Time":"2026-09-11T17:27:43.218682243-07:00","Action":"pass","Package":"github.com/JDinSeattle/forge-runtime/tests/review","Test":"TestReviewDockerRejectsMissingOrUnverifiedWorkspaceQuota/rejected","Elapsed":0}
{"Time":"2026-09-11T17:27:43.21897838-07:00","Action":"output","Package":"github.com/JDinSeattle/forge-runtime/tests/review","Test":"TestReviewDockerRejectsMissingOrUnverifiedWorkspaceQuota","Output":"--- PASS: TestReviewDockerRejectsMissingOrUnverifiedWorkspaceQuota (0.01s)\n"}
{"Time":"2026-09-11T17:27:43.21901149-07:00","Action":"pass","Package":"github.com/JDinSeattle/forge-runtime/tests/review","Test":"TestReviewDockerRejectsMissingOrUnverifiedWorkspaceQuota","Elapsed":0.01}
{"Time":"2026-09-11T17:27:43.219046415-07:00","Action":"run","Package":"github.com/JDinSeattle/forge-runtime/tests/review","Test":"TestReviewEffectsAndApprovalsBindDurableParents"}
{"Time":"2026-09-11T17:27:43.219055378-07:00","Action":"output","Package":"github.com/JDinSeattle/forge-runtime/tests/review","Test":"TestReviewEffectsAndApprovalsBindDurableParents","Output":"=== RUN   TestReviewEffectsAndApprovalsBindDurableParents\n"}
{"Time":"2026-09-11T17:27:43.550336666-07:00","Action":"run","Package":"github.com/JDinSeattle/forge-runtime/tests/review","Test":"TestReviewEffectsAndApprovalsBindDurableParents/effect_requires_its_step"}
{"Time":"2026-09-11T17:27:43.550361221-07:00","Action":"output","Package":"github.com/JDinSeattle/forge-runtime/tests/review","Test":"TestReviewEffectsAndApprovalsBindDurableParents/effect_requires_its_step","Output":"=== RUN   TestReviewEffectsAndApprovalsBindDurableParents/effect_requires_its_step\n"}
{"Time":"2026-09-11T17:27:43.550733869-07:00","Action":"output","Package":"github.com/JDinSeattle/forge-runtime/tests/review","Test":"TestReviewEffectsAndApprovalsBindDurableParents/effect_requires_its_step","Output":"--- PASS: TestReviewEffectsAndApprovalsBindDurableParents/effect_requires_its_step (0.00s)\n"}
{"Time":"2026-09-11T17:27:43.550743025-07:00","Action":"pass","Package":"github.com/JDinSeattle/forge-runtime/tests/review","Test":"TestReviewEffectsAndApprovalsBindDurableParents/effect_requires_its_step","Elapsed":0}
{"Time":"2026-09-11T17:27:43.550760229-07:00","Action":"run","Package":"github.com/JDinSeattle/forge-runtime/tests/review","Test":"TestReviewEffectsAndApprovalsBindDurableParents/approval_binds_effect_and_run_together"}
{"Time":"2026-09-11T17:27:43.550763332-07:00","Action":"output","Package":"github.com/JDinSeattle/forge-runtime/tests/review","Test":"TestReviewEffectsAndApprovalsBindDurableParents/approval_binds_effect_and_run_together","Output":"=== RUN   TestReviewEffectsAndApprovalsBindDurableParents/approval_binds_effect_and_run_together\n"}
{"Time":"2026-09-11T17:27:43.551399671-07:00","Action":"output","Package":"github.com/JDinSeattle/forge-runtime/tests/review","Test":"TestReviewEffectsAndApprovalsBindDurableParents/approval_binds_effect_and_run_together","Output":"--- PASS: TestReviewEffectsAndApprovalsBindDurableParents/approval_binds_effect_and_run_together (0.00s)\n"}
{"Time":"2026-09-11T17:27:43.551406391-07:00","Action":"pass","Package":"github.com/JDinSeattle/forge-runtime/tests/review","Test":"TestReviewEffectsAndApprovalsBindDurableParents/approval_binds_effect_and_run_together","Elapsed":0}
{"Time":"2026-09-11T17:27:43.551419441-07:00","Action":"run","Package":"github.com/JDinSeattle/forge-runtime/tests/review","Test":"TestReviewEffectsAndApprovalsBindDurableParents/run_cannot_reference_another_tenant_project"}
{"Time":"2026-09-11T17:27:43.551420981-07:00","Action":"output","Package":"github.com/JDinSeattle/forge-runtime/tests/review","Test":"TestReviewEffectsAndApprovalsBindDurableParents/run_cannot_reference_another_tenant_project","Output":"=== RUN   TestReviewEffectsAndApprovalsBindDurableParents/run_cannot_reference_another_tenant_project\n"}
{"Time":"2026-09-11T17:27:43.551812238-07:00","Action":"output","Package":"github.com/JDinSeattle/forge-runtime/tests/review","Test":"TestReviewEffectsAndApprovalsBindDurableParents/run_cannot_reference_another_tenant_project","Output":"--- PASS: TestReviewEffectsAndApprovalsBindDurableParents/run_cannot_reference_another_tenant_project (0.00s)\n"}
{"Time":"2026-09-11T17:27:43.551822465-07:00","Action":"pass","Package":"github.com/JDinSeattle/forge-runtime/tests/review","Test":"TestReviewEffectsAndApprovalsBindDurableParents/run_cannot_reference_another_tenant_project","Elapsed":0}
{"Time":"2026-09-11T17:27:43.588079036-07:00","Action":"output","Package":"github.com/JDinSeattle/forge-runtime/tests/review","Test":"TestReviewEffectsAndApprovalsBindDurableParents","Output":"--- PASS: TestReviewEffectsAndApprovalsBindDurableParents (0.37s)\n"}
{"Time":"2026-09-11T17:27:43.588107793-07:00","Action":"pass","Package":"github.com/JDinSeattle/forge-runtime/tests/review","Test":"TestReviewEffectsAndApprovalsBindDurableParents","Elapsed":0.37}
{"Time":"2026-09-11T17:27:43.588114952-07:00","Action":"run","Package":"github.com/JDinSeattle/forge-runtime/tests/review","Test":"TestReviewRLSUsesActualNonOwnerRoleAndLocalContext"}
{"Time":"2026-09-11T17:27:43.588116972-07:00","Action":"output","Package":"github.com/JDinSeattle/forge-runtime/tests/review","Test":"TestReviewRLSUsesActualNonOwnerRoleAndLocalContext","Output":"=== RUN   TestReviewRLSUsesActualNonOwnerRoleAndLocalContext\n"}
{"Time":"2026-09-11T17:27:43.947449558-07:00","Action":"output","Package":"github.com/JDinSeattle/forge-runtime/tests/review","Test":"TestReviewRLSUsesActualNonOwnerRoleAndLocalContext","Output":"--- PASS: TestReviewRLSUsesActualNonOwnerRoleAndLocalContext (0.36s)\n"}
{"Time":"2026-09-11T17:27:43.947474852-07:00","Action":"pass","Package":"github.com/JDinSeattle/forge-runtime/tests/review","Test":"TestReviewRLSUsesActualNonOwnerRoleAndLocalContext","Elapsed":0.36}
{"Time":"2026-09-11T17:27:43.94748811-07:00","Action":"run","Package":"github.com/JDinSeattle/forge-runtime/tests/review","Test":"TestReviewUnsupportedSnapshotDoesNotStarveHealthyRuns"}
{"Time":"2026-09-11T17:27:43.947489688-07:00","Action":"output","Package":"github.com/JDinSeattle/forge-runtime/tests/review","Test":"TestReviewUnsupportedSnapshotDoesNotStarveHealthyRuns","Output":"=== RUN   TestReviewUnsupportedSnapshotDoesNotStarveHealthyRuns\n"}
{"Time":"2026-09-11T17:27:44.115762916-07:00","Action":"output","Package":"github.com/JDinSeattle/forge-runtime/internal/runner","Output":"ok  \tgithub.com/JDinSeattle/forge-runtime/internal/runner\t19.610s\n"}
{"Time":"2026-09-11T17:27:44.115794774-07:00","Action":"pass","Package":"github.com/JDinSeattle/forge-runtime/internal/runner","Elapsed":19.61}
{"Time":"2026-09-11T17:27:44.277460658-07:00","Action":"output","Package":"github.com/JDinSeattle/forge-runtime/tests/review","Test":"TestReviewUnsupportedSnapshotDoesNotStarveHealthyRuns","Output":"    snapshot_compatibility_test.go:117: claim 0 run=run_3DT3R66DMCSKN2GKZW2QQSLZRW err=\u003cnil\u003e\n"}
{"Time":"2026-09-11T17:27:44.282145569-07:00","Action":"output","Package":"github.com/JDinSeattle/forge-runtime/tests/review","Test":"TestReviewUnsupportedSnapshotDoesNotStarveHealthyRuns","Output":"    snapshot_compatibility_test.go:117: claim 1 run=run_E7TUIAUDTGQU27AFWD4XFOYLYY err=snapshot_migration_required: stored schema 3; binary supports 2; execution is paused: use forge-admin snapshot-inspect and docs/snapshot-compatibility-evidence.md\n"}
{"Time":"2026-09-11T17:27:44.291127127-07:00","Action":"output","Package":"github.com/JDinSeattle/forge-runtime/tests/review","Test":"TestReviewUnsupportedSnapshotDoesNotStarveHealthyRuns","Output":"    snapshot_compatibility_test.go:117: claim 2 run=run_6REPV3AYMH7DKUXMEN7EQL3JMJ err=\u003cnil\u003e\n"}
{"Time":"2026-09-11T17:27:44.292076556-07:00","Action":"output","Package":"github.com/JDinSeattle/forge-runtime/tests/review","Test":"TestReviewUnsupportedSnapshotDoesNotStarveHealthyRuns","Output":"    snapshot_compatibility_test.go:117: claim 3 run= err=not_found\n"}
{"Time":"2026-09-11T17:27:44.293169338-07:00","Action":"output","Package":"github.com/JDinSeattle/forge-runtime/tests/review","Test":"TestReviewUnsupportedSnapshotDoesNotStarveHealthyRuns","Output":"    snapshot_compatibility_test.go:117: claim 4 run= err=not_found\n"}
{"Time":"2026-09-11T17:27:44.376836603-07:00","Action":"output","Package":"github.com/JDinSeattle/forge-runtime/tests/review","Test":"TestReviewUnsupportedSnapshotDoesNotStarveHealthyRuns","Output":"--- PASS: TestReviewUnsupportedSnapshotDoesNotStarveHealthyRuns (0.43s)\n"}
{"Time":"2026-09-11T17:27:44.3768663-07:00","Action":"pass","Package":"github.com/JDinSeattle/forge-runtime/tests/review","Test":"TestReviewUnsupportedSnapshotDoesNotStarveHealthyRuns","Elapsed":0.43}
{"Time":"2026-09-11T17:27:44.376872727-07:00","Action":"run","Package":"github.com/JDinSeattle/forge-runtime/tests/review","Test":"TestReviewUnsupportedSnapshotAmbiguousMembersFenceAndHold"}
{"Time":"2026-09-11T17:27:44.37687673-07:00","Action":"output","Package":"github.com/JDinSeattle/forge-runtime/tests/review","Test":"TestReviewUnsupportedSnapshotAmbiguousMembersFenceAndHold","Output":"=== RUN   TestReviewUnsupportedSnapshotAmbiguousMembersFenceAndHold\n"}
{"Time":"2026-09-11T17:27:44.376882949-07:00","Action":"run","Package":"github.com/JDinSeattle/forge-runtime/tests/review","Test":"TestReviewUnsupportedSnapshotAmbiguousMembersFenceAndHold/lower-then-upper"}
{"Time":"2026-09-11T17:27:44.376885371-07:00","Action":"output","Package":"github.com/JDinSeattle/forge-runtime/tests/review","Test":"TestReviewUnsupportedSnapshotAmbiguousMembersFenceAndHold/lower-then-upper","Output":"=== RUN   TestReviewUnsupportedSnapshotAmbiguousMembersFenceAndHold/lower-then-upper\n"}
{"Time":"2026-09-11T17:27:44.905535611-07:00","Action":"output","Package":"github.com/JDinSeattle/forge-runtime/internal/application","Test":"TestExternalModelAndRunnerWaitsHoldNoSQLTransaction/runner","Output":"--- PASS: TestExternalModelAndRunnerWaitsHoldNoSQLTransaction/runner (6.70s)\n"}
{"Time":"2026-09-11T17:27:44.905563073-07:00","Action":"pass","Package":"github.com/JDinSeattle/forge-runtime/internal/application","Test":"TestExternalModelAndRunnerWaitsHoldNoSQLTransaction/runner","Elapsed":6.7}
{"Time":"2026-09-11T17:27:44.905570858-07:00","Action":"output","Package":"github.com/JDinSeattle/forge-runtime/internal/application","Test":"TestExternalModelAndRunnerWaitsHoldNoSQLTransaction","Output":"--- PASS: TestExternalModelAndRunnerWaitsHoldNoSQLTransaction (13.36s)\n"}
{"Time":"2026-09-11T17:27:44.905573121-07:00","Action":"pass","Package":"github.com/JDinSeattle/forge-runtime/internal/application","Test":"TestExternalModelAndRunnerWaitsHoldNoSQLTransaction","Elapsed":13.36}
{"Time":"2026-09-11T17:27:44.905575409-07:00","Action":"run","Package":"github.com/JDinSeattle/forge-runtime/internal/application","Test":"TestDurableRepairLoop"}
{"Time":"2026-09-11T17:27:44.905576816-07:00","Action":"output","Package":"github.com/JDinSeattle/forge-runtime/internal/application","Test":"TestDurableRepairLoop","Output":"=== RUN   TestDurableRepairLoop\n"}
{"Time":"2026-09-11T17:27:45.777252756-07:00","Action":"output","Package":"github.com/JDinSeattle/forge-runtime/tests/review","Test":"TestReviewUnsupportedSnapshotAmbiguousMembersFenceAndHold/lower-then-upper","Output":"--- PASS: TestReviewUnsupportedSnapshotAmbiguousMembersFenceAndHold/lower-then-upper (1.40s)\n"}
{"Time":"2026-09-11T17:27:45.777275954-07:00","Action":"pass","Package":"github.com/JDinSeattle/forge-runtime/tests/review","Test":"TestReviewUnsupportedSnapshotAmbiguousMembersFenceAndHold/lower-then-upper","Elapsed":1.4}
{"Time":"2026-09-11T17:27:45.777280056-07:00","Action":"run","Package":"github.com/JDinSeattle/forge-runtime/tests/review","Test":"TestReviewUnsupportedSnapshotAmbiguousMembersFenceAndHold/upper-then-lower"}
{"Time":"2026-09-11T17:27:45.777285248-07:00","Action":"output","Package":"github.com/JDinSeattle/forge-runtime/tests/review","Test":"TestReviewUnsupportedSnapshotAmbiguousMembersFenceAndHold/upper-then-lower","Output":"=== RUN   TestReviewUnsupportedSnapshotAmbiguousMembersFenceAndHold/upper-then-lower\n"}
{"Time":"2026-09-11T17:27:47.232722114-07:00","Action":"output","Package":"github.com/JDinSeattle/forge-runtime/tests/review","Test":"TestReviewUnsupportedSnapshotAmbiguousMembersFenceAndHold/upper-then-lower","Output":"--- PASS: TestReviewUnsupportedSnapshotAmbiguousMembersFenceAndHold/upper-then-lower (1.46s)\n"}
{"Time":"2026-09-11T17:27:47.232748843-07:00","Action":"pass","Package":"github.com/JDinSeattle/forge-runtime/tests/review","Test":"TestReviewUnsupportedSnapshotAmbiguousMembersFenceAndHold/upper-then-lower","Elapsed":1.46}
{"Time":"2026-09-11T17:27:47.232753558-07:00","Action":"run","Package":"github.com/JDinSeattle/forge-runtime/tests/review","Test":"TestReviewUnsupportedSnapshotAmbiguousMembersFenceAndHold/duplicate-two-one"}
{"Time":"2026-09-11T17:27:47.232755531-07:00","Action":"output","Package":"github.com/JDinSeattle/forge-runtime/tests/review","Test":"TestReviewUnsupportedSnapshotAmbiguousMembersFenceAndHold/duplicate-two-one","Output":"=== RUN   TestReviewUnsupportedSnapshotAmbiguousMembersFenceAndHold/duplicate-two-one\n"}
{"Time":"2026-09-11T17:27:47.273854989-07:00","Action":"output","Package":"github.com/JDinSeattle/forge-runtime/internal/application","Test":"TestDurableRepairLoop","Output":"--- PASS: TestDurableRepairLoop (2.37s)\n"}
{"Time":"2026-09-11T17:27:47.273876331-07:00","Action":"pass","Package":"github.com/JDinSeattle/forge-runtime/internal/application","Test":"TestDurableRepairLoop","Elapsed":2.37}
{"Time":"2026-09-11T17:27:47.273884416-07:00","Action":"run","Package":"github.com/JDinSeattle/forge-runtime/internal/application","Test":"TestCompletedModelReusedAfterWorkerCrash"}
{"Time":"2026-09-11T17:27:47.273885989-07:00","Action":"output","Package":"github.com/JDinSeattle/forge-runtime/internal/application","Test":"TestCompletedModelReusedAfterWorkerCrash","Output":"=== RUN   TestCompletedModelReusedAfterWorkerCrash\n"}
{"Time":"2026-09-11T17:27:48.588406949-07:00","Action":"output","Package":"github.com/JDinSeattle/forge-runtime/tests/review","Test":"TestReviewUnsupportedSnapshotAmbiguousMembersFenceAndHold/duplicate-two-one","Output":"--- PASS: TestReviewUnsupportedSnapshotAmbiguousMembersFenceAndHold/duplicate-two-one (1.36s)\n"}
{"Time":"2026-09-11T17:27:48.588436739-07:00","Action":"pass","Package":"github.com/JDinSeattle/forge-runtime/tests/review","Test":"TestReviewUnsupportedSnapshotAmbiguousMembersFenceAndHold/duplicate-two-one","Elapsed":1.36}
{"Time":"2026-09-11T17:27:48.588455054-07:00","Action":"run","Package":"github.com/JDinSeattle/forge-runtime/tests/review","Test":"TestReviewUnsupportedSnapshotAmbiguousMembersFenceAndHold/duplicate-one-one"}
{"Time":"2026-09-11T17:27:48.588457445-07:00","Action":"output","Package":"github.com/JDinSeattle/forge-runtime/tests/review","Test":"TestReviewUnsupportedSnapshotAmbiguousMembersFenceAndHold/duplicate-one-one","Output":"=== RUN   TestReviewUnsupportedSnapshotAmbiguousMembersFenceAndHold/duplicate-one-one\n"}
{"Time":"2026-09-11T17:27:49.32595623-07:00","Action":"output","Package":"github.com/JDinSeattle/forge-runtime/internal/application","Test":"TestCompletedModelReusedAfterWorkerCrash","Output":"--- PASS: TestCompletedModelReusedAfterWorkerCrash (2.05s)\n"}
{"Time":"2026-09-11T17:27:49.325983884-07:00","Action":"pass","Package":"github.com/JDinSeattle/forge-runtime/internal/application","Test":"TestCompletedModelReusedAfterWorkerCrash","Elapsed":2.05}
{"Time":"2026-09-11T17:27:49.325990213-07:00","Action":"run","Package":"github.com/JDinSeattle/forge-runtime/internal/application","Test":"TestDriverTerminalHeartbeatBoundary"}
{"Time":"2026-09-11T17:27:49.325993273-07:00","Action":"output","Package":"github.com/JDinSeattle/forge-runtime/internal/application","Test":"TestDriverTerminalHeartbeatBoundary","Output":"=== RUN   TestDriverTerminalHeartbeatBoundary\n"}
{"Time":"2026-09-11T17:27:49.325998058-07:00","Action":"run","Package":"github.com/JDinSeattle/forge-runtime/internal/application","Test":"TestDriverTerminalHeartbeatBoundary/completed"}
{"Time":"2026-09-11T17:27:49.326000335-07:00","Action":"output","Package":"github.com/JDinSeattle/forge-runtime/internal/application","Test":"TestDriverTerminalHeartbeatBoundary/completed","Output":"=== RUN   TestDriverTerminalHeartbeatBoundary/completed\n"}
{"Time":"2026-09-11T17:27:49.946743751-07:00","Action":"output","Package":"github.com/JDinSeattle/forge-runtime/tests/review","Test":"TestReviewUnsupportedSnapshotAmbiguousMembersFenceAndHold/duplicate-one-one","Output":"--- PASS: TestReviewUnsupportedSnapshotAmbiguousMembersFenceAndHold/duplicate-one-one (1.36s)\n"}
{"Time":"2026-09-11T17:27:49.946771497-07:00","Action":"pass","Package":"github.com/JDinSeattle/forge-runtime/tests/review","Test":"TestReviewUnsupportedSnapshotAmbiguousMembersFenceAndHold/duplicate-one-one","Elapsed":1.36}
{"Time":"2026-09-11T17:27:49.94678003-07:00","Action":"run","Package":"github.com/JDinSeattle/forge-runtime/tests/review","Test":"TestReviewUnsupportedSnapshotAmbiguousMembersFenceAndHold/unicode-long-s"}
{"Time":"2026-09-11T17:27:49.946782846-07:00","Action":"output","Package":"github.com/JDinSeattle/forge-runtime/tests/review","Test":"TestReviewUnsupportedSnapshotAmbiguousMembersFenceAndHold/unicode-long-s","Output":"=== RUN   TestReviewUnsupportedSnapshotAmbiguousMembersFenceAndHold/unicode-long-s\n"}
{"Time":"2026-09-11T17:27:51.421125028-07:00","Action":"output","Package":"github.com/JDinSeattle/forge-runtime/tests/review","Test":"TestReviewUnsupportedSnapshotAmbiguousMembersFenceAndHold/unicode-long-s","Output":"--- PASS: TestReviewUnsupportedSnapshotAmbiguousMembersFenceAndHold/unicode-long-s (1.47s)\n"}
{"Time":"2026-09-11T17:27:51.421149464-07:00","Action":"pass","Package":"github.com/JDinSeattle/forge-runtime/tests/review","Test":"TestReviewUnsupportedSnapshotAmbiguousMembersFenceAndHold/unicode-long-s","Elapsed":1.47}
{"Time":"2026-09-11T17:27:51.4211588-07:00","Action":"run","Package":"github.com/JDinSeattle/forge-runtime/tests/review","Test":"TestReviewUnsupportedSnapshotAmbiguousMembersFenceAndHold/escaped-long-s"}
{"Time":"2026-09-11T17:27:51.421160332-07:00","Action":"output","Package":"github.com/JDinSeattle/forge-runtime/tests/review","Test":"TestReviewUnsupportedSnapshotAmbiguousMembersFenceAndHold/escaped-long-s","Output":"=== RUN   TestReviewUnsupportedSnapshotAmbiguousMembersFenceAndHold/escaped-long-s\n"}
{"Time":"2026-09-11T17:27:52.800209197-07:00","Action":"output","Package":"github.com/JDinSeattle/forge-runtime/tests/review","Test":"TestReviewUnsupportedSnapshotAmbiguousMembersFenceAndHold/escaped-long-s","Output":"--- PASS: TestReviewUnsupportedSnapshotAmbiguousMembersFenceAndHold/escaped-long-s (1.38s)\n"}
{"Time":"2026-09-11T17:27:52.800236741-07:00","Action":"pass","Package":"github.com/JDinSeattle/forge-runtime/tests/review","Test":"TestReviewUnsupportedSnapshotAmbiguousMembersFenceAndHold/escaped-long-s","Elapsed":1.38}
{"Time":"2026-09-11T17:27:52.800243615-07:00","Action":"output","Package":"github.com/JDinSeattle/forge-runtime/tests/review","Test":"TestReviewUnsupportedSnapshotAmbiguousMembersFenceAndHold","Output":"--- PASS: TestReviewUnsupportedSnapshotAmbiguousMembersFenceAndHold (8.42s)\n"}
{"Time":"2026-09-11T17:27:52.800261354-07:00","Action":"pass","Package":"github.com/JDinSeattle/forge-runtime/tests/review","Test":"TestReviewUnsupportedSnapshotAmbiguousMembersFenceAndHold","Elapsed":8.42}
{"Time":"2026-09-11T17:27:52.80027852-07:00","Action":"run","Package":"github.com/JDinSeattle/forge-runtime/tests/review","Test":"TestReviewUnsupportedSnapshotOperatorCLI"}
{"Time":"2026-09-11T17:27:52.800280528-07:00","Action":"output","Package":"github.com/JDinSeattle/forge-runtime/tests/review","Test":"TestReviewUnsupportedSnapshotOperatorCLI","Output":"=== RUN   TestReviewUnsupportedSnapshotOperatorCLI\n"}
{"Time":"2026-09-11T17:27:53.148452818-07:00","Action":"output","Package":"github.com/JDinSeattle/forge-runtime/tests/review","Test":"TestReviewUnsupportedSnapshotOperatorCLI","Output":"--- PASS: TestReviewUnsupportedSnapshotOperatorCLI (0.35s)\n"}
{"Time":"2026-09-11T17:27:53.148484699-07:00","Action":"pass","Package":"github.com/JDinSeattle/forge-runtime/tests/review","Test":"TestReviewUnsupportedSnapshotOperatorCLI","Elapsed":0.35}
{"Time":"2026-09-11T17:27:53.148491679-07:00","Action":"run","Package":"github.com/JDinSeattle/forge-runtime/tests/review","Test":"TestReviewUnsupportedSnapshotPreservesUnknownLedgerAndAuthority"}
{"Time":"2026-09-11T17:27:53.148495144-07:00","Action":"output","Package":"github.com/JDinSeattle/forge-runtime/tests/review","Test":"TestReviewUnsupportedSnapshotPreservesUnknownLedgerAndAuthority","Output":"=== RUN   TestReviewUnsupportedSnapshotPreservesUnknownLedgerAndAuthority\n"}
{"Time":"2026-09-11T17:27:53.66534494-07:00","Action":"output","Package":"github.com/JDinSeattle/forge-runtime/internal/application","Test":"TestDriverTerminalHeartbeatBoundary/completed","Output":"--- PASS: TestDriverTerminalHeartbeatBoundary/completed (4.34s)\n"}
{"Time":"2026-09-11T17:27:53.665368971-07:00","Action":"pass","Package":"github.com/JDinSeattle/forge-runtime/internal/application","Test":"TestDriverTerminalHeartbeatBoundary/completed","Elapsed":4.34}
{"Time":"2026-09-11T17:27:53.665378277-07:00","Action":"run","Package":"github.com/JDinSeattle/forge-runtime/internal/application","Test":"TestDriverTerminalHeartbeatBoundary/waiting_approval"}
{"Time":"2026-09-11T17:27:53.665379999-07:00","Action":"output","Package":"github.com/JDinSeattle/forge-runtime/internal/application","Test":"TestDriverTerminalHeartbeatBoundary/waiting_approval","Output":"=== RUN   TestDriverTerminalHeartbeatBoundary/waiting_approval\n"}
{"Time":"2026-09-11T17:27:55.497167415-07:00","Action":"output","Package":"github.com/JDinSeattle/forge-runtime/tests/review","Test":"TestReviewUnsupportedSnapshotPreservesUnknownLedgerAndAuthority","Output":"--- PASS: TestReviewUnsupportedSnapshotPreservesUnknownLedgerAndAuthority (2.35s)\n"}
{"Time":"2026-09-11T17:27:55.49719742-07:00","Action":"pass","Package":"github.com/JDinSeattle/forge-runtime/tests/review","Test":"TestReviewUnsupportedSnapshotPreservesUnknownLedgerAndAuthority","Elapsed":2.35}
{"Time":"2026-09-11T17:27:55.497202043-07:00","Action":"run","Package":"github.com/JDinSeattle/forge-runtime/tests/review","Test":"TestReviewUnsupportedSnapshotHTTPAndOperatorRecovery"}
{"Time":"2026-09-11T17:27:55.497203569-07:00","Action":"output","Package":"github.com/JDinSeattle/forge-runtime/tests/review","Test":"TestReviewUnsupportedSnapshotHTTPAndOperatorRecovery","Output":"=== RUN   TestReviewUnsupportedSnapshotHTTPAndOperatorRecovery\n"}
{"Time":"2026-09-11T17:27:56.150779275-07:00","Action":"output","Package":"github.com/JDinSeattle/forge-runtime/tests/review","Test":"TestReviewUnsupportedSnapshotHTTPAndOperatorRecovery","Output":"--- PASS: TestReviewUnsupportedSnapshotHTTPAndOperatorRecovery (0.65s)\n"}
{"Time":"2026-09-11T17:27:56.15080404-07:00","Action":"pass","Package":"github.com/JDinSeattle/forge-runtime/tests/review","Test":"TestReviewUnsupportedSnapshotHTTPAndOperatorRecovery","Elapsed":0.65}
{"Time":"2026-09-11T17:27:56.150809923-07:00","Action":"run","Package":"github.com/JDinSeattle/forge-runtime/tests/review","Test":"TestReviewUnsupportedSnapshotApprovalRefusesUnknownState"}
{"Time":"2026-09-11T17:27:56.150816351-07:00","Action":"output","Package":"github.com/JDinSeattle/forge-runtime/tests/review","Test":"TestReviewUnsupportedSnapshotApprovalRefusesUnknownState","Output":"=== RUN   TestReviewUnsupportedSnapshotApprovalRefusesUnknownState\n"}
{"Time":"2026-09-11T17:27:56.694588047-07:00","Action":"output","Package":"github.com/JDinSeattle/forge-runtime/tests/review","Test":"TestReviewUnsupportedSnapshotApprovalRefusesUnknownState","Output":"--- PASS: TestReviewUnsupportedSnapshotApprovalRefusesUnknownState (0.54s)\n"}
{"Time":"2026-09-11T17:27:56.694610496-07:00","Action":"pass","Package":"github.com/JDinSeattle/forge-runtime/tests/review","Test":"TestReviewUnsupportedSnapshotApprovalRefusesUnknownState","Elapsed":0.54}
{"Time":"2026-09-11T17:27:56.694614966-07:00","Action":"run","Package":"github.com/JDinSeattle/forge-runtime/tests/review","Test":"TestReviewUnsupportedSnapshotMalformedHeadersRemainHeld"}
{"Time":"2026-09-11T17:27:56.694616447-07:00","Action":"output","Package":"github.com/JDinSeattle/forge-runtime/tests/review","Test":"TestReviewUnsupportedSnapshotMalformedHeadersRemainHeld","Output":"=== RUN   TestReviewUnsupportedSnapshotMalformedHeadersRemainHeld\n"}
{"Time":"2026-09-11T17:27:56.694636591-07:00","Action":"run","Package":"github.com/JDinSeattle/forge-runtime/tests/review","Test":"TestReviewUnsupportedSnapshotMalformedHeadersRemainHeld/null"}
{"Time":"2026-09-11T17:27:56.694637943-07:00","Action":"output","Package":"github.com/JDinSeattle/forge-runtime/tests/review","Test":"TestReviewUnsupportedSnapshotMalformedHeadersRemainHeld/null","Output":"=== RUN   TestReviewUnsupportedSnapshotMalformedHeadersRemainHeld/null\n"}
{"Time":"2026-09-11T17:27:56.716863811-07:00","Action":"output","Package":"github.com/JDinSeattle/forge-runtime/internal/application","Test":"TestDriverTerminalHeartbeatBoundary/waiting_approval","Output":"--- PASS: TestDriverTerminalHeartbeatBoundary/waiting_approval (3.05s)\n"}
{"Time":"2026-09-11T17:27:56.716890781-07:00","Action":"pass","Package":"github.com/JDinSeattle/forge-runtime/internal/application","Test":"TestDriverTerminalHeartbeatBoundary/waiting_approval","Elapsed":3.05}
{"Time":"2026-09-11T17:27:56.716906531-07:00","Action":"output","Package":"github.com/JDinSeattle/forge-runtime/internal/application","Test":"TestDriverTerminalHeartbeatBoundary","Output":"--- PASS: TestDriverTerminalHeartbeatBoundary (7.39s)\n"}
{"Time":"2026-09-11T17:27:56.716934806-07:00","Action":"pass","Package":"github.com/JDinSeattle/forge-runtime/internal/application","Test":"TestDriverTerminalHeartbeatBoundary","Elapsed":7.39}
{"Time":"2026-09-11T17:27:56.716956237-07:00","Action":"run","Package":"github.com/JDinSeattle/forge-runtime/internal/application","Test":"TestStrictLogArtifactReceiptBindingAndBytes"}
{"Time":"2026-09-11T17:27:56.716967361-07:00","Action":"output","Package":"github.com/JDinSeattle/forge-runtime/internal/application","Test":"TestStrictLogArtifactReceiptBindingAndBytes","Output":"=== RUN   TestStrictLogArtifactReceiptBindingAndBytes\n"}
{"Time":"2026-09-11T17:27:56.859622458-07:00","Action":"run","Package":"github.com/JDinSeattle/forge-runtime/internal/application","Test":"TestStrictLogArtifactReceiptBindingAndBytes/cross_tenant"}
{"Time":"2026-09-11T17:27:56.859656106-07:00","Action":"output","Package":"github.com/JDinSeattle/forge-runtime/internal/application","Test":"TestStrictLogArtifactReceiptBindingAndBytes/cross_tenant","Output":"=== RUN   TestStrictLogArtifactReceiptBindingAndBytes/cross_tenant\n"}
{"Time":"2026-09-11T17:27:56.887648181-07:00","Action":"output","Package":"github.com/JDinSeattle/forge-runtime/internal/application","Test":"TestStrictLogArtifactReceiptBindingAndBytes/cross_tenant","Output":"--- PASS: TestStrictLogArtifactReceiptBindingAndBytes/cross_tenant (0.03s)\n"}
{"Time":"2026-09-11T17:27:56.887701422-07:00","Action":"pass","Package":"github.com/JDinSeattle/forge-runtime/internal/application","Test":"TestStrictLogArtifactReceiptBindingAndBytes/cross_tenant","Elapsed":0.03}
{"Time":"2026-09-11T17:27:56.88771501-07:00","Action":"run","Package":"github.com/JDinSeattle/forge-runtime/internal/application","Test":"TestStrictLogArtifactReceiptBindingAndBytes/wrong_kind"}
{"Time":"2026-09-11T17:27:56.887720269-07:00","Action":"output","Package":"github.com/JDinSeattle/forge-runtime/internal/application","Test":"TestStrictLogArtifactReceiptBindingAndBytes/wrong_kind","Output":"=== RUN   TestStrictLogArtifactReceiptBindingAndBytes/wrong_kind\n"}
{"Time":"2026-09-11T17:27:56.923354374-07:00","Action":"output","Package":"github.com/JDinSeattle/forge-runtime/internal/application","Test":"TestStrictLogArtifactReceiptBindingAndBytes/wrong_kind","Output":"--- PASS: TestStrictLogArtifactReceiptBindingAndBytes/wrong_kind (0.04s)\n"}
{"Time":"2026-09-11T17:27:56.92342256-07:00","Action":"pass","Package":"github.com/JDinSeattle/forge-runtime/internal/application","Test":"TestStrictLogArtifactReceiptBindingAndBytes/wrong_kind","Elapsed":0.04}
{"Time":"2026-09-11T17:27:56.923439802-07:00","Action":"run","Package":"github.com/JDinSeattle/forge-runtime/internal/application","Test":"TestStrictLogArtifactReceiptBindingAndBytes/wrong_size"}
{"Time":"2026-09-11T17:27:56.923446262-07:00","Action":"output","Package":"github.com/JDinSeattle/forge-runtime/internal/application","Test":"TestStrictLogArtifactReceiptBindingAndBytes/wrong_size","Output":"=== RUN   TestStrictLogArtifactReceiptBindingAndBytes/wrong_size\n"}
{"Time":"2026-09-11T17:27:56.948955447-07:00","Action":"output","Package":"github.com/JDinSeattle/forge-runtime/internal/application","Test":"TestStrictLogArtifactReceiptBindingAndBytes/wrong_size","Output":"--- PASS: TestStrictLogArtifactReceiptBindingAndBytes/wrong_size (0.03s)\n"}
{"Time":"2026-09-11T17:27:56.948993017-07:00","Action":"pass","Package":"github.com/JDinSeattle/forge-runtime/internal/application","Test":"TestStrictLogArtifactReceiptBindingAndBytes/wrong_size","Elapsed":0.03}
{"Time":"2026-09-11T17:27:56.949063265-07:00","Action":"run","Package":"github.com/JDinSeattle/forge-runtime/internal/application","Test":"TestStrictLogArtifactReceiptBindingAndBytes/missing_object"}
{"Time":"2026-09-11T17:27:56.949078549-07:00","Action":"output","Package":"github.com/JDinSeattle/forge-runtime/internal/application","Test":"TestStrictLogArtifactReceiptBindingAndBytes/missing_object","Output":"=== RUN   TestStrictLogArtifactReceiptBindingAndBytes/missing_object\n"}
{"Time":"2026-09-11T17:27:56.976746077-07:00","Action":"output","Package":"github.com/JDinSeattle/forge-runtime/internal/application","Test":"TestStrictLogArtifactReceiptBindingAndBytes/missing_object","Output":"--- PASS: TestStrictLogArtifactReceiptBindingAndBytes/missing_object (0.03s)\n"}
{"Time":"2026-09-11T17:27:56.976809532-07:00","Action":"pass","Package":"github.com/JDinSeattle/forge-runtime/internal/application","Test":"TestStrictLogArtifactReceiptBindingAndBytes/missing_object","Elapsed":0.03}
{"Time":"2026-09-11T17:27:56.976840721-07:00","Action":"run","Package":"github.com/JDinSeattle/forge-runtime/internal/application","Test":"TestStrictLogArtifactReceiptBindingAndBytes/operation_binding"}
{"Time":"2026-09-11T17:27:56.976848764-07:00","Action":"output","Package":"github.com/JDinSeattle/forge-runtime/internal/application","Test":"TestStrictLogArtifactReceiptBindingAndBytes/operation_binding","Output":"=== RUN   TestStrictLogArtifactReceiptBindingAndBytes/operation_binding\n"}
{"Time":"2026-09-11T17:27:57.004010424-07:00","Action":"output","Package":"github.com/JDinSeattle/forge-runtime/internal/application","Test":"TestStrictLogArtifactReceiptBindingAndBytes/operation_binding","Output":"--- PASS: TestStrictLogArtifactReceiptBindingAndBytes/operation_binding (0.03s)\n"}
{"Time":"2026-09-11T17:27:57.004065023-07:00","Action":"pass","Package":"github.com/JDinSeattle/forge-runtime/internal/application","Test":"TestStrictLogArtifactReceiptBindingAndBytes/operation_binding","Elapsed":0.03}
{"Time":"2026-09-11T17:27:57.004078698-07:00","Action":"run","Package":"github.com/JDinSeattle/forge-runtime/internal/application","Test":"TestStrictLogArtifactReceiptBindingAndBytes/missing_log"}
{"Time":"2026-09-11T17:27:57.004083813-07:00","Action":"output","Package":"github.com/JDinSeattle/forge-runtime/internal/application","Test":"TestStrictLogArtifactReceiptBindingAndBytes/missing_log","Output":"=== RUN   TestStrictLogArtifactReceiptBindingAndBytes/missing_log\n"}
{"Time":"2026-09-11T17:27:57.030475368-07:00","Action":"output","Package":"github.com/JDinSeattle/forge-runtime/internal/application","Test":"TestStrictLogArtifactReceiptBindingAndBytes/missing_log","Output":"--- PASS: TestStrictLogArtifactReceiptBindingAndBytes/missing_log (0.03s)\n"}
{"Time":"2026-09-11T17:27:57.030512083-07:00","Action":"pass","Package":"github.com/JDinSeattle/forge-runtime/internal/application","Test":"TestStrictLogArtifactReceiptBindingAndBytes/missing_log","Elapsed":0.03}
{"Time":"2026-09-11T17:27:57.030519078-07:00","Action":"run","Package":"github.com/JDinSeattle/forge-runtime/internal/application","Test":"TestStrictLogArtifactReceiptBindingAndBytes/cross_run"}
{"Time":"2026-09-11T17:27:57.030522041-07:00","Action":"output","Package":"github.com/JDinSeattle/forge-runtime/internal/application","Test":"TestStrictLogArtifactReceiptBindingAndBytes/cross_run","Output":"=== RUN   TestStrictLogArtifactReceiptBindingAndBytes/cross_run\n"}
{"Time":"2026-09-11T17:27:57.05605208-07:00","Action":"output","Package":"github.com/JDinSeattle/forge-runtime/internal/application","Test":"TestStrictLogArtifactReceiptBindingAndBytes/cross_run","Output":"--- PASS: TestStrictLogArtifactReceiptBindingAndBytes/cross_run (0.03s)\n"}
{"Time":"2026-09-11T17:27:57.056068406-07:00","Action":"pass","Package":"github.com/JDinSeattle/forge-runtime/internal/application","Test":"TestStrictLogArtifactReceiptBindingAndBytes/cross_run","Elapsed":0.03}
{"Time":"2026-09-11T17:27:57.056072509-07:00","Action":"run","Package":"github.com/JDinSeattle/forge-runtime/internal/application","Test":"TestStrictLogArtifactReceiptBindingAndBytes/substitute_after_receipt"}
{"Time":"2026-09-11T17:27:57.056073889-07:00","Action":"output","Package":"github.com/JDinSeattle/forge-runtime/internal/application","Test":"TestStrictLogArtifactReceiptBindingAndBytes/substitute_after_receipt","Output":"=== RUN   TestStrictLogArtifactReceiptBindingAndBytes/substitute_after_receipt\n"}
{"Time":"2026-09-11T17:27:57.07149404-07:00","Action":"output","Package":"github.com/JDinSeattle/forge-runtime/tests/review","Test":"TestReviewUnsupportedSnapshotMalformedHeadersRemainHeld/null","Output":"--- PASS: TestReviewUnsupportedSnapshotMalformedHeadersRemainHeld/null (0.38s)\n"}
{"Time":"2026-09-11T17:27:57.071520266-07:00","Action":"pass","Package":"github.com/JDinSeattle/forge-runtime/tests/review","Test":"TestReviewUnsupportedSnapshotMalformedHeadersRemainHeld/null","Elapsed":0.38}
{"Time":"2026-09-11T17:27:57.071528517-07:00","Action":"run","Package":"github.com/JDinSeattle/forge-runtime/tests/review","Test":"TestReviewUnsupportedSnapshotMalformedHeadersRemainHeld/1.5"}
{"Time":"2026-09-11T17:27:57.07153825-07:00","Action":"output","Package":"github.com/JDinSeattle/forge-runtime/tests/review","Test":"TestReviewUnsupportedSnapshotMalformedHeadersRemainHeld/1.5","Output":"=== RUN   TestReviewUnsupportedSnapshotMalformedHeadersRemainHeld/1.5\n"}
{"Time":"2026-09-11T17:27:57.082280734-07:00","Action":"output","Package":"github.com/JDinSeattle/forge-runtime/internal/application","Test":"TestStrictLogArtifactReceiptBindingAndBytes/substitute_after_receipt","Output":"--- PASS: TestStrictLogArtifactReceiptBindingAndBytes/substitute_after_receipt (0.03s)\n"}
{"Time":"2026-09-11T17:27:57.082299333-07:00","Action":"pass","Package":"github.com/JDinSeattle/forge-runtime/internal/application","Test":"TestStrictLogArtifactReceiptBindingAndBytes/substitute_after_receipt","Elapsed":0.03}
{"Time":"2026-09-11T17:27:57.082303445-07:00","Action":"run","Package":"github.com/JDinSeattle/forge-runtime/internal/application","Test":"TestStrictLogArtifactReceiptBindingAndBytes/strip_strict_to_legacy"}
{"Time":"2026-09-11T17:27:57.08230495-07:00","Action":"output","Package":"github.com/JDinSeattle/forge-runtime/internal/application","Test":"TestStrictLogArtifactReceiptBindingAndBytes/strip_strict_to_legacy","Output":"=== RUN   TestStrictLogArtifactReceiptBindingAndBytes/strip_strict_to_legacy\n"}
{"Time":"2026-09-11T17:27:57.082588136-07:00","Action":"output","Package":"github.com/JDinSeattle/forge-runtime/internal/application","Test":"TestStrictLogArtifactReceiptBindingAndBytes/strip_strict_to_legacy","Output":"--- PASS: TestStrictLogArtifactReceiptBindingAndBytes/strip_strict_to_legacy (0.00s)\n"}
{"Time":"2026-09-11T17:27:57.082595465-07:00","Action":"pass","Package":"github.com/JDinSeattle/forge-runtime/internal/application","Test":"TestStrictLogArtifactReceiptBindingAndBytes/strip_strict_to_legacy","Elapsed":0}
{"Time":"2026-09-11T17:27:57.082605188-07:00","Action":"run","Package":"github.com/JDinSeattle/forge-runtime/internal/application","Test":"TestStrictLogArtifactReceiptBindingAndBytes/authentic_legacy_truncated_rpc"}
{"Time":"2026-09-11T17:27:57.082607238-07:00","Action":"output","Package":"github.com/JDinSeattle/forge-runtime/internal/application","Test":"TestStrictLogArtifactReceiptBindingAndBytes/authentic_legacy_truncated_rpc","Output":"=== RUN   TestStrictLogArtifactReceiptBindingAndBytes/authentic_legacy_truncated_rpc\n"}
{"Time":"2026-09-11T17:27:57.105798204-07:00","Action":"output","Package":"github.com/JDinSeattle/forge-runtime/internal/application","Test":"TestStrictLogArtifactReceiptBindingAndBytes/authentic_legacy_truncated_rpc","Output":"--- PASS: TestStrictLogArtifactReceiptBindingAndBytes/authentic_legacy_truncated_rpc (0.02s)\n"}
{"Time":"2026-09-11T17:27:57.105809682-07:00","Action":"pass","Package":"github.com/JDinSeattle/forge-runtime/internal/application","Test":"TestStrictLogArtifactReceiptBindingAndBytes/authentic_legacy_truncated_rpc","Elapsed":0.02}
{"Time":"2026-09-11T17:27:57.106295672-07:00","Action":"output","Package":"github.com/JDinSeattle/forge-runtime/internal/application","Test":"TestStrictLogArtifactReceiptBindingAndBytes","Output":"--- PASS: TestStrictLogArtifactReceiptBindingAndBytes (0.39s)\n"}
{"Time":"2026-09-11T17:27:57.106305315-07:00","Action":"pass","Package":"github.com/JDinSeattle/forge-runtime/internal/application","Test":"TestStrictLogArtifactReceiptBindingAndBytes","Elapsed":0.39}
{"Time":"2026-09-11T17:27:57.106317601-07:00","Action":"run","Package":"github.com/JDinSeattle/forge-runtime/internal/application","Test":"TestNativeProviderHandoffDurableRepair"}
{"Time":"2026-09-11T17:27:57.106319904-07:00","Action":"output","Package":"github.com/JDinSeattle/forge-runtime/internal/application","Test":"TestNativeProviderHandoffDurableRepair","Output":"=== RUN   TestNativeProviderHandoffDurableRepair\n"}
{"Time":"2026-09-11T17:27:57.106338157-07:00","Action":"run","Package":"github.com/JDinSeattle/forge-runtime/internal/application","Test":"TestNativeProviderHandoffDurableRepair/openai"}
{"Time":"2026-09-11T17:27:57.106343335-07:00","Action":"output","Package":"github.com/JDinSeattle/forge-runtime/internal/application","Test":"TestNativeProviderHandoffDurableRepair/openai","Output":"=== RUN   TestNativeProviderHandoffDurableRepair/openai\n"}
{"Time":"2026-09-11T17:27:57.354486161-07:00","Action":"output","Package":"github.com/JDinSeattle/forge-runtime/tests/review","Test":"TestReviewUnsupportedSnapshotMalformedHeadersRemainHeld/1.5","Output":"--- PASS: TestReviewUnsupportedSnapshotMalformedHeadersRemainHeld/1.5 (0.28s)\n"}
{"Time":"2026-09-11T17:27:57.354508973-07:00","Action":"pass","Package":"github.com/JDinSeattle/forge-runtime/tests/review","Test":"TestReviewUnsupportedSnapshotMalformedHeadersRemainHeld/1.5","Elapsed":0.28}
{"Time":"2026-09-11T17:27:57.354514549-07:00","Action":"run","Package":"github.com/JDinSeattle/forge-runtime/tests/review","Test":"TestReviewUnsupportedSnapshotMalformedHeadersRemainHeld/\"1\""}
{"Time":"2026-09-11T17:27:57.35451595-07:00","Action":"output","Package":"github.com/JDinSeattle/forge-runtime/tests/review","Test":"TestReviewUnsupportedSnapshotMalformedHeadersRemainHeld/\"1\"","Output":"=== RUN   TestReviewUnsupportedSnapshotMalformedHeadersRemainHeld/\"1\"\n"}
{"Time":"2026-09-11T17:27:57.709420562-07:00","Action":"output","Package":"github.com/JDinSeattle/forge-runtime/tests/review","Test":"TestReviewUnsupportedSnapshotMalformedHeadersRemainHeld/\"1\"","Output":"--- PASS: TestReviewUnsupportedSnapshotMalformedHeadersRemainHeld/\"1\" (0.35s)\n"}
{"Time":"2026-09-11T17:27:57.70944456-07:00","Action":"pass","Package":"github.com/JDinSeattle/forge-runtime/tests/review","Test":"TestReviewUnsupportedSnapshotMalformedHeadersRemainHeld/\"1\"","Elapsed":0.35}
{"Time":"2026-09-11T17:27:57.709448823-07:00","Action":"run","Package":"github.com/JDinSeattle/forge-runtime/tests/review","Test":"TestReviewUnsupportedSnapshotMalformedHeadersRemainHeld/-1"}
{"Time":"2026-09-11T17:27:57.709450302-07:00","Action":"output","Package":"github.com/JDinSeattle/forge-runtime/tests/review","Test":"TestReviewUnsupportedSnapshotMalformedHeadersRemainHeld/-1","Output":"=== RUN   TestReviewUnsupportedSnapshotMalformedHeadersRemainHeld/-1\n"}
{"Time":"2026-09-11T17:27:58.214035898-07:00","Action":"output","Package":"github.com/JDinSeattle/forge-runtime/tests/review","Test":"TestReviewUnsupportedSnapshotMalformedHeadersRemainHeld/-1","Output":"--- PASS: TestReviewUnsupportedSnapshotMalformedHeadersRemainHeld/-1 (0.50s)\n"}
{"Time":"2026-09-11T17:27:58.214068906-07:00","Action":"pass","Package":"github.com/JDinSeattle/forge-runtime/tests/review","Test":"TestReviewUnsupportedSnapshotMalformedHeadersRemainHeld/-1","Elapsed":0.5}
{"Time":"2026-09-11T17:27:58.214076685-07:00","Action":"run","Package":"github.com/JDinSeattle/forge-runtime/tests/review","Test":"TestReviewUnsupportedSnapshotMalformedHeadersRemainHeld/999999999999999999999999999999999999999999999999999999999999999999999999"}
{"Time":"2026-09-11T17:27:58.214080691-07:00","Action":"output","Package":"github.com/JDinSeattle/forge-runtime/tests/review","Test":"TestReviewUnsupportedSnapshotMalformedHeadersRemainHeld/999999999999999999999999999999999999999999999999999999999999999999999999","Output":"=== RUN   TestReviewUnsupportedSnapshotMalformedHeadersRemainHeld/999999999999999999999999999999999999999999999999999999999999999999999999\n"}
{"Time":"2026-09-11T17:27:58.637849314-07:00","Action":"output","Package":"github.com/JDinSeattle/forge-runtime/tests/review","Test":"TestReviewUnsupportedSnapshotMalformedHeadersRemainHeld/999999999999999999999999999999999999999999999999999999999999999999999999","Output":"--- PASS: TestReviewUnsupportedSnapshotMalformedHeadersRemainHeld/999999999999999999999999999999999999999999999999999999999999999999999999 (0.42s)\n"}
{"Time":"2026-09-11T17:27:58.637882013-07:00","Action":"pass","Package":"github.com/JDinSeattle/forge-runtime/tests/review","Test":"TestReviewUnsupportedSnapshotMalformedHeadersRemainHeld/999999999999999999999999999999999999999999999999999999999999999999999999","Elapsed":0.42}
{"Time":"2026-09-11T17:27:58.637896275-07:00","Action":"output","Package":"github.com/JDinSeattle/forge-runtime/tests/review","Test":"TestReviewUnsupportedSnapshotMalformedHeadersRemainHeld","Output":"--- PASS: TestReviewUnsupportedSnapshotMalformedHeadersRemainHeld (1.94s)\n"}
{"Time":"2026-09-11T17:27:58.637907855-07:00","Action":"pass","Package":"github.com/JDinSeattle/forge-runtime/tests/review","Test":"TestReviewUnsupportedSnapshotMalformedHeadersRemainHeld","Elapsed":1.94}
{"Time":"2026-09-11T17:27:58.637931514-07:00","Action":"run","Package":"github.com/JDinSeattle/forge-runtime/tests/review","Test":"TestReviewUnsupportedSnapshotStopsCleanupAndRetentionOfTerminalEvidence"}
{"Time":"2026-09-11T17:27:58.637936804-07:00","Action":"output","Package":"github.com/JDinSeattle/forge-runtime/tests/review","Test":"TestReviewUnsupportedSnapshotStopsCleanupAndRetentionOfTerminalEvidence","Output":"=== RUN   TestReviewUnsupportedSnapshotStopsCleanupAndRetentionOfTerminalEvidence\n"}
{"Time":"2026-09-11T17:27:59.116493707-07:00","Action":"output","Package":"github.com/JDinSeattle/forge-runtime/tests/review","Test":"TestReviewUnsupportedSnapshotStopsCleanupAndRetentionOfTerminalEvidence","Output":"--- PASS: TestReviewUnsupportedSnapshotStopsCleanupAndRetentionOfTerminalEvidence (0.48s)\n"}
{"Time":"2026-09-11T17:27:59.116565825-07:00","Action":"pass","Package":"github.com/JDinSeattle/forge-runtime/tests/review","Test":"TestReviewUnsupportedSnapshotStopsCleanupAndRetentionOfTerminalEvidence","Elapsed":0.48}
{"Time":"2026-09-11T17:27:59.116583731-07:00","Action":"run","Package":"github.com/JDinSeattle/forge-runtime/tests/review","Test":"TestReviewUnsupportedSnapshotEndsExistingSSEGeneration"}
{"Time":"2026-09-11T17:27:59.116592436-07:00","Action":"output","Package":"github.com/JDinSeattle/forge-runtime/tests/review","Test":"TestReviewUnsupportedSnapshotEndsExistingSSEGeneration","Output":"=== RUN   TestReviewUnsupportedSnapshotEndsExistingSSEGeneration\n"}
{"Time":"2026-09-11T17:27:59.490669105-07:00","Action":"output","Package":"github.com/JDinSeattle/forge-runtime/tests/review","Test":"TestReviewUnsupportedSnapshotEndsExistingSSEGeneration","Output":"--- PASS: TestReviewUnsupportedSnapshotEndsExistingSSEGeneration (0.37s)\n"}
{"Time":"2026-09-11T17:27:59.490718744-07:00","Action":"pass","Package":"github.com/JDinSeattle/forge-runtime/tests/review","Test":"TestReviewUnsupportedSnapshotEndsExistingSSEGeneration","Elapsed":0.37}
{"Time":"2026-09-11T17:27:59.490722916-07:00","Action":"run","Package":"github.com/JDinSeattle/forge-runtime/tests/review","Test":"TestReviewHeartbeatRemainsAuthoritativeAcrossTransitions"}
{"Time":"2026-09-11T17:27:59.490724379-07:00","Action":"output","Package":"github.com/JDinSeattle/forge-runtime/tests/review","Test":"TestReviewHeartbeatRemainsAuthoritativeAcrossTransitions","Output":"=== RUN   TestReviewHeartbeatRemainsAuthoritativeAcrossTransitions\n"}
{"Time":"2026-09-11T17:28:00.20575961-07:00","Action":"output","Package":"github.com/JDinSeattle/forge-runtime/internal/application","Test":"TestNativeProviderHandoffDurableRepair/openai","Output":"--- PASS: TestNativeProviderHandoffDurableRepair/openai (3.10s)\n"}
{"Time":"2026-09-11T17:28:00.205785191-07:00","Action":"pass","Package":"github.com/JDinSeattle/forge-runtime/internal/application","Test":"TestNativeProviderHandoffDurableRepair/openai","Elapsed":3.1}
{"Time":"2026-09-11T17:28:00.20578989-07:00","Action":"run","Package":"github.com/JDinSeattle/forge-runtime/internal/application","Test":"TestNativeProviderHandoffDurableRepair/anthropic"}
{"Time":"2026-09-11T17:28:00.205791348-07:00","Action":"output","Package":"github.com/JDinSeattle/forge-runtime/internal/application","Test":"TestNativeProviderHandoffDurableRepair/anthropic","Output":"=== RUN   TestNativeProviderHandoffDurableRepair/anthropic\n"}
{"Time":"2026-09-11T17:28:00.856279629-07:00","Action":"output","Package":"github.com/JDinSeattle/forge-runtime/tests/review","Test":"TestReviewHeartbeatRemainsAuthoritativeAcrossTransitions","Output":"--- PASS: TestReviewHeartbeatRemainsAuthoritativeAcrossTransitions (1.37s)\n"}
{"Time":"2026-09-11T17:28:00.856320779-07:00","Action":"pass","Package":"github.com/JDinSeattle/forge-runtime/tests/review","Test":"TestReviewHeartbeatRemainsAuthoritativeAcrossTransitions","Elapsed":1.37}
{"Time":"2026-09-11T17:28:00.856329067-07:00","Action":"run","Package":"github.com/JDinSeattle/forge-runtime/tests/review","Test":"TestReviewLeaseExpiryDuringEvidenceWaitFencesCommit"}
{"Time":"2026-09-11T17:28:00.856332623-07:00","Action":"output","Package":"github.com/JDinSeattle/forge-runtime/tests/review","Test":"TestReviewLeaseExpiryDuringEvidenceWaitFencesCommit","Output":"=== RUN   TestReviewLeaseExpiryDuringEvidenceWaitFencesCommit\n"}
{"Time":"2026-09-11T17:28:02.185001664-07:00","Action":"output","Package":"github.com/JDinSeattle/forge-runtime/tests/review","Test":"TestReviewLeaseExpiryDuringEvidenceWaitFencesCommit","Output":"--- PASS: TestReviewLeaseExpiryDuringEvidenceWaitFencesCommit (1.33s)\n"}
{"Time":"2026-09-11T17:28:02.185026358-07:00","Action":"pass","Package":"github.com/JDinSeattle/forge-runtime/tests/review","Test":"TestReviewLeaseExpiryDuringEvidenceWaitFencesCommit","Elapsed":1.33}
{"Time":"2026-09-11T17:28:02.185030601-07:00","Action":"run","Package":"github.com/JDinSeattle/forge-runtime/tests/review","Test":"TestReviewDeferredModelRunCanBeReclaimed"}
{"Time":"2026-09-11T17:28:02.18503357-07:00","Action":"output","Package":"github.com/JDinSeattle/forge-runtime/tests/review","Test":"TestReviewDeferredModelRunCanBeReclaimed","Output":"=== RUN   TestReviewDeferredModelRunCanBeReclaimed\n"}
{"Time":"2026-09-11T17:28:02.537424899-07:00","Action":"output","Package":"github.com/JDinSeattle/forge-runtime/tests/review","Test":"TestReviewDeferredModelRunCanBeReclaimed","Output":"--- PASS: TestReviewDeferredModelRunCanBeReclaimed (0.35s)\n"}
{"Time":"2026-09-11T17:28:02.537448334-07:00","Action":"pass","Package":"github.com/JDinSeattle/forge-runtime/tests/review","Test":"TestReviewDeferredModelRunCanBeReclaimed","Elapsed":0.35}
{"Time":"2026-09-11T17:28:02.537452887-07:00","Action":"run","Package":"github.com/JDinSeattle/forge-runtime/tests/review","Test":"TestReviewAPIRoleGuardChecksResolvedSchemaAndInheritedOwnership"}
{"Time":"2026-09-11T17:28:02.537454396-07:00","Action":"output","Package":"github.com/JDinSeattle/forge-runtime/tests/review","Test":"TestReviewAPIRoleGuardChecksResolvedSchemaAndInheritedOwnership","Output":"=== RUN   TestReviewAPIRoleGuardChecksResolvedSchemaAndInheritedOwnership\n"}
{"Time":"2026-09-11T17:28:02.945431503-07:00","Action":"output","Package":"github.com/JDinSeattle/forge-runtime/tests/review","Test":"TestReviewAPIRoleGuardChecksResolvedSchemaAndInheritedOwnership","Output":"--- PASS: TestReviewAPIRoleGuardChecksResolvedSchemaAndInheritedOwnership (0.41s)\n"}
{"Time":"2026-09-11T17:28:02.945467237-07:00","Action":"pass","Package":"github.com/JDinSeattle/forge-runtime/tests/review","Test":"TestReviewAPIRoleGuardChecksResolvedSchemaAndInheritedOwnership","Elapsed":0.41}
{"Time":"2026-09-11T17:28:02.945488562-07:00","Action":"run","Package":"github.com/JDinSeattle/forge-runtime/tests/review","Test":"TestReviewHTMLCharactersPreserveToolArgumentHashAcrossPersistence"}
{"Time":"2026-09-11T17:28:02.945496329-07:00","Action":"output","Package":"github.com/JDinSeattle/forge-runtime/tests/review","Test":"TestReviewHTMLCharactersPreserveToolArgumentHashAcrossPersistence","Output":"=== RUN   TestReviewHTMLCharactersPreserveToolArgumentHashAcrossPersistence\n"}
{"Time":"2026-09-11T17:28:03.388355044-07:00","Action":"output","Package":"github.com/JDinSeattle/forge-runtime/tests/review","Test":"TestReviewHTMLCharactersPreserveToolArgumentHashAcrossPersistence","Output":"--- PASS: TestReviewHTMLCharactersPreserveToolArgumentHashAcrossPersistence (0.44s)\n"}
{"Time":"2026-09-11T17:28:03.388379528-07:00","Action":"pass","Package":"github.com/JDinSeattle/forge-runtime/tests/review","Test":"TestReviewHTMLCharactersPreserveToolArgumentHashAcrossPersistence","Elapsed":0.44}
{"Time":"2026-09-11T17:28:03.388387513-07:00","Action":"run","Package":"github.com/JDinSeattle/forge-runtime/tests/review","Test":"TestReviewTelemetryProductionChain"}
{"Time":"2026-09-11T17:28:03.388394382-07:00","Action":"output","Package":"github.com/JDinSeattle/forge-runtime/tests/review","Test":"TestReviewTelemetryProductionChain","Output":"=== RUN   TestReviewTelemetryProductionChain\n"}
{"Time":"2026-09-11T17:28:03.38842729-07:00","Action":"output","Package":"github.com/JDinSeattle/forge-runtime/tests/review","Test":"TestReviewTelemetryProductionChain","Output":"    telemetry_chain_test.go:104: requires separate loopback Collector and private output directory\n"}
{"Time":"2026-09-11T17:28:03.388439165-07:00","Action":"output","Package":"github.com/JDinSeattle/forge-runtime/tests/review","Test":"TestReviewTelemetryProductionChain","Output":"--- SKIP: TestReviewTelemetryProductionChain (0.00s)\n"}
{"Time":"2026-09-11T17:28:03.388453088-07:00","Action":"skip","Package":"github.com/JDinSeattle/forge-runtime/tests/review","Test":"TestReviewTelemetryProductionChain","Elapsed":0}
{"Time":"2026-09-11T17:28:03.388455978-07:00","Action":"run","Package":"github.com/JDinSeattle/forge-runtime/tests/review","Test":"TestReviewTelemetryRetainedGraphRejectsBrokenBindings"}
{"Time":"2026-09-11T17:28:03.388457716-07:00","Action":"output","Package":"github.com/JDinSeattle/forge-runtime/tests/review","Test":"TestReviewTelemetryRetainedGraphRejectsBrokenBindings","Output":"=== RUN   TestReviewTelemetryRetainedGraphRejectsBrokenBindings\n"}
{"Time":"2026-09-11T17:28:03.401357776-07:00","Action":"run","Package":"github.com/JDinSeattle/forge-runtime/tests/review","Test":"TestReviewTelemetryRetainedGraphRejectsBrokenBindings/missing_RPC_parent"}
{"Time":"2026-09-11T17:28:03.401365741-07:00","Action":"output","Package":"github.com/JDinSeattle/forge-runtime/tests/review","Test":"TestReviewTelemetryRetainedGraphRejectsBrokenBindings/missing_RPC_parent","Output":"=== RUN   TestReviewTelemetryRetainedGraphRejectsBrokenBindings/missing_RPC_parent\n"}
{"Time":"2026-09-11T17:28:03.417491687-07:00","Action":"output","Package":"github.com/JDinSeattle/forge-runtime/tests/review","Test":"TestReviewTelemetryRetainedGraphRejectsBrokenBindings/missing_RPC_parent","Output":"--- PASS: TestReviewTelemetryRetainedGraphRejectsBrokenBindings/missing_RPC_parent (0.02s)\n"}
{"Time":"2026-09-11T17:28:03.417505484-07:00","Action":"pass","Package":"github.com/JDinSeattle/forge-runtime/tests/review","Test":"TestReviewTelemetryRetainedGraphRejectsBrokenBindings/missing_RPC_parent","Elapsed":0.02}
{"Time":"2026-09-11T17:28:03.417509537-07:00","Action":"run","Package":"github.com/JDinSeattle/forge-runtime/tests/review","Test":"TestReviewTelemetryRetainedGraphRejectsBrokenBindings/wrong_run"}
{"Time":"2026-09-11T17:28:03.417511049-07:00","Action":"output","Package":"github.com/JDinSeattle/forge-runtime/tests/review","Test":"TestReviewTelemetryRetainedGraphRejectsBrokenBindings/wrong_run","Output":"=== RUN   TestReviewTelemetryRetainedGraphRejectsBrokenBindings/wrong_run\n"}
{"Time":"2026-09-11T17:28:03.427670675-07:00","Action":"output","Package":"github.com/JDinSeattle/forge-runtime/internal/application","Test":"TestNativeProviderHandoffDurableRepair/anthropic","Output":"--- PASS: TestNativeProviderHandoffDurableRepair/anthropic (3.22s)\n"}
{"Time":"2026-09-11T17:28:03.427683599-07:00","Action":"pass","Package":"github.com/JDinSeattle/forge-runtime/internal/application","Test":"TestNativeProviderHandoffDurableRepair/anthropic","Elapsed":3.22}
{"Time":"2026-09-11T17:28:03.427701036-07:00","Action":"output","Package":"github.com/JDinSeattle/forge-runtime/internal/application","Test":"TestNativeProviderHandoffDurableRepair","Output":"--- PASS: TestNativeProviderHandoffDurableRepair (6.32s)\n"}
{"Time":"2026-09-11T17:28:03.427708229-07:00","Action":"pass","Package":"github.com/JDinSeattle/forge-runtime/internal/application","Test":"TestNativeProviderHandoffDurableRepair","Elapsed":6.32}
{"Time":"2026-09-11T17:28:03.427721558-07:00","Action":"run","Package":"github.com/JDinSeattle/forge-runtime/internal/application","Test":"TestFallbackFailureAllowlist"}
{"Time":"2026-09-11T17:28:03.427727087-07:00","Action":"output","Package":"github.com/JDinSeattle/forge-runtime/internal/application","Test":"TestFallbackFailureAllowlist","Output":"=== RUN   TestFallbackFailureAllowlist\n"}
{"Time":"2026-09-11T17:28:03.427750918-07:00","Action":"output","Package":"github.com/JDinSeattle/forge-runtime/internal/application","Test":"TestFallbackFailureAllowlist","Output":"--- PASS: TestFallbackFailureAllowlist (0.00s)\n"}
{"Time":"2026-09-11T17:28:03.427754484-07:00","Action":"pass","Package":"github.com/JDinSeattle/forge-runtime/internal/application","Test":"TestFallbackFailureAllowlist","Elapsed":0}
{"Time":"2026-09-11T17:28:03.427762169-07:00","Action":"run","Package":"github.com/JDinSeattle/forge-runtime/internal/application","Test":"TestFallbackCompatibilityBudgetAndRetryBounds"}
{"Time":"2026-09-11T17:28:03.427763838-07:00","Action":"output","Package":"github.com/JDinSeattle/forge-runtime/internal/application","Test":"TestFallbackCompatibilityBudgetAndRetryBounds","Output":"=== RUN   TestFallbackCompatibilityBudgetAndRetryBounds\n"}
{"Time":"2026-09-11T17:28:03.427776084-07:00","Action":"run","Package":"github.com/JDinSeattle/forge-runtime/internal/application","Test":"TestFallbackCompatibilityBudgetAndRetryBounds/compatible_fallback_fails"}
{"Time":"2026-09-11T17:28:03.427777974-07:00","Action":"output","Package":"github.com/JDinSeattle/forge-runtime/internal/application","Test":"TestFallbackCompatibilityBudgetAndRetryBounds/compatible_fallback_fails","Output":"=== RUN   TestFallbackCompatibilityBudgetAndRetryBounds/compatible_fallback_fails\n"}
{"Time":"2026-09-11T17:28:03.433639361-07:00","Action":"output","Package":"github.com/JDinSeattle/forge-runtime/tests/review","Test":"TestReviewTelemetryRetainedGraphRejectsBrokenBindings/wrong_run","Output":"--- PASS: TestReviewTelemetryRetainedGraphRejectsBrokenBindings/wrong_run (0.02s)\n"}
{"Time":"2026-09-11T17:28:03.433650923-07:00","Action":"pass","Package":"github.com/JDinSeattle/forge-runtime/tests/review","Test":"TestReviewTelemetryRetainedGraphRejectsBrokenBindings/wrong_run","Elapsed":0.02}
{"Time":"2026-09-11T17:28:03.433666674-07:00","Action":"run","Package":"github.com/JDinSeattle/forge-runtime/tests/review","Test":"TestReviewTelemetryRetainedGraphRejectsBrokenBindings/wrong_attempt"}
{"Time":"2026-09-11T17:28:03.433668077-07:00","Action":"output","Package":"github.com/JDinSeattle/forge-runtime/tests/review","Test":"TestReviewTelemetryRetainedGraphRejectsBrokenBindings/wrong_attempt","Output":"=== RUN   TestReviewTelemetryRetainedGraphRejectsBrokenBindings/wrong_attempt\n"}
{"Time":"2026-09-11T17:28:03.449934687-07:00","Action":"output","Package":"github.com/JDinSeattle/forge-runtime/tests/review","Test":"TestReviewTelemetryRetainedGraphRejectsBrokenBindings/wrong_attempt","Output":"--- PASS: TestReviewTelemetryRetainedGraphRejectsBrokenBindings/wrong_attempt (0.02s)\n"}
{"Time":"2026-09-11T17:28:03.449951859-07:00","Action":"pass","Package":"github.com/JDinSeattle/forge-runtime/tests/review","Test":"TestReviewTelemetryRetainedGraphRejectsBrokenBindings/wrong_attempt","Elapsed":0.02}
{"Time":"2026-09-11T17:28:03.449958531-07:00","Action":"run","Package":"github.com/JDinSeattle/forge-runtime/tests/review","Test":"TestReviewTelemetryRetainedGraphRejectsBrokenBindings/dangling_link"}
{"Time":"2026-09-11T17:28:03.449962242-07:00","Action":"output","Package":"github.com/JDinSeattle/forge-runtime/tests/review","Test":"TestReviewTelemetryRetainedGraphRejectsBrokenBindings/dangling_link","Output":"=== RUN   TestReviewTelemetryRetainedGraphRejectsBrokenBindings/dangling_link\n"}
{"Time":"2026-09-11T17:28:03.466459979-07:00","Action":"output","Package":"github.com/JDinSeattle/forge-runtime/tests/review","Test":"TestReviewTelemetryRetainedGraphRejectsBrokenBindings/dangling_link","Output":"--- PASS: TestReviewTelemetryRetainedGraphRejectsBrokenBindings/dangling_link (0.02s)\n"}
{"Time":"2026-09-11T17:28:03.466479368-07:00","Action":"pass","Package":"github.com/JDinSeattle/forge-runtime/tests/review","Test":"TestReviewTelemetryRetainedGraphRejectsBrokenBindings/dangling_link","Elapsed":0.02}
{"Time":"2026-09-11T17:28:03.466487215-07:00","Action":"run","Package":"github.com/JDinSeattle/forge-runtime/tests/review","Test":"TestReviewTelemetryRetainedGraphRejectsBrokenBindings/removed_retry_link"}
{"Time":"2026-09-11T17:28:03.466489023-07:00","Action":"output","Package":"github.com/JDinSeattle/forge-runtime/tests/review","Test":"TestReviewTelemetryRetainedGraphRejectsBrokenBindings/removed_retry_link","Output":"=== RUN   TestReviewTelemetryRetainedGraphRejectsBrokenBindings/removed_retry_link\n"}
{"Time":"2026-09-11T17:28:03.483393456-07:00","Action":"output","Package":"github.com/JDinSeattle/forge-runtime/tests/review","Test":"TestReviewTelemetryRetainedGraphRejectsBrokenBindings/removed_retry_link","Output":"--- PASS: TestReviewTelemetryRetainedGraphRejectsBrokenBindings/removed_retry_link (0.02s)\n"}
{"Time":"2026-09-11T17:28:03.483416189-07:00","Action":"pass","Package":"github.com/JDinSeattle/forge-runtime/tests/review","Test":"TestReviewTelemetryRetainedGraphRejectsBrokenBindings/removed_retry_link","Elapsed":0.02}
{"Time":"2026-09-11T17:28:03.483421105-07:00","Action":"run","Package":"github.com/JDinSeattle/forge-runtime/tests/review","Test":"TestReviewTelemetryRetainedGraphRejectsBrokenBindings/duplicate_span"}
{"Time":"2026-09-11T17:28:03.483422659-07:00","Action":"output","Package":"github.com/JDinSeattle/forge-runtime/tests/review","Test":"TestReviewTelemetryRetainedGraphRejectsBrokenBindings/duplicate_span","Output":"=== RUN   TestReviewTelemetryRetainedGraphRejectsBrokenBindings/duplicate_span\n"}
{"Time":"2026-09-11T17:28:03.489755173-07:00","Action":"output","Package":"github.com/JDinSeattle/forge-runtime/tests/review","Test":"TestReviewTelemetryRetainedGraphRejectsBrokenBindings/duplicate_span","Output":"--- PASS: TestReviewTelemetryRetainedGraphRejectsBrokenBindings/duplicate_span (0.01s)\n"}
{"Time":"2026-09-11T17:28:03.489767131-07:00","Action":"pass","Package":"github.com/JDinSeattle/forge-runtime/tests/review","Test":"TestReviewTelemetryRetainedGraphRejectsBrokenBindings/duplicate_span","Elapsed":0.01}
{"Time":"2026-09-11T17:28:03.489780989-07:00","Action":"run","Package":"github.com/JDinSeattle/forge-runtime/tests/review","Test":"TestReviewTelemetryRetainedGraphRejectsBrokenBindings/wrong_SQLite_identity"}
{"Time":"2026-09-11T17:28:03.489783372-07:00","Action":"output","Package":"github.com/JDinSeattle/forge-runtime/tests/review","Test":"TestReviewTelemetryRetainedGraphRejectsBrokenBindings/wrong_SQLite_identity","Output":"=== RUN   TestReviewTelemetryRetainedGraphRejectsBrokenBindings/wrong_SQLite_identity\n"}
{"Time":"2026-09-11T17:28:03.489862462-07:00","Action":"output","Package":"github.com/JDinSeattle/forge-runtime/tests/review","Test":"TestReviewTelemetryRetainedGraphRejectsBrokenBindings/wrong_SQLite_identity","Output":"--- PASS: TestReviewTelemetryRetainedGraphRejectsBrokenBindings/wrong_SQLite_identity (0.00s)\n"}
{"Time":"2026-09-11T17:28:03.489870417-07:00","Action":"pass","Package":"github.com/JDinSeattle/forge-runtime/tests/review","Test":"TestReviewTelemetryRetainedGraphRejectsBrokenBindings/wrong_SQLite_identity","Elapsed":0}
{"Time":"2026-09-11T17:28:03.489876813-07:00","Action":"run","Package":"github.com/JDinSeattle/forge-runtime/tests/review","Test":"TestReviewTelemetryRetainedGraphRejectsBrokenBindings/wrong_PG_attempt_context"}
{"Time":"2026-09-11T17:28:03.489880367-07:00","Action":"output","Package":"github.com/JDinSeattle/forge-runtime/tests/review","Test":"TestReviewTelemetryRetainedGraphRejectsBrokenBindings/wrong_PG_attempt_context","Output":"=== RUN   TestReviewTelemetryRetainedGraphRejectsBrokenBindings/wrong_PG_attempt_context\n"}
{"Time":"2026-09-11T17:28:03.489899779-07:00","Action":"output","Package":"github.com/JDinSeattle/forge-runtime/tests/review","Test":"TestReviewTelemetryRetainedGraphRejectsBrokenBindings/wrong_PG_attempt_context","Output":"--- PASS: TestReviewTelemetryRetainedGraphRejectsBrokenBindings/wrong_PG_attempt_context (0.00s)\n"}
{"Time":"2026-09-11T17:28:03.489906949-07:00","Action":"pass","Package":"github.com/JDinSeattle/forge-runtime/tests/review","Test":"TestReviewTelemetryRetainedGraphRejectsBrokenBindings/wrong_PG_attempt_context","Elapsed":0}
{"Time":"2026-09-11T17:28:03.489915723-07:00","Action":"output","Package":"github.com/JDinSeattle/forge-runtime/tests/review","Test":"TestReviewTelemetryRetainedGraphRejectsBrokenBindings","Output":"--- PASS: TestReviewTelemetryRetainedGraphRejectsBrokenBindings (0.10s)\n"}
{"Time":"2026-09-11T17:28:03.489924215-07:00","Action":"pass","Package":"github.com/JDinSeattle/forge-runtime/tests/review","Test":"TestReviewTelemetryRetainedGraphRejectsBrokenBindings","Elapsed":0.1}
{"Time":"2026-09-11T17:28:03.489934619-07:00","Action":"run","Package":"github.com/JDinSeattle/forge-runtime/tests/review","Test":"TestRecoveryPostgresAdditiveUpgrade"}
{"Time":"2026-09-11T17:28:03.489936599-07:00","Action":"output","Package":"github.com/JDinSeattle/forge-runtime/tests/review","Test":"TestRecoveryPostgresAdditiveUpgrade","Output":"=== RUN   TestRecoveryPostgresAdditiveUpgrade\n"}
{"Time":"2026-09-11T17:28:03.806100493-07:00","Action":"output","Package":"github.com/JDinSeattle/forge-runtime/tests/review","Test":"TestRecoveryPostgresAdditiveUpgrade","Output":"    upgrade_test.go:154: private PostgreSQL schema upgraded 6 -\u003e 12 twice; original run columns, unknown effect, artifact metadata and snapshot bytes unchanged; new priority defaults to zero and holds are NULL\n"}
{"Time":"2026-09-11T17:28:03.844622385-07:00","Action":"output","Package":"github.com/JDinSeattle/forge-runtime/tests/review","Test":"TestRecoveryPostgresAdditiveUpgrade","Output":"--- PASS: TestRecoveryPostgresAdditiveUpgrade (0.35s)\n"}
{"Time":"2026-09-11T17:28:03.844660658-07:00","Action":"pass","Package":"github.com/JDinSeattle/forge-runtime/tests/review","Test":"TestRecoveryPostgresAdditiveUpgrade","Elapsed":0.35}
{"Time":"2026-09-11T17:28:03.844668697-07:00","Action":"run","Package":"github.com/JDinSeattle/forge-runtime/tests/review","Test":"TestRecoverySQLiteV3AdditiveUpgrade"}
{"Time":"2026-09-11T17:28:03.844672201-07:00","Action":"output","Package":"github.com/JDinSeattle/forge-runtime/tests/review","Test":"TestRecoverySQLiteV3AdditiveUpgrade","Output":"=== RUN   TestRecoverySQLiteV3AdditiveUpgrade\n"}
{"Time":"2026-09-11T17:28:04.594741648-07:00","Action":"output","Package":"github.com/JDinSeattle/forge-runtime/tests/review","Test":"TestRecoverySQLiteV3AdditiveUpgrade","Output":"    upgrade_test.go:315: real SQLite 3 -\u003e 4 migration preserved two immutable operations/receipt; missing legacy dispatch evidence stays unknown; zero new backend launches\n"}
{"Time":"2026-09-11T17:28:04.60525441-07:00","Action":"output","Package":"github.com/JDinSeattle/forge-runtime/tests/review","Test":"TestRecoverySQLiteV3AdditiveUpgrade","Output":"--- PASS: TestRecoverySQLiteV3AdditiveUpgrade (0.76s)\n"}
{"Time":"2026-09-11T17:28:04.605312454-07:00","Action":"pass","Package":"github.com/JDinSeattle/forge-runtime/tests/review","Test":"TestRecoverySQLiteV3AdditiveUpgrade","Elapsed":0.76}
{"Time":"2026-09-11T17:28:04.605327144-07:00","Action":"output","Package":"github.com/JDinSeattle/forge-runtime/tests/review","Output":"PASS\n"}
{"Time":"2026-09-11T17:28:05.627225753-07:00","Action":"output","Package":"github.com/JDinSeattle/forge-runtime/tests/review","Output":"ok  \tgithub.com/JDinSeattle/forge-runtime/tests/review\t41.121s\n"}
{"Time":"2026-09-11T17:28:05.627255143-07:00","Action":"pass","Package":"github.com/JDinSeattle/forge-runtime/tests/review","Elapsed":41.121}
{"Time":"2026-09-11T17:28:06.13847944-07:00","Action":"output","Package":"github.com/JDinSeattle/forge-runtime/internal/application","Test":"TestFallbackCompatibilityBudgetAndRetryBounds/compatible_fallback_fails","Output":"time=2026-09-11T17:28:06.138-07:00 level=WARN msg=\"step failed\" run_id=run_5BERNVL2KZVCCCAXHXYCUF2C75 stage=model_step error=\"provider unavailable: \"\n"}
{"Time":"2026-09-11T17:28:06.338838835-07:00","Action":"output","Package":"github.com/JDinSeattle/forge-runtime/internal/application","Test":"TestFallbackCompatibilityBudgetAndRetryBounds/compatible_fallback_fails","Output":"--- PASS: TestFallbackCompatibilityBudgetAndRetryBounds/compatible_fallback_fails (2.91s)\n"}
{"Time":"2026-09-11T17:28:06.338869571-07:00","Action":"pass","Package":"github.com/JDinSeattle/forge-runtime/internal/application","Test":"TestFallbackCompatibilityBudgetAndRetryBounds/compatible_fallback_fails","Elapsed":2.91}
{"Time":"2026-09-11T17:28:06.338877679-07:00","Action":"run","Package":"github.com/JDinSeattle/forge-runtime/internal/application","Test":"TestFallbackCompatibilityBudgetAndRetryBounds/unsupported_tools"}
{"Time":"2026-09-11T17:28:06.338879225-07:00","Action":"output","Package":"github.com/JDinSeattle/forge-runtime/internal/application","Test":"TestFallbackCompatibilityBudgetAndRetryBounds/unsupported_tools","Output":"=== RUN   TestFallbackCompatibilityBudgetAndRetryBounds/unsupported_tools\n"}
{"Time":"2026-09-11T17:28:09.226461584-07:00","Action":"output","Package":"github.com/JDinSeattle/forge-runtime/internal/application","Test":"TestFallbackCompatibilityBudgetAndRetryBounds/unsupported_tools","Output":"time=2026-09-11T17:28:09.226-07:00 level=WARN msg=\"step failed\" run_id=run_D4SNJEXR5RTLGBBV65G3VBGN3R stage=model_step error=\"provider unavailable: \"\n"}
{"Time":"2026-09-11T17:28:09.413775629-07:00","Action":"output","Package":"github.com/JDinSeattle/forge-runtime/internal/application","Test":"TestFallbackCompatibilityBudgetAndRetryBounds/unsupported_tools","Output":"--- PASS: TestFallbackCompatibilityBudgetAndRetryBounds/unsupported_tools (3.07s)\n"}
{"Time":"2026-09-11T17:28:09.413840504-07:00","Action":"pass","Package":"github.com/JDinSeattle/forge-runtime/internal/application","Test":"TestFallbackCompatibilityBudgetAndRetryBounds/unsupported_tools","Elapsed":3.07}
{"Time":"2026-09-11T17:28:09.413863314-07:00","Action":"run","Package":"github.com/JDinSeattle/forge-runtime/internal/application","Test":"TestFallbackCompatibilityBudgetAndRetryBounds/context_too_small"}
{"Time":"2026-09-11T17:28:09.413869772-07:00","Action":"output","Package":"github.com/JDinSeattle/forge-runtime/internal/application","Test":"TestFallbackCompatibilityBudgetAndRetryBounds/context_too_small","Output":"=== RUN   TestFallbackCompatibilityBudgetAndRetryBounds/context_too_small\n"}
{"Time":"2026-09-11T17:28:11.842692701-07:00","Action":"output","Package":"github.com/JDinSeattle/forge-runtime/internal/application","Test":"TestFallbackCompatibilityBudgetAndRetryBounds/context_too_small","Output":"time=2026-09-11T17:28:11.842-07:00 level=WARN msg=\"step failed\" run_id=run_KLMAK4YPJZN43WOXXKSSV5EO5U stage=model_step error=\"provider unavailable: \"\n"}
{"Time":"2026-09-11T17:28:12.005750732-07:00","Action":"output","Package":"github.com/JDinSeattle/forge-runtime/internal/application","Test":"TestFallbackCompatibilityBudgetAndRetryBounds/context_too_small","Output":"--- PASS: TestFallbackCompatibilityBudgetAndRetryBounds/context_too_small (2.59s)\n"}
{"Time":"2026-09-11T17:28:12.005774375-07:00","Action":"pass","Package":"github.com/JDinSeattle/forge-runtime/internal/application","Test":"TestFallbackCompatibilityBudgetAndRetryBounds/context_too_small","Elapsed":2.59}
{"Time":"2026-09-11T17:28:12.005779006-07:00","Action":"run","Package":"github.com/JDinSeattle/forge-runtime/internal/application","Test":"TestFallbackCompatibilityBudgetAndRetryBounds/missing_model"}
{"Time":"2026-09-11T17:28:12.005780514-07:00","Action":"output","Package":"github.com/JDinSeattle/forge-runtime/internal/application","Test":"TestFallbackCompatibilityBudgetAndRetryBounds/missing_model","Output":"=== RUN   TestFallbackCompatibilityBudgetAndRetryBounds/missing_model\n"}
{"Time":"2026-09-11T17:28:14.563395435-07:00","Action":"output","Package":"github.com/JDinSeattle/forge-runtime/internal/application","Test":"TestFallbackCompatibilityBudgetAndRetryBounds/missing_model","Output":"time=2026-09-11T17:28:14.563-07:00 level=WARN msg=\"step failed\" run_id=run_5WAOPPIU52MFRBLQDSKIRUT2UT stage=model_step error=\"provider unavailable: \"\n"}
{"Time":"2026-09-11T17:28:14.677581-07:00","Action":"output","Package":"github.com/JDinSeattle/forge-runtime/internal/application","Test":"TestFallbackCompatibilityBudgetAndRetryBounds/missing_model","Output":"--- PASS: TestFallbackCompatibilityBudgetAndRetryBounds/missing_model (2.67s)\n"}
{"Time":"2026-09-11T17:28:14.677613211-07:00","Action":"pass","Package":"github.com/JDinSeattle/forge-runtime/internal/application","Test":"TestFallbackCompatibilityBudgetAndRetryBounds/missing_model","Elapsed":2.67}
{"Time":"2026-09-11T17:28:14.677622704-07:00","Action":"run","Package":"github.com/JDinSeattle/forge-runtime/internal/application","Test":"TestFallbackCompatibilityBudgetAndRetryBounds/unknown_cost_exhausts_budget"}
{"Time":"2026-09-11T17:28:14.677625879-07:00","Action":"output","Package":"github.com/JDinSeattle/forge-runtime/internal/application","Test":"TestFallbackCompatibilityBudgetAndRetryBounds/unknown_cost_exhausts_budget","Output":"=== RUN   TestFallbackCompatibilityBudgetAndRetryBounds/unknown_cost_exhausts_budget\n"}
{"Time":"2026-09-11T17:28:16.001759186-07:00","Action":"output","Package":"github.com/JDinSeattle/forge-runtime/internal/application","Test":"TestFallbackCompatibilityBudgetAndRetryBounds/unknown_cost_exhausts_budget","Output":"--- PASS: TestFallbackCompatibilityBudgetAndRetryBounds/unknown_cost_exhausts_budget (1.32s)\n"}
{"Time":"2026-09-11T17:28:16.001798571-07:00","Action":"pass","Package":"github.com/JDinSeattle/forge-runtime/internal/application","Test":"TestFallbackCompatibilityBudgetAndRetryBounds/unknown_cost_exhausts_budget","Elapsed":1.32}
{"Time":"2026-09-11T17:28:16.001807928-07:00","Action":"output","Package":"github.com/JDinSeattle/forge-runtime/internal/application","Test":"TestFallbackCompatibilityBudgetAndRetryBounds","Output":"--- PASS: TestFallbackCompatibilityBudgetAndRetryBounds (12.57s)\n"}
{"Time":"2026-09-11T17:28:16.001816864-07:00","Action":"pass","Package":"github.com/JDinSeattle/forge-runtime/internal/application","Test":"TestFallbackCompatibilityBudgetAndRetryBounds","Elapsed":12.57}
{"Time":"2026-09-11T17:28:16.001841984-07:00","Action":"run","Package":"github.com/JDinSeattle/forge-runtime/internal/application","Test":"TestFallbackRejectsStaleLeaseAndUnclosedEffects"}
{"Time":"2026-09-11T17:28:16.001846071-07:00","Action":"output","Package":"github.com/JDinSeattle/forge-runtime/internal/application","Test":"TestFallbackRejectsStaleLeaseAndUnclosedEffects","Output":"=== RUN   TestFallbackRejectsStaleLeaseAndUnclosedEffects\n"}
{"Time":"2026-09-11T17:28:16.884879444-07:00","Action":"output","Package":"github.com/JDinSeattle/forge-runtime/internal/application","Test":"TestFallbackRejectsStaleLeaseAndUnclosedEffects","Output":"--- PASS: TestFallbackRejectsStaleLeaseAndUnclosedEffects (0.88s)\n"}
{"Time":"2026-09-11T17:28:16.884912377-07:00","Action":"pass","Package":"github.com/JDinSeattle/forge-runtime/internal/application","Test":"TestFallbackRejectsStaleLeaseAndUnclosedEffects","Elapsed":0.88}
{"Time":"2026-09-11T17:28:16.884916538-07:00","Action":"run","Package":"github.com/JDinSeattle/forge-runtime/internal/application","Test":"TestFallbackLegacySnapshotCannotDispatchOrReplayPrepared"}
{"Time":"2026-09-11T17:28:16.88491843-07:00","Action":"output","Package":"github.com/JDinSeattle/forge-runtime/internal/application","Test":"TestFallbackLegacySnapshotCannotDispatchOrReplayPrepared","Output":"=== RUN   TestFallbackLegacySnapshotCannotDispatchOrReplayPrepared\n"}
{"Time":"2026-09-11T17:28:17.590159884-07:00","Action":"output","Package":"github.com/JDinSeattle/forge-runtime/internal/application","Test":"TestFallbackLegacySnapshotCannotDispatchOrReplayPrepared","Output":"--- PASS: TestFallbackLegacySnapshotCannotDispatchOrReplayPrepared (0.71s)\n"}
{"Time":"2026-09-11T17:28:17.590197339-07:00","Action":"pass","Package":"github.com/JDinSeattle/forge-runtime/internal/application","Test":"TestFallbackLegacySnapshotCannotDispatchOrReplayPrepared","Elapsed":0.71}
{"Time":"2026-09-11T17:28:17.590205225-07:00","Action":"run","Package":"github.com/JDinSeattle/forge-runtime/internal/application","Test":"TestPortableHandoffClosedHistory"}
{"Time":"2026-09-11T17:28:17.590215044-07:00","Action":"output","Package":"github.com/JDinSeattle/forge-runtime/internal/application","Test":"TestPortableHandoffClosedHistory","Output":"=== RUN   TestPortableHandoffClosedHistory\n"}
{"Time":"2026-09-11T17:28:17.590739716-07:00","Action":"output","Package":"github.com/JDinSeattle/forge-runtime/internal/application","Test":"TestPortableHandoffClosedHistory","Output":"--- PASS: TestPortableHandoffClosedHistory (0.00s)\n"}
{"Time":"2026-09-11T17:28:17.590748002-07:00","Action":"pass","Package":"github.com/JDinSeattle/forge-runtime/internal/application","Test":"TestPortableHandoffClosedHistory","Elapsed":0}
{"Time":"2026-09-11T17:28:17.590761523-07:00","Action":"run","Package":"github.com/JDinSeattle/forge-runtime/internal/application","Test":"TestPortableHandoffRejectsOpenOrAmbiguousTools"}
{"Time":"2026-09-11T17:28:17.590765032-07:00","Action":"output","Package":"github.com/JDinSeattle/forge-runtime/internal/application","Test":"TestPortableHandoffRejectsOpenOrAmbiguousTools","Output":"=== RUN   TestPortableHandoffRejectsOpenOrAmbiguousTools\n"}
{"Time":"2026-09-11T17:28:17.590797498-07:00","Action":"run","Package":"github.com/JDinSeattle/forge-runtime/internal/application","Test":"TestPortableHandoffRejectsOpenOrAmbiguousTools/missing_result"}
{"Time":"2026-09-11T17:28:17.590801436-07:00","Action":"output","Package":"github.com/JDinSeattle/forge-runtime/internal/application","Test":"TestPortableHandoffRejectsOpenOrAmbiguousTools/missing_result","Output":"=== RUN   TestPortableHandoffRejectsOpenOrAmbiguousTools/missing_result\n"}
{"Time":"2026-09-11T17:28:17.590852483-07:00","Action":"output","Package":"github.com/JDinSeattle/forge-runtime/internal/application","Test":"TestPortableHandoffRejectsOpenOrAmbiguousTools/missing_result","Output":"--- PASS: TestPortableHandoffRejectsOpenOrAmbiguousTools/missing_result (0.00s)\n"}
{"Time":"2026-09-11T17:28:17.590861328-07:00","Action":"pass","Package":"github.com/JDinSeattle/forge-runtime/internal/application","Test":"TestPortableHandoffRejectsOpenOrAmbiguousTools/missing_result","Elapsed":0}
{"Time":"2026-09-11T17:28:17.590876118-07:00","Action":"run","Package":"github.com/JDinSeattle/forge-runtime/internal/application","Test":"TestPortableHandoffRejectsOpenOrAmbiguousTools/orphan_result"}
{"Time":"2026-09-11T17:28:17.590881345-07:00","Action":"output","Package":"github.com/JDinSeattle/forge-runtime/internal/application","Test":"TestPortableHandoffRejectsOpenOrAmbiguousTools/orphan_result","Output":"=== RUN   TestPortableHandoffRejectsOpenOrAmbiguousTools/orphan_result\n"}
{"Time":"2026-09-11T17:28:17.590913982-07:00","Action":"output","Package":"github.com/JDinSeattle/forge-runtime/internal/application","Test":"TestPortableHandoffRejectsOpenOrAmbiguousTools/orphan_result","Output":"--- PASS: TestPortableHandoffRejectsOpenOrAmbiguousTools/orphan_result (0.00s)\n"}
{"Time":"2026-09-11T17:28:17.590926453-07:00","Action":"pass","Package":"github.com/JDinSeattle/forge-runtime/internal/application","Test":"TestPortableHandoffRejectsOpenOrAmbiguousTools/orphan_result","Elapsed":0}
{"Time":"2026-09-11T17:28:17.5909376-07:00","Action":"run","Package":"github.com/JDinSeattle/forge-runtime/internal/application","Test":"TestPortableHandoffRejectsOpenOrAmbiguousTools/duplicate_result"}
{"Time":"2026-09-11T17:28:17.590941023-07:00","Action":"output","Package":"github.com/JDinSeattle/forge-runtime/internal/application","Test":"TestPortableHandoffRejectsOpenOrAmbiguousTools/duplicate_result","Output":"=== RUN   TestPortableHandoffRejectsOpenOrAmbiguousTools/duplicate_result\n"}
{"Time":"2026-09-11T17:28:17.590971334-07:00","Action":"output","Package":"github.com/JDinSeattle/forge-runtime/internal/application","Test":"TestPortableHandoffRejectsOpenOrAmbiguousTools/duplicate_result","Output":"--- PASS: TestPortableHandoffRejectsOpenOrAmbiguousTools/duplicate_result (0.00s)\n"}
{"Time":"2026-09-11T17:28:17.590983579-07:00","Action":"pass","Package":"github.com/JDinSeattle/forge-runtime/internal/application","Test":"TestPortableHandoffRejectsOpenOrAmbiguousTools/duplicate_result","Elapsed":0}
{"Time":"2026-09-11T17:28:17.590992249-07:00","Action":"run","Package":"github.com/JDinSeattle/forge-runtime/internal/application","Test":"TestPortableHandoffRejectsOpenOrAmbiguousTools/message_before_close"}
{"Time":"2026-09-11T17:28:17.590995347-07:00","Action":"output","Package":"github.com/JDinSeattle/forge-runtime/internal/application","Test":"TestPortableHandoffRejectsOpenOrAmbiguousTools/message_before_close","Output":"=== RUN   TestPortableHandoffRejectsOpenOrAmbiguousTools/message_before_close\n"}
{"Time":"2026-09-11T17:28:17.591033032-07:00","Action":"output","Package":"github.com/JDinSeattle/forge-runtime/internal/application","Test":"TestPortableHandoffRejectsOpenOrAmbiguousTools/message_before_close","Output":"--- PASS: TestPortableHandoffRejectsOpenOrAmbiguousTools/message_before_close (0.00s)\n"}
{"Time":"2026-09-11T17:28:17.591040541-07:00","Action":"pass","Package":"github.com/JDinSeattle/forge-runtime/internal/application","Test":"TestPortableHandoffRejectsOpenOrAmbiguousTools/message_before_close","Elapsed":0}
{"Time":"2026-09-11T17:28:17.591056885-07:00","Action":"run","Package":"github.com/JDinSeattle/forge-runtime/internal/application","Test":"TestPortableHandoffRejectsOpenOrAmbiguousTools/next_batch_before_close"}
{"Time":"2026-09-11T17:28:17.591062987-07:00","Action":"output","Package":"github.com/JDinSeattle/forge-runtime/internal/application","Test":"TestPortableHandoffRejectsOpenOrAmbiguousTools/next_batch_before_close","Output":"=== RUN   TestPortableHandoffRejectsOpenOrAmbiguousTools/next_batch_before_close\n"}
{"Time":"2026-09-11T17:28:17.591090009-07:00","Action":"output","Package":"github.com/JDinSeattle/forge-runtime/internal/application","Test":"TestPortableHandoffRejectsOpenOrAmbiguousTools/next_batch_before_close","Output":"--- PASS: TestPortableHandoffRejectsOpenOrAmbiguousTools/next_batch_before_close (0.00s)\n"}
{"Time":"2026-09-11T17:28:17.59109627-07:00","Action":"pass","Package":"github.com/JDinSeattle/forge-runtime/internal/application","Test":"TestPortableHandoffRejectsOpenOrAmbiguousTools/next_batch_before_close","Elapsed":0}
{"Time":"2026-09-11T17:28:17.59111699-07:00","Action":"run","Package":"github.com/JDinSeattle/forge-runtime/internal/application","Test":"TestPortableHandoffRejectsOpenOrAmbiguousTools/duplicate_call"}
{"Time":"2026-09-11T17:28:17.591124142-07:00","Action":"output","Package":"github.com/JDinSeattle/forge-runtime/internal/application","Test":"TestPortableHandoffRejectsOpenOrAmbiguousTools/duplicate_call","Output":"=== RUN   TestPortableHandoffRejectsOpenOrAmbiguousTools/duplicate_call\n"}
{"Time":"2026-09-11T17:28:17.591149938-07:00","Action":"output","Package":"github.com/JDinSeattle/forge-runtime/internal/application","Test":"TestPortableHandoffRejectsOpenOrAmbiguousTools/duplicate_call","Output":"--- PASS: TestPortableHandoffRejectsOpenOrAmbiguousTools/duplicate_call (0.00s)\n"}
{"Time":"2026-09-11T17:28:17.59115835-07:00","Action":"pass","Package":"github.com/JDinSeattle/forge-runtime/internal/application","Test":"TestPortableHandoffRejectsOpenOrAmbiguousTools/duplicate_call","Elapsed":0}
{"Time":"2026-09-11T17:28:17.59117011-07:00","Action":"run","Package":"github.com/JDinSeattle/forge-runtime/internal/application","Test":"TestPortableHandoffRejectsOpenOrAmbiguousTools/empty"}
{"Time":"2026-09-11T17:28:17.591174877-07:00","Action":"output","Package":"github.com/JDinSeattle/forge-runtime/internal/application","Test":"TestPortableHandoffRejectsOpenOrAmbiguousTools/empty","Output":"=== RUN   TestPortableHandoffRejectsOpenOrAmbiguousTools/empty\n"}
{"Time":"2026-09-11T17:28:17.591207112-07:00","Action":"output","Package":"github.com/JDinSeattle/forge-runtime/internal/application","Test":"TestPortableHandoffRejectsOpenOrAmbiguousTools/empty","Output":"--- PASS: TestPortableHandoffRejectsOpenOrAmbiguousTools/empty (0.00s)\n"}
{"Time":"2026-09-11T17:28:17.591213033-07:00","Action":"pass","Package":"github.com/JDinSeattle/forge-runtime/internal/application","Test":"TestPortableHandoffRejectsOpenOrAmbiguousTools/empty","Elapsed":0}
{"Time":"2026-09-11T17:28:17.591232847-07:00","Action":"output","Package":"github.com/JDinSeattle/forge-runtime/internal/application","Test":"TestPortableHandoffRejectsOpenOrAmbiguousTools","Output":"--- PASS: TestPortableHandoffRejectsOpenOrAmbiguousTools (0.00s)\n"}
{"Time":"2026-09-11T17:28:17.591238821-07:00","Action":"pass","Package":"github.com/JDinSeattle/forge-runtime/internal/application","Test":"TestPortableHandoffRejectsOpenOrAmbiguousTools","Elapsed":0}
{"Time":"2026-09-11T17:28:17.591253838-07:00","Action":"run","Package":"github.com/JDinSeattle/forge-runtime/internal/application","Test":"TestUnifiedPatchActuallyAppliesWithGit"}
{"Time":"2026-09-11T17:28:17.591258187-07:00","Action":"output","Package":"github.com/JDinSeattle/forge-runtime/internal/application","Test":"TestUnifiedPatchActuallyAppliesWithGit","Output":"=== RUN   TestUnifiedPatchActuallyAppliesWithGit\n"}
{"Time":"2026-09-11T17:28:17.598567036-07:00","Action":"output","Package":"github.com/JDinSeattle/forge-runtime/internal/application","Test":"TestUnifiedPatchActuallyAppliesWithGit","Output":"--- PASS: TestUnifiedPatchActuallyAppliesWithGit (0.01s)\n"}
{"Time":"2026-09-11T17:28:17.598598014-07:00","Action":"pass","Package":"github.com/JDinSeattle/forge-runtime/internal/application","Test":"TestUnifiedPatchActuallyAppliesWithGit","Elapsed":0.01}
{"Time":"2026-09-11T17:28:17.598606756-07:00","Action":"run","Package":"github.com/JDinSeattle/forge-runtime/internal/application","Test":"TestAttemptPricingSurvivesCrashAndConfigChange"}
{"Time":"2026-09-11T17:28:17.59860996-07:00","Action":"output","Package":"github.com/JDinSeattle/forge-runtime/internal/application","Test":"TestAttemptPricingSurvivesCrashAndConfigChange","Output":"=== RUN   TestAttemptPricingSurvivesCrashAndConfigChange\n"}
{"Time":"2026-09-11T17:28:17.598613483-07:00","Action":"run","Package":"github.com/JDinSeattle/forge-runtime/internal/application","Test":"TestAttemptPricingSurvivesCrashAndConfigChange/after_model_pricing_before_reservation"}
{"Time":"2026-09-11T17:28:17.59861635-07:00","Action":"output","Package":"github.com/JDinSeattle/forge-runtime/internal/application","Test":"TestAttemptPricingSurvivesCrashAndConfigChange/after_model_pricing_before_reservation","Output":"=== RUN   TestAttemptPricingSurvivesCrashAndConfigChange/after_model_pricing_before_reservation\n"}
{"Time":"2026-09-11T17:28:18.434133448-07:00","Action":"output","Package":"github.com/JDinSeattle/forge-runtime/internal/application","Test":"TestAttemptPricingSurvivesCrashAndConfigChange/after_model_pricing_before_reservation","Output":"--- PASS: TestAttemptPricingSurvivesCrashAndConfigChange/after_model_pricing_before_reservation (0.84s)\n"}
{"Time":"2026-09-11T17:28:18.434167161-07:00","Action":"pass","Package":"github.com/JDinSeattle/forge-runtime/internal/application","Test":"TestAttemptPricingSurvivesCrashAndConfigChange/after_model_pricing_before_reservation","Elapsed":0.84}
{"Time":"2026-09-11T17:28:18.434175257-07:00","Action":"run","Package":"github.com/JDinSeattle/forge-runtime/internal/application","Test":"TestAttemptPricingSurvivesCrashAndConfigChange/after_model_result_before_transition"}
{"Time":"2026-09-11T17:28:18.4341789-07:00","Action":"output","Package":"github.com/JDinSeattle/forge-runtime/internal/application","Test":"TestAttemptPricingSurvivesCrashAndConfigChange/after_model_result_before_transition","Output":"=== RUN   TestAttemptPricingSurvivesCrashAndConfigChange/after_model_result_before_transition\n"}
{"Time":"2026-09-11T17:28:19.243846865-07:00","Action":"output","Package":"github.com/JDinSeattle/forge-runtime/internal/application","Test":"TestAttemptPricingSurvivesCrashAndConfigChange/after_model_result_before_transition","Output":"--- PASS: TestAttemptPricingSurvivesCrashAndConfigChange/after_model_result_before_transition (0.81s)\n"}
{"Time":"2026-09-11T17:28:19.243874466-07:00","Action":"pass","Package":"github.com/JDinSeattle/forge-runtime/internal/application","Test":"TestAttemptPricingSurvivesCrashAndConfigChange/after_model_result_before_transition","Elapsed":0.81}
{"Time":"2026-09-11T17:28:19.243883743-07:00","Action":"run","Package":"github.com/JDinSeattle/forge-runtime/internal/application","Test":"TestAttemptPricingSurvivesCrashAndConfigChange/after_model_settlement_before_transition"}
{"Time":"2026-09-11T17:28:19.243885406-07:00","Action":"output","Package":"github.com/JDinSeattle/forge-runtime/internal/application","Test":"TestAttemptPricingSurvivesCrashAndConfigChange/after_model_settlement_before_transition","Output":"=== RUN   TestAttemptPricingSurvivesCrashAndConfigChange/after_model_settlement_before_transition\n"}
{"Time":"2026-09-11T17:28:20.072841419-07:00","Action":"output","Package":"github.com/JDinSeattle/forge-runtime/internal/application","Test":"TestAttemptPricingSurvivesCrashAndConfigChange/after_model_settlement_before_transition","Output":"--- PASS: TestAttemptPricingSurvivesCrashAndConfigChange/after_model_settlement_before_transition (0.83s)\n"}
{"Time":"2026-09-11T17:28:20.072875502-07:00","Action":"pass","Package":"github.com/JDinSeattle/forge-runtime/internal/application","Test":"TestAttemptPricingSurvivesCrashAndConfigChange/after_model_settlement_before_transition","Elapsed":0.83}
{"Time":"2026-09-11T17:28:20.072883996-07:00","Action":"output","Package":"github.com/JDinSeattle/forge-runtime/internal/application","Test":"TestAttemptPricingSurvivesCrashAndConfigChange","Output":"--- PASS: TestAttemptPricingSurvivesCrashAndConfigChange (2.47s)\n"}
{"Time":"2026-09-11T17:28:20.072889046-07:00","Action":"pass","Package":"github.com/JDinSeattle/forge-runtime/internal/application","Test":"TestAttemptPricingSurvivesCrashAndConfigChange","Elapsed":2.47}
{"Time":"2026-09-11T17:28:20.072909764-07:00","Action":"run","Package":"github.com/JDinSeattle/forge-runtime/internal/application","Test":"TestModelRetryDecisionSurvivesRecovery"}
{"Time":"2026-09-11T17:28:20.072913627-07:00","Action":"output","Package":"github.com/JDinSeattle/forge-runtime/internal/application","Test":"TestModelRetryDecisionSurvivesRecovery","Output":"=== RUN   TestModelRetryDecisionSurvivesRecovery\n"}
{"Time":"2026-09-11T17:28:21.164405547-07:00","Action":"output","Package":"github.com/JDinSeattle/forge-runtime/internal/application","Test":"TestModelRetryDecisionSurvivesRecovery","Output":"--- PASS: TestModelRetryDecisionSurvivesRecovery (1.09s)\n"}
{"Time":"2026-09-11T17:28:21.164433416-07:00","Action":"pass","Package":"github.com/JDinSeattle/forge-runtime/internal/application","Test":"TestModelRetryDecisionSurvivesRecovery","Elapsed":1.09}
{"Time":"2026-09-11T17:28:21.164437781-07:00","Action":"run","Package":"github.com/JDinSeattle/forge-runtime/internal/application","Test":"TestPermanentModelFailureDoesNotRetryOrTripCircuit"}
{"Time":"2026-09-11T17:28:21.164439594-07:00","Action":"output","Package":"github.com/JDinSeattle/forge-runtime/internal/application","Test":"TestPermanentModelFailureDoesNotRetryOrTripCircuit","Output":"=== RUN   TestPermanentModelFailureDoesNotRetryOrTripCircuit\n"}
{"Time":"2026-09-11T17:28:22.033629526-07:00","Action":"output","Package":"github.com/JDinSeattle/forge-runtime/internal/application","Test":"TestPermanentModelFailureDoesNotRetryOrTripCircuit","Output":"--- PASS: TestPermanentModelFailureDoesNotRetryOrTripCircuit (0.87s)\n"}
{"Time":"2026-09-11T17:28:22.03366414-07:00","Action":"pass","Package":"github.com/JDinSeattle/forge-runtime/internal/application","Test":"TestPermanentModelFailureDoesNotRetryOrTripCircuit","Elapsed":0.87}
{"Time":"2026-09-11T17:28:22.033672902-07:00","Action":"run","Package":"github.com/JDinSeattle/forge-runtime/internal/application","Test":"TestModelRetryOverallBudgetCannotResetOnRecovery"}
{"Time":"2026-09-11T17:28:22.033676544-07:00","Action":"output","Package":"github.com/JDinSeattle/forge-runtime/internal/application","Test":"TestModelRetryOverallBudgetCannotResetOnRecovery","Output":"=== RUN   TestModelRetryOverallBudgetCannotResetOnRecovery\n"}
{"Time":"2026-09-11T17:28:23.037015764-07:00","Action":"output","Package":"github.com/JDinSeattle/forge-runtime/internal/application","Test":"TestModelRetryOverallBudgetCannotResetOnRecovery","Output":"--- PASS: TestModelRetryOverallBudgetCannotResetOnRecovery (1.00s)\n"}
{"Time":"2026-09-11T17:28:23.037058351-07:00","Action":"pass","Package":"github.com/JDinSeattle/forge-runtime/internal/application","Test":"TestModelRetryOverallBudgetCannotResetOnRecovery","Elapsed":1}
{"Time":"2026-09-11T17:28:23.037066311-07:00","Action":"run","Package":"github.com/JDinSeattle/forge-runtime/internal/application","Test":"TestModelAdmissionKeepsConservativeReducerBudget"}
{"Time":"2026-09-11T17:28:23.037069477-07:00","Action":"output","Package":"github.com/JDinSeattle/forge-runtime/internal/application","Test":"TestModelAdmissionKeepsConservativeReducerBudget","Output":"=== RUN   TestModelAdmissionKeepsConservativeReducerBudget\n"}
{"Time":"2026-09-11T17:28:23.919770534-07:00","Action":"output","Package":"github.com/JDinSeattle/forge-runtime/internal/application","Test":"TestModelAdmissionKeepsConservativeReducerBudget","Output":"--- PASS: TestModelAdmissionKeepsConservativeReducerBudget (0.88s)\n"}
{"Time":"2026-09-11T17:28:23.91981738-07:00","Action":"pass","Package":"github.com/JDinSeattle/forge-runtime/internal/application","Test":"TestModelAdmissionKeepsConservativeReducerBudget","Elapsed":0.88}
{"Time":"2026-09-11T17:28:23.919823131-07:00","Action":"run","Package":"github.com/JDinSeattle/forge-runtime/internal/application","Test":"TestProviderSpecificPricing"}
{"Time":"2026-09-11T17:28:23.919824917-07:00","Action":"output","Package":"github.com/JDinSeattle/forge-runtime/internal/application","Test":"TestProviderSpecificPricing","Output":"=== RUN   TestProviderSpecificPricing\n"}
{"Time":"2026-09-11T17:28:23.919829148-07:00","Action":"run","Package":"github.com/JDinSeattle/forge-runtime/internal/application","Test":"TestProviderSpecificPricing/openai_cached_input_is_inclusive"}
{"Time":"2026-09-11T17:28:23.919830668-07:00","Action":"output","Package":"github.com/JDinSeattle/forge-runtime/internal/application","Test":"TestProviderSpecificPricing/openai_cached_input_is_inclusive","Output":"=== RUN   TestProviderSpecificPricing/openai_cached_input_is_inclusive\n"}
{"Time":"2026-09-11T17:28:23.919864554-07:00","Action":"output","Package":"github.com/JDinSeattle/forge-runtime/internal/application","Test":"TestProviderSpecificPricing/openai_cached_input_is_inclusive","Output":"--- PASS: TestProviderSpecificPricing/openai_cached_input_is_inclusive (0.00s)\n"}
{"Time":"2026-09-11T17:28:23.919874413-07:00","Action":"pass","Package":"github.com/JDinSeattle/forge-runtime/internal/application","Test":"TestProviderSpecificPricing/openai_cached_input_is_inclusive","Elapsed":0}
{"Time":"2026-09-11T17:28:23.919886913-07:00","Action":"run","Package":"github.com/JDinSeattle/forge-runtime/internal/application","Test":"TestProviderSpecificPricing/anthropic_cache_input_is_additive"}
{"Time":"2026-09-11T17:28:23.919888683-07:00","Action":"output","Package":"github.com/JDinSeattle/forge-runtime/internal/application","Test":"TestProviderSpecificPricing/anthropic_cache_input_is_additive","Output":"=== RUN   TestProviderSpecificPricing/anthropic_cache_input_is_additive\n"}
{"Time":"2026-09-11T17:28:23.919914682-07:00","Action":"output","Package":"github.com/JDinSeattle/forge-runtime/internal/application","Test":"TestProviderSpecificPricing/anthropic_cache_input_is_additive","Output":"--- PASS: TestProviderSpecificPricing/anthropic_cache_input_is_additive (0.00s)\n"}
{"Time":"2026-09-11T17:28:23.919922053-07:00","Action":"pass","Package":"github.com/JDinSeattle/forge-runtime/internal/application","Test":"TestProviderSpecificPricing/anthropic_cache_input_is_additive","Elapsed":0}
{"Time":"2026-09-11T17:28:23.91992887-07:00","Action":"run","Package":"github.com/JDinSeattle/forge-runtime/internal/application","Test":"TestProviderSpecificPricing/measured_zero"}
{"Time":"2026-09-11T17:28:23.91993112-07:00","Action":"output","Package":"github.com/JDinSeattle/forge-runtime/internal/application","Test":"TestProviderSpecificPricing/measured_zero","Output":"=== RUN   TestProviderSpecificPricing/measured_zero\n"}
{"Time":"2026-09-11T17:28:23.919956547-07:00","Action":"output","Package":"github.com/JDinSeattle/forge-runtime/internal/application","Test":"TestProviderSpecificPricing/measured_zero","Output":"--- PASS: TestProviderSpecificPricing/measured_zero (0.00s)\n"}
{"Time":"2026-09-11T17:28:23.91995912-07:00","Action":"pass","Package":"github.com/JDinSeattle/forge-runtime/internal/application","Test":"TestProviderSpecificPricing/measured_zero","Elapsed":0}
{"Time":"2026-09-11T17:28:23.919966992-07:00","Action":"run","Package":"github.com/JDinSeattle/forge-runtime/internal/application","Test":"TestProviderSpecificPricing/cache_cannot_exceed_inclusive_input"}
{"Time":"2026-09-11T17:28:23.919968682-07:00","Action":"output","Package":"github.com/JDinSeattle/forge-runtime/internal/application","Test":"TestProviderSpecificPricing/cache_cannot_exceed_inclusive_input","Output":"=== RUN   TestProviderSpecificPricing/cache_cannot_exceed_inclusive_input\n"}
{"Time":"2026-09-11T17:28:23.919989145-07:00","Action":"output","Package":"github.com/JDinSeattle/forge-runtime/internal/application","Test":"TestProviderSpecificPricing/cache_cannot_exceed_inclusive_input","Output":"--- PASS: TestProviderSpecificPricing/cache_cannot_exceed_inclusive_input (0.00s)\n"}
{"Time":"2026-09-11T17:28:23.919996786-07:00","Action":"pass","Package":"github.com/JDinSeattle/forge-runtime/internal/application","Test":"TestProviderSpecificPricing/cache_cannot_exceed_inclusive_input","Elapsed":0}
{"Time":"2026-09-11T17:28:23.920003452-07:00","Action":"run","Package":"github.com/JDinSeattle/forge-runtime/internal/application","Test":"TestProviderSpecificPricing/input_output_overflow"}
{"Time":"2026-09-11T17:28:23.920005327-07:00","Action":"output","Package":"github.com/JDinSeattle/forge-runtime/internal/application","Test":"TestProviderSpecificPricing/input_output_overflow","Output":"=== RUN   TestProviderSpecificPricing/input_output_overflow\n"}
{"Time":"2026-09-11T17:28:23.920019914-07:00","Action":"output","Package":"github.com/JDinSeattle/forge-runtime/internal/application","Test":"TestProviderSpecificPricing/input_output_overflow","Output":"--- PASS: TestProviderSpecificPricing/input_output_overflow (0.00s)\n"}
{"Time":"2026-09-11T17:28:23.92002692-07:00","Action":"pass","Package":"github.com/JDinSeattle/forge-runtime/internal/application","Test":"TestProviderSpecificPricing/input_output_overflow","Elapsed":0}
{"Time":"2026-09-11T17:28:23.920030943-07:00","Action":"run","Package":"github.com/JDinSeattle/forge-runtime/internal/application","Test":"TestProviderSpecificPricing/additive_cache_overflow"}
{"Time":"2026-09-11T17:28:23.920032778-07:00","Action":"output","Package":"github.com/JDinSeattle/forge-runtime/internal/application","Test":"TestProviderSpecificPricing/additive_cache_overflow","Output":"=== RUN   TestProviderSpecificPricing/additive_cache_overflow\n"}
{"Time":"2026-09-11T17:28:23.920045708-07:00","Action":"output","Package":"github.com/JDinSeattle/forge-runtime/internal/application","Test":"TestProviderSpecificPricing/additive_cache_overflow","Output":"--- PASS: TestProviderSpecificPricing/additive_cache_overflow (0.00s)\n"}
{"Time":"2026-09-11T17:28:23.920051355-07:00","Action":"pass","Package":"github.com/JDinSeattle/forge-runtime/internal/application","Test":"TestProviderSpecificPricing/additive_cache_overflow","Elapsed":0}
{"Time":"2026-09-11T17:28:23.920058923-07:00","Action":"run","Package":"github.com/JDinSeattle/forge-runtime/internal/application","Test":"TestProviderSpecificPricing/negative_measured_cache"}
{"Time":"2026-09-11T17:28:23.920060726-07:00","Action":"output","Package":"github.com/JDinSeattle/forge-runtime/internal/application","Test":"TestProviderSpecificPricing/negative_measured_cache","Output":"=== RUN   TestProviderSpecificPricing/negative_measured_cache\n"}
{"Time":"2026-09-11T17:28:23.920073102-07:00","Action":"output","Package":"github.com/JDinSeattle/forge-runtime/internal/application","Test":"TestProviderSpecificPricing/negative_measured_cache","Output":"--- PASS: TestProviderSpecificPricing/negative_measured_cache (0.00s)\n"}
{"Time":"2026-09-11T17:28:23.920077325-07:00","Action":"pass","Package":"github.com/JDinSeattle/forge-runtime/internal/application","Test":"TestProviderSpecificPricing/negative_measured_cache","Elapsed":0}
{"Time":"2026-09-11T17:28:23.920092482-07:00","Action":"output","Package":"github.com/JDinSeattle/forge-runtime/internal/application","Test":"TestProviderSpecificPricing","Output":"--- PASS: TestProviderSpecificPricing (0.00s)\n"}
{"Time":"2026-09-11T17:28:23.92009667-07:00","Action":"pass","Package":"github.com/JDinSeattle/forge-runtime/internal/application","Test":"TestProviderSpecificPricing","Elapsed":0}
{"Time":"2026-09-11T17:28:23.920104328-07:00","Action":"run","Package":"github.com/JDinSeattle/forge-runtime/internal/application","Test":"TestPricingReserveBoundsAndRounding"}
{"Time":"2026-09-11T17:28:23.920106386-07:00","Action":"output","Package":"github.com/JDinSeattle/forge-runtime/internal/application","Test":"TestPricingReserveBoundsAndRounding","Output":"=== RUN   TestPricingReserveBoundsAndRounding\n"}
{"Time":"2026-09-11T17:28:23.920123076-07:00","Action":"output","Package":"github.com/JDinSeattle/forge-runtime/internal/application","Test":"TestPricingReserveBoundsAndRounding","Output":"--- PASS: TestPricingReserveBoundsAndRounding (0.00s)\n"}
{"Time":"2026-09-11T17:28:23.920126938-07:00","Action":"pass","Package":"github.com/JDinSeattle/forge-runtime/internal/application","Test":"TestPricingReserveBoundsAndRounding","Elapsed":0}
{"Time":"2026-09-11T17:28:23.920132686-07:00","Action":"run","Package":"github.com/JDinSeattle/forge-runtime/internal/application","Test":"TestModelFailureCircuitClassification"}
{"Time":"2026-09-11T17:28:23.920134491-07:00","Action":"output","Package":"github.com/JDinSeattle/forge-runtime/internal/application","Test":"TestModelFailureCircuitClassification","Output":"=== RUN   TestModelFailureCircuitClassification\n"}
{"Time":"2026-09-11T17:28:23.920148532-07:00","Action":"run","Package":"github.com/JDinSeattle/forge-runtime/internal/application","Test":"TestModelFailureCircuitClassification/user_cancellation"}
{"Time":"2026-09-11T17:28:23.920150301-07:00","Action":"output","Package":"github.com/JDinSeattle/forge-runtime/internal/application","Test":"TestModelFailureCircuitClassification/user_cancellation","Output":"=== RUN   TestModelFailureCircuitClassification/user_cancellation\n"}
{"Time":"2026-09-11T17:28:23.920171725-07:00","Action":"output","Package":"github.com/JDinSeattle/forge-runtime/internal/application","Test":"TestModelFailureCircuitClassification/user_cancellation","Output":"--- PASS: TestModelFailureCircuitClassification/user_cancellation (0.00s)\n"}
{"Time":"2026-09-11T17:28:23.92017738-07:00","Action":"pass","Package":"github.com/JDinSeattle/forge-runtime/internal/application","Test":"TestModelFailureCircuitClassification/user_cancellation","Elapsed":0}
{"Time":"2026-09-11T17:28:23.920183599-07:00","Action":"run","Package":"github.com/JDinSeattle/forge-runtime/internal/application","Test":"TestModelFailureCircuitClassification/request_deadline"}
{"Time":"2026-09-11T17:28:23.920185251-07:00","Action":"output","Package":"github.com/JDinSeattle/forge-runtime/internal/application","Test":"TestModelFailureCircuitClassification/request_deadline","Output":"=== RUN   TestModelFailureCircuitClassification/request_deadline\n"}
{"Time":"2026-09-11T17:28:23.920200624-07:00","Action":"output","Package":"github.com/JDinSeattle/forge-runtime/internal/application","Test":"TestModelFailureCircuitClassification/request_deadline","Output":"--- PASS: TestModelFailureCircuitClassification/request_deadline (0.00s)\n"}
{"Time":"2026-09-11T17:28:23.920204292-07:00","Action":"pass","Package":"github.com/JDinSeattle/forge-runtime/internal/application","Test":"TestModelFailureCircuitClassification/request_deadline","Elapsed":0}
{"Time":"2026-09-11T17:28:23.920211085-07:00","Action":"run","Package":"github.com/JDinSeattle/forge-runtime/internal/application","Test":"TestModelFailureCircuitClassification/database_sink"}
{"Time":"2026-09-11T17:28:23.920213705-07:00","Action":"output","Package":"github.com/JDinSeattle/forge-runtime/internal/application","Test":"TestModelFailureCircuitClassification/database_sink","Output":"=== RUN   TestModelFailureCircuitClassification/database_sink\n"}
{"Time":"2026-09-11T17:28:23.920228371-07:00","Action":"output","Package":"github.com/JDinSeattle/forge-runtime/internal/application","Test":"TestModelFailureCircuitClassification/database_sink","Output":"--- PASS: TestModelFailureCircuitClassification/database_sink (0.00s)\n"}
{"Time":"2026-09-11T17:28:23.920231726-07:00","Action":"pass","Package":"github.com/JDinSeattle/forge-runtime/internal/application","Test":"TestModelFailureCircuitClassification/database_sink","Elapsed":0}
{"Time":"2026-09-11T17:28:23.920238114-07:00","Action":"run","Package":"github.com/JDinSeattle/forge-runtime/internal/application","Test":"TestModelFailureCircuitClassification/consumer_wrapper"}
{"Time":"2026-09-11T17:28:23.920239765-07:00","Action":"output","Package":"github.com/JDinSeattle/forge-runtime/internal/application","Test":"TestModelFailureCircuitClassification/consumer_wrapper","Output":"=== RUN   TestModelFailureCircuitClassification/consumer_wrapper\n"}
{"Time":"2026-09-11T17:28:23.92025819-07:00","Action":"output","Package":"github.com/JDinSeattle/forge-runtime/internal/application","Test":"TestModelFailureCircuitClassification/consumer_wrapper","Output":"--- PASS: TestModelFailureCircuitClassification/consumer_wrapper (0.00s)\n"}
{"Time":"2026-09-11T17:28:23.920261387-07:00","Action":"pass","Package":"github.com/JDinSeattle/forge-runtime/internal/application","Test":"TestModelFailureCircuitClassification/consumer_wrapper","Elapsed":0}
{"Time":"2026-09-11T17:28:23.920269243-07:00","Action":"run","Package":"github.com/JDinSeattle/forge-runtime/internal/application","Test":"TestModelFailureCircuitClassification/validation"}
{"Time":"2026-09-11T17:28:23.920270859-07:00","Action":"output","Package":"github.com/JDinSeattle/forge-runtime/internal/application","Test":"TestModelFailureCircuitClassification/validation","Output":"=== RUN   TestModelFailureCircuitClassification/validation\n"}
{"Time":"2026-09-11T17:28:23.920283857-07:00","Action":"output","Package":"github.com/JDinSeattle/forge-runtime/internal/application","Test":"TestModelFailureCircuitClassification/validation","Output":"--- PASS: TestModelFailureCircuitClassification/validation (0.00s)\n"}
{"Time":"2026-09-11T17:28:23.920287725-07:00","Action":"pass","Package":"github.com/JDinSeattle/forge-runtime/internal/application","Test":"TestModelFailureCircuitClassification/validation","Elapsed":0}
{"Time":"2026-09-11T17:28:23.920294233-07:00","Action":"run","Package":"github.com/JDinSeattle/forge-runtime/internal/application","Test":"TestModelFailureCircuitClassification/protocol"}
{"Time":"2026-09-11T17:28:23.920295948-07:00","Action":"output","Package":"github.com/JDinSeattle/forge-runtime/internal/application","Test":"TestModelFailureCircuitClassification/protocol","Output":"=== RUN   TestModelFailureCircuitClassification/protocol\n"}
{"Time":"2026-09-11T17:28:23.920308077-07:00","Action":"output","Package":"github.com/JDinSeattle/forge-runtime/internal/application","Test":"TestModelFailureCircuitClassification/protocol","Output":"--- PASS: TestModelFailureCircuitClassification/protocol (0.00s)\n"}
{"Time":"2026-09-11T17:28:23.920312821-07:00","Action":"pass","Package":"github.com/JDinSeattle/forge-runtime/internal/application","Test":"TestModelFailureCircuitClassification/protocol","Elapsed":0}
{"Time":"2026-09-11T17:28:23.920323089-07:00","Action":"run","Package":"github.com/JDinSeattle/forge-runtime/internal/application","Test":"TestModelFailureCircuitClassification/authentication"}
{"Time":"2026-09-11T17:28:23.920325427-07:00","Action":"output","Package":"github.com/JDinSeattle/forge-runtime/internal/application","Test":"TestModelFailureCircuitClassification/authentication","Output":"=== RUN   TestModelFailureCircuitClassification/authentication\n"}
{"Time":"2026-09-11T17:28:23.920339798-07:00","Action":"output","Package":"github.com/JDinSeattle/forge-runtime/internal/application","Test":"TestModelFailureCircuitClassification/authentication","Output":"--- PASS: TestModelFailureCircuitClassification/authentication (0.00s)\n"}
{"Time":"2026-09-11T17:28:23.920343396-07:00","Action":"pass","Package":"github.com/JDinSeattle/forge-runtime/internal/application","Test":"TestModelFailureCircuitClassification/authentication","Elapsed":0}
{"Time":"2026-09-11T17:28:23.920349427-07:00","Action":"run","Package":"github.com/JDinSeattle/forge-runtime/internal/application","Test":"TestModelFailureCircuitClassification/cancelled_transport"}
{"Time":"2026-09-11T17:28:23.920351007-07:00","Action":"output","Package":"github.com/JDinSeattle/forge-runtime/internal/application","Test":"TestModelFailureCircuitClassification/cancelled_transport","Output":"=== RUN   TestModelFailureCircuitClassification/cancelled_transport\n"}
{"Time":"2026-09-11T17:28:23.920362888-07:00","Action":"output","Package":"github.com/JDinSeattle/forge-runtime/internal/application","Test":"TestModelFailureCircuitClassification/cancelled_transport","Output":"--- PASS: TestModelFailureCircuitClassification/cancelled_transport (0.00s)\n"}
{"Time":"2026-09-11T17:28:23.920366653-07:00","Action":"pass","Package":"github.com/JDinSeattle/forge-runtime/internal/application","Test":"TestModelFailureCircuitClassification/cancelled_transport","Elapsed":0}
{"Time":"2026-09-11T17:28:23.920372541-07:00","Action":"run","Package":"github.com/JDinSeattle/forge-runtime/internal/application","Test":"TestModelFailureCircuitClassification/overloaded"}
{"Time":"2026-09-11T17:28:23.920374576-07:00","Action":"output","Package":"github.com/JDinSeattle/forge-runtime/internal/application","Test":"TestModelFailureCircuitClassification/overloaded","Output":"=== RUN   TestModelFailureCircuitClassification/overloaded\n"}
{"Time":"2026-09-11T17:28:23.920386688-07:00","Action":"output","Package":"github.com/JDinSeattle/forge-runtime/internal/application","Test":"TestModelFailureCircuitClassification/overloaded","Output":"--- PASS: TestModelFailureCircuitClassification/overloaded (0.00s)\n"}
{"Time":"2026-09-11T17:28:23.920398529-07:00","Action":"pass","Package":"github.com/JDinSeattle/forge-runtime/internal/application","Test":"TestModelFailureCircuitClassification/overloaded","Elapsed":0}
{"Time":"2026-09-11T17:28:23.920404101-07:00","Action":"run","Package":"github.com/JDinSeattle/forge-runtime/internal/application","Test":"TestModelFailureCircuitClassification/rate_limit"}
{"Time":"2026-09-11T17:28:23.92040594-07:00","Action":"output","Package":"github.com/JDinSeattle/forge-runtime/internal/application","Test":"TestModelFailureCircuitClassification/rate_limit","Output":"=== RUN   TestModelFailureCircuitClassification/rate_limit\n"}
{"Time":"2026-09-11T17:28:23.920418115-07:00","Action":"output","Package":"github.com/JDinSeattle/forge-runtime/internal/application","Test":"TestModelFailureCircuitClassification/rate_limit","Output":"--- PASS: TestModelFailureCircuitClassification/rate_limit (0.00s)\n"}
{"Time":"2026-09-11T17:28:23.920424008-07:00","Action":"pass","Package":"github.com/JDinSeattle/forge-runtime/internal/application","Test":"TestModelFailureCircuitClassification/rate_limit","Elapsed":0}
{"Time":"2026-09-11T17:28:23.920432879-07:00","Action":"output","Package":"github.com/JDinSeattle/forge-runtime/internal/application","Test":"TestModelFailureCircuitClassification","Output":"--- PASS: TestModelFailureCircuitClassification (0.00s)\n"}
{"Time":"2026-09-11T17:28:23.920436507-07:00","Action":"pass","Package":"github.com/JDinSeattle/forge-runtime/internal/application","Test":"TestModelFailureCircuitClassification","Elapsed":0}
{"Time":"2026-09-11T17:28:23.920442678-07:00","Action":"run","Package":"github.com/JDinSeattle/forge-runtime/internal/application","Test":"TestProgressDurableClosedBatches"}
{"Time":"2026-09-11T17:28:23.920443988-07:00","Action":"output","Package":"github.com/JDinSeattle/forge-runtime/internal/application","Test":"TestProgressDurableClosedBatches","Output":"=== RUN   TestProgressDurableClosedBatches\n"}
{"Time":"2026-09-11T17:28:23.920453695-07:00","Action":"run","Package":"github.com/JDinSeattle/forge-runtime/internal/application","Test":"TestProgressDurableClosedBatches/read"}
{"Time":"2026-09-11T17:28:23.920455469-07:00","Action":"output","Package":"github.com/JDinSeattle/forge-runtime/internal/application","Test":"TestProgressDurableClosedBatches/read","Output":"=== RUN   TestProgressDurableClosedBatches/read\n"}
{"Time":"2026-09-11T17:28:30.861571394-07:00","Action":"output","Package":"github.com/JDinSeattle/forge-runtime/internal/application","Test":"TestProgressDurableClosedBatches/read","Output":"--- PASS: TestProgressDurableClosedBatches/read (6.94s)\n"}
{"Time":"2026-09-11T17:28:30.861599597-07:00","Action":"pass","Package":"github.com/JDinSeattle/forge-runtime/internal/application","Test":"TestProgressDurableClosedBatches/read","Elapsed":6.94}
{"Time":"2026-09-11T17:28:30.861604297-07:00","Action":"run","Package":"github.com/JDinSeattle/forge-runtime/internal/application","Test":"TestProgressDurableClosedBatches/finish"}
{"Time":"2026-09-11T17:28:30.861606156-07:00","Action":"output","Package":"github.com/JDinSeattle/forge-runtime/internal/application","Test":"TestProgressDurableClosedBatches/finish","Output":"=== RUN   TestProgressDurableClosedBatches/finish\n"}
{"Time":"2026-09-11T17:28:33.655300307-07:00","Action":"output","Package":"github.com/JDinSeattle/forge-runtime/internal/application","Test":"TestProgressDurableClosedBatches/finish","Output":"--- PASS: TestProgressDurableClosedBatches/finish (2.79s)\n"}
{"Time":"2026-09-11T17:28:33.655323746-07:00","Action":"pass","Package":"github.com/JDinSeattle/forge-runtime/internal/application","Test":"TestProgressDurableClosedBatches/finish","Elapsed":2.79}
{"Time":"2026-09-11T17:28:33.655333214-07:00","Action":"run","Package":"github.com/JDinSeattle/forge-runtime/internal/application","Test":"TestProgressDurableClosedBatches/failed_batch"}
{"Time":"2026-09-11T17:28:33.655334908-07:00","Action":"output","Package":"github.com/JDinSeattle/forge-runtime/internal/application","Test":"TestProgressDurableClosedBatches/failed_batch","Output":"=== RUN   TestProgressDurableClosedBatches/failed_batch\n"}
{"Time":"2026-09-11T17:28:35.941515543-07:00","Action":"output","Package":"github.com/JDinSeattle/forge-runtime/internal/application","Test":"TestProgressDurableClosedBatches/failed_batch","Output":"--- PASS: TestProgressDurableClosedBatches/failed_batch (2.29s)\n"}
{"Time":"2026-09-11T17:28:35.941538423-07:00","Action":"pass","Package":"github.com/JDinSeattle/forge-runtime/internal/application","Test":"TestProgressDurableClosedBatches/failed_batch","Elapsed":2.29}
{"Time":"2026-09-11T17:28:35.941562123-07:00","Action":"output","Package":"github.com/JDinSeattle/forge-runtime/internal/application","Test":"TestProgressDurableClosedBatches","Output":"--- PASS: TestProgressDurableClosedBatches (12.02s)\n"}
{"Time":"2026-09-11T17:28:35.941574971-07:00","Action":"pass","Package":"github.com/JDinSeattle/forge-runtime/internal/application","Test":"TestProgressDurableClosedBatches","Elapsed":12.02}
{"Time":"2026-09-11T17:28:35.941579306-07:00","Action":"run","Package":"github.com/JDinSeattle/forge-runtime/internal/application","Test":"TestProgressMessageRaceRebuildsBeforeStopping"}
{"Time":"2026-09-11T17:28:35.941580889-07:00","Action":"output","Package":"github.com/JDinSeattle/forge-runtime/internal/application","Test":"TestProgressMessageRaceRebuildsBeforeStopping","Output":"=== RUN   TestProgressMessageRaceRebuildsBeforeStopping\n"}
{"Time":"2026-09-11T17:28:40.229509458-07:00","Action":"output","Package":"github.com/JDinSeattle/forge-runtime/internal/application","Test":"TestProgressMessageRaceRebuildsBeforeStopping","Output":"--- PASS: TestProgressMessageRaceRebuildsBeforeStopping (4.29s)\n"}
{"Time":"2026-09-11T17:28:40.229548761-07:00","Action":"pass","Package":"github.com/JDinSeattle/forge-runtime/internal/application","Test":"TestProgressMessageRaceRebuildsBeforeStopping","Elapsed":4.29}
{"Time":"2026-09-11T17:28:40.229556381-07:00","Action":"run","Package":"github.com/JDinSeattle/forge-runtime/internal/application","Test":"TestProgressCrashBeforeAndAfterCommit"}
{"Time":"2026-09-11T17:28:40.229566442-07:00","Action":"output","Package":"github.com/JDinSeattle/forge-runtime/internal/application","Test":"TestProgressCrashBeforeAndAfterCommit","Output":"=== RUN   TestProgressCrashBeforeAndAfterCommit\n"}
{"Time":"2026-09-11T17:28:40.229571341-07:00","Action":"run","Package":"github.com/JDinSeattle/forge-runtime/internal/application","Test":"TestProgressCrashBeforeAndAfterCommit/after_progress_report_before_transition"}
{"Time":"2026-09-11T17:28:40.229574293-07:00","Action":"output","Package":"github.com/JDinSeattle/forge-runtime/internal/application","Test":"TestProgressCrashBeforeAndAfterCommit/after_progress_report_before_transition","Output":"=== RUN   TestProgressCrashBeforeAndAfterCommit/after_progress_report_before_transition\n"}
{"Time":"2026-09-11T17:28:45.951153893-07:00","Action":"output","Package":"github.com/JDinSeattle/forge-runtime/internal/application","Test":"TestProgressCrashBeforeAndAfterCommit/after_progress_report_before_transition","Output":"--- PASS: TestProgressCrashBeforeAndAfterCommit/after_progress_report_before_transition (5.72s)\n"}
{"Time":"2026-09-11T17:28:45.951193522-07:00","Action":"pass","Package":"github.com/JDinSeattle/forge-runtime/internal/application","Test":"TestProgressCrashBeforeAndAfterCommit/after_progress_report_before_transition","Elapsed":5.72}
{"Time":"2026-09-11T17:28:45.951202938-07:00","Action":"run","Package":"github.com/JDinSeattle/forge-runtime/internal/application","Test":"TestProgressCrashBeforeAndAfterCommit/after_progress_transition"}
{"Time":"2026-09-11T17:28:45.951206503-07:00","Action":"output","Package":"github.com/JDinSeattle/forge-runtime/internal/application","Test":"TestProgressCrashBeforeAndAfterCommit/after_progress_transition","Output":"=== RUN   TestProgressCrashBeforeAndAfterCommit/after_progress_transition\n"}
{"Time":"2026-09-11T17:28:50.53921249-07:00","Action":"output","Package":"github.com/JDinSeattle/forge-runtime/internal/application","Test":"TestProgressCrashBeforeAndAfterCommit/after_progress_transition","Output":"--- PASS: TestProgressCrashBeforeAndAfterCommit/after_progress_transition (4.59s)\n"}
{"Time":"2026-09-11T17:28:50.539248871-07:00","Action":"pass","Package":"github.com/JDinSeattle/forge-runtime/internal/application","Test":"TestProgressCrashBeforeAndAfterCommit/after_progress_transition","Elapsed":4.59}
{"Time":"2026-09-11T17:28:50.539258108-07:00","Action":"output","Package":"github.com/JDinSeattle/forge-runtime/internal/application","Test":"TestProgressCrashBeforeAndAfterCommit","Output":"--- PASS: TestProgressCrashBeforeAndAfterCommit (10.31s)\n"}
{"Time":"2026-09-11T17:28:50.539262898-07:00","Action":"pass","Package":"github.com/JDinSeattle/forge-runtime/internal/application","Test":"TestProgressCrashBeforeAndAfterCommit","Elapsed":10.31}
{"Time":"2026-09-11T17:28:50.539277813-07:00","Action":"run","Package":"github.com/JDinSeattle/forge-runtime/internal/application","Test":"TestProgressStopUnknownKeepsSentinelCapacity"}
{"Time":"2026-09-11T17:28:50.539281229-07:00","Action":"output","Package":"github.com/JDinSeattle/forge-runtime/internal/application","Test":"TestProgressStopUnknownKeepsSentinelCapacity","Output":"=== RUN   TestProgressStopUnknownKeepsSentinelCapacity\n"}
{"Time":"2026-09-11T17:28:57.752237712-07:00","Action":"output","Package":"github.com/JDinSeattle/forge-runtime/internal/application","Test":"TestProgressStopUnknownKeepsSentinelCapacity","Output":"--- PASS: TestProgressStopUnknownKeepsSentinelCapacity (7.21s)\n"}
{"Time":"2026-09-11T17:28:57.752265095-07:00","Action":"pass","Package":"github.com/JDinSeattle/forge-runtime/internal/application","Test":"TestProgressStopUnknownKeepsSentinelCapacity","Elapsed":7.21}
{"Time":"2026-09-11T17:28:57.752269777-07:00","Action":"run","Package":"github.com/JDinSeattle/forge-runtime/internal/application","Test":"TestProgressLegacySnapshotsAndDefaultIdempotency"}
{"Time":"2026-09-11T17:28:57.752271581-07:00","Action":"output","Package":"github.com/JDinSeattle/forge-runtime/internal/application","Test":"TestProgressLegacySnapshotsAndDefaultIdempotency","Output":"=== RUN   TestProgressLegacySnapshotsAndDefaultIdempotency\n"}
{"Time":"2026-09-11T17:29:00.037191833-07:00","Action":"output","Package":"github.com/JDinSeattle/forge-runtime/internal/application","Test":"TestProgressLegacySnapshotsAndDefaultIdempotency","Output":"--- PASS: TestProgressLegacySnapshotsAndDefaultIdempotency (2.28s)\n"}
{"Time":"2026-09-11T17:29:00.037216076-07:00","Action":"pass","Package":"github.com/JDinSeattle/forge-runtime/internal/application","Test":"TestProgressLegacySnapshotsAndDefaultIdempotency","Elapsed":2.28}
{"Time":"2026-09-11T17:29:00.037220516-07:00","Action":"run","Package":"github.com/JDinSeattle/forge-runtime/internal/application","Test":"TestProgressRejectsUnboundEvidence"}
{"Time":"2026-09-11T17:29:00.03722227-07:00","Action":"output","Package":"github.com/JDinSeattle/forge-runtime/internal/application","Test":"TestProgressRejectsUnboundEvidence","Output":"=== RUN   TestProgressRejectsUnboundEvidence\n"}
{"Time":"2026-09-11T17:29:02.602663866-07:00","Action":"output","Package":"github.com/JDinSeattle/forge-runtime/internal/application","Test":"TestProgressRejectsUnboundEvidence","Output":"--- PASS: TestProgressRejectsUnboundEvidence (2.57s)\n"}
{"Time":"2026-09-11T17:29:02.602687749-07:00","Action":"pass","Package":"github.com/JDinSeattle/forge-runtime/internal/application","Test":"TestProgressRejectsUnboundEvidence","Elapsed":2.57}
{"Time":"2026-09-11T17:29:02.602694071-07:00","Action":"run","Package":"github.com/JDinSeattle/forge-runtime/internal/application","Test":"TestProgressNormalizesActualReceiptFacts"}
{"Time":"2026-09-11T17:29:02.602695397-07:00","Action":"output","Package":"github.com/JDinSeattle/forge-runtime/internal/application","Test":"TestProgressNormalizesActualReceiptFacts","Output":"=== RUN   TestProgressNormalizesActualReceiptFacts\n"}
{"Time":"2026-09-11T17:29:02.604765615-07:00","Action":"output","Package":"github.com/JDinSeattle/forge-runtime/internal/application","Test":"TestProgressNormalizesActualReceiptFacts","Output":"--- PASS: TestProgressNormalizesActualReceiptFacts (0.00s)\n"}
{"Time":"2026-09-11T17:29:02.604776173-07:00","Action":"pass","Package":"github.com/JDinSeattle/forge-runtime/internal/application","Test":"TestProgressNormalizesActualReceiptFacts","Elapsed":0}
{"Time":"2026-09-11T17:29:02.604781821-07:00","Action":"run","Package":"github.com/JDinSeattle/forge-runtime/internal/application","Test":"TestTextBatchPostgresTimerAndSize"}
{"Time":"2026-09-11T17:29:02.604783447-07:00","Action":"output","Package":"github.com/JDinSeattle/forge-runtime/internal/application","Test":"TestTextBatchPostgresTimerAndSize","Output":"=== RUN   TestTextBatchPostgresTimerAndSize\n"}
{"Time":"2026-09-11T17:29:02.604800623-07:00","Action":"run","Package":"github.com/JDinSeattle/forge-runtime/internal/application","Test":"TestTextBatchPostgresTimerAndSize/timer"}
{"Time":"2026-09-11T17:29:02.604802057-07:00","Action":"output","Package":"github.com/JDinSeattle/forge-runtime/internal/application","Test":"TestTextBatchPostgresTimerAndSize/timer","Output":"=== RUN   TestTextBatchPostgresTimerAndSize/timer\n"}
{"Time":"2026-09-11T17:29:03.172875784-07:00","Action":"output","Package":"github.com/JDinSeattle/forge-runtime/internal/application","Test":"TestTextBatchPostgresTimerAndSize/timer","Output":"--- PASS: TestTextBatchPostgresTimerAndSize/timer (0.57s)\n"}
{"Time":"2026-09-11T17:29:03.172922241-07:00","Action":"pass","Package":"github.com/JDinSeattle/forge-runtime/internal/application","Test":"TestTextBatchPostgresTimerAndSize/timer","Elapsed":0.57}
{"Time":"2026-09-11T17:29:03.172928833-07:00","Action":"run","Package":"github.com/JDinSeattle/forge-runtime/internal/application","Test":"TestTextBatchPostgresTimerAndSize/size_and_encoding"}
{"Time":"2026-09-11T17:29:03.17293143-07:00","Action":"output","Package":"github.com/JDinSeattle/forge-runtime/internal/application","Test":"TestTextBatchPostgresTimerAndSize/size_and_encoding","Output":"=== RUN   TestTextBatchPostgresTimerAndSize/size_and_encoding\n"}
{"Time":"2026-09-11T17:29:03.523876659-07:00","Action":"output","Package":"github.com/JDinSeattle/forge-runtime/internal/application","Test":"TestTextBatchPostgresTimerAndSize/size_and_encoding","Output":"--- PASS: TestTextBatchPostgresTimerAndSize/size_and_encoding (0.35s)\n"}
{"Time":"2026-09-11T17:29:03.523900849-07:00","Action":"pass","Package":"github.com/JDinSeattle/forge-runtime/internal/application","Test":"TestTextBatchPostgresTimerAndSize/size_and_encoding","Elapsed":0.35}
{"Time":"2026-09-11T17:29:03.523906439-07:00","Action":"output","Package":"github.com/JDinSeattle/forge-runtime/internal/application","Test":"TestTextBatchPostgresTimerAndSize","Output":"--- PASS: TestTextBatchPostgresTimerAndSize (0.92s)\n"}
{"Time":"2026-09-11T17:29:03.523908321-07:00","Action":"pass","Package":"github.com/JDinSeattle/forge-runtime/internal/application","Test":"TestTextBatchPostgresTimerAndSize","Elapsed":0.92}
{"Time":"2026-09-11T17:29:03.523910621-07:00","Action":"run","Package":"github.com/JDinSeattle/forge-runtime/internal/application","Test":"TestTextBatchPostgresControlBypassesPausedText"}
{"Time":"2026-09-11T17:29:03.523912097-07:00","Action":"output","Package":"github.com/JDinSeattle/forge-runtime/internal/application","Test":"TestTextBatchPostgresControlBypassesPausedText","Output":"=== RUN   TestTextBatchPostgresControlBypassesPausedText\n"}
{"Time":"2026-09-11T17:29:03.783822076-07:00","Action":"output","Package":"github.com/JDinSeattle/forge-runtime/internal/application","Test":"TestTextBatchPostgresControlBypassesPausedText","Output":"--- PASS: TestTextBatchPostgresControlBypassesPausedText (0.26s)\n"}
{"Time":"2026-09-11T17:29:03.783857778-07:00","Action":"pass","Package":"github.com/JDinSeattle/forge-runtime/internal/application","Test":"TestTextBatchPostgresControlBypassesPausedText","Elapsed":0.26}
{"Time":"2026-09-11T17:29:03.783867517-07:00","Action":"run","Package":"github.com/JDinSeattle/forge-runtime/internal/application","Test":"TestTextBatchDriverPreservesCompleteModelArtifact"}
{"Time":"2026-09-11T17:29:03.783869661-07:00","Action":"output","Package":"github.com/JDinSeattle/forge-runtime/internal/application","Test":"TestTextBatchDriverPreservesCompleteModelArtifact","Output":"=== RUN   TestTextBatchDriverPreservesCompleteModelArtifact\n"}
{"Time":"2026-09-11T17:29:05.88017139-07:00","Action":"output","Package":"github.com/JDinSeattle/forge-runtime/internal/application","Test":"TestTextBatchDriverPreservesCompleteModelArtifact","Output":"--- PASS: TestTextBatchDriverPreservesCompleteModelArtifact (2.10s)\n"}
{"Time":"2026-09-11T17:29:05.880195301-07:00","Action":"pass","Package":"github.com/JDinSeattle/forge-runtime/internal/application","Test":"TestTextBatchDriverPreservesCompleteModelArtifact","Elapsed":2.1}
{"Time":"2026-09-11T17:29:05.880199529-07:00","Action":"run","Package":"github.com/JDinSeattle/forge-runtime/internal/application","Test":"TestTextBatchConfigDefaultsAndBounds"}
{"Time":"2026-09-11T17:29:05.880201044-07:00","Action":"output","Package":"github.com/JDinSeattle/forge-runtime/internal/application","Test":"TestTextBatchConfigDefaultsAndBounds","Output":"=== RUN   TestTextBatchConfigDefaultsAndBounds\n"}
{"Time":"2026-09-11T17:29:05.880247655-07:00","Action":"output","Package":"github.com/JDinSeattle/forge-runtime/internal/application","Test":"TestTextBatchConfigDefaultsAndBounds","Output":"--- PASS: TestTextBatchConfigDefaultsAndBounds (0.00s)\n"}
{"Time":"2026-09-11T17:29:05.880252702-07:00","Action":"pass","Package":"github.com/JDinSeattle/forge-runtime/internal/application","Test":"TestTextBatchConfigDefaultsAndBounds","Elapsed":0}
{"Time":"2026-09-11T17:29:05.880259232-07:00","Action":"run","Package":"github.com/JDinSeattle/forge-runtime/internal/application","Test":"TestTextBatchExactUnicodeAndEscaping"}
{"Time":"2026-09-11T17:29:05.880260947-07:00","Action":"output","Package":"github.com/JDinSeattle/forge-runtime/internal/application","Test":"TestTextBatchExactUnicodeAndEscaping","Output":"=== RUN   TestTextBatchExactUnicodeAndEscaping\n"}
{"Time":"2026-09-11T17:29:05.880344764-07:00","Action":"run","Package":"github.com/JDinSeattle/forge-runtime/internal/application","Test":"TestTextBatchExactUnicodeAndEscaping/original_chinese_boundary"}
{"Time":"2026-09-11T17:29:05.880347-07:00","Action":"output","Package":"github.com/JDinSeattle/forge-runtime/internal/application","Test":"TestTextBatchExactUnicodeAndEscaping/original_chinese_boundary","Output":"=== RUN   TestTextBatchExactUnicodeAndEscaping/original_chinese_boundary\n"}
{"Time":"2026-09-11T17:29:05.958432322-07:00","Action":"output","Package":"github.com/JDinSeattle/forge-runtime/internal/application","Test":"TestTextBatchExactUnicodeAndEscaping/original_chinese_boundary","Output":"--- PASS: TestTextBatchExactUnicodeAndEscaping/original_chinese_boundary (0.08s)\n"}
{"Time":"2026-09-11T17:29:05.95846094-07:00","Action":"pass","Package":"github.com/JDinSeattle/forge-runtime/internal/application","Test":"TestTextBatchExactUnicodeAndEscaping/original_chinese_boundary","Elapsed":0.08}
{"Time":"2026-09-11T17:29:05.958469647-07:00","Action":"run","Package":"github.com/JDinSeattle/forge-runtime/internal/application","Test":"TestTextBatchExactUnicodeAndEscaping/emoji_boundary"}
{"Time":"2026-09-11T17:29:05.958473698-07:00","Action":"output","Package":"github.com/JDinSeattle/forge-runtime/internal/application","Test":"TestTextBatchExactUnicodeAndEscaping/emoji_boundary","Output":"=== RUN   TestTextBatchExactUnicodeAndEscaping/emoji_boundary\n"}
{"Time":"2026-09-11T17:29:06.059137785-07:00","Action":"output","Package":"github.com/JDinSeattle/forge-runtime/internal/application","Test":"TestTextBatchExactUnicodeAndEscaping/emoji_boundary","Output":"--- PASS: TestTextBatchExactUnicodeAndEscaping/emoji_boundary (0.10s)\n"}
{"Time":"2026-09-11T17:29:06.059162688-07:00","Action":"pass","Package":"github.com/JDinSeattle/forge-runtime/internal/application","Test":"TestTextBatchExactUnicodeAndEscaping/emoji_boundary","Elapsed":0.1}
{"Time":"2026-09-11T17:29:06.059167501-07:00","Action":"run","Package":"github.com/JDinSeattle/forge-runtime/internal/application","Test":"TestTextBatchExactUnicodeAndEscaping/html_expansion"}
{"Time":"2026-09-11T17:29:06.059169587-07:00","Action":"output","Package":"github.com/JDinSeattle/forge-runtime/internal/application","Test":"TestTextBatchExactUnicodeAndEscaping/html_expansion","Output":"=== RUN   TestTextBatchExactUnicodeAndEscaping/html_expansion\n"}
{"Time":"2026-09-11T17:29:06.17991534-07:00","Action":"output","Package":"github.com/JDinSeattle/forge-runtime/internal/application","Test":"TestTextBatchExactUnicodeAndEscaping/html_expansion","Output":"--- PASS: TestTextBatchExactUnicodeAndEscaping/html_expansion (0.12s)\n"}
{"Time":"2026-09-11T17:29:06.179944872-07:00","Action":"pass","Package":"github.com/JDinSeattle/forge-runtime/internal/application","Test":"TestTextBatchExactUnicodeAndEscaping/html_expansion","Elapsed":0.12}
{"Time":"2026-09-11T17:29:06.17994987-07:00","Action":"run","Package":"github.com/JDinSeattle/forge-runtime/internal/application","Test":"TestTextBatchExactUnicodeAndEscaping/all_escaping"}
{"Time":"2026-09-11T17:29:06.179951793-07:00","Action":"output","Package":"github.com/JDinSeattle/forge-runtime/internal/application","Test":"TestTextBatchExactUnicodeAndEscaping/all_escaping","Output":"=== RUN   TestTextBatchExactUnicodeAndEscaping/all_escaping\n"}
{"Time":"2026-09-11T17:29:06.548310868-07:00","Action":"output","Package":"github.com/JDinSeattle/forge-runtime/internal/application","Test":"TestTextBatchExactUnicodeAndEscaping/all_escaping","Output":"--- PASS: TestTextBatchExactUnicodeAndEscaping/all_escaping (0.37s)\n"}
{"Time":"2026-09-11T17:29:06.548345385-07:00","Action":"pass","Package":"github.com/JDinSeattle/forge-runtime/internal/application","Test":"TestTextBatchExactUnicodeAndEscaping/all_escaping","Elapsed":0.37}
{"Time":"2026-09-11T17:29:06.548355292-07:00","Action":"output","Package":"github.com/JDinSeattle/forge-runtime/internal/application","Test":"TestTextBatchExactUnicodeAndEscaping","Output":"--- PASS: TestTextBatchExactUnicodeAndEscaping (0.67s)\n"}
{"Time":"2026-09-11T17:29:06.548368223-07:00","Action":"pass","Package":"github.com/JDinSeattle/forge-runtime/internal/application","Test":"TestTextBatchExactUnicodeAndEscaping","Elapsed":0.67}
{"Time":"2026-09-11T17:29:06.548372084-07:00","Action":"run","Package":"github.com/JDinSeattle/forge-runtime/internal/application","Test":"TestTextBatchCloseAndConsumerFailureNeverReplay"}
{"Time":"2026-09-11T17:29:06.548374941-07:00","Action":"output","Package":"github.com/JDinSeattle/forge-runtime/internal/application","Test":"TestTextBatchCloseAndConsumerFailureNeverReplay","Output":"=== RUN   TestTextBatchCloseAndConsumerFailureNeverReplay\n"}
{"Time":"2026-09-11T17:29:06.548377956-07:00","Action":"run","Package":"github.com/JDinSeattle/forge-runtime/internal/application","Test":"TestTextBatchCloseAndConsumerFailureNeverReplay/size"}
{"Time":"2026-09-11T17:29:06.548381961-07:00","Action":"output","Package":"github.com/JDinSeattle/forge-runtime/internal/application","Test":"TestTextBatchCloseAndConsumerFailureNeverReplay/size","Output":"=== RUN   TestTextBatchCloseAndConsumerFailureNeverReplay/size\n"}
{"Time":"2026-09-11T17:29:06.548399295-07:00","Action":"output","Package":"github.com/JDinSeattle/forge-runtime/internal/application","Test":"TestTextBatchCloseAndConsumerFailureNeverReplay/size","Output":"--- PASS: TestTextBatchCloseAndConsumerFailureNeverReplay/size (0.00s)\n"}
{"Time":"2026-09-11T17:29:06.548405794-07:00","Action":"pass","Package":"github.com/JDinSeattle/forge-runtime/internal/application","Test":"TestTextBatchCloseAndConsumerFailureNeverReplay/size","Elapsed":0}
{"Time":"2026-09-11T17:29:06.548411192-07:00","Action":"run","Package":"github.com/JDinSeattle/forge-runtime/internal/application","Test":"TestTextBatchCloseAndConsumerFailureNeverReplay/close"}
{"Time":"2026-09-11T17:29:06.548414939-07:00","Action":"output","Package":"github.com/JDinSeattle/forge-runtime/internal/application","Test":"TestTextBatchCloseAndConsumerFailureNeverReplay/close","Output":"=== RUN   TestTextBatchCloseAndConsumerFailureNeverReplay/close\n"}
{"Time":"2026-09-11T17:29:06.54846304-07:00","Action":"output","Package":"github.com/JDinSeattle/forge-runtime/internal/application","Test":"TestTextBatchCloseAndConsumerFailureNeverReplay/close","Output":"--- PASS: TestTextBatchCloseAndConsumerFailureNeverReplay/close (0.00s)\n"}
{"Time":"2026-09-11T17:29:06.548479937-07:00","Action":"pass","Package":"github.com/JDinSeattle/forge-runtime/internal/application","Test":"TestTextBatchCloseAndConsumerFailureNeverReplay/close","Elapsed":0}
{"Time":"2026-09-11T17:29:06.548483428-07:00","Action":"run","Package":"github.com/JDinSeattle/forge-runtime/internal/application","Test":"TestTextBatchCloseAndConsumerFailureNeverReplay/timer"}
{"Time":"2026-09-11T17:29:06.548485214-07:00","Action":"output","Package":"github.com/JDinSeattle/forge-runtime/internal/application","Test":"TestTextBatchCloseAndConsumerFailureNeverReplay/timer","Output":"=== RUN   TestTextBatchCloseAndConsumerFailureNeverReplay/timer\n"}
{"Time":"2026-09-11T17:29:06.559623217-07:00","Action":"output","Package":"github.com/JDinSeattle/forge-runtime/internal/application","Test":"TestTextBatchCloseAndConsumerFailureNeverReplay/timer","Output":"--- PASS: TestTextBatchCloseAndConsumerFailureNeverReplay/timer (0.01s)\n"}
{"Time":"2026-09-11T17:29:06.559635325-07:00","Action":"pass","Package":"github.com/JDinSeattle/forge-runtime/internal/application","Test":"TestTextBatchCloseAndConsumerFailureNeverReplay/timer","Elapsed":0.01}
{"Time":"2026-09-11T17:29:06.559652782-07:00","Action":"output","Package":"github.com/JDinSeattle/forge-runtime/internal/application","Test":"TestTextBatchCloseAndConsumerFailureNeverReplay","Output":"--- PASS: TestTextBatchCloseAndConsumerFailureNeverReplay (0.01s)\n"}
{"Time":"2026-09-11T17:29:06.559661194-07:00","Action":"pass","Package":"github.com/JDinSeattle/forge-runtime/internal/application","Test":"TestTextBatchCloseAndConsumerFailureNeverReplay","Elapsed":0.01}
{"Time":"2026-09-11T17:29:06.559675145-07:00","Action":"run","Package":"github.com/JDinSeattle/forge-runtime/internal/application","Test":"TestTextBatchRejectsInvalidUTF8WithoutReplacement"}
{"Time":"2026-09-11T17:29:06.559684428-07:00","Action":"output","Package":"github.com/JDinSeattle/forge-runtime/internal/application","Test":"TestTextBatchRejectsInvalidUTF8WithoutReplacement","Output":"=== RUN   TestTextBatchRejectsInvalidUTF8WithoutReplacement\n"}
{"Time":"2026-09-11T17:29:06.559734337-07:00","Action":"output","Package":"github.com/JDinSeattle/forge-runtime/internal/application","Test":"TestTextBatchRejectsInvalidUTF8WithoutReplacement","Output":"--- PASS: TestTextBatchRejectsInvalidUTF8WithoutReplacement (0.00s)\n"}
{"Time":"2026-09-11T17:29:06.559738446-07:00","Action":"pass","Package":"github.com/JDinSeattle/forge-runtime/internal/application","Test":"TestTextBatchRejectsInvalidUTF8WithoutReplacement","Elapsed":0}
{"Time":"2026-09-11T17:29:06.559757039-07:00","Action":"output","Package":"github.com/JDinSeattle/forge-runtime/internal/application","Output":"PASS\n"}
{"Time":"2026-09-11T17:29:07.574095022-07:00","Action":"output","Package":"github.com/JDinSeattle/forge-runtime/internal/application","Output":"ok  \tgithub.com/JDinSeattle/forge-runtime/internal/application\t103.069s\n"}
{"Time":"2026-09-11T17:29:07.574171125-07:00","Action":"pass","Package":"github.com/JDinSeattle/forge-runtime/internal/application","Elapsed":103.069}
