{"Time":"2026-09-11T16:34:58.252391799-07:00","Action":"start","Package":"github.com/JDinSeattle/forge-runtime/benchmarks"}
{"Time":"2026-09-11T16:34:58.252531487-07:00","Action":"start","Package":"github.com/JDinSeattle/forge-runtime/cmd/forge"}
{"Time":"2026-09-11T16:34:58.252692437-07:00","Action":"start","Package":"github.com/JDinSeattle/forge-runtime/cmd/forge-admin"}
{"Time":"2026-09-11T16:34:58.252818331-07:00","Action":"start","Package":"github.com/JDinSeattle/forge-runtime/cmd/forge-api"}
{"Time":"2026-09-11T16:34:58.252725717-07:00","Action":"output","Package":"github.com/JDinSeattle/forge-runtime/cmd/forge-admin","Output":"?   \tgithub.com/JDinSeattle/forge-runtime/cmd/forge-admin\t[no test files]\n"}
{"Time":"2026-09-11T16:34:58.252887972-07:00","Action":"start","Package":"github.com/JDinSeattle/forge-runtime/cmd/forge-runner"}
{"Time":"2026-09-11T16:34:58.252888424-07:00","Action":"skip","Package":"github.com/JDinSeattle/forge-runtime/cmd/forge-admin","Elapsed":0}
{"Time":"2026-09-11T16:34:58.25284075-07:00","Action":"output","Package":"github.com/JDinSeattle/forge-runtime/cmd/forge-api","Output":"?   \tgithub.com/JDinSeattle/forge-runtime/cmd/forge-api\t[no test files]\n"}
{"Time":"2026-09-11T16:34:58.252903034-07:00","Action":"skip","Package":"github.com/JDinSeattle/forge-runtime/cmd/forge-api","Elapsed":0}
{"Time":"2026-09-11T16:34:58.252910779-07:00","Action":"start","Package":"github.com/JDinSeattle/forge-runtime/cmd/forge-worker"}
{"Time":"2026-09-11T16:34:58.252916177-07:00","Action":"output","Package":"github.com/JDinSeattle/forge-runtime/cmd/forge-worker","Output":"?   \tgithub.com/JDinSeattle/forge-runtime/cmd/forge-worker\t[no test files]\n"}
{"Time":"2026-09-11T16:34:58.252921356-07:00","Action":"skip","Package":"github.com/JDinSeattle/forge-runtime/cmd/forge-worker","Elapsed":0}
{"Time":"2026-09-11T16:34:58.252927294-07:00","Action":"start","Package":"github.com/JDinSeattle/forge-runtime/db"}
{"Time":"2026-09-11T16:34:58.252931665-07:00","Action":"output","Package":"github.com/JDinSeattle/forge-runtime/db","Output":"?   \tgithub.com/JDinSeattle/forge-runtime/db\t[no test files]\n"}
{"Time":"2026-09-11T16:34:58.252936386-07:00","Action":"skip","Package":"github.com/JDinSeattle/forge-runtime/db","Elapsed":0}
{"Time":"2026-09-11T16:34:58.252940921-07:00","Action":"start","Package":"github.com/JDinSeattle/forge-runtime/internal/application"}
{"Time":"2026-09-11T16:34:58.253011639-07:00","Action":"start","Package":"github.com/JDinSeattle/forge-runtime/internal/artifact"}
{"Time":"2026-09-11T16:34:58.261414899-07:00","Action":"run","Package":"github.com/JDinSeattle/forge-runtime/cmd/forge","Test":"TestSubmitUncertaintyRetainsKeyWithoutAutomaticReplay"}
{"Time":"2026-09-11T16:34:58.261453969-07:00","Action":"output","Package":"github.com/JDinSeattle/forge-runtime/cmd/forge","Test":"TestSubmitUncertaintyRetainsKeyWithoutAutomaticReplay","Output":"=== RUN   TestSubmitUncertaintyRetainsKeyWithoutAutomaticReplay\n"}
{"Time":"2026-09-11T16:34:58.262132344-07:00","Action":"run","Package":"github.com/JDinSeattle/forge-runtime/internal/artifact","Test":"TestPutDeadlineUnblocksClosableInputAndReleasesPublication"}
{"Time":"2026-09-11T16:34:58.262176618-07:00","Action":"output","Package":"github.com/JDinSeattle/forge-runtime/internal/artifact","Test":"TestPutDeadlineUnblocksClosableInputAndReleasesPublication","Output":"=== RUN   TestPutDeadlineUnblocksClosableInputAndReleasesPublication\n"}
{"Time":"2026-09-11T16:34:58.26400522-07:00","Action":"run","Package":"github.com/JDinSeattle/forge-runtime/cmd/forge-runner","Test":"TestFaultPlanRejectsUnsafeScopeAndLocation"}
{"Time":"2026-09-11T16:34:58.264008657-07:00","Action":"output","Package":"github.com/JDinSeattle/forge-runtime/cmd/forge-runner","Test":"TestFaultPlanRejectsUnsafeScopeAndLocation","Output":"=== RUN   TestFaultPlanRejectsUnsafeScopeAndLocation\n"}
{"Time":"2026-09-11T16:34:58.26402334-07:00","Action":"run","Package":"github.com/JDinSeattle/forge-runtime/cmd/forge-runner","Test":"TestFaultPlanRejectsUnsafeScopeAndLocation/point"}
{"Time":"2026-09-11T16:34:58.264025129-07:00","Action":"output","Package":"github.com/JDinSeattle/forge-runtime/cmd/forge-runner","Test":"TestFaultPlanRejectsUnsafeScopeAndLocation/point","Output":"=== RUN   TestFaultPlanRejectsUnsafeScopeAndLocation/point\n"}
{"Time":"2026-09-11T16:34:58.264462721-07:00","Action":"output","Package":"github.com/JDinSeattle/forge-runtime/cmd/forge-runner","Test":"TestFaultPlanRejectsUnsafeScopeAndLocation/point","Output":"--- PASS: TestFaultPlanRejectsUnsafeScopeAndLocation/point (0.00s)\n"}
{"Time":"2026-09-11T16:34:58.264472494-07:00","Action":"pass","Package":"github.com/JDinSeattle/forge-runtime/cmd/forge-runner","Test":"TestFaultPlanRejectsUnsafeScopeAndLocation/point","Elapsed":0}
{"Time":"2026-09-11T16:34:58.264482986-07:00","Action":"run","Package":"github.com/JDinSeattle/forge-runtime/cmd/forge-runner","Test":"TestFaultPlanRejectsUnsafeScopeAndLocation/operation"}
{"Time":"2026-09-11T16:34:58.264484859-07:00","Action":"output","Package":"github.com/JDinSeattle/forge-runtime/cmd/forge-runner","Test":"TestFaultPlanRejectsUnsafeScopeAndLocation/operation","Output":"=== RUN   TestFaultPlanRejectsUnsafeScopeAndLocation/operation\n"}
{"Time":"2026-09-11T16:34:58.264737752-07:00","Action":"output","Package":"github.com/JDinSeattle/forge-runtime/cmd/forge-runner","Test":"TestFaultPlanRejectsUnsafeScopeAndLocation/operation","Output":"--- PASS: TestFaultPlanRejectsUnsafeScopeAndLocation/operation (0.00s)\n"}
{"Time":"2026-09-11T16:34:58.264746004-07:00","Action":"pass","Package":"github.com/JDinSeattle/forge-runtime/cmd/forge-runner","Test":"TestFaultPlanRejectsUnsafeScopeAndLocation/operation","Elapsed":0}
{"Time":"2026-09-11T16:34:58.264754695-07:00","Action":"run","Package":"github.com/JDinSeattle/forge-runtime/cmd/forge-runner","Test":"TestFaultPlanRejectsUnsafeScopeAndLocation/epoch"}
{"Time":"2026-09-11T16:34:58.264756496-07:00","Action":"output","Package":"github.com/JDinSeattle/forge-runtime/cmd/forge-runner","Test":"TestFaultPlanRejectsUnsafeScopeAndLocation/epoch","Output":"=== RUN   TestFaultPlanRejectsUnsafeScopeAndLocation/epoch\n"}
{"Time":"2026-09-11T16:34:58.264974758-07:00","Action":"output","Package":"github.com/JDinSeattle/forge-runtime/cmd/forge-runner","Test":"TestFaultPlanRejectsUnsafeScopeAndLocation/epoch","Output":"--- PASS: TestFaultPlanRejectsUnsafeScopeAndLocation/epoch (0.00s)\n"}
{"Time":"2026-09-11T16:34:58.264980823-07:00","Action":"pass","Package":"github.com/JDinSeattle/forge-runtime/cmd/forge-runner","Test":"TestFaultPlanRejectsUnsafeScopeAndLocation/epoch","Elapsed":0}
{"Time":"2026-09-11T16:34:58.264988732-07:00","Action":"run","Package":"github.com/JDinSeattle/forge-runtime/cmd/forge-runner","Test":"TestFaultPlanRejectsUnsafeScopeAndLocation/expired"}
{"Time":"2026-09-11T16:34:58.26499053-07:00","Action":"output","Package":"github.com/JDinSeattle/forge-runtime/cmd/forge-runner","Test":"TestFaultPlanRejectsUnsafeScopeAndLocation/expired","Output":"=== RUN   TestFaultPlanRejectsUnsafeScopeAndLocation/expired\n"}
{"Time":"2026-09-11T16:34:58.265207388-07:00","Action":"output","Package":"github.com/JDinSeattle/forge-runtime/cmd/forge-runner","Test":"TestFaultPlanRejectsUnsafeScopeAndLocation/expired","Output":"--- PASS: TestFaultPlanRejectsUnsafeScopeAndLocation/expired (0.00s)\n"}
{"Time":"2026-09-11T16:34:58.265216762-07:00","Action":"pass","Package":"github.com/JDinSeattle/forge-runtime/cmd/forge-runner","Test":"TestFaultPlanRejectsUnsafeScopeAndLocation/expired","Elapsed":0}
{"Time":"2026-09-11T16:34:58.265223863-07:00","Action":"run","Package":"github.com/JDinSeattle/forge-runtime/cmd/forge-runner","Test":"TestFaultPlanRejectsUnsafeScopeAndLocation/long_expiry"}
{"Time":"2026-09-11T16:34:58.265225755-07:00","Action":"output","Package":"github.com/JDinSeattle/forge-runtime/cmd/forge-runner","Test":"TestFaultPlanRejectsUnsafeScopeAndLocation/long_expiry","Output":"=== RUN   TestFaultPlanRejectsUnsafeScopeAndLocation/long_expiry\n"}
{"Time":"2026-09-11T16:34:58.265442378-07:00","Action":"output","Package":"github.com/JDinSeattle/forge-runtime/cmd/forge-runner","Test":"TestFaultPlanRejectsUnsafeScopeAndLocation/long_expiry","Output":"--- PASS: TestFaultPlanRejectsUnsafeScopeAndLocation/long_expiry (0.00s)\n"}
{"Time":"2026-09-11T16:34:58.265449071-07:00","Action":"pass","Package":"github.com/JDinSeattle/forge-runtime/cmd/forge-runner","Test":"TestFaultPlanRejectsUnsafeScopeAndLocation/long_expiry","Elapsed":0}
{"Time":"2026-09-11T16:34:58.265457977-07:00","Action":"run","Package":"github.com/JDinSeattle/forge-runtime/cmd/forge-runner","Test":"TestFaultPlanRejectsUnsafeScopeAndLocation/long_delay"}
{"Time":"2026-09-11T16:34:58.265459678-07:00","Action":"output","Package":"github.com/JDinSeattle/forge-runtime/cmd/forge-runner","Test":"TestFaultPlanRejectsUnsafeScopeAndLocation/long_delay","Output":"=== RUN   TestFaultPlanRejectsUnsafeScopeAndLocation/long_delay\n"}
{"Time":"2026-09-11T16:34:58.265688918-07:00","Action":"output","Package":"github.com/JDinSeattle/forge-runtime/cmd/forge-runner","Test":"TestFaultPlanRejectsUnsafeScopeAndLocation/long_delay","Output":"--- PASS: TestFaultPlanRejectsUnsafeScopeAndLocation/long_delay (0.00s)\n"}
{"Time":"2026-09-11T16:34:58.265705644-07:00","Action":"pass","Package":"github.com/JDinSeattle/forge-runtime/cmd/forge-runner","Test":"TestFaultPlanRejectsUnsafeScopeAndLocation/long_delay","Elapsed":0}
{"Time":"2026-09-11T16:34:58.265712059-07:00","Action":"run","Package":"github.com/JDinSeattle/forge-runtime/cmd/forge-runner","Test":"TestFaultPlanRejectsUnsafeScopeAndLocation/public"}
{"Time":"2026-09-11T16:34:58.265716872-07:00","Action":"output","Package":"github.com/JDinSeattle/forge-runtime/cmd/forge-runner","Test":"TestFaultPlanRejectsUnsafeScopeAndLocation/public","Output":"=== RUN   TestFaultPlanRejectsUnsafeScopeAndLocation/public\n"}
{"Time":"2026-09-11T16:34:58.26588625-07:00","Action":"output","Package":"github.com/JDinSeattle/forge-runtime/cmd/forge-runner","Test":"TestFaultPlanRejectsUnsafeScopeAndLocation/public","Output":"--- PASS: TestFaultPlanRejectsUnsafeScopeAndLocation/public (0.00s)\n"}
{"Time":"2026-09-11T16:34:58.265893134-07:00","Action":"pass","Package":"github.com/JDinSeattle/forge-runtime/cmd/forge-runner","Test":"TestFaultPlanRejectsUnsafeScopeAndLocation/public","Elapsed":0}
{"Time":"2026-09-11T16:34:58.265898122-07:00","Action":"run","Package":"github.com/JDinSeattle/forge-runtime/cmd/forge-runner","Test":"TestFaultPlanRejectsUnsafeScopeAndLocation/symlink"}
{"Time":"2026-09-11T16:34:58.265899657-07:00","Action":"output","Package":"github.com/JDinSeattle/forge-runtime/cmd/forge-runner","Test":"TestFaultPlanRejectsUnsafeScopeAndLocation/symlink","Output":"=== RUN   TestFaultPlanRejectsUnsafeScopeAndLocation/symlink\n"}
{"Time":"2026-09-11T16:34:58.266094532-07:00","Action":"output","Package":"github.com/JDinSeattle/forge-runtime/cmd/forge-runner","Test":"TestFaultPlanRejectsUnsafeScopeAndLocation/symlink","Output":"--- PASS: TestFaultPlanRejectsUnsafeScopeAndLocation/symlink (0.00s)\n"}
{"Time":"2026-09-11T16:34:58.266099573-07:00","Action":"pass","Package":"github.com/JDinSeattle/forge-runtime/cmd/forge-runner","Test":"TestFaultPlanRejectsUnsafeScopeAndLocation/symlink","Elapsed":0}
{"Time":"2026-09-11T16:34:58.266109269-07:00","Action":"run","Package":"github.com/JDinSeattle/forge-runtime/cmd/forge-runner","Test":"TestFaultPlanRejectsUnsafeScopeAndLocation/outside"}
{"Time":"2026-09-11T16:34:58.266111159-07:00","Action":"output","Package":"github.com/JDinSeattle/forge-runtime/cmd/forge-runner","Test":"TestFaultPlanRejectsUnsafeScopeAndLocation/outside","Output":"=== RUN   TestFaultPlanRejectsUnsafeScopeAndLocation/outside\n"}
{"Time":"2026-09-11T16:34:58.266260723-07:00","Action":"output","Package":"github.com/JDinSeattle/forge-runtime/cmd/forge-runner","Test":"TestFaultPlanRejectsUnsafeScopeAndLocation/outside","Output":"--- PASS: TestFaultPlanRejectsUnsafeScopeAndLocation/outside (0.00s)\n"}
{"Time":"2026-09-11T16:34:58.266268944-07:00","Action":"pass","Package":"github.com/JDinSeattle/forge-runtime/cmd/forge-runner","Test":"TestFaultPlanRejectsUnsafeScopeAndLocation/outside","Elapsed":0}
{"Time":"2026-09-11T16:34:58.266288249-07:00","Action":"output","Package":"github.com/JDinSeattle/forge-runtime/cmd/forge-runner","Test":"TestFaultPlanRejectsUnsafeScopeAndLocation","Output":"--- PASS: TestFaultPlanRejectsUnsafeScopeAndLocation (0.00s)\n"}
{"Time":"2026-09-11T16:34:58.26629381-07:00","Action":"pass","Package":"github.com/JDinSeattle/forge-runtime/cmd/forge-runner","Test":"TestFaultPlanRejectsUnsafeScopeAndLocation","Elapsed":0}
{"Time":"2026-09-11T16:34:58.266305581-07:00","Action":"run","Package":"github.com/JDinSeattle/forge-runtime/cmd/forge-runner","Test":"TestFaultPlanExactScopeOneShotAcrossReload"}
{"Time":"2026-09-11T16:34:58.266307659-07:00","Action":"output","Package":"github.com/JDinSeattle/forge-runtime/cmd/forge-runner","Test":"TestFaultPlanExactScopeOneShotAcrossReload","Output":"=== RUN   TestFaultPlanExactScopeOneShotAcrossReload\n"}
{"Time":"2026-09-11T16:34:58.275836167-07:00","Action":"run","Package":"github.com/JDinSeattle/forge-runtime/internal/application","Test":"TestPrepareCapacityRequeuesAtomically"}
{"Time":"2026-09-11T16:34:58.275861503-07:00","Action":"output","Package":"github.com/JDinSeattle/forge-runtime/internal/application","Test":"TestPrepareCapacityRequeuesAtomically","Output":"=== RUN   TestPrepareCapacityRequeuesAtomically\n"}
{"Time":"2026-09-11T16:34:58.276924681-07:00","Action":"output","Package":"github.com/JDinSeattle/forge-runtime/cmd/forge-runner","Test":"TestFaultPlanExactScopeOneShotAcrossReload","Output":"--- PASS: TestFaultPlanExactScopeOneShotAcrossReload (0.01s)\n"}
{"Time":"2026-09-11T16:34:58.276947226-07:00","Action":"pass","Package":"github.com/JDinSeattle/forge-runtime/cmd/forge-runner","Test":"TestFaultPlanExactScopeOneShotAcrossReload","Elapsed":0.01}
{"Time":"2026-09-11T16:34:58.276958247-07:00","Action":"output","Package":"github.com/JDinSeattle/forge-runtime/cmd/forge-runner","Output":"PASS\n"}
{"Time":"2026-09-11T16:34:58.280706275-07:00","Action":"run","Package":"github.com/JDinSeattle/forge-runtime/benchmarks","Test":"TestSubmissionResponseLossEvidence"}
{"Time":"2026-09-11T16:34:58.28072762-07:00","Action":"output","Package":"github.com/JDinSeattle/forge-runtime/benchmarks","Test":"TestSubmissionResponseLossEvidence","Output":"=== RUN   TestSubmissionResponseLossEvidence\n"}
{"Time":"2026-09-11T16:34:58.280770832-07:00","Action":"output","Package":"github.com/JDinSeattle/forge-runtime/benchmarks","Test":"TestSubmissionResponseLossEvidence","Output":"    api_fault_test.go:199: set FORGE_RUN_API_FAULT=1 and FORGE_TEST_DATABASE_URL\n"}
{"Time":"2026-09-11T16:34:58.280821115-07:00","Action":"output","Package":"github.com/JDinSeattle/forge-runtime/benchmarks","Test":"TestSubmissionResponseLossEvidence","Output":"--- SKIP: TestSubmissionResponseLossEvidence (0.00s)\n"}
{"Time":"2026-09-11T16:34:58.28083812-07:00","Action":"skip","Package":"github.com/JDinSeattle/forge-runtime/benchmarks","Test":"TestSubmissionResponseLossEvidence","Elapsed":0}
{"Time":"2026-09-11T16:34:58.280851009-07:00","Action":"run","Package":"github.com/JDinSeattle/forge-runtime/benchmarks","Test":"TestSubmissionDropFixtureRequiresDurabilityAndIsScoped"}
{"Time":"2026-09-11T16:34:58.280855084-07:00","Action":"output","Package":"github.com/JDinSeattle/forge-runtime/benchmarks","Test":"TestSubmissionDropFixtureRequiresDurabilityAndIsScoped","Output":"=== RUN   TestSubmissionDropFixtureRequiresDurabilityAndIsScoped\n"}
{"Time":"2026-09-11T16:34:58.281051011-07:00","Action":"output","Package":"github.com/JDinSeattle/forge-runtime/benchmarks","Test":"TestSubmissionDropFixtureRequiresDurabilityAndIsScoped","Output":"--- PASS: TestSubmissionDropFixtureRequiresDurabilityAndIsScoped (0.00s)\n"}
{"Time":"2026-09-11T16:34:58.281058646-07:00","Action":"pass","Package":"github.com/JDinSeattle/forge-runtime/benchmarks","Test":"TestSubmissionDropFixtureRequiresDurabilityAndIsScoped","Elapsed":0}
{"Time":"2026-09-11T16:34:58.281073507-07:00","Action":"run","Package":"github.com/JDinSeattle/forge-runtime/benchmarks","Test":"TestSubmissionDropFixtureNeverLosesResponseWithoutCommitProof"}
{"Time":"2026-09-11T16:34:58.281078097-07:00","Action":"output","Package":"github.com/JDinSeattle/forge-runtime/benchmarks","Test":"TestSubmissionDropFixtureNeverLosesResponseWithoutCommitProof","Output":"=== RUN   TestSubmissionDropFixtureNeverLosesResponseWithoutCommitProof\n"}
{"Time":"2026-09-11T16:34:58.281175323-07:00","Action":"output","Package":"github.com/JDinSeattle/forge-runtime/benchmarks","Test":"TestSubmissionDropFixtureNeverLosesResponseWithoutCommitProof","Output":"--- PASS: TestSubmissionDropFixtureNeverLosesResponseWithoutCommitProof (0.00s)\n"}
{"Time":"2026-09-11T16:34:58.281183067-07:00","Action":"pass","Package":"github.com/JDinSeattle/forge-runtime/benchmarks","Test":"TestSubmissionDropFixtureNeverLosesResponseWithoutCommitProof","Elapsed":0}
{"Time":"2026-09-11T16:34:58.281196033-07:00","Action":"run","Package":"github.com/JDinSeattle/forge-runtime/benchmarks","Test":"TestSSEConnectionChurnEvidence"}
{"Time":"2026-09-11T16:34:58.2812005-07:00","Action":"output","Package":"github.com/JDinSeattle/forge-runtime/benchmarks","Test":"TestSSEConnectionChurnEvidence","Output":"=== RUN   TestSSEConnectionChurnEvidence\n"}
{"Time":"2026-09-11T16:34:58.281234014-07:00","Action":"output","Package":"github.com/JDinSeattle/forge-runtime/benchmarks","Test":"TestSSEConnectionChurnEvidence","Output":"    churn_test.go:52: set FORGE_RUN_BENCHMARK=1 and FORGE_TEST_DATABASE_URL\n"}
{"Time":"2026-09-11T16:34:58.281256033-07:00","Action":"output","Package":"github.com/JDinSeattle/forge-runtime/benchmarks","Test":"TestSSEConnectionChurnEvidence","Output":"--- SKIP: TestSSEConnectionChurnEvidence (0.00s)\n"}
{"Time":"2026-09-11T16:34:58.281269664-07:00","Action":"skip","Package":"github.com/JDinSeattle/forge-runtime/benchmarks","Test":"TestSSEConnectionChurnEvidence","Elapsed":0}
{"Time":"2026-09-11T16:34:58.281284863-07:00","Action":"run","Package":"github.com/JDinSeattle/forge-runtime/benchmarks","Test":"TestHTTPMetadataEvidence"}
{"Time":"2026-09-11T16:34:58.281289558-07:00","Action":"output","Package":"github.com/JDinSeattle/forge-runtime/benchmarks","Test":"TestHTTPMetadataEvidence","Output":"=== RUN   TestHTTPMetadataEvidence\n"}
{"Time":"2026-09-11T16:34:58.281340888-07:00","Action":"output","Package":"github.com/JDinSeattle/forge-runtime/benchmarks","Test":"TestHTTPMetadataEvidence","Output":"    http_test.go:31: opt-in fixed HTTP workload\n"}
{"Time":"2026-09-11T16:34:58.281361964-07:00","Action":"output","Package":"github.com/JDinSeattle/forge-runtime/benchmarks","Test":"TestHTTPMetadataEvidence","Output":"--- SKIP: TestHTTPMetadataEvidence (0.00s)\n"}
{"Time":"2026-09-11T16:34:58.28137328-07:00","Action":"skip","Package":"github.com/JDinSeattle/forge-runtime/benchmarks","Test":"TestHTTPMetadataEvidence","Elapsed":0}
{"Time":"2026-09-11T16:34:58.281383912-07:00","Action":"run","Package":"github.com/JDinSeattle/forge-runtime/benchmarks","Test":"TestK6MetadataEvidence"}
{"Time":"2026-09-11T16:34:58.281391726-07:00","Action":"output","Package":"github.com/JDinSeattle/forge-runtime/benchmarks","Test":"TestK6MetadataEvidence","Output":"=== RUN   TestK6MetadataEvidence\n"}
{"Time":"2026-09-11T16:34:58.281423845-07:00","Action":"output","Package":"github.com/JDinSeattle/forge-runtime/benchmarks","Test":"TestK6MetadataEvidence","Output":"    k6_test.go:22: opt-in actual k6 loopback workload\n"}
{"Time":"2026-09-11T16:34:58.281443781-07:00","Action":"output","Package":"github.com/JDinSeattle/forge-runtime/benchmarks","Test":"TestK6MetadataEvidence","Output":"--- SKIP: TestK6MetadataEvidence (0.00s)\n"}
{"Time":"2026-09-11T16:34:58.281456685-07:00","Action":"skip","Package":"github.com/JDinSeattle/forge-runtime/benchmarks","Test":"TestK6MetadataEvidence","Elapsed":0}
{"Time":"2026-09-11T16:34:58.281463633-07:00","Action":"run","Package":"github.com/JDinSeattle/forge-runtime/benchmarks","Test":"TestNativeStreamInterruptedLedgerEvidence"}
{"Time":"2026-09-11T16:34:58.281466408-07:00","Action":"output","Package":"github.com/JDinSeattle/forge-runtime/benchmarks","Test":"TestNativeStreamInterruptedLedgerEvidence","Output":"=== RUN   TestNativeStreamInterruptedLedgerEvidence\n"}
{"Time":"2026-09-11T16:34:58.281503517-07:00","Action":"output","Package":"github.com/JDinSeattle/forge-runtime/benchmarks","Test":"TestNativeStreamInterruptedLedgerEvidence","Output":"    model_stream_fault_test.go:293: set FORGE_RUN_MODEL_STREAM_FAULT=1 and FORGE_TEST_DATABASE_URL for local native HTTP/private PG acceptance\n"}
{"Time":"2026-09-11T16:34:58.281522142-07:00","Action":"output","Package":"github.com/JDinSeattle/forge-runtime/benchmarks","Test":"TestNativeStreamInterruptedLedgerEvidence","Output":"--- SKIP: TestNativeStreamInterruptedLedgerEvidence (0.00s)\n"}
{"Time":"2026-09-11T16:34:58.281535735-07:00","Action":"skip","Package":"github.com/JDinSeattle/forge-runtime/benchmarks","Test":"TestNativeStreamInterruptedLedgerEvidence","Elapsed":0}
{"Time":"2026-09-11T16:34:58.281542007-07:00","Action":"run","Package":"github.com/JDinSeattle/forge-runtime/benchmarks","Test":"TestInterruptedLedgerOracleRejectsReleasedExpense"}
{"Time":"2026-09-11T16:34:58.281544806-07:00","Action":"output","Package":"github.com/JDinSeattle/forge-runtime/benchmarks","Test":"TestInterruptedLedgerOracleRejectsReleasedExpense","Output":"=== RUN   TestInterruptedLedgerOracleRejectsReleasedExpense\n"}
{"Time":"2026-09-11T16:34:58.281759846-07:00","Action":"output","Package":"github.com/JDinSeattle/forge-runtime/benchmarks","Test":"TestInterruptedLedgerOracleRejectsReleasedExpense","Output":"--- PASS: TestInterruptedLedgerOracleRejectsReleasedExpense (0.00s)\n"}
{"Time":"2026-09-11T16:34:58.281767482-07:00","Action":"pass","Package":"github.com/JDinSeattle/forge-runtime/benchmarks","Test":"TestInterruptedLedgerOracleRejectsReleasedExpense","Elapsed":0}
{"Time":"2026-09-11T16:34:58.28178138-07:00","Action":"run","Package":"github.com/JDinSeattle/forge-runtime/benchmarks","Test":"TestSchedulerCompetitionEvidence"}
{"Time":"2026-09-11T16:34:58.281785706-07:00","Action":"output","Package":"github.com/JDinSeattle/forge-runtime/benchmarks","Test":"TestSchedulerCompetitionEvidence","Output":"=== RUN   TestSchedulerCompetitionEvidence\n"}
{"Time":"2026-09-11T16:34:58.281815474-07:00","Action":"output","Package":"github.com/JDinSeattle/forge-runtime/benchmarks","Test":"TestSchedulerCompetitionEvidence","Output":"    scheduler_test.go:66: set FORGE_RUN_BENCHMARK=1 and FORGE_TEST_DATABASE_URL for scoped benchmark\n"}
{"Time":"2026-09-11T16:34:58.281834478-07:00","Action":"output","Package":"github.com/JDinSeattle/forge-runtime/benchmarks","Test":"TestSchedulerCompetitionEvidence","Output":"--- SKIP: TestSchedulerCompetitionEvidence (0.00s)\n"}
{"Time":"2026-09-11T16:34:58.281846513-07:00","Action":"skip","Package":"github.com/JDinSeattle/forge-runtime/benchmarks","Test":"TestSchedulerCompetitionEvidence","Elapsed":0}
{"Time":"2026-09-11T16:34:58.281854051-07:00","Action":"run","Package":"github.com/JDinSeattle/forge-runtime/benchmarks","Test":"TestSSEP02IsolationEvidence"}
{"Time":"2026-09-11T16:34:58.281857648-07:00","Action":"output","Package":"github.com/JDinSeattle/forge-runtime/benchmarks","Test":"TestSSEP02IsolationEvidence","Output":"=== RUN   TestSSEP02IsolationEvidence\n"}
{"Time":"2026-09-11T16:34:58.281898651-07:00","Action":"output","Package":"github.com/JDinSeattle/forge-runtime/benchmarks","Test":"TestSSEP02IsolationEvidence","Output":"    sse_p02_test.go:247: set FORGE_RUN_P02_SSE=1 and FORGE_TEST_DATABASE_URL\n"}
{"Time":"2026-09-11T16:34:58.281919677-07:00","Action":"output","Package":"github.com/JDinSeattle/forge-runtime/benchmarks","Test":"TestSSEP02IsolationEvidence","Output":"--- SKIP: TestSSEP02IsolationEvidence (0.00s)\n"}
{"Time":"2026-09-11T16:34:58.281933306-07:00","Action":"skip","Package":"github.com/JDinSeattle/forge-runtime/benchmarks","Test":"TestSSEP02IsolationEvidence","Elapsed":0}
{"Time":"2026-09-11T16:34:58.281938872-07:00","Action":"run","Package":"github.com/JDinSeattle/forge-runtime/benchmarks","Test":"TestSSESustainedChurnEvidence"}
{"Time":"2026-09-11T16:34:58.281941974-07:00","Action":"output","Package":"github.com/JDinSeattle/forge-runtime/benchmarks","Test":"TestSSESustainedChurnEvidence","Output":"=== RUN   TestSSESustainedChurnEvidence\n"}
{"Time":"2026-09-11T16:34:58.281998719-07:00","Action":"output","Package":"github.com/JDinSeattle/forge-runtime/benchmarks","Test":"TestSSESustainedChurnEvidence","Output":"    sse_plateau_test.go:36: set FORGE_RUN_SUSTAINED_SSE=1 and FORGE_TEST_DATABASE_URL\n"}
{"Time":"2026-09-11T16:34:58.282016941-07:00","Action":"output","Package":"github.com/JDinSeattle/forge-runtime/benchmarks","Test":"TestSSESustainedChurnEvidence","Output":"--- SKIP: TestSSESustainedChurnEvidence (0.00s)\n"}
{"Time":"2026-09-11T16:34:58.282030986-07:00","Action":"skip","Package":"github.com/JDinSeattle/forge-runtime/benchmarks","Test":"TestSSESustainedChurnEvidence","Elapsed":0}
{"Time":"2026-09-11T16:34:58.282038384-07:00","Action":"run","Package":"github.com/JDinSeattle/forge-runtime/benchmarks","Test":"TestSSESteadyStateEvidence"}
{"Time":"2026-09-11T16:34:58.282041862-07:00","Action":"output","Package":"github.com/JDinSeattle/forge-runtime/benchmarks","Test":"TestSSESteadyStateEvidence","Output":"=== RUN   TestSSESteadyStateEvidence\n"}
{"Time":"2026-09-11T16:34:58.282077609-07:00","Action":"output","Package":"github.com/JDinSeattle/forge-runtime/benchmarks","Test":"TestSSESteadyStateEvidence","Output":"    sse_plateau_test.go:36: set FORGE_RUN_SUSTAINED_SSE=1 and FORGE_TEST_DATABASE_URL\n"}
{"Time":"2026-09-11T16:34:58.282094168-07:00","Action":"output","Package":"github.com/JDinSeattle/forge-runtime/benchmarks","Test":"TestSSESteadyStateEvidence","Output":"--- SKIP: TestSSESteadyStateEvidence (0.00s)\n"}
{"Time":"2026-09-11T16:34:58.282105546-07:00","Action":"skip","Package":"github.com/JDinSeattle/forge-runtime/benchmarks","Test":"TestSSESteadyStateEvidence","Elapsed":0}
{"Time":"2026-09-11T16:34:58.282113013-07:00","Action":"run","Package":"github.com/JDinSeattle/forge-runtime/benchmarks","Test":"TestSSESteadyStateOracle"}
{"Time":"2026-09-11T16:34:58.282116339-07:00","Action":"output","Package":"github.com/JDinSeattle/forge-runtime/benchmarks","Test":"TestSSESteadyStateOracle","Output":"=== RUN   TestSSESteadyStateOracle\n"}
{"Time":"2026-09-11T16:34:58.2822896-07:00","Action":"output","Package":"github.com/JDinSeattle/forge-runtime/benchmarks","Test":"TestSSESteadyStateOracle","Output":"--- PASS: TestSSESteadyStateOracle (0.00s)\n"}
{"Time":"2026-09-11T16:34:58.282295758-07:00","Action":"pass","Package":"github.com/JDinSeattle/forge-runtime/benchmarks","Test":"TestSSESteadyStateOracle","Elapsed":0}
{"Time":"2026-09-11T16:34:58.282307096-07:00","Action":"run","Package":"github.com/JDinSeattle/forge-runtime/benchmarks","Test":"TestSSEBackpressureEvidence"}
{"Time":"2026-09-11T16:34:58.282310958-07:00","Action":"output","Package":"github.com/JDinSeattle/forge-runtime/benchmarks","Test":"TestSSEBackpressureEvidence","Output":"=== RUN   TestSSEBackpressureEvidence\n"}
{"Time":"2026-09-11T16:34:58.282343435-07:00","Action":"output","Package":"github.com/JDinSeattle/forge-runtime/benchmarks","Test":"TestSSEBackpressureEvidence","Output":"    sse_sustained_test.go:428: set FORGE_RUN_SUSTAINED_SSE=1 and FORGE_TEST_DATABASE_URL\n"}
{"Time":"2026-09-11T16:34:58.282361076-07:00","Action":"output","Package":"github.com/JDinSeattle/forge-runtime/benchmarks","Test":"TestSSEBackpressureEvidence","Output":"--- SKIP: TestSSEBackpressureEvidence (0.00s)\n"}
{"Time":"2026-09-11T16:34:58.282372391-07:00","Action":"skip","Package":"github.com/JDinSeattle/forge-runtime/benchmarks","Test":"TestSSEBackpressureEvidence","Elapsed":0}
{"Time":"2026-09-11T16:34:58.282379942-07:00","Action":"run","Package":"github.com/JDinSeattle/forge-runtime/benchmarks","Test":"TestSSEPlateauOracle"}
{"Time":"2026-09-11T16:34:58.282383436-07:00","Action":"output","Package":"github.com/JDinSeattle/forge-runtime/benchmarks","Test":"TestSSEPlateauOracle","Output":"=== RUN   TestSSEPlateauOracle\n"}
{"Time":"2026-09-11T16:34:58.282428056-07:00","Action":"output","Package":"github.com/JDinSeattle/forge-runtime/benchmarks","Test":"TestSSEPlateauOracle","Output":"--- PASS: TestSSEPlateauOracle (0.00s)\n"}
{"Time":"2026-09-11T16:34:58.282436111-07:00","Action":"pass","Package":"github.com/JDinSeattle/forge-runtime/benchmarks","Test":"TestSSEPlateauOracle","Elapsed":0}
{"Time":"2026-09-11T16:34:58.282443389-07:00","Action":"run","Package":"github.com/JDinSeattle/forge-runtime/benchmarks","Test":"TestSSEFanoutEvidence"}
{"Time":"2026-09-11T16:34:58.282446876-07:00","Action":"output","Package":"github.com/JDinSeattle/forge-runtime/benchmarks","Test":"TestSSEFanoutEvidence","Output":"=== RUN   TestSSEFanoutEvidence\n"}
{"Time":"2026-09-11T16:34:58.282482128-07:00","Action":"output","Package":"github.com/JDinSeattle/forge-runtime/benchmarks","Test":"TestSSEFanoutEvidence","Output":"    sse_test.go:148: set FORGE_RUN_BENCHMARK=1 and FORGE_TEST_DATABASE_URL\n"}
{"Time":"2026-09-11T16:34:58.282500551-07:00","Action":"output","Package":"github.com/JDinSeattle/forge-runtime/benchmarks","Test":"TestSSEFanoutEvidence","Output":"--- SKIP: TestSSEFanoutEvidence (0.00s)\n"}
{"Time":"2026-09-11T16:34:58.282512005-07:00","Action":"skip","Package":"github.com/JDinSeattle/forge-runtime/benchmarks","Test":"TestSSEFanoutEvidence","Elapsed":0}
{"Time":"2026-09-11T16:34:58.282518092-07:00","Action":"run","Package":"github.com/JDinSeattle/forge-runtime/benchmarks","Test":"TestTerminalSimulationEvidence"}
{"Time":"2026-09-11T16:34:58.282521374-07:00","Action":"output","Package":"github.com/JDinSeattle/forge-runtime/benchmarks","Test":"TestTerminalSimulationEvidence","Output":"=== RUN   TestTerminalSimulationEvidence\n"}
{"Time":"2026-09-11T16:34:58.2825597-07:00","Action":"output","Package":"github.com/JDinSeattle/forge-runtime/benchmarks","Test":"TestTerminalSimulationEvidence","Output":"    terminal_test.go:86: set FORGE_RUN_TERMINAL_BENCHMARK=1 and the dedicated loopback database\n"}
{"Time":"2026-09-11T16:34:58.282579601-07:00","Action":"output","Package":"github.com/JDinSeattle/forge-runtime/benchmarks","Test":"TestTerminalSimulationEvidence","Output":"--- SKIP: TestTerminalSimulationEvidence (0.00s)\n"}
{"Time":"2026-09-11T16:34:58.282587565-07:00","Action":"skip","Package":"github.com/JDinSeattle/forge-runtime/benchmarks","Test":"TestTerminalSimulationEvidence","Elapsed":0}
{"Time":"2026-09-11T16:34:58.28260744-07:00","Action":"output","Package":"github.com/JDinSeattle/forge-runtime/benchmarks","Output":"PASS\n"}
{"Time":"2026-09-11T16:34:58.316036158-07:00","Action":"output","Package":"github.com/JDinSeattle/forge-runtime/internal/artifact","Test":"TestPutDeadlineUnblocksClosableInputAndReleasesPublication","Output":"--- PASS: TestPutDeadlineUnblocksClosableInputAndReleasesPublication (0.05s)\n"}
{"Time":"2026-09-11T16:34:58.316065085-07:00","Action":"pass","Package":"github.com/JDinSeattle/forge-runtime/internal/artifact","Test":"TestPutDeadlineUnblocksClosableInputAndReleasesPublication","Elapsed":0.05}
{"Time":"2026-09-11T16:34:58.316075398-07:00","Action":"run","Package":"github.com/JDinSeattle/forge-runtime/internal/artifact","Test":"TestArtifactReaderCancellationClosesOnceAndUnblocksRead"}
{"Time":"2026-09-11T16:34:58.316079269-07:00","Action":"output","Package":"github.com/JDinSeattle/forge-runtime/internal/artifact","Test":"TestArtifactReaderCancellationClosesOnceAndUnblocksRead","Output":"=== RUN   TestArtifactReaderCancellationClosesOnceAndUnblocksRead\n"}
{"Time":"2026-09-11T16:34:58.316036745-07:00","Action":"output","Package":"github.com/JDinSeattle/forge-runtime/cmd/forge","Test":"TestSubmitUncertaintyRetainsKeyWithoutAutomaticReplay","Output":"--- PASS: TestSubmitUncertaintyRetainsKeyWithoutAutomaticReplay (0.05s)\n"}
{"Time":"2026-09-11T16:34:58.316088269-07:00","Action":"pass","Package":"github.com/JDinSeattle/forge-runtime/cmd/forge","Test":"TestSubmitUncertaintyRetainsKeyWithoutAutomaticReplay","Elapsed":0.05}
{"Time":"2026-09-11T16:34:58.316093333-07:00","Action":"run","Package":"github.com/JDinSeattle/forge-runtime/cmd/forge","Test":"TestExplicitIdempotencyKeyBindsBody"}
{"Time":"2026-09-11T16:34:58.31609606-07:00","Action":"output","Package":"github.com/JDinSeattle/forge-runtime/cmd/forge","Test":"TestExplicitIdempotencyKeyBindsBody","Output":"=== RUN   TestExplicitIdempotencyKeyBindsBody\n"}
{"Time":"2026-09-11T16:34:58.323366904-07:00","Action":"output","Package":"github.com/JDinSeattle/forge-runtime/cmd/forge","Test":"TestExplicitIdempotencyKeyBindsBody","Output":"--- PASS: TestExplicitIdempotencyKeyBindsBody (0.01s)\n"}
{"Time":"2026-09-11T16:34:58.32340692-07:00","Action":"pass","Package":"github.com/JDinSeattle/forge-runtime/cmd/forge","Test":"TestExplicitIdempotencyKeyBindsBody","Elapsed":0.01}
{"Time":"2026-09-11T16:34:58.323416466-07:00","Action":"run","Package":"github.com/JDinSeattle/forge-runtime/cmd/forge","Test":"TestWatchReconnectDeduplicatesAndStopsAtFinished"}
{"Time":"2026-09-11T16:34:58.32341976-07:00","Action":"output","Package":"github.com/JDinSeattle/forge-runtime/cmd/forge","Test":"TestWatchReconnectDeduplicatesAndStopsAtFinished","Output":"=== RUN   TestWatchReconnectDeduplicatesAndStopsAtFinished\n"}
{"Time":"2026-09-11T16:34:58.325058452-07:00","Action":"output","Package":"github.com/JDinSeattle/forge-runtime/cmd/forge","Test":"TestWatchReconnectDeduplicatesAndStopsAtFinished","Output":"--- PASS: TestWatchReconnectDeduplicatesAndStopsAtFinished (0.00s)\n"}
{"Time":"2026-09-11T16:34:58.325079643-07:00","Action":"pass","Package":"github.com/JDinSeattle/forge-runtime/cmd/forge","Test":"TestWatchReconnectDeduplicatesAndStopsAtFinished","Elapsed":0}
{"Time":"2026-09-11T16:34:58.32508518-07:00","Action":"run","Package":"github.com/JDinSeattle/forge-runtime/cmd/forge","Test":"TestWatchExpiredCursorFetchesSnapshot"}
{"Time":"2026-09-11T16:34:58.325089156-07:00","Action":"output","Package":"github.com/JDinSeattle/forge-runtime/cmd/forge","Test":"TestWatchExpiredCursorFetchesSnapshot","Output":"=== RUN   TestWatchExpiredCursorFetchesSnapshot\n"}
{"Time":"2026-09-11T16:34:58.327871297-07:00","Action":"output","Package":"github.com/JDinSeattle/forge-runtime/cmd/forge","Test":"TestWatchExpiredCursorFetchesSnapshot","Output":"--- PASS: TestWatchExpiredCursorFetchesSnapshot (0.00s)\n"}
{"Time":"2026-09-11T16:34:58.327888501-07:00","Action":"pass","Package":"github.com/JDinSeattle/forge-runtime/cmd/forge","Test":"TestWatchExpiredCursorFetchesSnapshot","Elapsed":0}
{"Time":"2026-09-11T16:34:58.32789358-07:00","Action":"run","Package":"github.com/JDinSeattle/forge-runtime/cmd/forge","Test":"TestSSEBoundsAndPartialFrame"}
{"Time":"2026-09-11T16:34:58.327897214-07:00","Action":"output","Package":"github.com/JDinSeattle/forge-runtime/cmd/forge","Test":"TestSSEBoundsAndPartialFrame","Output":"=== RUN   TestSSEBoundsAndPartialFrame\n"}
{"Time":"2026-09-11T16:34:58.332087553-07:00","Action":"run","Package":"github.com/JDinSeattle/forge-runtime/cmd/forge","Test":"TestSSEBoundsAndPartialFrame/partial"}
{"Time":"2026-09-11T16:34:58.332113231-07:00","Action":"output","Package":"github.com/JDinSeattle/forge-runtime/cmd/forge","Test":"TestSSEBoundsAndPartialFrame/partial","Output":"=== RUN   TestSSEBoundsAndPartialFrame/partial\n"}
{"Time":"2026-09-11T16:34:58.332173804-07:00","Action":"output","Package":"github.com/JDinSeattle/forge-runtime/cmd/forge","Test":"TestSSEBoundsAndPartialFrame/partial","Output":"--- PASS: TestSSEBoundsAndPartialFrame/partial (0.00s)\n"}
{"Time":"2026-09-11T16:34:58.332184041-07:00","Action":"pass","Package":"github.com/JDinSeattle/forge-runtime/cmd/forge","Test":"TestSSEBoundsAndPartialFrame/partial","Elapsed":0}
{"Time":"2026-09-11T16:34:58.332200641-07:00","Action":"run","Package":"github.com/JDinSeattle/forge-runtime/cmd/forge","Test":"TestSSEBoundsAndPartialFrame/oversize"}
{"Time":"2026-09-11T16:34:58.33220553-07:00","Action":"output","Package":"github.com/JDinSeattle/forge-runtime/cmd/forge","Test":"TestSSEBoundsAndPartialFrame/oversize","Output":"=== RUN   TestSSEBoundsAndPartialFrame/oversize\n"}
{"Time":"2026-09-11T16:34:58.337619377-07:00","Action":"output","Package":"github.com/JDinSeattle/forge-runtime/cmd/forge","Test":"TestSSEBoundsAndPartialFrame/oversize","Output":"--- PASS: TestSSEBoundsAndPartialFrame/oversize (0.01s)\n"}
{"Time":"2026-09-11T16:34:58.337657182-07:00","Action":"pass","Package":"github.com/JDinSeattle/forge-runtime/cmd/forge","Test":"TestSSEBoundsAndPartialFrame/oversize","Elapsed":0.01}
{"Time":"2026-09-11T16:34:58.337673715-07:00","Action":"run","Package":"github.com/JDinSeattle/forge-runtime/cmd/forge","Test":"TestSSEBoundsAndPartialFrame/identity"}
{"Time":"2026-09-11T16:34:58.337678165-07:00","Action":"output","Package":"github.com/JDinSeattle/forge-runtime/cmd/forge","Test":"TestSSEBoundsAndPartialFrame/identity","Output":"=== RUN   TestSSEBoundsAndPartialFrame/identity\n"}
{"Time":"2026-09-11T16:34:58.337796138-07:00","Action":"output","Package":"github.com/JDinSeattle/forge-runtime/cmd/forge","Test":"TestSSEBoundsAndPartialFrame/identity","Output":"--- PASS: TestSSEBoundsAndPartialFrame/identity (0.00s)\n"}
{"Time":"2026-09-11T16:34:58.337806084-07:00","Action":"pass","Package":"github.com/JDinSeattle/forge-runtime/cmd/forge","Test":"TestSSEBoundsAndPartialFrame/identity","Elapsed":0}
{"Time":"2026-09-11T16:34:58.337823898-07:00","Action":"run","Package":"github.com/JDinSeattle/forge-runtime/cmd/forge","Test":"TestSSEBoundsAndPartialFrame/gap"}
{"Time":"2026-09-11T16:34:58.33782866-07:00","Action":"output","Package":"github.com/JDinSeattle/forge-runtime/cmd/forge","Test":"TestSSEBoundsAndPartialFrame/gap","Output":"=== RUN   TestSSEBoundsAndPartialFrame/gap\n"}
{"Time":"2026-09-11T16:34:58.337931757-07:00","Action":"output","Package":"github.com/JDinSeattle/forge-runtime/cmd/forge","Test":"TestSSEBoundsAndPartialFrame/gap","Output":"--- PASS: TestSSEBoundsAndPartialFrame/gap (0.00s)\n"}
{"Time":"2026-09-11T16:34:58.337945633-07:00","Action":"pass","Package":"github.com/JDinSeattle/forge-runtime/cmd/forge","Test":"TestSSEBoundsAndPartialFrame/gap","Elapsed":0}
{"Time":"2026-09-11T16:34:58.337961485-07:00","Action":"run","Package":"github.com/JDinSeattle/forge-runtime/cmd/forge","Test":"TestSSEBoundsAndPartialFrame/heartbeat"}
{"Time":"2026-09-11T16:34:58.337966131-07:00","Action":"output","Package":"github.com/JDinSeattle/forge-runtime/cmd/forge","Test":"TestSSEBoundsAndPartialFrame/heartbeat","Output":"=== RUN   TestSSEBoundsAndPartialFrame/heartbeat\n"}
{"Time":"2026-09-11T16:34:58.338075374-07:00","Action":"output","Package":"github.com/JDinSeattle/forge-runtime/cmd/forge","Test":"TestSSEBoundsAndPartialFrame/heartbeat","Output":"--- PASS: TestSSEBoundsAndPartialFrame/heartbeat (0.00s)\n"}
{"Time":"2026-09-11T16:34:58.338087943-07:00","Action":"pass","Package":"github.com/JDinSeattle/forge-runtime/cmd/forge","Test":"TestSSEBoundsAndPartialFrame/heartbeat","Elapsed":0}
{"Time":"2026-09-11T16:34:58.338109523-07:00","Action":"output","Package":"github.com/JDinSeattle/forge-runtime/cmd/forge","Test":"TestSSEBoundsAndPartialFrame","Output":"--- PASS: TestSSEBoundsAndPartialFrame (0.01s)\n"}
{"Time":"2026-09-11T16:34:58.338124643-07:00","Action":"pass","Package":"github.com/JDinSeattle/forge-runtime/cmd/forge","Test":"TestSSEBoundsAndPartialFrame","Elapsed":0.01}
{"Time":"2026-09-11T16:34:58.338142575-07:00","Action":"run","Package":"github.com/JDinSeattle/forge-runtime/cmd/forge","Test":"TestCredentialRedirectIsRefused"}
{"Time":"2026-09-11T16:34:58.338167669-07:00","Action":"output","Package":"github.com/JDinSeattle/forge-runtime/cmd/forge","Test":"TestCredentialRedirectIsRefused","Output":"=== RUN   TestCredentialRedirectIsRefused\n"}
{"Time":"2026-09-11T16:34:58.339736273-07:00","Action":"output","Package":"github.com/JDinSeattle/forge-runtime/cmd/forge","Test":"TestCredentialRedirectIsRefused","Output":"--- PASS: TestCredentialRedirectIsRefused (0.00s)\n"}
{"Time":"2026-09-11T16:34:58.3397539-07:00","Action":"pass","Package":"github.com/JDinSeattle/forge-runtime/cmd/forge","Test":"TestCredentialRedirectIsRefused","Elapsed":0}
{"Time":"2026-09-11T16:34:58.339759277-07:00","Action":"run","Package":"github.com/JDinSeattle/forge-runtime/cmd/forge","Test":"TestDownloadRejectsCorruptionAndPreservesDestination"}
{"Time":"2026-09-11T16:34:58.339762559-07:00","Action":"output","Package":"github.com/JDinSeattle/forge-runtime/cmd/forge","Test":"TestDownloadRejectsCorruptionAndPreservesDestination","Output":"=== RUN   TestDownloadRejectsCorruptionAndPreservesDestination\n"}
{"Time":"2026-09-11T16:34:58.346531278-07:00","Action":"output","Package":"github.com/JDinSeattle/forge-runtime/internal/artifact","Test":"TestArtifactReaderCancellationClosesOnceAndUnblocksRead","Output":"--- PASS: TestArtifactReaderCancellationClosesOnceAndUnblocksRead (0.03s)\n"}
{"Time":"2026-09-11T16:34:58.346572109-07:00","Action":"pass","Package":"github.com/JDinSeattle/forge-runtime/internal/artifact","Test":"TestArtifactReaderCancellationClosesOnceAndUnblocksRead","Elapsed":0.03}
{"Time":"2026-09-11T16:34:58.346582292-07:00","Action":"run","Package":"github.com/JDinSeattle/forge-runtime/internal/artifact","Test":"TestLocalOpenBudgetLivesUntilReaderClose"}
{"Time":"2026-09-11T16:34:58.346585739-07:00","Action":"output","Package":"github.com/JDinSeattle/forge-runtime/internal/artifact","Test":"TestLocalOpenBudgetLivesUntilReaderClose","Output":"=== RUN   TestLocalOpenBudgetLivesUntilReaderClose\n"}
{"Time":"2026-09-11T16:34:58.360716304-07:00","Action":"output","Package":"github.com/JDinSeattle/forge-runtime/cmd/forge","Test":"TestDownloadRejectsCorruptionAndPreservesDestination","Output":"--- PASS: TestDownloadRejectsCorruptionAndPreservesDestination (0.02s)\n"}
{"Time":"2026-09-11T16:34:58.360745976-07:00","Action":"pass","Package":"github.com/JDinSeattle/forge-runtime/cmd/forge","Test":"TestDownloadRejectsCorruptionAndPreservesDestination","Elapsed":0.02}
{"Time":"2026-09-11T16:34:58.360754351-07:00","Action":"run","Package":"github.com/JDinSeattle/forge-runtime/cmd/forge","Test":"TestApprovalUsesSavedBindingInsteadOfFetchingNewPermission"}
{"Time":"2026-09-11T16:34:58.360757883-07:00","Action":"output","Package":"github.com/JDinSeattle/forge-runtime/cmd/forge","Test":"TestApprovalUsesSavedBindingInsteadOfFetchingNewPermission","Output":"=== RUN   TestApprovalUsesSavedBindingInsteadOfFetchingNewPermission\n"}
{"Time":"2026-09-11T16:34:58.362853238-07:00","Action":"output","Package":"github.com/JDinSeattle/forge-runtime/cmd/forge","Test":"TestApprovalUsesSavedBindingInsteadOfFetchingNewPermission","Output":"--- PASS: TestApprovalUsesSavedBindingInsteadOfFetchingNewPermission (0.00s)\n"}
{"Time":"2026-09-11T16:34:58.36287292-07:00","Action":"pass","Package":"github.com/JDinSeattle/forge-runtime/cmd/forge","Test":"TestApprovalUsesSavedBindingInsteadOfFetchingNewPermission","Elapsed":0}
{"Time":"2026-09-11T16:34:58.362878833-07:00","Action":"run","Package":"github.com/JDinSeattle/forge-runtime/cmd/forge","Test":"TestSnapshotPreservesLargeNumbersInToolArguments"}
{"Time":"2026-09-11T16:34:58.362882149-07:00","Action":"output","Package":"github.com/JDinSeattle/forge-runtime/cmd/forge","Test":"TestSnapshotPreservesLargeNumbersInToolArguments","Output":"=== RUN   TestSnapshotPreservesLargeNumbersInToolArguments\n"}
{"Time":"2026-09-11T16:34:58.36305144-07:00","Action":"output","Package":"github.com/JDinSeattle/forge-runtime/cmd/forge","Test":"TestSnapshotPreservesLargeNumbersInToolArguments","Output":"--- PASS: TestSnapshotPreservesLargeNumbersInToolArguments (0.00s)\n"}
{"Time":"2026-09-11T16:34:58.36306152-07:00","Action":"pass","Package":"github.com/JDinSeattle/forge-runtime/cmd/forge","Test":"TestSnapshotPreservesLargeNumbersInToolArguments","Elapsed":0}
{"Time":"2026-09-11T16:34:58.363079797-07:00","Action":"run","Package":"github.com/JDinSeattle/forge-runtime/cmd/forge","Test":"TestSubmitParentBindingIsIncludedInIdempotencyReceipt"}
{"Time":"2026-09-11T16:34:58.363084393-07:00","Action":"output","Package":"github.com/JDinSeattle/forge-runtime/cmd/forge","Test":"TestSubmitParentBindingIsIncludedInIdempotencyReceipt","Output":"=== RUN   TestSubmitParentBindingIsIncludedInIdempotencyReceipt\n"}
{"Time":"2026-09-11T16:34:58.431634045-07:00","Action":"output","Package":"github.com/JDinSeattle/forge-runtime/cmd/forge","Test":"TestSubmitParentBindingIsIncludedInIdempotencyReceipt","Output":"--- PASS: TestSubmitParentBindingIsIncludedInIdempotencyReceipt (0.07s)\n"}
{"Time":"2026-09-11T16:34:58.431669701-07:00","Action":"pass","Package":"github.com/JDinSeattle/forge-runtime/cmd/forge","Test":"TestSubmitParentBindingIsIncludedInIdempotencyReceipt","Elapsed":0.07}
{"Time":"2026-09-11T16:34:58.431685933-07:00","Action":"run","Package":"github.com/JDinSeattle/forge-runtime/cmd/forge","Test":"FuzzEventCursorOnlyAcknowledgesPrintedContiguousFrames"}
{"Time":"2026-09-11T16:34:58.43169015-07:00","Action":"output","Package":"github.com/JDinSeattle/forge-runtime/cmd/forge","Test":"FuzzEventCursorOnlyAcknowledgesPrintedContiguousFrames","Output":"=== RUN   FuzzEventCursorOnlyAcknowledgesPrintedContiguousFrames\n"}
{"Time":"2026-09-11T16:34:58.431774786-07:00","Action":"run","Package":"github.com/JDinSeattle/forge-runtime/cmd/forge","Test":"FuzzEventCursorOnlyAcknowledgesPrintedContiguousFrames/seed#0"}
{"Time":"2026-09-11T16:34:58.431780833-07:00","Action":"output","Package":"github.com/JDinSeattle/forge-runtime/cmd/forge","Test":"FuzzEventCursorOnlyAcknowledgesPrintedContiguousFrames/seed#0","Output":"=== RUN   FuzzEventCursorOnlyAcknowledgesPrintedContiguousFrames/seed#0\n"}
{"Time":"2026-09-11T16:34:58.431963076-07:00","Action":"output","Package":"github.com/JDinSeattle/forge-runtime/cmd/forge","Test":"FuzzEventCursorOnlyAcknowledgesPrintedContiguousFrames/seed#0","Output":"--- PASS: FuzzEventCursorOnlyAcknowledgesPrintedContiguousFrames/seed#0 (0.00s)\n"}
{"Time":"2026-09-11T16:34:58.431977741-07:00","Action":"pass","Package":"github.com/JDinSeattle/forge-runtime/cmd/forge","Test":"FuzzEventCursorOnlyAcknowledgesPrintedContiguousFrames/seed#0","Elapsed":0}
{"Time":"2026-09-11T16:34:58.431996046-07:00","Action":"run","Package":"github.com/JDinSeattle/forge-runtime/cmd/forge","Test":"FuzzEventCursorOnlyAcknowledgesPrintedContiguousFrames/seed#1"}
{"Time":"2026-09-11T16:34:58.432001066-07:00","Action":"output","Package":"github.com/JDinSeattle/forge-runtime/cmd/forge","Test":"FuzzEventCursorOnlyAcknowledgesPrintedContiguousFrames/seed#1","Output":"=== RUN   FuzzEventCursorOnlyAcknowledgesPrintedContiguousFrames/seed#1\n"}
{"Time":"2026-09-11T16:34:58.43215775-07:00","Action":"output","Package":"github.com/JDinSeattle/forge-runtime/cmd/forge","Test":"FuzzEventCursorOnlyAcknowledgesPrintedContiguousFrames/seed#1","Output":"--- PASS: FuzzEventCursorOnlyAcknowledgesPrintedContiguousFrames/seed#1 (0.00s)\n"}
{"Time":"2026-09-11T16:34:58.432167289-07:00","Action":"pass","Package":"github.com/JDinSeattle/forge-runtime/cmd/forge","Test":"FuzzEventCursorOnlyAcknowledgesPrintedContiguousFrames/seed#1","Elapsed":0}
{"Time":"2026-09-11T16:34:58.432188711-07:00","Action":"run","Package":"github.com/JDinSeattle/forge-runtime/cmd/forge","Test":"FuzzEventCursorOnlyAcknowledgesPrintedContiguousFrames/seed#2"}
{"Time":"2026-09-11T16:34:58.432193225-07:00","Action":"output","Package":"github.com/JDinSeattle/forge-runtime/cmd/forge","Test":"FuzzEventCursorOnlyAcknowledgesPrintedContiguousFrames/seed#2","Output":"=== RUN   FuzzEventCursorOnlyAcknowledgesPrintedContiguousFrames/seed#2\n"}
{"Time":"2026-09-11T16:34:58.432230737-07:00","Action":"output","Package":"github.com/JDinSeattle/forge-runtime/cmd/forge","Test":"FuzzEventCursorOnlyAcknowledgesPrintedContiguousFrames/seed#2","Output":"--- PASS: FuzzEventCursorOnlyAcknowledgesPrintedContiguousFrames/seed#2 (0.00s)\n"}
{"Time":"2026-09-11T16:34:58.432242722-07:00","Action":"pass","Package":"github.com/JDinSeattle/forge-runtime/cmd/forge","Test":"FuzzEventCursorOnlyAcknowledgesPrintedContiguousFrames/seed#2","Elapsed":0}
{"Time":"2026-09-11T16:34:58.43226159-07:00","Action":"run","Package":"github.com/JDinSeattle/forge-runtime/cmd/forge","Test":"FuzzEventCursorOnlyAcknowledgesPrintedContiguousFrames/seed#3"}
{"Time":"2026-09-11T16:34:58.432266083-07:00","Action":"output","Package":"github.com/JDinSeattle/forge-runtime/cmd/forge","Test":"FuzzEventCursorOnlyAcknowledgesPrintedContiguousFrames/seed#3","Output":"=== RUN   FuzzEventCursorOnlyAcknowledgesPrintedContiguousFrames/seed#3\n"}
{"Time":"2026-09-11T16:34:58.432305145-07:00","Action":"output","Package":"github.com/JDinSeattle/forge-runtime/cmd/forge","Test":"FuzzEventCursorOnlyAcknowledgesPrintedContiguousFrames/seed#3","Output":"--- PASS: FuzzEventCursorOnlyAcknowledgesPrintedContiguousFrames/seed#3 (0.00s)\n"}
{"Time":"2026-09-11T16:34:58.432314155-07:00","Action":"pass","Package":"github.com/JDinSeattle/forge-runtime/cmd/forge","Test":"FuzzEventCursorOnlyAcknowledgesPrintedContiguousFrames/seed#3","Elapsed":0}
{"Time":"2026-09-11T16:34:58.432331421-07:00","Action":"run","Package":"github.com/JDinSeattle/forge-runtime/cmd/forge","Test":"FuzzEventCursorOnlyAcknowledgesPrintedContiguousFrames/seed#4"}
{"Time":"2026-09-11T16:34:58.432336185-07:00","Action":"output","Package":"github.com/JDinSeattle/forge-runtime/cmd/forge","Test":"FuzzEventCursorOnlyAcknowledgesPrintedContiguousFrames/seed#4","Output":"=== RUN   FuzzEventCursorOnlyAcknowledgesPrintedContiguousFrames/seed#4\n"}
{"Time":"2026-09-11T16:34:58.432406599-07:00","Action":"output","Package":"github.com/JDinSeattle/forge-runtime/cmd/forge","Test":"FuzzEventCursorOnlyAcknowledgesPrintedContiguousFrames/seed#4","Output":"--- PASS: FuzzEventCursorOnlyAcknowledgesPrintedContiguousFrames/seed#4 (0.00s)\n"}
{"Time":"2026-09-11T16:34:58.43241315-07:00","Action":"pass","Package":"github.com/JDinSeattle/forge-runtime/cmd/forge","Test":"FuzzEventCursorOnlyAcknowledgesPrintedContiguousFrames/seed#4","Elapsed":0}
{"Time":"2026-09-11T16:34:58.43243474-07:00","Action":"run","Package":"github.com/JDinSeattle/forge-runtime/cmd/forge","Test":"FuzzEventCursorOnlyAcknowledgesPrintedContiguousFrames/seed#5"}
{"Time":"2026-09-11T16:34:58.432439319-07:00","Action":"output","Package":"github.com/JDinSeattle/forge-runtime/cmd/forge","Test":"FuzzEventCursorOnlyAcknowledgesPrintedContiguousFrames/seed#5","Output":"=== RUN   FuzzEventCursorOnlyAcknowledgesPrintedContiguousFrames/seed#5\n"}
{"Time":"2026-09-11T16:34:58.432476913-07:00","Action":"output","Package":"github.com/JDinSeattle/forge-runtime/cmd/forge","Test":"FuzzEventCursorOnlyAcknowledgesPrintedContiguousFrames/seed#5","Output":"--- PASS: FuzzEventCursorOnlyAcknowledgesPrintedContiguousFrames/seed#5 (0.00s)\n"}
{"Time":"2026-09-11T16:34:58.432486557-07:00","Action":"pass","Package":"github.com/JDinSeattle/forge-runtime/cmd/forge","Test":"FuzzEventCursorOnlyAcknowledgesPrintedContiguousFrames/seed#5","Elapsed":0}
{"Time":"2026-09-11T16:34:58.432507812-07:00","Action":"run","Package":"github.com/JDinSeattle/forge-runtime/cmd/forge","Test":"FuzzEventCursorOnlyAcknowledgesPrintedContiguousFrames/seed#6"}
{"Time":"2026-09-11T16:34:58.432512053-07:00","Action":"output","Package":"github.com/JDinSeattle/forge-runtime/cmd/forge","Test":"FuzzEventCursorOnlyAcknowledgesPrintedContiguousFrames/seed#6","Output":"=== RUN   FuzzEventCursorOnlyAcknowledgesPrintedContiguousFrames/seed#6\n"}
{"Time":"2026-09-11T16:34:58.432574908-07:00","Action":"output","Package":"github.com/JDinSeattle/forge-runtime/cmd/forge","Test":"FuzzEventCursorOnlyAcknowledgesPrintedContiguousFrames/seed#6","Output":"--- PASS: FuzzEventCursorOnlyAcknowledgesPrintedContiguousFrames/seed#6 (0.00s)\n"}
{"Time":"2026-09-11T16:34:58.432587374-07:00","Action":"pass","Package":"github.com/JDinSeattle/forge-runtime/cmd/forge","Test":"FuzzEventCursorOnlyAcknowledgesPrintedContiguousFrames/seed#6","Elapsed":0}
{"Time":"2026-09-11T16:34:58.432610577-07:00","Action":"run","Package":"github.com/JDinSeattle/forge-runtime/cmd/forge","Test":"FuzzEventCursorOnlyAcknowledgesPrintedContiguousFrames/seed#7"}
{"Time":"2026-09-11T16:34:58.432614992-07:00","Action":"output","Package":"github.com/JDinSeattle/forge-runtime/cmd/forge","Test":"FuzzEventCursorOnlyAcknowledgesPrintedContiguousFrames/seed#7","Output":"=== RUN   FuzzEventCursorOnlyAcknowledgesPrintedContiguousFrames/seed#7\n"}
{"Time":"2026-09-11T16:34:58.432661982-07:00","Action":"output","Package":"github.com/JDinSeattle/forge-runtime/cmd/forge","Test":"FuzzEventCursorOnlyAcknowledgesPrintedContiguousFrames/seed#7","Output":"--- PASS: FuzzEventCursorOnlyAcknowledgesPrintedContiguousFrames/seed#7 (0.00s)\n"}
{"Time":"2026-09-11T16:34:58.43266917-07:00","Action":"pass","Package":"github.com/JDinSeattle/forge-runtime/cmd/forge","Test":"FuzzEventCursorOnlyAcknowledgesPrintedContiguousFrames/seed#7","Elapsed":0}
{"Time":"2026-09-11T16:34:58.432688611-07:00","Action":"output","Package":"github.com/JDinSeattle/forge-runtime/cmd/forge","Test":"FuzzEventCursorOnlyAcknowledgesPrintedContiguousFrames","Output":"--- PASS: FuzzEventCursorOnlyAcknowledgesPrintedContiguousFrames (0.00s)\n"}
{"Time":"2026-09-11T16:34:58.432694869-07:00","Action":"pass","Package":"github.com/JDinSeattle/forge-runtime/cmd/forge","Test":"FuzzEventCursorOnlyAcknowledgesPrintedContiguousFrames","Elapsed":0}
{"Time":"2026-09-11T16:34:58.432708229-07:00","Action":"output","Package":"github.com/JDinSeattle/forge-runtime/cmd/forge","Output":"PASS\n"}
{"Time":"2026-09-11T16:34:58.486930602-07:00","Action":"output","Package":"github.com/JDinSeattle/forge-runtime/internal/artifact","Test":"TestLocalOpenBudgetLivesUntilReaderClose","Output":"--- PASS: TestLocalOpenBudgetLivesUntilReaderClose (0.14s)\n"}
{"Time":"2026-09-11T16:34:58.48695955-07:00","Action":"pass","Package":"github.com/JDinSeattle/forge-runtime/internal/artifact","Test":"TestLocalOpenBudgetLivesUntilReaderClose","Elapsed":0.14}
{"Time":"2026-09-11T16:34:58.486977889-07:00","Action":"run","Package":"github.com/JDinSeattle/forge-runtime/internal/artifact","Test":"TestJournalRegistrationIsAtomicAndRefusesOmittedAuthorities"}
{"Time":"2026-09-11T16:34:58.486979552-07:00","Action":"output","Package":"github.com/JDinSeattle/forge-runtime/internal/artifact","Test":"TestJournalRegistrationIsAtomicAndRefusesOmittedAuthorities","Output":"=== RUN   TestJournalRegistrationIsAtomicAndRefusesOmittedAuthorities\n"}
{"Time":"2026-09-11T16:34:58.553825744-07:00","Action":"output","Package":"github.com/JDinSeattle/forge-runtime/internal/artifact","Test":"TestJournalRegistrationIsAtomicAndRefusesOmittedAuthorities","Output":"--- PASS: TestJournalRegistrationIsAtomicAndRefusesOmittedAuthorities (0.07s)\n"}
{"Time":"2026-09-11T16:34:58.553848599-07:00","Action":"pass","Package":"github.com/JDinSeattle/forge-runtime/internal/artifact","Test":"TestJournalRegistrationIsAtomicAndRefusesOmittedAuthorities","Elapsed":0.07}
{"Time":"2026-09-11T16:34:58.553853837-07:00","Action":"run","Package":"github.com/JDinSeattle/forge-runtime/internal/artifact","Test":"TestImmutableConcurrentPutOwnershipAndCorruption"}
{"Time":"2026-09-11T16:34:58.55385535-07:00","Action":"output","Package":"github.com/JDinSeattle/forge-runtime/internal/artifact","Test":"TestImmutableConcurrentPutOwnershipAndCorruption","Output":"=== RUN   TestImmutableConcurrentPutOwnershipAndCorruption\n"}
{"Time":"2026-09-11T16:34:58.61049042-07:00","Action":"output","Package":"github.com/JDinSeattle/forge-runtime/internal/artifact","Test":"TestImmutableConcurrentPutOwnershipAndCorruption","Output":"--- PASS: TestImmutableConcurrentPutOwnershipAndCorruption (0.06s)\n"}
{"Time":"2026-09-11T16:34:58.610511615-07:00","Action":"pass","Package":"github.com/JDinSeattle/forge-runtime/internal/artifact","Test":"TestImmutableConcurrentPutOwnershipAndCorruption","Elapsed":0.06}
{"Time":"2026-09-11T16:34:58.610517499-07:00","Action":"run","Package":"github.com/JDinSeattle/forge-runtime/internal/artifact","Test":"TestArtifactByteLimitAndContextDoNotPublishObjects"}
{"Time":"2026-09-11T16:34:58.610519112-07:00","Action":"output","Package":"github.com/JDinSeattle/forge-runtime/internal/artifact","Test":"TestArtifactByteLimitAndContextDoNotPublishObjects","Output":"=== RUN   TestArtifactByteLimitAndContextDoNotPublishObjects\n"}
{"Time":"2026-09-11T16:34:58.620295983-07:00","Action":"output","Package":"github.com/JDinSeattle/forge-runtime/internal/artifact","Test":"TestArtifactByteLimitAndContextDoNotPublishObjects","Output":"--- PASS: TestArtifactByteLimitAndContextDoNotPublishObjects (0.01s)\n"}
{"Time":"2026-09-11T16:34:58.620313297-07:00","Action":"pass","Package":"github.com/JDinSeattle/forge-runtime/internal/artifact","Test":"TestArtifactByteLimitAndContextDoNotPublishObjects","Elapsed":0.01}
{"Time":"2026-09-11T16:34:58.62031721-07:00","Action":"run","Package":"github.com/JDinSeattle/forge-runtime/internal/artifact","Test":"TestCollectionExcludesOldDeduplicatingPublisherAndPreservesCommittedReference"}
{"Time":"2026-09-11T16:34:58.62032318-07:00","Action":"output","Package":"github.com/JDinSeattle/forge-runtime/internal/artifact","Test":"TestCollectionExcludesOldDeduplicatingPublisherAndPreservesCommittedReference","Output":"=== RUN   TestCollectionExcludesOldDeduplicatingPublisherAndPreservesCommittedReference\n"}
{"Time":"2026-09-11T16:34:58.714455435-07:00","Action":"output","Package":"github.com/JDinSeattle/forge-runtime/internal/application","Test":"TestPrepareCapacityRequeuesAtomically","Output":"    capacity_integration_test.go:125: capacity_requeue snapshot={\"kind\":\"capacity_rejected\",\"expected_version\":2,\"owner\":\"capacity-worker\",\"epoch\":1,\"at\":\"2026-09-11T16:34:58.704504-07:00\",\"not_before\":\"2026-09-11T16:34:59.704504-07:00\"} allocation_state=released runner=runner workspace=run_LOGBQQ3P6RTU44HRCEJK2L25VI\n"}
{"Time":"2026-09-11T16:34:58.806665485-07:00","Action":"output","Package":"github.com/JDinSeattle/forge-runtime/internal/artifact","Test":"TestCollectionExcludesOldDeduplicatingPublisherAndPreservesCommittedReference","Output":"--- PASS: TestCollectionExcludesOldDeduplicatingPublisherAndPreservesCommittedReference (0.19s)\n"}
{"Time":"2026-09-11T16:34:58.806700058-07:00","Action":"pass","Package":"github.com/JDinSeattle/forge-runtime/internal/artifact","Test":"TestCollectionExcludesOldDeduplicatingPublisherAndPreservesCommittedReference","Elapsed":0.19}
{"Time":"2026-09-11T16:34:58.806707681-07:00","Action":"run","Package":"github.com/JDinSeattle/forge-runtime/internal/artifact","Test":"TestCollectionFailsClosedAndCollectsOnlyAgedRecognizedNames"}
{"Time":"2026-09-11T16:34:58.806711221-07:00","Action":"output","Package":"github.com/JDinSeattle/forge-runtime/internal/artifact","Test":"TestCollectionFailsClosedAndCollectsOnlyAgedRecognizedNames","Output":"=== RUN   TestCollectionFailsClosedAndCollectsOnlyAgedRecognizedNames\n"}
{"Time":"2026-09-11T16:34:58.877955784-07:00","Action":"output","Package":"github.com/JDinSeattle/forge-runtime/internal/artifact","Test":"TestCollectionFailsClosedAndCollectsOnlyAgedRecognizedNames","Output":"--- PASS: TestCollectionFailsClosedAndCollectsOnlyAgedRecognizedNames (0.07s)\n"}
{"Time":"2026-09-11T16:34:58.877993994-07:00","Action":"pass","Package":"github.com/JDinSeattle/forge-runtime/internal/artifact","Test":"TestCollectionFailsClosedAndCollectsOnlyAgedRecognizedNames","Elapsed":0.07}
{"Time":"2026-09-11T16:34:58.878002768-07:00","Action":"run","Package":"github.com/JDinSeattle/forge-runtime/internal/artifact","Test":"TestPublicationLockSurvivesAcrossProcessesAndReleasesOnDeath"}
{"Time":"2026-09-11T16:34:58.878006368-07:00","Action":"output","Package":"github.com/JDinSeattle/forge-runtime/internal/artifact","Test":"TestPublicationLockSurvivesAcrossProcessesAndReleasesOnDeath","Output":"=== RUN   TestPublicationLockSurvivesAcrossProcessesAndReleasesOnDeath\n"}
{"Time":"2026-09-11T16:34:58.93312914-07:00","Action":"start","Package":"github.com/JDinSeattle/forge-runtime/internal/configuration"}
{"Time":"2026-09-11T16:34:58.933169669-07:00","Action":"start","Package":"github.com/JDinSeattle/forge-runtime/internal/dependency"}
{"Time":"2026-09-11T16:34:58.933262699-07:00","Action":"start","Package":"github.com/JDinSeattle/forge-runtime/internal/domain"}
{"Time":"2026-09-11T16:34:58.933354082-07:00","Action":"start","Package":"github.com/JDinSeattle/forge-runtime/internal/eventstream"}
{"Time":"2026-09-11T16:34:58.933393519-07:00","Action":"start","Package":"github.com/JDinSeattle/forge-runtime/internal/httpapi"}
{"Time":"2026-09-11T16:34:58.933463544-07:00","Action":"start","Package":"github.com/JDinSeattle/forge-runtime/internal/httpcontract"}
{"Time":"2026-09-11T16:34:58.933482656-07:00","Action":"output","Package":"github.com/JDinSeattle/forge-runtime/internal/httpcontract","Output":"?   \tgithub.com/JDinSeattle/forge-runtime/internal/httpcontract\t[no test files]\n"}
{"Time":"2026-09-11T16:34:58.933489628-07:00","Action":"skip","Package":"github.com/JDinSeattle/forge-runtime/internal/httpcontract","Elapsed":0}
{"Time":"2026-09-11T16:34:58.933505463-07:00","Action":"start","Package":"github.com/JDinSeattle/forge-runtime/internal/localsetup"}
{"Time":"2026-09-11T16:34:58.933781718-07:00","Action":"start","Package":"github.com/JDinSeattle/forge-runtime/internal/persistence"}
{"Time":"2026-09-11T16:34:58.934567721-07:00","Action":"start","Package":"github.com/JDinSeattle/forge-runtime/internal/persistence/sqlgen"}
{"Time":"2026-09-11T16:34:58.934620611-07:00","Action":"start","Package":"github.com/JDinSeattle/forge-runtime/internal/provider"}
{"Time":"2026-09-11T16:34:58.934632104-07:00","Action":"start","Package":"github.com/JDinSeattle/forge-runtime/internal/quota"}
{"Time":"2026-09-11T16:34:58.9346205-07:00","Action":"output","Package":"github.com/JDinSeattle/forge-runtime/internal/persistence/sqlgen","Output":"?   \tgithub.com/JDinSeattle/forge-runtime/internal/persistence/sqlgen\t[no test files]\n"}
{"Time":"2026-09-11T16:34:58.934887469-07:00","Action":"skip","Package":"github.com/JDinSeattle/forge-runtime/internal/persistence/sqlgen","Elapsed":0}
{"Time":"2026-09-11T16:34:58.934878062-07:00","Action":"start","Package":"github.com/JDinSeattle/forge-runtime/internal/retention"}
{"Time":"2026-09-11T16:34:58.934965259-07:00","Action":"start","Package":"github.com/JDinSeattle/forge-runtime/internal/runner"}
{"Time":"2026-09-11T16:34:58.93504896-07:00","Action":"start","Package":"github.com/JDinSeattle/forge-runtime/internal/runnerclient"}
{"Time":"2026-09-11T16:34:58.93514094-07:00","Action":"start","Package":"github.com/JDinSeattle/forge-runtime/internal/runtime"}
{"Time":"2026-09-11T16:34:58.935172461-07:00","Action":"start","Package":"github.com/JDinSeattle/forge-runtime/internal/sandbox"}
{"Time":"2026-09-11T16:34:58.935228479-07:00","Action":"start","Package":"github.com/JDinSeattle/forge-runtime/internal/telemetry"}
{"Time":"2026-09-11T16:34:58.935290199-07:00","Action":"start","Package":"github.com/JDinSeattle/forge-runtime/internal/testdb"}
{"Time":"2026-09-11T16:34:58.935324429-07:00","Action":"output","Package":"github.com/JDinSeattle/forge-runtime/internal/testdb","Output":"?   \tgithub.com/JDinSeattle/forge-runtime/internal/testdb\t[no test files]\n"}
{"Time":"2026-09-11T16:34:58.935339811-07:00","Action":"start","Package":"github.com/JDinSeattle/forge-runtime/internal/testutil"}
{"Time":"2026-09-11T16:34:58.935337972-07:00","Action":"skip","Package":"github.com/JDinSeattle/forge-runtime/internal/testdb","Elapsed":0}
{"Time":"2026-09-11T16:34:58.935359608-07:00","Action":"output","Package":"github.com/JDinSeattle/forge-runtime/internal/testutil","Output":"?   \tgithub.com/JDinSeattle/forge-runtime/internal/testutil\t[no test files]\n"}
{"Time":"2026-09-11T16:34:58.935365409-07:00","Action":"skip","Package":"github.com/JDinSeattle/forge-runtime/internal/testutil","Elapsed":0}
{"Time":"2026-09-11T16:34:58.935371392-07:00","Action":"start","Package":"github.com/JDinSeattle/forge-runtime/proto/runner/v1"}
{"Time":"2026-09-11T16:34:58.93537569-07:00","Action":"output","Package":"github.com/JDinSeattle/forge-runtime/proto/runner/v1","Output":"?   \tgithub.com/JDinSeattle/forge-runtime/proto/runner/v1\t[no test files]\n"}
{"Time":"2026-09-11T16:34:58.935378566-07:00","Action":"skip","Package":"github.com/JDinSeattle/forge-runtime/proto/runner/v1","Elapsed":0}
{"Time":"2026-09-11T16:34:58.935383789-07:00","Action":"start","Package":"github.com/JDinSeattle/forge-runtime/scripts/evaluation"}
{"Time":"2026-09-11T16:34:58.935397314-07:00","Action":"output","Package":"github.com/JDinSeattle/forge-runtime/scripts/evaluation","Output":"?   \tgithub.com/JDinSeattle/forge-runtime/scripts/evaluation\t[no test files]\n"}
{"Time":"2026-09-11T16:34:58.935400248-07:00","Action":"skip","Package":"github.com/JDinSeattle/forge-runtime/scripts/evaluation","Elapsed":0}
{"Time":"2026-09-11T16:34:58.935424733-07:00","Action":"start","Package":"github.com/JDinSeattle/forge-runtime/scripts/faults/application"}
{"Time":"2026-09-11T16:34:58.935521902-07:00","Action":"start","Package":"github.com/JDinSeattle/forge-runtime/tests/client"}
{"Time":"2026-09-11T16:34:58.935579048-07:00","Action":"start","Package":"github.com/JDinSeattle/forge-runtime/tests/review"}
{"Time":"2026-09-11T16:34:58.940247717-07:00","Action":"run","Package":"github.com/JDinSeattle/forge-runtime/internal/domain","Test":"TestCanonicalJSONPreservesArgumentHashInputs"}
{"Time":"2026-09-11T16:34:58.940346411-07:00","Action":"output","Package":"github.com/JDinSeattle/forge-runtime/internal/domain","Test":"TestCanonicalJSONPreservesArgumentHashInputs","Output":"=== RUN   TestCanonicalJSONPreservesArgumentHashInputs\n"}
{"Time":"2026-09-11T16:34:58.940481575-07:00","Action":"output","Package":"github.com/JDinSeattle/forge-runtime/internal/domain","Test":"TestCanonicalJSONPreservesArgumentHashInputs","Output":"--- PASS: TestCanonicalJSONPreservesArgumentHashInputs (0.00s)\n"}
{"Time":"2026-09-11T16:34:58.940513146-07:00","Action":"pass","Package":"github.com/JDinSeattle/forge-runtime/internal/domain","Test":"TestCanonicalJSONPreservesArgumentHashInputs","Elapsed":0}
{"Time":"2026-09-11T16:34:58.940523339-07:00","Action":"run","Package":"github.com/JDinSeattle/forge-runtime/internal/domain","Test":"TestDuplicateArgumentsCannotBeAdmitted"}
{"Time":"2026-09-11T16:34:58.940529386-07:00","Action":"output","Package":"github.com/JDinSeattle/forge-runtime/internal/domain","Test":"TestDuplicateArgumentsCannotBeAdmitted","Output":"=== RUN   TestDuplicateArgumentsCannotBeAdmitted\n"}
{"Time":"2026-09-11T16:34:58.940822112-07:00","Action":"output","Package":"github.com/JDinSeattle/forge-runtime/internal/domain","Test":"TestDuplicateArgumentsCannotBeAdmitted","Output":"--- PASS: TestDuplicateArgumentsCannotBeAdmitted (0.00s)\n"}
{"Time":"2026-09-11T16:34:58.940832986-07:00","Action":"pass","Package":"github.com/JDinSeattle/forge-runtime/internal/domain","Test":"TestDuplicateArgumentsCannotBeAdmitted","Elapsed":0}
{"Time":"2026-09-11T16:34:58.94084387-07:00","Action":"run","Package":"github.com/JDinSeattle/forge-runtime/internal/domain","Test":"TestMoneyDoesNotUnderReserveOrOverflow"}
{"Time":"2026-09-11T16:34:58.940848004-07:00","Action":"output","Package":"github.com/JDinSeattle/forge-runtime/internal/domain","Test":"TestMoneyDoesNotUnderReserveOrOverflow","Output":"=== RUN   TestMoneyDoesNotUnderReserveOrOverflow\n"}
{"Time":"2026-09-11T16:34:58.940896473-07:00","Action":"output","Package":"github.com/JDinSeattle/forge-runtime/internal/domain","Test":"TestMoneyDoesNotUnderReserveOrOverflow","Output":"--- PASS: TestMoneyDoesNotUnderReserveOrOverflow (0.00s)\n"}
{"Time":"2026-09-11T16:34:58.940902842-07:00","Action":"pass","Package":"github.com/JDinSeattle/forge-runtime/internal/domain","Test":"TestMoneyDoesNotUnderReserveOrOverflow","Elapsed":0}
{"Time":"2026-09-11T16:34:58.940919063-07:00","Action":"run","Package":"github.com/JDinSeattle/forge-runtime/internal/domain","Test":"TestLeaseExpiryBoundary"}
{"Time":"2026-09-11T16:34:58.940924731-07:00","Action":"output","Package":"github.com/JDinSeattle/forge-runtime/internal/domain","Test":"TestLeaseExpiryBoundary","Output":"=== RUN   TestLeaseExpiryBoundary\n"}
{"Time":"2026-09-11T16:34:58.940962455-07:00","Action":"output","Package":"github.com/JDinSeattle/forge-runtime/internal/domain","Test":"TestLeaseExpiryBoundary","Output":"--- PASS: TestLeaseExpiryBoundary (0.00s)\n"}
{"Time":"2026-09-11T16:34:58.940972954-07:00","Action":"pass","Package":"github.com/JDinSeattle/forge-runtime/internal/domain","Test":"TestLeaseExpiryBoundary","Elapsed":0}
{"Time":"2026-09-11T16:34:58.940984358-07:00","Action":"run","Package":"github.com/JDinSeattle/forge-runtime/internal/domain","Test":"TestIDCannotBecomeFilesystemPath"}
{"Time":"2026-09-11T16:34:58.940987344-07:00","Action":"output","Package":"github.com/JDinSeattle/forge-runtime/internal/domain","Test":"TestIDCannotBecomeFilesystemPath","Output":"=== RUN   TestIDCannotBecomeFilesystemPath\n"}
{"Time":"2026-09-11T16:34:58.941021642-07:00","Action":"output","Package":"github.com/JDinSeattle/forge-runtime/internal/domain","Test":"TestIDCannotBecomeFilesystemPath","Output":"--- PASS: TestIDCannotBecomeFilesystemPath (0.00s)\n"}
{"Time":"2026-09-11T16:34:58.94104077-07:00","Action":"pass","Package":"github.com/JDinSeattle/forge-runtime/internal/domain","Test":"TestIDCannotBecomeFilesystemPath","Elapsed":0}
{"Time":"2026-09-11T16:34:58.941056732-07:00","Action":"run","Package":"github.com/JDinSeattle/forge-runtime/internal/domain","Test":"FuzzCostMatchesExactCeiling"}
{"Time":"2026-09-11T16:34:58.941059616-07:00","Action":"output","Package":"github.com/JDinSeattle/forge-runtime/internal/domain","Test":"FuzzCostMatchesExactCeiling","Output":"=== RUN   FuzzCostMatchesExactCeiling\n"}
{"Time":"2026-09-11T16:34:58.941140133-07:00","Action":"run","Package":"github.com/JDinSeattle/forge-runtime/internal/domain","Test":"FuzzCostMatchesExactCeiling/seed#0"}
{"Time":"2026-09-11T16:34:58.941143689-07:00","Action":"output","Package":"github.com/JDinSeattle/forge-runtime/internal/domain","Test":"FuzzCostMatchesExactCeiling/seed#0","Output":"=== RUN   FuzzCostMatchesExactCeiling/seed#0\n"}
{"Time":"2026-09-11T16:34:58.941219454-07:00","Action":"output","Package":"github.com/JDinSeattle/forge-runtime/internal/domain","Test":"FuzzCostMatchesExactCeiling/seed#0","Output":"--- PASS: FuzzCostMatchesExactCeiling/seed#0 (0.00s)\n"}
{"Time":"2026-09-11T16:34:58.94124034-07:00","Action":"pass","Package":"github.com/JDinSeattle/forge-runtime/internal/domain","Test":"FuzzCostMatchesExactCeiling/seed#0","Elapsed":0}
{"Time":"2026-09-11T16:34:58.941247381-07:00","Action":"run","Package":"github.com/JDinSeattle/forge-runtime/internal/domain","Test":"FuzzCostMatchesExactCeiling/seed#1"}
{"Time":"2026-09-11T16:34:58.941250184-07:00","Action":"output","Package":"github.com/JDinSeattle/forge-runtime/internal/domain","Test":"FuzzCostMatchesExactCeiling/seed#1","Output":"=== RUN   FuzzCostMatchesExactCeiling/seed#1\n"}
{"Time":"2026-09-11T16:34:58.941293022-07:00","Action":"output","Package":"github.com/JDinSeattle/forge-runtime/internal/domain","Test":"FuzzCostMatchesExactCeiling/seed#1","Output":"--- PASS: FuzzCostMatchesExactCeiling/seed#1 (0.00s)\n"}
{"Time":"2026-09-11T16:34:58.941298299-07:00","Action":"pass","Package":"github.com/JDinSeattle/forge-runtime/internal/domain","Test":"FuzzCostMatchesExactCeiling/seed#1","Elapsed":0}
{"Time":"2026-09-11T16:34:58.941498267-07:00","Action":"run","Package":"github.com/JDinSeattle/forge-runtime/internal/domain","Test":"FuzzCostMatchesExactCeiling/seed#2"}
{"Time":"2026-09-11T16:34:58.941516626-07:00","Action":"output","Package":"github.com/JDinSeattle/forge-runtime/internal/domain","Test":"FuzzCostMatchesExactCeiling/seed#2","Output":"=== RUN   FuzzCostMatchesExactCeiling/seed#2\n"}
{"Time":"2026-09-11T16:34:58.941521307-07:00","Action":"output","Package":"github.com/JDinSeattle/forge-runtime/internal/domain","Test":"FuzzCostMatchesExactCeiling/seed#2","Output":"--- PASS: FuzzCostMatchesExactCeiling/seed#2 (0.00s)\n"}
{"Time":"2026-09-11T16:34:58.941524583-07:00","Action":"pass","Package":"github.com/JDinSeattle/forge-runtime/internal/domain","Test":"FuzzCostMatchesExactCeiling/seed#2","Elapsed":0}
{"Time":"2026-09-11T16:34:58.941527923-07:00","Action":"run","Package":"github.com/JDinSeattle/forge-runtime/internal/domain","Test":"FuzzCostMatchesExactCeiling/seed#3"}
{"Time":"2026-09-11T16:34:58.941530512-07:00","Action":"output","Package":"github.com/JDinSeattle/forge-runtime/internal/domain","Test":"FuzzCostMatchesExactCeiling/seed#3","Output":"=== RUN   FuzzCostMatchesExactCeiling/seed#3\n"}
{"Time":"2026-09-11T16:34:58.941533229-07:00","Action":"output","Package":"github.com/JDinSeattle/forge-runtime/internal/domain","Test":"FuzzCostMatchesExactCeiling/seed#3","Output":"--- PASS: FuzzCostMatchesExactCeiling/seed#3 (0.00s)\n"}
{"Time":"2026-09-11T16:34:58.941535732-07:00","Action":"pass","Package":"github.com/JDinSeattle/forge-runtime/internal/domain","Test":"FuzzCostMatchesExactCeiling/seed#3","Elapsed":0}
{"Time":"2026-09-11T16:34:58.941554258-07:00","Action":"output","Package":"github.com/JDinSeattle/forge-runtime/internal/domain","Test":"FuzzCostMatchesExactCeiling","Output":"--- PASS: FuzzCostMatchesExactCeiling (0.00s)\n"}
{"Time":"2026-09-11T16:34:58.941570245-07:00","Action":"pass","Package":"github.com/JDinSeattle/forge-runtime/internal/domain","Test":"FuzzCostMatchesExactCeiling","Elapsed":0}
{"Time":"2026-09-11T16:34:58.941577603-07:00","Action":"output","Package":"github.com/JDinSeattle/forge-runtime/internal/domain","Output":"PASS\n"}
{"Time":"2026-09-11T16:34:58.945143457-07:00","Action":"run","Package":"github.com/JDinSeattle/forge-runtime/internal/dependency","Test":"TestDependencyBudgetsDoNotCancelParent"}
{"Time":"2026-09-11T16:34:58.945217992-07:00","Action":"output","Package":"github.com/JDinSeattle/forge-runtime/internal/dependency","Test":"TestDependencyBudgetsDoNotCancelParent","Output":"=== RUN   TestDependencyBudgetsDoNotCancelParent\n"}
{"Time":"2026-09-11T16:34:58.945289752-07:00","Action":"output","Package":"github.com/JDinSeattle/forge-runtime/internal/dependency","Test":"TestDependencyBudgetsDoNotCancelParent","Output":"--- PASS: TestDependencyBudgetsDoNotCancelParent (0.00s)\n"}
{"Time":"2026-09-11T16:34:58.94529525-07:00","Action":"pass","Package":"github.com/JDinSeattle/forge-runtime/internal/dependency","Test":"TestDependencyBudgetsDoNotCancelParent","Elapsed":0}
{"Time":"2026-09-11T16:34:58.945320083-07:00","Action":"run","Package":"github.com/JDinSeattle/forge-runtime/internal/dependency","Test":"TestTransactionOperationPreservesDeadlineCause"}
{"Time":"2026-09-11T16:34:58.945346184-07:00","Action":"output","Package":"github.com/JDinSeattle/forge-runtime/internal/dependency","Test":"TestTransactionOperationPreservesDeadlineCause","Output":"=== RUN   TestTransactionOperationPreservesDeadlineCause\n"}
{"Time":"2026-09-11T16:34:58.947204334-07:00","Action":"run","Package":"github.com/JDinSeattle/forge-runtime/internal/quota","Test":"TestRetryBudgetAndRetryAfter"}
{"Time":"2026-09-11T16:34:58.947264345-07:00","Action":"output","Package":"github.com/JDinSeattle/forge-runtime/internal/quota","Test":"TestRetryBudgetAndRetryAfter","Output":"=== RUN   TestRetryBudgetAndRetryAfter\n"}
{"Time":"2026-09-11T16:34:58.947297808-07:00","Action":"output","Package":"github.com/JDinSeattle/forge-runtime/internal/quota","Test":"TestRetryBudgetAndRetryAfter","Output":"--- PASS: TestRetryBudgetAndRetryAfter (0.00s)\n"}
{"Time":"2026-09-11T16:34:58.947307845-07:00","Action":"pass","Package":"github.com/JDinSeattle/forge-runtime/internal/quota","Test":"TestRetryBudgetAndRetryAfter","Elapsed":0}
{"Time":"2026-09-11T16:34:58.947320595-07:00","Action":"run","Package":"github.com/JDinSeattle/forge-runtime/internal/quota","Test":"TestReservationHashBindsPriceAndDeadline"}
{"Time":"2026-09-11T16:34:58.947324854-07:00","Action":"output","Package":"github.com/JDinSeattle/forge-runtime/internal/quota","Test":"TestReservationHashBindsPriceAndDeadline","Output":"=== RUN   TestReservationHashBindsPriceAndDeadline\n"}
{"Time":"2026-09-11T16:34:58.94764685-07:00","Action":"output","Package":"github.com/JDinSeattle/forge-runtime/internal/quota","Test":"TestReservationHashBindsPriceAndDeadline","Output":"--- PASS: TestReservationHashBindsPriceAndDeadline (0.00s)\n"}
{"Time":"2026-09-11T16:34:58.947663811-07:00","Action":"pass","Package":"github.com/JDinSeattle/forge-runtime/internal/quota","Test":"TestReservationHashBindsPriceAndDeadline","Elapsed":0}
{"Time":"2026-09-11T16:34:58.947669792-07:00","Action":"run","Package":"github.com/JDinSeattle/forge-runtime/internal/quota","Test":"TestSharedBudgetsAcrossTenantsAndIndependentPools"}
{"Time":"2026-09-11T16:34:58.947673149-07:00","Action":"output","Package":"github.com/JDinSeattle/forge-runtime/internal/quota","Test":"TestSharedBudgetsAcrossTenantsAndIndependentPools","Output":"=== RUN   TestSharedBudgetsAcrossTenantsAndIndependentPools\n"}
{"Time":"2026-09-11T16:34:58.950766434-07:00","Action":"run","Package":"github.com/JDinSeattle/forge-runtime/internal/eventstream","Test":"TestResetDetachesHubBeforeNotification"}
{"Time":"2026-09-11T16:34:58.950844506-07:00","Action":"output","Package":"github.com/JDinSeattle/forge-runtime/internal/eventstream","Test":"TestResetDetachesHubBeforeNotification","Output":"=== RUN   TestResetDetachesHubBeforeNotification\n"}
{"Time":"2026-09-11T16:34:58.950865522-07:00","Action":"run","Package":"github.com/JDinSeattle/forge-runtime/internal/eventstream","Test":"TestResetDetachesHubBeforeNotification/history-gap"}
{"Time":"2026-09-11T16:34:58.950869546-07:00","Action":"output","Package":"github.com/JDinSeattle/forge-runtime/internal/eventstream","Test":"TestResetDetachesHubBeforeNotification/history-gap","Output":"=== RUN   TestResetDetachesHubBeforeNotification/history-gap\n"}
{"Time":"2026-09-11T16:34:58.950814799-07:00","Action":"run","Package":"github.com/JDinSeattle/forge-runtime/internal/runnerclient","Test":"TestRealDockerRunnerIsolationQuotaAndCancellation"}
{"Time":"2026-09-11T16:34:58.950881988-07:00","Action":"output","Package":"github.com/JDinSeattle/forge-runtime/internal/runnerclient","Test":"TestRealDockerRunnerIsolationQuotaAndCancellation","Output":"=== RUN   TestRealDockerRunnerIsolationQuotaAndCancellation\n"}
{"Time":"2026-09-11T16:34:58.950899106-07:00","Action":"output","Package":"github.com/JDinSeattle/forge-runtime/internal/runnerclient","Test":"TestRealDockerRunnerIsolationQuotaAndCancellation","Output":"    docker_integration_test.go:31: set FORGE_REAL_RUNNER_CONFIG to an operator-owned real runner configuration\n"}
{"Time":"2026-09-11T16:34:58.950910635-07:00","Action":"output","Package":"github.com/JDinSeattle/forge-runtime/internal/runnerclient","Test":"TestRealDockerRunnerIsolationQuotaAndCancellation","Output":"--- SKIP: TestRealDockerRunnerIsolationQuotaAndCancellation (0.00s)\n"}
{"Time":"2026-09-11T16:34:58.950915254-07:00","Action":"skip","Package":"github.com/JDinSeattle/forge-runtime/internal/runnerclient","Test":"TestRealDockerRunnerIsolationQuotaAndCancellation","Elapsed":0}
{"Time":"2026-09-11T16:34:58.950921093-07:00","Action":"run","Package":"github.com/JDinSeattle/forge-runtime/internal/runnerclient","Test":"TestRealRunnerExecutionEvidence"}
{"Time":"2026-09-11T16:34:58.950925128-07:00","Action":"output","Package":"github.com/JDinSeattle/forge-runtime/internal/runnerclient","Test":"TestRealRunnerExecutionEvidence","Output":"=== RUN   TestRealRunnerExecutionEvidence\n"}
{"Time":"2026-09-11T16:34:58.950929463-07:00","Action":"output","Package":"github.com/JDinSeattle/forge-runtime/internal/runnerclient","Test":"TestRealRunnerExecutionEvidence","Output":"    execution_benchmark_test.go:365: opt in with FORGE_RUN_EXECUTION_EVIDENCE=1 and an existing real mapped runner\n"}
{"Time":"2026-09-11T16:34:58.950934165-07:00","Action":"output","Package":"github.com/JDinSeattle/forge-runtime/internal/runnerclient","Test":"TestRealRunnerExecutionEvidence","Output":"--- SKIP: TestRealRunnerExecutionEvidence (0.00s)\n"}
{"Time":"2026-09-11T16:34:58.950938523-07:00","Action":"skip","Package":"github.com/JDinSeattle/forge-runtime/internal/runnerclient","Test":"TestRealRunnerExecutionEvidence","Elapsed":0}
{"Time":"2026-09-11T16:34:58.950942562-07:00","Action":"run","Package":"github.com/JDinSeattle/forge-runtime/internal/runnerclient","Test":"TestP06ArtifactOraclesRejectMismatchedProofs"}
{"Time":"2026-09-11T16:34:58.950945986-07:00","Action":"output","Package":"github.com/JDinSeattle/forge-runtime/internal/runnerclient","Test":"TestP06ArtifactOraclesRejectMismatchedProofs","Output":"=== RUN   TestP06ArtifactOraclesRejectMismatchedProofs\n"}
{"Time":"2026-09-11T16:34:58.951374862-07:00","Action":"run","Package":"github.com/JDinSeattle/forge-runtime/internal/runner","Test":"TestCleanupGrantIsPurposeRestrictedAndLeaseBound"}
{"Time":"2026-09-11T16:34:58.95140487-07:00","Action":"output","Package":"github.com/JDinSeattle/forge-runtime/internal/runner","Test":"TestCleanupGrantIsPurposeRestrictedAndLeaseBound","Output":"=== RUN   TestCleanupGrantIsPurposeRestrictedAndLeaseBound\n"}
{"Time":"2026-09-11T16:34:58.952921896-07:00","Action":"output","Package":"github.com/JDinSeattle/forge-runtime/internal/runner","Test":"TestCleanupGrantIsPurposeRestrictedAndLeaseBound","Output":"--- PASS: TestCleanupGrantIsPurposeRestrictedAndLeaseBound (0.00s)\n"}
{"Time":"2026-09-11T16:34:58.953066384-07:00","Action":"pass","Package":"github.com/JDinSeattle/forge-runtime/internal/runner","Test":"TestCleanupGrantIsPurposeRestrictedAndLeaseBound","Elapsed":0}
{"Time":"2026-09-11T16:34:58.954499707-07:00","Action":"run","Package":"github.com/JDinSeattle/forge-runtime/internal/runner","Test":"TestConcurrentIdempotentPatchWritesExactlyOnce"}
{"Time":"2026-09-11T16:34:58.954516008-07:00","Action":"output","Package":"github.com/JDinSeattle/forge-runtime/internal/runner","Test":"TestConcurrentIdempotentPatchWritesExactlyOnce","Output":"=== RUN   TestConcurrentIdempotentPatchWritesExactlyOnce\n"}
{"Time":"2026-09-11T16:34:58.954552742-07:00","Action":"output","Package":"github.com/JDinSeattle/forge-runtime/internal/runnerclient","Test":"TestP06ArtifactOraclesRejectMismatchedProofs","Output":"--- PASS: TestP06ArtifactOraclesRejectMismatchedProofs (0.00s)\n"}
{"Time":"2026-09-11T16:34:58.954567579-07:00","Action":"run","Package":"github.com/JDinSeattle/forge-runtime/internal/persistence","Test":"TestFallbackConfigBoundsAndOmission"}
{"Time":"2026-09-11T16:34:58.954569376-07:00","Action":"pass","Package":"github.com/JDinSeattle/forge-runtime/internal/runnerclient","Test":"TestP06ArtifactOraclesRejectMismatchedProofs","Elapsed":0}
{"Time":"2026-09-11T16:34:58.954579814-07:00","Action":"run","Package":"github.com/JDinSeattle/forge-runtime/internal/runnerclient","Test":"TestP06IntentOracleRejectsCrossSampleAndAlteredIntent"}
{"Time":"2026-09-11T16:34:58.954584421-07:00","Action":"output","Package":"github.com/JDinSeattle/forge-runtime/internal/runnerclient","Test":"TestP06IntentOracleRejectsCrossSampleAndAlteredIntent","Output":"=== RUN   TestP06IntentOracleRejectsCrossSampleAndAlteredIntent\n"}
{"Time":"2026-09-11T16:34:58.954589936-07:00","Action":"run","Package":"github.com/JDinSeattle/forge-runtime/internal/runnerclient","Test":"TestP06IntentOracleRejectsCrossSampleAndAlteredIntent/workspace"}
{"Time":"2026-09-11T16:34:58.954574412-07:00","Action":"output","Package":"github.com/JDinSeattle/forge-runtime/internal/persistence","Test":"TestFallbackConfigBoundsAndOmission","Output":"=== RUN   TestFallbackConfigBoundsAndOmission\n"}
{"Time":"2026-09-11T16:34:58.954597038-07:00","Action":"run","Package":"github.com/JDinSeattle/forge-runtime/internal/persistence","Test":"TestFallbackConfigBoundsAndOmission/valid"}
{"Time":"2026-09-11T16:34:58.954593803-07:00","Action":"output","Package":"github.com/JDinSeattle/forge-runtime/internal/runnerclient","Test":"TestP06IntentOracleRejectsCrossSampleAndAlteredIntent/workspace","Output":"=== RUN   TestP06IntentOracleRejectsCrossSampleAndAlteredIntent/workspace\n"}
{"Time":"2026-09-11T16:34:58.954603484-07:00","Action":"output","Package":"github.com/JDinSeattle/forge-runtime/internal/persistence","Test":"TestFallbackConfigBoundsAndOmission/valid","Output":"=== RUN   TestFallbackConfigBoundsAndOmission/valid\n"}
{"Time":"2026-09-11T16:34:58.954608113-07:00","Action":"output","Package":"github.com/JDinSeattle/forge-runtime/internal/runnerclient","Test":"TestP06IntentOracleRejectsCrossSampleAndAlteredIntent/workspace","Output":"--- PASS: TestP06IntentOracleRejectsCrossSampleAndAlteredIntent/workspace (0.00s)\n"}
{"Time":"2026-09-11T16:34:58.954610223-07:00","Action":"output","Package":"github.com/JDinSeattle/forge-runtime/internal/persistence","Test":"TestFallbackConfigBoundsAndOmission/valid","Output":"--- PASS: TestFallbackConfigBoundsAndOmission/valid (0.00s)\n"}
{"Time":"2026-09-11T16:34:58.954612439-07:00","Action":"pass","Package":"github.com/JDinSeattle/forge-runtime/internal/runnerclient","Test":"TestP06IntentOracleRejectsCrossSampleAndAlteredIntent/workspace","Elapsed":0}
{"Time":"2026-09-11T16:34:58.954614833-07:00","Action":"pass","Package":"github.com/JDinSeattle/forge-runtime/internal/persistence","Test":"TestFallbackConfigBoundsAndOmission/valid","Elapsed":0}
{"Time":"2026-09-11T16:34:58.954617863-07:00","Action":"run","Package":"github.com/JDinSeattle/forge-runtime/internal/runnerclient","Test":"TestP06IntentOracleRejectsCrossSampleAndAlteredIntent/operation"}
{"Time":"2026-09-11T16:34:58.954629183-07:00","Action":"output","Package":"github.com/JDinSeattle/forge-runtime/internal/runnerclient","Test":"TestP06IntentOracleRejectsCrossSampleAndAlteredIntent/operation","Output":"=== RUN   TestP06IntentOracleRejectsCrossSampleAndAlteredIntent/operation\n"}
{"Time":"2026-09-11T16:34:58.954619497-07:00","Action":"run","Package":"github.com/JDinSeattle/forge-runtime/internal/persistence","Test":"TestFallbackConfigBoundsAndOmission/same_route"}
{"Time":"2026-09-11T16:34:58.954634469-07:00","Action":"output","Package":"github.com/JDinSeattle/forge-runtime/internal/runnerclient","Test":"TestP06IntentOracleRejectsCrossSampleAndAlteredIntent/operation","Output":"--- PASS: TestP06IntentOracleRejectsCrossSampleAndAlteredIntent/operation (0.00s)\n"}
{"Time":"2026-09-11T16:34:58.95463564-07:00","Action":"output","Package":"github.com/JDinSeattle/forge-runtime/internal/persistence","Test":"TestFallbackConfigBoundsAndOmission/same_route","Output":"=== RUN   TestFallbackConfigBoundsAndOmission/same_route\n"}
{"Time":"2026-09-11T16:34:58.954639123-07:00","Action":"pass","Package":"github.com/JDinSeattle/forge-runtime/internal/runnerclient","Test":"TestP06IntentOracleRejectsCrossSampleAndAlteredIntent/operation","Elapsed":0}
{"Time":"2026-09-11T16:34:58.954642362-07:00","Action":"output","Package":"github.com/JDinSeattle/forge-runtime/internal/persistence","Test":"TestFallbackConfigBoundsAndOmission/same_route","Output":"--- PASS: TestFallbackConfigBoundsAndOmission/same_route (0.00s)\n"}
{"Time":"2026-09-11T16:34:58.954644134-07:00","Action":"run","Package":"github.com/JDinSeattle/forge-runtime/internal/runnerclient","Test":"TestP06IntentOracleRejectsCrossSampleAndAlteredIntent/revision"}
{"Time":"2026-09-11T16:34:58.954646364-07:00","Action":"pass","Package":"github.com/JDinSeattle/forge-runtime/internal/persistence","Test":"TestFallbackConfigBoundsAndOmission/same_route","Elapsed":0}
{"Time":"2026-09-11T16:34:58.954648269-07:00","Action":"output","Package":"github.com/JDinSeattle/forge-runtime/internal/runnerclient","Test":"TestP06IntentOracleRejectsCrossSampleAndAlteredIntent/revision","Output":"=== RUN   TestP06IntentOracleRejectsCrossSampleAndAlteredIntent/revision\n"}
{"Time":"2026-09-11T16:34:58.954649816-07:00","Action":"run","Package":"github.com/JDinSeattle/forge-runtime/internal/persistence","Test":"TestFallbackConfigBoundsAndOmission/empty_provider"}
{"Time":"2026-09-11T16:34:58.954652754-07:00","Action":"output","Package":"github.com/JDinSeattle/forge-runtime/internal/runnerclient","Test":"TestP06IntentOracleRejectsCrossSampleAndAlteredIntent/revision","Output":"--- PASS: TestP06IntentOracleRejectsCrossSampleAndAlteredIntent/revision (0.00s)\n"}
{"Time":"2026-09-11T16:34:58.954654195-07:00","Action":"output","Package":"github.com/JDinSeattle/forge-runtime/internal/persistence","Test":"TestFallbackConfigBoundsAndOmission/empty_provider","Output":"=== RUN   TestFallbackConfigBoundsAndOmission/empty_provider\n"}
{"Time":"2026-09-11T16:34:58.954656011-07:00","Action":"pass","Package":"github.com/JDinSeattle/forge-runtime/internal/runnerclient","Test":"TestP06IntentOracleRejectsCrossSampleAndAlteredIntent/revision","Elapsed":0}
{"Time":"2026-09-11T16:34:58.954660023-07:00","Action":"output","Package":"github.com/JDinSeattle/forge-runtime/internal/persistence","Test":"TestFallbackConfigBoundsAndOmission/empty_provider","Output":"--- PASS: TestFallbackConfigBoundsAndOmission/empty_provider (0.00s)\n"}
{"Time":"2026-09-11T16:34:58.954660425-07:00","Action":"run","Package":"github.com/JDinSeattle/forge-runtime/internal/runnerclient","Test":"TestP06IntentOracleRejectsCrossSampleAndAlteredIntent/kind"}
{"Time":"2026-09-11T16:34:58.954663884-07:00","Action":"pass","Package":"github.com/JDinSeattle/forge-runtime/internal/persistence","Test":"TestFallbackConfigBoundsAndOmission/empty_provider","Elapsed":0}
{"Time":"2026-09-11T16:34:58.9546657-07:00","Action":"output","Package":"github.com/JDinSeattle/forge-runtime/internal/runnerclient","Test":"TestP06IntentOracleRejectsCrossSampleAndAlteredIntent/kind","Output":"=== RUN   TestP06IntentOracleRejectsCrossSampleAndAlteredIntent/kind\n"}
{"Time":"2026-09-11T16:34:58.954673951-07:00","Action":"output","Package":"github.com/JDinSeattle/forge-runtime/internal/runnerclient","Test":"TestP06IntentOracleRejectsCrossSampleAndAlteredIntent/kind","Output":"--- PASS: TestP06IntentOracleRejectsCrossSampleAndAlteredIntent/kind (0.00s)\n"}
{"Time":"2026-09-11T16:34:58.954678585-07:00","Action":"pass","Package":"github.com/JDinSeattle/forge-runtime/internal/runnerclient","Test":"TestP06IntentOracleRejectsCrossSampleAndAlteredIntent/kind","Elapsed":0}
{"Time":"2026-09-11T16:34:58.954682701-07:00","Action":"run","Package":"github.com/JDinSeattle/forge-runtime/internal/runnerclient","Test":"TestP06IntentOracleRejectsCrossSampleAndAlteredIntent/args"}
{"Time":"2026-09-11T16:34:58.954683102-07:00","Action":"run","Package":"github.com/JDinSeattle/forge-runtime/internal/httpapi","Test":"TestDependencyErrorsSeparateAvailabilityFromPermanentFailures"}
{"Time":"2026-09-11T16:34:58.954690276-07:00","Action":"output","Package":"github.com/JDinSeattle/forge-runtime/internal/httpapi","Test":"TestDependencyErrorsSeparateAvailabilityFromPermanentFailures","Output":"=== RUN   TestDependencyErrorsSeparateAvailabilityFromPermanentFailures\n"}
{"Time":"2026-09-11T16:34:58.954685809-07:00","Action":"output","Package":"github.com/JDinSeattle/forge-runtime/internal/runnerclient","Test":"TestP06IntentOracleRejectsCrossSampleAndAlteredIntent/args","Output":"=== RUN   TestP06IntentOracleRejectsCrossSampleAndAlteredIntent/args\n"}
{"Time":"2026-09-11T16:34:58.9547077-07:00","Action":"output","Package":"github.com/JDinSeattle/forge-runtime/internal/runnerclient","Test":"TestP06IntentOracleRejectsCrossSampleAndAlteredIntent/args","Output":"--- PASS: TestP06IntentOracleRejectsCrossSampleAndAlteredIntent/args (0.00s)\n"}
{"Time":"2026-09-11T16:34:58.954712407-07:00","Action":"pass","Package":"github.com/JDinSeattle/forge-runtime/internal/runnerclient","Test":"TestP06IntentOracleRejectsCrossSampleAndAlteredIntent/args","Elapsed":0}
{"Time":"2026-09-11T16:34:58.954716931-07:00","Action":"run","Package":"github.com/JDinSeattle/forge-runtime/internal/runnerclient","Test":"TestP06IntentOracleRejectsCrossSampleAndAlteredIntent/tenant"}
{"Time":"2026-09-11T16:34:58.954720747-07:00","Action":"output","Package":"github.com/JDinSeattle/forge-runtime/internal/runnerclient","Test":"TestP06IntentOracleRejectsCrossSampleAndAlteredIntent/tenant","Output":"=== RUN   TestP06IntentOracleRejectsCrossSampleAndAlteredIntent/tenant\n"}
{"Time":"2026-09-11T16:34:58.954725183-07:00","Action":"output","Package":"github.com/JDinSeattle/forge-runtime/internal/runnerclient","Test":"TestP06IntentOracleRejectsCrossSampleAndAlteredIntent/tenant","Output":"--- PASS: TestP06IntentOracleRejectsCrossSampleAndAlteredIntent/tenant (0.00s)\n"}
{"Time":"2026-09-11T16:34:58.954757463-07:00","Action":"pass","Package":"github.com/JDinSeattle/forge-runtime/internal/runnerclient","Test":"TestP06IntentOracleRejectsCrossSampleAndAlteredIntent/tenant","Elapsed":0}
{"Time":"2026-09-11T16:34:58.954761777-07:00","Action":"run","Package":"github.com/JDinSeattle/forge-runtime/internal/runnerclient","Test":"TestP06IntentOracleRejectsCrossSampleAndAlteredIntent/args_hash"}
{"Time":"2026-09-11T16:34:58.954765296-07:00","Action":"output","Package":"github.com/JDinSeattle/forge-runtime/internal/runnerclient","Test":"TestP06IntentOracleRejectsCrossSampleAndAlteredIntent/args_hash","Output":"=== RUN   TestP06IntentOracleRejectsCrossSampleAndAlteredIntent/args_hash\n"}
{"Time":"2026-09-11T16:34:58.9547694-07:00","Action":"output","Package":"github.com/JDinSeattle/forge-runtime/internal/runnerclient","Test":"TestP06IntentOracleRejectsCrossSampleAndAlteredIntent/args_hash","Output":"--- PASS: TestP06IntentOracleRejectsCrossSampleAndAlteredIntent/args_hash (0.00s)\n"}
{"Time":"2026-09-11T16:34:58.954773253-07:00","Action":"pass","Package":"github.com/JDinSeattle/forge-runtime/internal/runnerclient","Test":"TestP06IntentOracleRejectsCrossSampleAndAlteredIntent/args_hash","Elapsed":0}
{"Time":"2026-09-11T16:34:58.954782109-07:00","Action":"run","Package":"github.com/JDinSeattle/forge-runtime/internal/runnerclient","Test":"TestP06IntentOracleRejectsCrossSampleAndAlteredIntent/policy"}
{"Time":"2026-09-11T16:34:58.954785985-07:00","Action":"output","Package":"github.com/JDinSeattle/forge-runtime/internal/runnerclient","Test":"TestP06IntentOracleRejectsCrossSampleAndAlteredIntent/policy","Output":"=== RUN   TestP06IntentOracleRejectsCrossSampleAndAlteredIntent/policy\n"}
{"Time":"2026-09-11T16:34:58.954790023-07:00","Action":"output","Package":"github.com/JDinSeattle/forge-runtime/internal/runnerclient","Test":"TestP06IntentOracleRejectsCrossSampleAndAlteredIntent/policy","Output":"--- PASS: TestP06IntentOracleRejectsCrossSampleAndAlteredIntent/policy (0.00s)\n"}
{"Time":"2026-09-11T16:34:58.954793901-07:00","Action":"pass","Package":"github.com/JDinSeattle/forge-runtime/internal/runnerclient","Test":"TestP06IntentOracleRejectsCrossSampleAndAlteredIntent/policy","Elapsed":0}
{"Time":"2026-09-11T16:34:58.954797615-07:00","Action":"run","Package":"github.com/JDinSeattle/forge-runtime/internal/runnerclient","Test":"TestP06IntentOracleRejectsCrossSampleAndAlteredIntent/deadline"}
{"Time":"2026-09-11T16:34:58.954800327-07:00","Action":"output","Package":"github.com/JDinSeattle/forge-runtime/internal/runnerclient","Test":"TestP06IntentOracleRejectsCrossSampleAndAlteredIntent/deadline","Output":"=== RUN   TestP06IntentOracleRejectsCrossSampleAndAlteredIntent/deadline\n"}
{"Time":"2026-09-11T16:34:58.954806306-07:00","Action":"output","Package":"github.com/JDinSeattle/forge-runtime/internal/runnerclient","Test":"TestP06IntentOracleRejectsCrossSampleAndAlteredIntent/deadline","Output":"--- PASS: TestP06IntentOracleRejectsCrossSampleAndAlteredIntent/deadline (0.00s)\n"}
{"Time":"2026-09-11T16:34:58.954667815-07:00","Action":"run","Package":"github.com/JDinSeattle/forge-runtime/internal/persistence","Test":"TestFallbackConfigBoundsAndOmission/empty_model"}
{"Time":"2026-09-11T16:34:58.954817398-07:00","Action":"output","Package":"github.com/JDinSeattle/forge-runtime/internal/persistence","Test":"TestFallbackConfigBoundsAndOmission/empty_model","Output":"=== RUN   TestFallbackConfigBoundsAndOmission/empty_model\n"}
{"Time":"2026-09-11T16:34:58.954829655-07:00","Action":"output","Package":"github.com/JDinSeattle/forge-runtime/internal/persistence","Test":"TestFallbackConfigBoundsAndOmission/empty_model","Output":"--- PASS: TestFallbackConfigBoundsAndOmission/empty_model (0.00s)\n"}
{"Time":"2026-09-11T16:34:58.954822795-07:00","Action":"run","Package":"github.com/JDinSeattle/forge-runtime/internal/httpapi","Test":"TestDependencyErrorsSeparateAvailabilityFromPermanentFailures/connection"}
{"Time":"2026-09-11T16:34:58.954845417-07:00","Action":"output","Package":"github.com/JDinSeattle/forge-runtime/internal/httpapi","Test":"TestDependencyErrorsSeparateAvailabilityFromPermanentFailures/connection","Output":"=== RUN   TestDependencyErrorsSeparateAvailabilityFromPermanentFailures/connection\n"}
{"Time":"2026-09-11T16:34:58.954833806-07:00","Action":"pass","Package":"github.com/JDinSeattle/forge-runtime/internal/persistence","Test":"TestFallbackConfigBoundsAndOmission/empty_model","Elapsed":0}
{"Time":"2026-09-11T16:34:58.954859921-07:00","Action":"run","Package":"github.com/JDinSeattle/forge-runtime/internal/persistence","Test":"TestFallbackConfigBoundsAndOmission/unbounded_cost"}
{"Time":"2026-09-11T16:34:58.95486522-07:00","Action":"output","Package":"github.com/JDinSeattle/forge-runtime/internal/persistence","Test":"TestFallbackConfigBoundsAndOmission/unbounded_cost","Output":"=== RUN   TestFallbackConfigBoundsAndOmission/unbounded_cost\n"}
{"Time":"2026-09-11T16:34:58.954871582-07:00","Action":"output","Package":"github.com/JDinSeattle/forge-runtime/internal/persistence","Test":"TestFallbackConfigBoundsAndOmission/unbounded_cost","Output":"--- PASS: TestFallbackConfigBoundsAndOmission/unbounded_cost (0.00s)\n"}
{"Time":"2026-09-11T16:34:58.954875841-07:00","Action":"pass","Package":"github.com/JDinSeattle/forge-runtime/internal/persistence","Test":"TestFallbackConfigBoundsAndOmission/unbounded_cost","Elapsed":0}
{"Time":"2026-09-11T16:34:58.954810846-07:00","Action":"pass","Package":"github.com/JDinSeattle/forge-runtime/internal/runnerclient","Test":"TestP06IntentOracleRejectsCrossSampleAndAlteredIntent/deadline","Elapsed":0}
{"Time":"2026-09-11T16:34:58.954901405-07:00","Action":"run","Package":"github.com/JDinSeattle/forge-runtime/internal/runnerclient","Test":"TestP06IntentOracleRejectsCrossSampleAndAlteredIntent/nonterminal"}
{"Time":"2026-09-11T16:34:58.954910977-07:00","Action":"output","Package":"github.com/JDinSeattle/forge-runtime/internal/runnerclient","Test":"TestP06IntentOracleRejectsCrossSampleAndAlteredIntent/nonterminal","Output":"=== RUN   TestP06IntentOracleRejectsCrossSampleAndAlteredIntent/nonterminal\n"}
{"Time":"2026-09-11T16:34:58.954917-07:00","Action":"output","Package":"github.com/JDinSeattle/forge-runtime/internal/runnerclient","Test":"TestP06IntentOracleRejectsCrossSampleAndAlteredIntent/nonterminal","Output":"--- PASS: TestP06IntentOracleRejectsCrossSampleAndAlteredIntent/nonterminal (0.00s)\n"}
{"Time":"2026-09-11T16:34:58.95492294-07:00","Action":"pass","Package":"github.com/JDinSeattle/forge-runtime/internal/runnerclient","Test":"TestP06IntentOracleRejectsCrossSampleAndAlteredIntent/nonterminal","Elapsed":0}
{"Time":"2026-09-11T16:34:58.954928704-07:00","Action":"run","Package":"github.com/JDinSeattle/forge-runtime/internal/runnerclient","Test":"TestP06IntentOracleRejectsCrossSampleAndAlteredIntent/other_self_consistent_sample"}
{"Time":"2026-09-11T16:34:58.954932545-07:00","Action":"output","Package":"github.com/JDinSeattle/forge-runtime/internal/runnerclient","Test":"TestP06IntentOracleRejectsCrossSampleAndAlteredIntent/other_self_consistent_sample","Output":"=== RUN   TestP06IntentOracleRejectsCrossSampleAndAlteredIntent/other_self_consistent_sample\n"}
{"Time":"2026-09-11T16:34:58.954937375-07:00","Action":"output","Package":"github.com/JDinSeattle/forge-runtime/internal/runnerclient","Test":"TestP06IntentOracleRejectsCrossSampleAndAlteredIntent/other_self_consistent_sample","Output":"--- PASS: TestP06IntentOracleRejectsCrossSampleAndAlteredIntent/other_self_consistent_sample (0.00s)\n"}
{"Time":"2026-09-11T16:34:58.9549406-07:00","Action":"pass","Package":"github.com/JDinSeattle/forge-runtime/internal/runnerclient","Test":"TestP06IntentOracleRejectsCrossSampleAndAlteredIntent/other_self_consistent_sample","Elapsed":0}
{"Time":"2026-09-11T16:34:58.954943368-07:00","Action":"run","Package":"github.com/JDinSeattle/forge-runtime/internal/runnerclient","Test":"TestP06IntentOracleRejectsCrossSampleAndAlteredIntent/epoch"}
{"Time":"2026-09-11T16:34:58.954946679-07:00","Action":"output","Package":"github.com/JDinSeattle/forge-runtime/internal/runnerclient","Test":"TestP06IntentOracleRejectsCrossSampleAndAlteredIntent/epoch","Output":"=== RUN   TestP06IntentOracleRejectsCrossSampleAndAlteredIntent/epoch\n"}
{"Time":"2026-09-11T16:34:58.954887708-07:00","Action":"output","Package":"github.com/JDinSeattle/forge-runtime/internal/persistence","Test":"TestFallbackConfigBoundsAndOmission","Output":"--- PASS: TestFallbackConfigBoundsAndOmission (0.00s)\n"}
{"Time":"2026-09-11T16:34:58.954957294-07:00","Action":"pass","Package":"github.com/JDinSeattle/forge-runtime/internal/persistence","Test":"TestFallbackConfigBoundsAndOmission","Elapsed":0}
{"Time":"2026-09-11T16:34:58.954966199-07:00","Action":"run","Package":"github.com/JDinSeattle/forge-runtime/internal/persistence","Test":"TestSnapshotHeaderUsesExactVersionWithoutInterpretingFutureFields"}
{"Time":"2026-09-11T16:34:58.954968501-07:00","Action":"output","Package":"github.com/JDinSeattle/forge-runtime/internal/persistence","Test":"TestSnapshotHeaderUsesExactVersionWithoutInterpretingFutureFields","Output":"=== RUN   TestSnapshotHeaderUsesExactVersionWithoutInterpretingFutureFields\n"}
{"Time":"2026-09-11T16:34:58.954976405-07:00","Action":"output","Package":"github.com/JDinSeattle/forge-runtime/internal/persistence","Test":"TestSnapshotHeaderUsesExactVersionWithoutInterpretingFutureFields","Output":"--- PASS: TestSnapshotHeaderUsesExactVersionWithoutInterpretingFutureFields (0.00s)\n"}
{"Time":"2026-09-11T16:34:58.954983339-07:00","Action":"pass","Package":"github.com/JDinSeattle/forge-runtime/internal/persistence","Test":"TestSnapshotHeaderUsesExactVersionWithoutInterpretingFutureFields","Elapsed":0}
{"Time":"2026-09-11T16:34:58.954986183-07:00","Action":"run","Package":"github.com/JDinSeattle/forge-runtime/internal/persistence","Test":"TestSnapshotHeaderSQLUnicodeFoldRemainsComplete"}
{"Time":"2026-09-11T16:34:58.954987501-07:00","Action":"output","Package":"github.com/JDinSeattle/forge-runtime/internal/persistence","Test":"TestSnapshotHeaderSQLUnicodeFoldRemainsComplete","Output":"=== RUN   TestSnapshotHeaderSQLUnicodeFoldRemainsComplete\n"}
{"Time":"2026-09-11T16:34:58.954950397-07:00","Action":"output","Package":"github.com/JDinSeattle/forge-runtime/internal/runnerclient","Test":"TestP06IntentOracleRejectsCrossSampleAndAlteredIntent/epoch","Output":"--- PASS: TestP06IntentOracleRejectsCrossSampleAndAlteredIntent/epoch (0.00s)\n"}
{"Time":"2026-09-11T16:34:58.954992602-07:00","Action":"pass","Package":"github.com/JDinSeattle/forge-runtime/internal/runnerclient","Test":"TestP06IntentOracleRejectsCrossSampleAndAlteredIntent/epoch","Elapsed":0}
{"Time":"2026-09-11T16:34:58.954994383-07:00","Action":"run","Package":"github.com/JDinSeattle/forge-runtime/internal/runnerclient","Test":"TestP06IntentOracleRejectsCrossSampleAndAlteredIntent/receipt_tenant"}
{"Time":"2026-09-11T16:34:58.954995703-07:00","Action":"output","Package":"github.com/JDinSeattle/forge-runtime/internal/runnerclient","Test":"TestP06IntentOracleRejectsCrossSampleAndAlteredIntent/receipt_tenant","Output":"=== RUN   TestP06IntentOracleRejectsCrossSampleAndAlteredIntent/receipt_tenant\n"}
{"Time":"2026-09-11T16:34:58.954998846-07:00","Action":"output","Package":"github.com/JDinSeattle/forge-runtime/internal/runnerclient","Test":"TestP06IntentOracleRejectsCrossSampleAndAlteredIntent/receipt_tenant","Output":"--- PASS: TestP06IntentOracleRejectsCrossSampleAndAlteredIntent/receipt_tenant (0.00s)\n"}
{"Time":"2026-09-11T16:34:58.955000574-07:00","Action":"pass","Package":"github.com/JDinSeattle/forge-runtime/internal/runnerclient","Test":"TestP06IntentOracleRejectsCrossSampleAndAlteredIntent/receipt_tenant","Elapsed":0}
{"Time":"2026-09-11T16:34:58.955001916-07:00","Action":"run","Package":"github.com/JDinSeattle/forge-runtime/internal/runnerclient","Test":"TestP06IntentOracleRejectsCrossSampleAndAlteredIntent/receipt_run"}
{"Time":"2026-09-11T16:34:58.95500315-07:00","Action":"output","Package":"github.com/JDinSeattle/forge-runtime/internal/runnerclient","Test":"TestP06IntentOracleRejectsCrossSampleAndAlteredIntent/receipt_run","Output":"=== RUN   TestP06IntentOracleRejectsCrossSampleAndAlteredIntent/receipt_run\n"}
{"Time":"2026-09-11T16:34:58.955005158-07:00","Action":"output","Package":"github.com/JDinSeattle/forge-runtime/internal/runnerclient","Test":"TestP06IntentOracleRejectsCrossSampleAndAlteredIntent/receipt_run","Output":"--- PASS: TestP06IntentOracleRejectsCrossSampleAndAlteredIntent/receipt_run (0.00s)\n"}
{"Time":"2026-09-11T16:34:58.955006596-07:00","Action":"pass","Package":"github.com/JDinSeattle/forge-runtime/internal/runnerclient","Test":"TestP06IntentOracleRejectsCrossSampleAndAlteredIntent/receipt_run","Elapsed":0}
{"Time":"2026-09-11T16:34:58.955008287-07:00","Action":"run","Package":"github.com/JDinSeattle/forge-runtime/internal/runnerclient","Test":"TestP06IntentOracleRejectsCrossSampleAndAlteredIntent/run"}
{"Time":"2026-09-11T16:34:58.955009612-07:00","Action":"output","Package":"github.com/JDinSeattle/forge-runtime/internal/runnerclient","Test":"TestP06IntentOracleRejectsCrossSampleAndAlteredIntent/run","Output":"=== RUN   TestP06IntentOracleRejectsCrossSampleAndAlteredIntent/run\n"}
{"Time":"2026-09-11T16:34:58.955011402-07:00","Action":"output","Package":"github.com/JDinSeattle/forge-runtime/internal/runnerclient","Test":"TestP06IntentOracleRejectsCrossSampleAndAlteredIntent/run","Output":"--- PASS: TestP06IntentOracleRejectsCrossSampleAndAlteredIntent/run (0.00s)\n"}
{"Time":"2026-09-11T16:34:58.955013938-07:00","Action":"pass","Package":"github.com/JDinSeattle/forge-runtime/internal/runnerclient","Test":"TestP06IntentOracleRejectsCrossSampleAndAlteredIntent/run","Elapsed":0}
{"Time":"2026-09-11T16:34:58.955015507-07:00","Action":"output","Package":"github.com/JDinSeattle/forge-runtime/internal/runnerclient","Test":"TestP06IntentOracleRejectsCrossSampleAndAlteredIntent","Output":"--- PASS: TestP06IntentOracleRejectsCrossSampleAndAlteredIntent (0.00s)\n"}
{"Time":"2026-09-11T16:34:58.955020732-07:00","Action":"output","Package":"github.com/JDinSeattle/forge-runtime/internal/httpapi","Test":"TestDependencyErrorsSeparateAvailabilityFromPermanentFailures/connection","Output":"--- PASS: TestDependencyErrorsSeparateAvailabilityFromPermanentFailures/connection (0.00s)\n"}
{"Time":"2026-09-11T16:34:58.955019471-07:00","Action":"pass","Package":"github.com/JDinSeattle/forge-runtime/internal/runnerclient","Test":"TestP06IntentOracleRejectsCrossSampleAndAlteredIntent","Elapsed":0}
{"Time":"2026-09-11T16:34:58.955027136-07:00","Action":"run","Package":"github.com/JDinSeattle/forge-runtime/internal/runnerclient","Test":"TestP06NetworkOracleRejectsUsableExternalConnectivity"}
{"Time":"2026-09-11T16:34:58.955027749-07:00","Action":"pass","Package":"github.com/JDinSeattle/forge-runtime/internal/httpapi","Test":"TestDependencyErrorsSeparateAvailabilityFromPermanentFailures/connection","Elapsed":0}
{"Time":"2026-09-11T16:34:58.955028844-07:00","Action":"output","Package":"github.com/JDinSeattle/forge-runtime/internal/runnerclient","Test":"TestP06NetworkOracleRejectsUsableExternalConnectivity","Output":"=== RUN   TestP06NetworkOracleRejectsUsableExternalConnectivity\n"}
{"Time":"2026-09-11T16:34:58.955032739-07:00","Action":"run","Package":"github.com/JDinSeattle/forge-runtime/internal/runnerclient","Test":"TestP06NetworkOracleRejectsUsableExternalConnectivity/ipv6_external_route"}
{"Time":"2026-09-11T16:34:58.95503397-07:00","Action":"output","Package":"github.com/JDinSeattle/forge-runtime/internal/runnerclient","Test":"TestP06NetworkOracleRejectsUsableExternalConnectivity/ipv6_external_route","Output":"=== RUN   TestP06NetworkOracleRejectsUsableExternalConnectivity/ipv6_external_route\n"}
{"Time":"2026-09-11T16:34:58.95503598-07:00","Action":"output","Package":"github.com/JDinSeattle/forge-runtime/internal/runnerclient","Test":"TestP06NetworkOracleRejectsUsableExternalConnectivity/ipv6_external_route","Output":"--- PASS: TestP06NetworkOracleRejectsUsableExternalConnectivity/ipv6_external_route (0.00s)\n"}
{"Time":"2026-09-11T16:34:58.955037759-07:00","Action":"pass","Package":"github.com/JDinSeattle/forge-runtime/internal/runnerclient","Test":"TestP06NetworkOracleRejectsUsableExternalConnectivity/ipv6_external_route","Elapsed":0}
{"Time":"2026-09-11T16:34:58.955040037-07:00","Action":"run","Package":"github.com/JDinSeattle/forge-runtime/internal/runnerclient","Test":"TestP06NetworkOracleRejectsUsableExternalConnectivity/ipv6_nonloopback_destination"}
{"Time":"2026-09-11T16:34:58.95504274-07:00","Action":"output","Package":"github.com/JDinSeattle/forge-runtime/internal/runnerclient","Test":"TestP06NetworkOracleRejectsUsableExternalConnectivity/ipv6_nonloopback_destination","Output":"=== RUN   TestP06NetworkOracleRejectsUsableExternalConnectivity/ipv6_nonloopback_destination\n"}
{"Time":"2026-09-11T16:34:58.955041739-07:00","Action":"run","Package":"github.com/JDinSeattle/forge-runtime/internal/httpapi","Test":"TestDependencyErrorsSeparateAvailabilityFromPermanentFailures/lost_response"}
{"Time":"2026-09-11T16:34:58.955047775-07:00","Action":"output","Package":"github.com/JDinSeattle/forge-runtime/internal/httpapi","Test":"TestDependencyErrorsSeparateAvailabilityFromPermanentFailures/lost_response","Output":"=== RUN   TestDependencyErrorsSeparateAvailabilityFromPermanentFailures/lost_response\n"}
{"Time":"2026-09-11T16:34:58.955109611-07:00","Action":"output","Package":"github.com/JDinSeattle/forge-runtime/internal/runnerclient","Test":"TestP06NetworkOracleRejectsUsableExternalConnectivity/ipv6_nonloopback_destination","Output":"--- PASS: TestP06NetworkOracleRejectsUsableExternalConnectivity/ipv6_nonloopback_destination (0.00s)\n"}
{"Time":"2026-09-11T16:34:58.955120532-07:00","Action":"pass","Package":"github.com/JDinSeattle/forge-runtime/internal/runnerclient","Test":"TestP06NetworkOracleRejectsUsableExternalConnectivity/ipv6_nonloopback_destination","Elapsed":0}
{"Time":"2026-09-11T16:34:58.955155163-07:00","Action":"output","Package":"github.com/JDinSeattle/forge-runtime/internal/httpapi","Test":"TestDependencyErrorsSeparateAvailabilityFromPermanentFailures/lost_response","Output":"--- PASS: TestDependencyErrorsSeparateAvailabilityFromPermanentFailures/lost_response (0.00s)\n"}
{"Time":"2026-09-11T16:34:58.955160703-07:00","Action":"run","Package":"github.com/JDinSeattle/forge-runtime/internal/runnerclient","Test":"TestP06NetworkOracleRejectsUsableExternalConnectivity/external_operstate_up"}
{"Time":"2026-09-11T16:34:58.955168297-07:00","Action":"output","Package":"github.com/JDinSeattle/forge-runtime/internal/runnerclient","Test":"TestP06NetworkOracleRejectsUsableExternalConnectivity/external_operstate_up","Output":"=== RUN   TestP06NetworkOracleRejectsUsableExternalConnectivity/external_operstate_up\n"}
{"Time":"2026-09-11T16:34:58.955170002-07:00","Action":"pass","Package":"github.com/JDinSeattle/forge-runtime/internal/httpapi","Test":"TestDependencyErrorsSeparateAvailabilityFromPermanentFailures/lost_response","Elapsed":0}
{"Time":"2026-09-11T16:34:58.955191956-07:00","Action":"run","Package":"github.com/JDinSeattle/forge-runtime/internal/httpapi","Test":"TestDependencyErrorsSeparateAvailabilityFromPermanentFailures/restart"}
{"Time":"2026-09-11T16:34:58.955194939-07:00","Action":"output","Package":"github.com/JDinSeattle/forge-runtime/internal/httpapi","Test":"TestDependencyErrorsSeparateAvailabilityFromPermanentFailures/restart","Output":"=== RUN   TestDependencyErrorsSeparateAvailabilityFromPermanentFailures/restart\n"}
{"Time":"2026-09-11T16:34:58.955262288-07:00","Action":"output","Package":"github.com/JDinSeattle/forge-runtime/internal/runnerclient","Test":"TestP06NetworkOracleRejectsUsableExternalConnectivity/external_operstate_up","Output":"--- PASS: TestP06NetworkOracleRejectsUsableExternalConnectivity/external_operstate_up (0.00s)\n"}
{"Time":"2026-09-11T16:34:58.955270146-07:00","Action":"pass","Package":"github.com/JDinSeattle/forge-runtime/internal/runnerclient","Test":"TestP06NetworkOracleRejectsUsableExternalConnectivity/external_operstate_up","Elapsed":0}
{"Time":"2026-09-11T16:34:58.955279043-07:00","Action":"run","Package":"github.com/JDinSeattle/forge-runtime/internal/runnerclient","Test":"TestP06NetworkOracleRejectsUsableExternalConnectivity/ipv4_nonloopback_destination"}
{"Time":"2026-09-11T16:34:58.955283233-07:00","Action":"output","Package":"github.com/JDinSeattle/forge-runtime/internal/runnerclient","Test":"TestP06NetworkOracleRejectsUsableExternalConnectivity/ipv4_nonloopback_destination","Output":"=== RUN   TestP06NetworkOracleRejectsUsableExternalConnectivity/ipv4_nonloopback_destination\n"}
{"Time":"2026-09-11T16:34:58.955290118-07:00","Action":"output","Package":"github.com/JDinSeattle/forge-runtime/internal/httpapi","Test":"TestDependencyErrorsSeparateAvailabilityFromPermanentFailures/restart","Output":"--- PASS: TestDependencyErrorsSeparateAvailabilityFromPermanentFailures/restart (0.00s)\n"}
{"Time":"2026-09-11T16:34:58.955309724-07:00","Action":"pass","Package":"github.com/JDinSeattle/forge-runtime/internal/httpapi","Test":"TestDependencyErrorsSeparateAvailabilityFromPermanentFailures/restart","Elapsed":0}
{"Time":"2026-09-11T16:34:58.955324489-07:00","Action":"run","Package":"github.com/JDinSeattle/forge-runtime/internal/httpapi","Test":"TestDependencyErrorsSeparateAvailabilityFromPermanentFailures/timeout"}
{"Time":"2026-09-11T16:34:58.955326439-07:00","Action":"output","Package":"github.com/JDinSeattle/forge-runtime/internal/httpapi","Test":"TestDependencyErrorsSeparateAvailabilityFromPermanentFailures/timeout","Output":"=== RUN   TestDependencyErrorsSeparateAvailabilityFromPermanentFailures/timeout\n"}
{"Time":"2026-09-11T16:34:58.955407213-07:00","Action":"output","Package":"github.com/JDinSeattle/forge-runtime/internal/runnerclient","Test":"TestP06NetworkOracleRejectsUsableExternalConnectivity/ipv4_nonloopback_destination","Output":"--- PASS: TestP06NetworkOracleRejectsUsableExternalConnectivity/ipv4_nonloopback_destination (0.00s)\n"}
{"Time":"2026-09-11T16:34:58.955418348-07:00","Action":"pass","Package":"github.com/JDinSeattle/forge-runtime/internal/runnerclient","Test":"TestP06NetworkOracleRejectsUsableExternalConnectivity/ipv4_nonloopback_destination","Elapsed":0}
{"Time":"2026-09-11T16:34:58.955430395-07:00","Action":"run","Package":"github.com/JDinSeattle/forge-runtime/internal/runnerclient","Test":"TestP06NetworkOracleRejectsUsableExternalConnectivity/ipv4_default_via_loopback"}
{"Time":"2026-09-11T16:34:58.955432505-07:00","Action":"output","Package":"github.com/JDinSeattle/forge-runtime/internal/runnerclient","Test":"TestP06NetworkOracleRejectsUsableExternalConnectivity/ipv4_default_via_loopback","Output":"=== RUN   TestP06NetworkOracleRejectsUsableExternalConnectivity/ipv4_default_via_loopback\n"}
{"Time":"2026-09-11T16:34:58.955435458-07:00","Action":"output","Package":"github.com/JDinSeattle/forge-runtime/internal/httpapi","Test":"TestDependencyErrorsSeparateAvailabilityFromPermanentFailures/timeout","Output":"--- PASS: TestDependencyErrorsSeparateAvailabilityFromPermanentFailures/timeout (0.00s)\n"}
{"Time":"2026-09-11T16:34:58.955451407-07:00","Action":"pass","Package":"github.com/JDinSeattle/forge-runtime/internal/httpapi","Test":"TestDependencyErrorsSeparateAvailabilityFromPermanentFailures/timeout","Elapsed":0}
{"Time":"2026-09-11T16:34:58.955470653-07:00","Action":"run","Package":"github.com/JDinSeattle/forge-runtime/internal/httpapi","Test":"TestDependencyErrorsSeparateAvailabilityFromPermanentFailures/sql_bug"}
{"Time":"2026-09-11T16:34:58.955473372-07:00","Action":"output","Package":"github.com/JDinSeattle/forge-runtime/internal/httpapi","Test":"TestDependencyErrorsSeparateAvailabilityFromPermanentFailures/sql_bug","Output":"=== RUN   TestDependencyErrorsSeparateAvailabilityFromPermanentFailures/sql_bug\n"}
{"Time":"2026-09-11T16:34:58.955561629-07:00","Action":"output","Package":"github.com/JDinSeattle/forge-runtime/internal/runnerclient","Test":"TestP06NetworkOracleRejectsUsableExternalConnectivity/ipv4_default_via_loopback","Output":"--- PASS: TestP06NetworkOracleRejectsUsableExternalConnectivity/ipv4_default_via_loopback (0.00s)\n"}
{"Time":"2026-09-11T16:34:58.955569019-07:00","Action":"pass","Package":"github.com/JDinSeattle/forge-runtime/internal/runnerclient","Test":"TestP06NetworkOracleRejectsUsableExternalConnectivity/ipv4_default_via_loopback","Elapsed":0}
{"Time":"2026-09-11T16:34:58.955578214-07:00","Action":"output","Package":"github.com/JDinSeattle/forge-runtime/internal/httpapi","Test":"TestDependencyErrorsSeparateAvailabilityFromPermanentFailures/sql_bug","Output":"--- PASS: TestDependencyErrorsSeparateAvailabilityFromPermanentFailures/sql_bug (0.00s)\n"}
{"Time":"2026-09-11T16:34:58.955585524-07:00","Action":"run","Package":"github.com/JDinSeattle/forge-runtime/internal/runnerclient","Test":"TestP06NetworkOracleRejectsUsableExternalConnectivity/ipv6_default_via_loopback"}
{"Time":"2026-09-11T16:34:58.955589665-07:00","Action":"pass","Package":"github.com/JDinSeattle/forge-runtime/internal/httpapi","Test":"TestDependencyErrorsSeparateAvailabilityFromPermanentFailures/sql_bug","Elapsed":0}
{"Time":"2026-09-11T16:34:58.955607881-07:00","Action":"run","Package":"github.com/JDinSeattle/forge-runtime/internal/httpapi","Test":"TestDependencyErrorsSeparateAvailabilityFromPermanentFailures/database_authentication"}
{"Time":"2026-09-11T16:34:58.95561261-07:00","Action":"output","Package":"github.com/JDinSeattle/forge-runtime/internal/httpapi","Test":"TestDependencyErrorsSeparateAvailabilityFromPermanentFailures/database_authentication","Output":"=== RUN   TestDependencyErrorsSeparateAvailabilityFromPermanentFailures/database_authentication\n"}
{"Time":"2026-09-11T16:34:58.955592765-07:00","Action":"output","Package":"github.com/JDinSeattle/forge-runtime/internal/runnerclient","Test":"TestP06NetworkOracleRejectsUsableExternalConnectivity/ipv6_default_via_loopback","Output":"=== RUN   TestP06NetworkOracleRejectsUsableExternalConnectivity/ipv6_default_via_loopback\n"}
{"Time":"2026-09-11T16:34:58.955687395-07:00","Action":"output","Package":"github.com/JDinSeattle/forge-runtime/internal/runnerclient","Test":"TestP06NetworkOracleRejectsUsableExternalConnectivity/ipv6_default_via_loopback","Output":"--- PASS: TestP06NetworkOracleRejectsUsableExternalConnectivity/ipv6_default_via_loopback (0.00s)\n"}
{"Time":"2026-09-11T16:34:58.955696294-07:00","Action":"pass","Package":"github.com/JDinSeattle/forge-runtime/internal/runnerclient","Test":"TestP06NetworkOracleRejectsUsableExternalConnectivity/ipv6_default_via_loopback","Elapsed":0}
{"Time":"2026-09-11T16:34:58.95570101-07:00","Action":"run","Package":"github.com/JDinSeattle/forge-runtime/internal/runnerclient","Test":"TestP06NetworkOracleRejectsUsableExternalConnectivity/unreported_interface"}
{"Time":"2026-09-11T16:34:58.955703756-07:00","Action":"output","Package":"github.com/JDinSeattle/forge-runtime/internal/runnerclient","Test":"TestP06NetworkOracleRejectsUsableExternalConnectivity/unreported_interface","Output":"=== RUN   TestP06NetworkOracleRejectsUsableExternalConnectivity/unreported_interface\n"}
{"Time":"2026-09-11T16:34:58.955710717-07:00","Action":"output","Package":"github.com/JDinSeattle/forge-runtime/internal/httpapi","Test":"TestDependencyErrorsSeparateAvailabilityFromPermanentFailures/database_authentication","Output":"--- PASS: TestDependencyErrorsSeparateAvailabilityFromPermanentFailures/database_authentication (0.00s)\n"}
{"Time":"2026-09-11T16:34:58.955726367-07:00","Action":"pass","Package":"github.com/JDinSeattle/forge-runtime/internal/httpapi","Test":"TestDependencyErrorsSeparateAvailabilityFromPermanentFailures/database_authentication","Elapsed":0}
{"Time":"2026-09-11T16:34:58.955752375-07:00","Action":"output","Package":"github.com/JDinSeattle/forge-runtime/internal/httpapi","Test":"TestDependencyErrorsSeparateAvailabilityFromPermanentFailures","Output":"--- PASS: TestDependencyErrorsSeparateAvailabilityFromPermanentFailures (0.00s)\n"}
{"Time":"2026-09-11T16:34:58.955762835-07:00","Action":"pass","Package":"github.com/JDinSeattle/forge-runtime/internal/httpapi","Test":"TestDependencyErrorsSeparateAvailabilityFromPermanentFailures","Elapsed":0}
{"Time":"2026-09-11T16:34:58.955787852-07:00","Action":"run","Package":"github.com/JDinSeattle/forge-runtime/internal/provider","Test":"TestOpenAIResponsesContractAndNativeContinuation"}
{"Time":"2026-09-11T16:34:58.955792225-07:00","Action":"output","Package":"github.com/JDinSeattle/forge-runtime/internal/provider","Test":"TestOpenAIResponsesContractAndNativeContinuation","Output":"=== RUN   TestOpenAIResponsesContractAndNativeContinuation\n"}
{"Time":"2026-09-11T16:34:58.955813245-07:00","Action":"output","Package":"github.com/JDinSeattle/forge-runtime/internal/runnerclient","Test":"TestP06NetworkOracleRejectsUsableExternalConnectivity/unreported_interface","Output":"--- PASS: TestP06NetworkOracleRejectsUsableExternalConnectivity/unreported_interface (0.00s)\n"}
{"Time":"2026-09-11T16:34:58.955813868-07:00","Action":"run","Package":"github.com/JDinSeattle/forge-runtime/internal/httpapi","Test":"TestReadinessClassifiesActualDatabaseTransportLoss"}
{"Time":"2026-09-11T16:34:58.95581931-07:00","Action":"output","Package":"github.com/JDinSeattle/forge-runtime/internal/httpapi","Test":"TestReadinessClassifiesActualDatabaseTransportLoss","Output":"=== RUN   TestReadinessClassifiesActualDatabaseTransportLoss\n"}
{"Time":"2026-09-11T16:34:58.955849005-07:00","Action":"pass","Package":"github.com/JDinSeattle/forge-runtime/internal/runnerclient","Test":"TestP06NetworkOracleRejectsUsableExternalConnectivity/unreported_interface","Elapsed":0}
{"Time":"2026-09-11T16:34:58.955893649-07:00","Action":"run","Package":"github.com/JDinSeattle/forge-runtime/internal/runnerclient","Test":"TestP06NetworkOracleRejectsUsableExternalConnectivity/duplicate_interface"}
{"Time":"2026-09-11T16:34:58.955897321-07:00","Action":"output","Package":"github.com/JDinSeattle/forge-runtime/internal/runnerclient","Test":"TestP06NetworkOracleRejectsUsableExternalConnectivity/duplicate_interface","Output":"=== RUN   TestP06NetworkOracleRejectsUsableExternalConnectivity/duplicate_interface\n"}
{"Time":"2026-09-11T16:34:58.956061423-07:00","Action":"run","Package":"github.com/JDinSeattle/forge-runtime/internal/retention","Test":"TestJournalReferenceReaderProtectsOldReceiptsAndNewPinsFailsClosed"}
{"Time":"2026-09-11T16:34:58.956067007-07:00","Action":"output","Package":"github.com/JDinSeattle/forge-runtime/internal/retention","Test":"TestJournalReferenceReaderProtectsOldReceiptsAndNewPinsFailsClosed","Output":"=== RUN   TestJournalReferenceReaderProtectsOldReceiptsAndNewPinsFailsClosed\n"}
{"Time":"2026-09-11T16:34:58.956107894-07:00","Action":"output","Package":"github.com/JDinSeattle/forge-runtime/internal/runnerclient","Test":"TestP06NetworkOracleRejectsUsableExternalConnectivity/duplicate_interface","Output":"--- PASS: TestP06NetworkOracleRejectsUsableExternalConnectivity/duplicate_interface (0.00s)\n"}
{"Time":"2026-09-11T16:34:58.95612487-07:00","Action":"pass","Package":"github.com/JDinSeattle/forge-runtime/internal/runnerclient","Test":"TestP06NetworkOracleRejectsUsableExternalConnectivity/duplicate_interface","Elapsed":0}
{"Time":"2026-09-11T16:34:58.956138109-07:00","Action":"run","Package":"github.com/JDinSeattle/forge-runtime/internal/runnerclient","Test":"TestP06NetworkOracleRejectsUsableExternalConnectivity/no_loopback"}
{"Time":"2026-09-11T16:34:58.956139725-07:00","Action":"output","Package":"github.com/JDinSeattle/forge-runtime/internal/runnerclient","Test":"TestP06NetworkOracleRejectsUsableExternalConnectivity/no_loopback","Output":"=== RUN   TestP06NetworkOracleRejectsUsableExternalConnectivity/no_loopback\n"}
{"Time":"2026-09-11T16:34:58.956342508-07:00","Action":"output","Package":"github.com/JDinSeattle/forge-runtime/internal/runnerclient","Test":"TestP06NetworkOracleRejectsUsableExternalConnectivity/no_loopback","Output":"--- PASS: TestP06NetworkOracleRejectsUsableExternalConnectivity/no_loopback (0.00s)\n"}
{"Time":"2026-09-11T16:34:58.956354547-07:00","Action":"pass","Package":"github.com/JDinSeattle/forge-runtime/internal/runnerclient","Test":"TestP06NetworkOracleRejectsUsableExternalConnectivity/no_loopback","Elapsed":0}
{"Time":"2026-09-11T16:34:58.956358107-07:00","Action":"run","Package":"github.com/JDinSeattle/forge-runtime/internal/runnerclient","Test":"TestP06NetworkOracleRejectsUsableExternalConnectivity/external_interface_up"}
{"Time":"2026-09-11T16:34:58.956360195-07:00","Action":"output","Package":"github.com/JDinSeattle/forge-runtime/internal/runnerclient","Test":"TestP06NetworkOracleRejectsUsableExternalConnectivity/external_interface_up","Output":"=== RUN   TestP06NetworkOracleRejectsUsableExternalConnectivity/external_interface_up\n"}
{"Time":"2026-09-11T16:34:58.956575125-07:00","Action":"output","Package":"github.com/JDinSeattle/forge-runtime/internal/runnerclient","Test":"TestP06NetworkOracleRejectsUsableExternalConnectivity/external_interface_up","Output":"--- PASS: TestP06NetworkOracleRejectsUsableExternalConnectivity/external_interface_up (0.00s)\n"}
{"Time":"2026-09-11T16:34:58.95658963-07:00","Action":"pass","Package":"github.com/JDinSeattle/forge-runtime/internal/runnerclient","Test":"TestP06NetworkOracleRejectsUsableExternalConnectivity/external_interface_up","Elapsed":0}
{"Time":"2026-09-11T16:34:58.956609304-07:00","Action":"run","Package":"github.com/JDinSeattle/forge-runtime/internal/runnerclient","Test":"TestP06NetworkOracleRejectsUsableExternalConnectivity/external_ipv4_address"}
{"Time":"2026-09-11T16:34:58.956613232-07:00","Action":"output","Package":"github.com/JDinSeattle/forge-runtime/internal/runnerclient","Test":"TestP06NetworkOracleRejectsUsableExternalConnectivity/external_ipv4_address","Output":"=== RUN   TestP06NetworkOracleRejectsUsableExternalConnectivity/external_ipv4_address\n"}
{"Time":"2026-09-11T16:34:58.956791494-07:00","Action":"output","Package":"github.com/JDinSeattle/forge-runtime/internal/runnerclient","Test":"TestP06NetworkOracleRejectsUsableExternalConnectivity/external_ipv4_address","Output":"--- PASS: TestP06NetworkOracleRejectsUsableExternalConnectivity/external_ipv4_address (0.00s)\n"}
{"Time":"2026-09-11T16:34:58.956809798-07:00","Action":"pass","Package":"github.com/JDinSeattle/forge-runtime/internal/runnerclient","Test":"TestP06NetworkOracleRejectsUsableExternalConnectivity/external_ipv4_address","Elapsed":0}
{"Time":"2026-09-11T16:34:58.956823818-07:00","Action":"run","Package":"github.com/JDinSeattle/forge-runtime/internal/runnerclient","Test":"TestP06NetworkOracleRejectsUsableExternalConnectivity/nonloopback_alias"}
{"Time":"2026-09-11T16:34:58.956827274-07:00","Action":"output","Package":"github.com/JDinSeattle/forge-runtime/internal/runnerclient","Test":"TestP06NetworkOracleRejectsUsableExternalConnectivity/nonloopback_alias","Output":"=== RUN   TestP06NetworkOracleRejectsUsableExternalConnectivity/nonloopback_alias\n"}
{"Time":"2026-09-11T16:34:58.957001258-07:00","Action":"output","Package":"github.com/JDinSeattle/forge-runtime/internal/runnerclient","Test":"TestP06NetworkOracleRejectsUsableExternalConnectivity/nonloopback_alias","Output":"--- PASS: TestP06NetworkOracleRejectsUsableExternalConnectivity/nonloopback_alias (0.00s)\n"}
{"Time":"2026-09-11T16:34:58.957013619-07:00","Action":"pass","Package":"github.com/JDinSeattle/forge-runtime/internal/runnerclient","Test":"TestP06NetworkOracleRejectsUsableExternalConnectivity/nonloopback_alias","Elapsed":0}
{"Time":"2026-09-11T16:34:58.957028641-07:00","Action":"run","Package":"github.com/JDinSeattle/forge-runtime/internal/runnerclient","Test":"TestP06NetworkOracleRejectsUsableExternalConnectivity/ipv4_external_route"}
{"Time":"2026-09-11T16:34:58.957031954-07:00","Action":"output","Package":"github.com/JDinSeattle/forge-runtime/internal/runnerclient","Test":"TestP06NetworkOracleRejectsUsableExternalConnectivity/ipv4_external_route","Output":"=== RUN   TestP06NetworkOracleRejectsUsableExternalConnectivity/ipv4_external_route\n"}
{"Time":"2026-09-11T16:34:58.957084274-07:00","Action":"run","Package":"github.com/JDinSeattle/forge-runtime/internal/sandbox","Test":"TestDockerFailsClosedWithoutActualRootlessCgroupCapabilities"}
{"Time":"2026-09-11T16:34:58.957097162-07:00","Action":"output","Package":"github.com/JDinSeattle/forge-runtime/internal/sandbox","Test":"TestDockerFailsClosedWithoutActualRootlessCgroupCapabilities","Output":"=== RUN   TestDockerFailsClosedWithoutActualRootlessCgroupCapabilities\n"}
{"Time":"2026-09-11T16:34:58.95721679-07:00","Action":"output","Package":"github.com/JDinSeattle/forge-runtime/internal/runnerclient","Test":"TestP06NetworkOracleRejectsUsableExternalConnectivity/ipv4_external_route","Output":"--- PASS: TestP06NetworkOracleRejectsUsableExternalConnectivity/ipv4_external_route (0.00s)\n"}
{"Time":"2026-09-11T16:34:58.957229184-07:00","Action":"pass","Package":"github.com/JDinSeattle/forge-runtime/internal/runnerclient","Test":"TestP06NetworkOracleRejectsUsableExternalConnectivity/ipv4_external_route","Elapsed":0}
{"Time":"2026-09-11T16:34:58.957251746-07:00","Action":"run","Package":"github.com/JDinSeattle/forge-runtime/internal/runnerclient","Test":"TestP06NetworkOracleRejectsUsableExternalConnectivity/ipv4_gateway"}
{"Time":"2026-09-11T16:34:58.957256402-07:00","Action":"output","Package":"github.com/JDinSeattle/forge-runtime/internal/runnerclient","Test":"TestP06NetworkOracleRejectsUsableExternalConnectivity/ipv4_gateway","Output":"=== RUN   TestP06NetworkOracleRejectsUsableExternalConnectivity/ipv4_gateway\n"}
{"Time":"2026-09-11T16:34:58.957470785-07:00","Action":"output","Package":"github.com/JDinSeattle/forge-runtime/internal/runnerclient","Test":"TestP06NetworkOracleRejectsUsableExternalConnectivity/ipv4_gateway","Output":"--- PASS: TestP06NetworkOracleRejectsUsableExternalConnectivity/ipv4_gateway (0.00s)\n"}
{"Time":"2026-09-11T16:34:58.957491038-07:00","Action":"pass","Package":"github.com/JDinSeattle/forge-runtime/internal/runnerclient","Test":"TestP06NetworkOracleRejectsUsableExternalConnectivity/ipv4_gateway","Elapsed":0}
{"Time":"2026-09-11T16:34:58.957499951-07:00","Action":"output","Package":"github.com/JDinSeattle/forge-runtime/internal/sandbox","Test":"TestDockerFailsClosedWithoutActualRootlessCgroupCapabilities","Output":"--- PASS: TestDockerFailsClosedWithoutActualRootlessCgroupCapabilities (0.00s)\n"}
{"Time":"2026-09-11T16:34:58.957504925-07:00","Action":"pass","Package":"github.com/JDinSeattle/forge-runtime/internal/sandbox","Test":"TestDockerFailsClosedWithoutActualRootlessCgroupCapabilities","Elapsed":0}
{"Time":"2026-09-11T16:34:58.957510836-07:00","Action":"run","Package":"github.com/JDinSeattle/forge-runtime/internal/sandbox","Test":"TestBoundedLogWriterDrainsWithoutGrowing"}
{"Time":"2026-09-11T16:34:58.957514535-07:00","Action":"output","Package":"github.com/JDinSeattle/forge-runtime/internal/sandbox","Test":"TestBoundedLogWriterDrainsWithoutGrowing","Output":"=== RUN   TestBoundedLogWriterDrainsWithoutGrowing\n"}
{"Time":"2026-09-11T16:34:58.957522539-07:00","Action":"output","Package":"github.com/JDinSeattle/forge-runtime/internal/runnerclient","Test":"TestP06NetworkOracleRejectsUsableExternalConnectivity","Output":"--- PASS: TestP06NetworkOracleRejectsUsableExternalConnectivity (0.00s)\n"}
{"Time":"2026-09-11T16:34:58.957527269-07:00","Action":"pass","Package":"github.com/JDinSeattle/forge-runtime/internal/runnerclient","Test":"TestP06NetworkOracleRejectsUsableExternalConnectivity","Elapsed":0}
{"Time":"2026-09-11T16:34:58.957543884-07:00","Action":"run","Package":"github.com/JDinSeattle/forge-runtime/internal/runnerclient","Test":"TestP06WorkspaceProofRejectsWrongOriginalBinding"}
{"Time":"2026-09-11T16:34:58.957550319-07:00","Action":"output","Package":"github.com/JDinSeattle/forge-runtime/internal/runnerclient","Test":"TestP06WorkspaceProofRejectsWrongOriginalBinding","Output":"=== RUN   TestP06WorkspaceProofRejectsWrongOriginalBinding\n"}
{"Time":"2026-09-11T16:34:58.957610193-07:00","Action":"output","Package":"github.com/JDinSeattle/forge-runtime/internal/runnerclient","Test":"TestP06WorkspaceProofRejectsWrongOriginalBinding","Output":"--- PASS: TestP06WorkspaceProofRejectsWrongOriginalBinding (0.00s)\n"}
{"Time":"2026-09-11T16:34:58.957626614-07:00","Action":"pass","Package":"github.com/JDinSeattle/forge-runtime/internal/runnerclient","Test":"TestP06WorkspaceProofRejectsWrongOriginalBinding","Elapsed":0}
{"Time":"2026-09-11T16:34:58.957634765-07:00","Action":"run","Package":"github.com/JDinSeattle/forge-runtime/internal/runnerclient","Test":"TestRealRunnerCrashMatrix"}
{"Time":"2026-09-11T16:34:58.957638212-07:00","Action":"output","Package":"github.com/JDinSeattle/forge-runtime/internal/runnerclient","Test":"TestRealRunnerCrashMatrix","Output":"=== RUN   TestRealRunnerCrashMatrix\n"}
{"Time":"2026-09-11T16:34:58.957689868-07:00","Action":"output","Package":"github.com/JDinSeattle/forge-runtime/internal/runnerclient","Test":"TestRealRunnerCrashMatrix","Output":"    fault_integration_test.go:94: requires quiesced real runner config, binary and evidence directory; see scripts/faults/README.md\n"}
{"Time":"2026-09-11T16:34:58.957710986-07:00","Action":"output","Package":"github.com/JDinSeattle/forge-runtime/internal/runnerclient","Test":"TestRealRunnerCrashMatrix","Output":"--- SKIP: TestRealRunnerCrashMatrix (0.00s)\n"}
{"Time":"2026-09-11T16:34:58.95772446-07:00","Action":"skip","Package":"github.com/JDinSeattle/forge-runtime/internal/runnerclient","Test":"TestRealRunnerCrashMatrix","Elapsed":0}
{"Time":"2026-09-11T16:34:58.957737357-07:00","Action":"run","Package":"github.com/JDinSeattle/forge-runtime/internal/runnerclient","Test":"TestUDSContractAndPermissions"}
{"Time":"2026-09-11T16:34:58.957742339-07:00","Action":"output","Package":"github.com/JDinSeattle/forge-runtime/internal/runnerclient","Test":"TestUDSContractAndPermissions","Output":"=== RUN   TestUDSContractAndPermissions\n"}
{"Time":"2026-09-11T16:34:58.959838837-07:00","Action":"output","Package":"github.com/JDinSeattle/forge-runtime/internal/sandbox","Test":"TestBoundedLogWriterDrainsWithoutGrowing","Output":"--- PASS: TestBoundedLogWriterDrainsWithoutGrowing (0.00s)\n"}
{"Time":"2026-09-11T16:34:58.95987139-07:00","Action":"pass","Package":"github.com/JDinSeattle/forge-runtime/internal/sandbox","Test":"TestBoundedLogWriterDrainsWithoutGrowing","Elapsed":0}
{"Time":"2026-09-11T16:34:58.959875323-07:00","Action":"run","Package":"github.com/JDinSeattle/forge-runtime/internal/sandbox","Test":"TestDockerTmpfsExecutionIsExplicitAndKeepsFixedBounds"}
{"Time":"2026-09-11T16:34:58.959876916-07:00","Action":"output","Package":"github.com/JDinSeattle/forge-runtime/internal/sandbox","Test":"TestDockerTmpfsExecutionIsExplicitAndKeepsFixedBounds","Output":"=== RUN   TestDockerTmpfsExecutionIsExplicitAndKeepsFixedBounds\n"}
{"Time":"2026-09-11T16:34:58.959879013-07:00","Action":"run","Package":"github.com/JDinSeattle/forge-runtime/internal/sandbox","Test":"TestDockerTmpfsExecutionIsExplicitAndKeepsFixedBounds/false"}
{"Time":"2026-09-11T16:34:58.95988055-07:00","Action":"output","Package":"github.com/JDinSeattle/forge-runtime/internal/sandbox","Test":"TestDockerTmpfsExecutionIsExplicitAndKeepsFixedBounds/false","Output":"=== RUN   TestDockerTmpfsExecutionIsExplicitAndKeepsFixedBounds/false\n"}
{"Time":"2026-09-11T16:34:58.959905076-07:00","Action":"run","Package":"github.com/JDinSeattle/forge-runtime/internal/runtime","Test":"TestCapacityRejectionRequeuesOnlyUninitializedWork"}
{"Time":"2026-09-11T16:34:58.95990709-07:00","Action":"output","Package":"github.com/JDinSeattle/forge-runtime/internal/runtime","Test":"TestCapacityRejectionRequeuesOnlyUninitializedWork","Output":"=== RUN   TestCapacityRejectionRequeuesOnlyUninitializedWork\n"}
{"Time":"2026-09-11T16:34:58.960258794-07:00","Action":"output","Package":"github.com/JDinSeattle/forge-runtime/internal/runtime","Test":"TestCapacityRejectionRequeuesOnlyUninitializedWork","Output":"--- PASS: TestCapacityRejectionRequeuesOnlyUninitializedWork (0.00s)\n"}
{"Time":"2026-09-11T16:34:58.960289764-07:00","Action":"pass","Package":"github.com/JDinSeattle/forge-runtime/internal/runtime","Test":"TestCapacityRejectionRequeuesOnlyUninitializedWork","Elapsed":0}
{"Time":"2026-09-11T16:34:58.960306752-07:00","Action":"run","Package":"github.com/JDinSeattle/forge-runtime/internal/runtime","Test":"TestProgressRepeatedEvidenceStopsOnlyAfterReceipt"}
{"Time":"2026-09-11T16:34:58.960311041-07:00","Action":"output","Package":"github.com/JDinSeattle/forge-runtime/internal/runtime","Test":"TestProgressRepeatedEvidenceStopsOnlyAfterReceipt","Output":"=== RUN   TestProgressRepeatedEvidenceStopsOnlyAfterReceipt\n"}
{"Time":"2026-09-11T16:34:58.960645231-07:00","Action":"output","Package":"github.com/JDinSeattle/forge-runtime/internal/httpapi","Test":"TestReadinessClassifiesActualDatabaseTransportLoss","Output":"--- PASS: TestReadinessClassifiesActualDatabaseTransportLoss (0.00s)\n"}
{"Time":"2026-09-11T16:34:58.960738738-07:00","Action":"pass","Package":"github.com/JDinSeattle/forge-runtime/internal/httpapi","Test":"TestReadinessClassifiesActualDatabaseTransportLoss","Elapsed":0}
{"Time":"2026-09-11T16:34:58.96074421-07:00","Action":"run","Package":"github.com/JDinSeattle/forge-runtime/internal/httpapi","Test":"TestProgressBudgetOnlyReducesConfiguredLimit"}
{"Time":"2026-09-11T16:34:58.960747079-07:00","Action":"output","Package":"github.com/JDinSeattle/forge-runtime/internal/httpapi","Test":"TestProgressBudgetOnlyReducesConfiguredLimit","Output":"=== RUN   TestProgressBudgetOnlyReducesConfiguredLimit\n"}
{"Time":"2026-09-11T16:34:58.960774189-07:00","Action":"output","Package":"github.com/JDinSeattle/forge-runtime/internal/httpapi","Test":"TestProgressBudgetOnlyReducesConfiguredLimit","Output":"--- PASS: TestProgressBudgetOnlyReducesConfiguredLimit (0.00s)\n"}
{"Time":"2026-09-11T16:34:58.960782892-07:00","Action":"pass","Package":"github.com/JDinSeattle/forge-runtime/internal/httpapi","Test":"TestProgressBudgetOnlyReducesConfiguredLimit","Elapsed":0}
{"Time":"2026-09-11T16:34:58.960794712-07:00","Action":"run","Package":"github.com/JDinSeattle/forge-runtime/internal/httpapi","Test":"TestSSESurvivesIndependentDatabaseDeadline"}
{"Time":"2026-09-11T16:34:58.960798446-07:00","Action":"output","Package":"github.com/JDinSeattle/forge-runtime/internal/httpapi","Test":"TestSSESurvivesIndependentDatabaseDeadline","Output":"=== RUN   TestSSESurvivesIndependentDatabaseDeadline\n"}
{"Time":"2026-09-11T16:34:58.961403058-07:00","Action":"output","Package":"github.com/JDinSeattle/forge-runtime/internal/runtime","Test":"TestProgressRepeatedEvidenceStopsOnlyAfterReceipt","Output":"--- PASS: TestProgressRepeatedEvidenceStopsOnlyAfterReceipt (0.00s)\n"}
{"Time":"2026-09-11T16:34:58.961417664-07:00","Action":"pass","Package":"github.com/JDinSeattle/forge-runtime/internal/runtime","Test":"TestProgressRepeatedEvidenceStopsOnlyAfterReceipt","Elapsed":0}
{"Time":"2026-09-11T16:34:58.961429635-07:00","Action":"run","Package":"github.com/JDinSeattle/forge-runtime/internal/runtime","Test":"TestProgressNovelMessagesUnknownAndOscillation"}
{"Time":"2026-09-11T16:34:58.961433414-07:00","Action":"output","Package":"github.com/JDinSeattle/forge-runtime/internal/runtime","Test":"TestProgressNovelMessagesUnknownAndOscillation","Output":"=== RUN   TestProgressNovelMessagesUnknownAndOscillation\n"}
{"Time":"2026-09-11T16:34:58.961832857-07:00","Action":"output","Package":"github.com/JDinSeattle/forge-runtime/internal/runtime","Test":"TestProgressNovelMessagesUnknownAndOscillation","Output":"--- PASS: TestProgressNovelMessagesUnknownAndOscillation (0.00s)\n"}
{"Time":"2026-09-11T16:34:58.961845235-07:00","Action":"pass","Package":"github.com/JDinSeattle/forge-runtime/internal/runtime","Test":"TestProgressNovelMessagesUnknownAndOscillation","Elapsed":0}
{"Time":"2026-09-11T16:34:58.961849168-07:00","Action":"run","Package":"github.com/JDinSeattle/forge-runtime/internal/runtime","Test":"TestProgressCompatibilityAndMalformedBoundary"}
{"Time":"2026-09-11T16:34:58.961852381-07:00","Action":"output","Package":"github.com/JDinSeattle/forge-runtime/internal/runtime","Test":"TestProgressCompatibilityAndMalformedBoundary","Output":"=== RUN   TestProgressCompatibilityAndMalformedBoundary\n"}
{"Time":"2026-09-11T16:34:58.962221681-07:00","Action":"output","Package":"github.com/JDinSeattle/forge-runtime/internal/runtime","Test":"TestProgressCompatibilityAndMalformedBoundary","Output":"--- PASS: TestProgressCompatibilityAndMalformedBoundary (0.00s)\n"}
{"Time":"2026-09-11T16:34:58.962241134-07:00","Action":"pass","Package":"github.com/JDinSeattle/forge-runtime/internal/runtime","Test":"TestProgressCompatibilityAndMalformedBoundary","Elapsed":0}
{"Time":"2026-09-11T16:34:58.96224532-07:00","Action":"run","Package":"github.com/JDinSeattle/forge-runtime/internal/runtime","Test":"TestProgressHistoryIsBoundedAndEvictionIsConservative"}
{"Time":"2026-09-11T16:34:58.962248084-07:00","Action":"output","Package":"github.com/JDinSeattle/forge-runtime/internal/runtime","Test":"TestProgressHistoryIsBoundedAndEvictionIsConservative","Output":"=== RUN   TestProgressHistoryIsBoundedAndEvictionIsConservative\n"}
{"Time":"2026-09-11T16:34:58.964544423-07:00","Action":"run","Package":"github.com/JDinSeattle/forge-runtime/tests/client","Test":"TestSchemaMatchesActualGoWireModelsAndGeneratedTypes"}
{"Time":"2026-09-11T16:34:58.964592298-07:00","Action":"output","Package":"github.com/JDinSeattle/forge-runtime/tests/client","Test":"TestSchemaMatchesActualGoWireModelsAndGeneratedTypes","Output":"=== RUN   TestSchemaMatchesActualGoWireModelsAndGeneratedTypes\n"}
{"Time":"2026-09-11T16:34:58.964744591-07:00","Action":"output","Package":"github.com/JDinSeattle/forge-runtime/internal/provider","Test":"TestOpenAIResponsesContractAndNativeContinuation","Output":"--- PASS: TestOpenAIResponsesContractAndNativeContinuation (0.01s)\n"}
{"Time":"2026-09-11T16:34:58.964755115-07:00","Action":"pass","Package":"github.com/JDinSeattle/forge-runtime/internal/provider","Test":"TestOpenAIResponsesContractAndNativeContinuation","Elapsed":0.01}
{"Time":"2026-09-11T16:34:58.964773718-07:00","Action":"run","Package":"github.com/JDinSeattle/forge-runtime/internal/provider","Test":"TestAnthropicMessagesContractAndNativeContinuation"}
{"Time":"2026-09-11T16:34:58.964777274-07:00","Action":"output","Package":"github.com/JDinSeattle/forge-runtime/internal/provider","Test":"TestAnthropicMessagesContractAndNativeContinuation","Output":"=== RUN   TestAnthropicMessagesContractAndNativeContinuation\n"}
{"Time":"2026-09-11T16:34:58.965278886-07:00","Action":"output","Package":"github.com/JDinSeattle/forge-runtime/internal/sandbox","Test":"TestDockerTmpfsExecutionIsExplicitAndKeepsFixedBounds/false","Output":"--- PASS: TestDockerTmpfsExecutionIsExplicitAndKeepsFixedBounds/false (0.01s)\n"}
{"Time":"2026-09-11T16:34:58.965293335-07:00","Action":"pass","Package":"github.com/JDinSeattle/forge-runtime/internal/sandbox","Test":"TestDockerTmpfsExecutionIsExplicitAndKeepsFixedBounds/false","Elapsed":0.01}
{"Time":"2026-09-11T16:34:58.965309135-07:00","Action":"run","Package":"github.com/JDinSeattle/forge-runtime/internal/localsetup","Test":"TestEnvironmentURLSurvivesShellSource"}
{"Time":"2026-09-11T16:34:58.965313361-07:00","Action":"output","Package":"github.com/JDinSeattle/forge-runtime/internal/localsetup","Test":"TestEnvironmentURLSurvivesShellSource","Output":"=== RUN   TestEnvironmentURLSurvivesShellSource\n"}
{"Time":"2026-09-11T16:34:58.965328795-07:00","Action":"run","Package":"github.com/JDinSeattle/forge-runtime/internal/sandbox","Test":"TestDockerTmpfsExecutionIsExplicitAndKeepsFixedBounds/true"}
{"Time":"2026-09-11T16:34:58.96533264-07:00","Action":"output","Package":"github.com/JDinSeattle/forge-runtime/internal/sandbox","Test":"TestDockerTmpfsExecutionIsExplicitAndKeepsFixedBounds/true","Output":"=== RUN   TestDockerTmpfsExecutionIsExplicitAndKeepsFixedBounds/true\n"}
{"Time":"2026-09-11T16:34:58.965874726-07:00","Action":"run","Package":"github.com/JDinSeattle/forge-runtime/internal/telemetry","Test":"TestHTTPMiddlewarePreservesFlushErrorAfterRequestCancellation"}
{"Time":"2026-09-11T16:34:58.965893797-07:00","Action":"output","Package":"github.com/JDinSeattle/forge-runtime/internal/telemetry","Test":"TestHTTPMiddlewarePreservesFlushErrorAfterRequestCancellation","Output":"=== RUN   TestHTTPMiddlewarePreservesFlushErrorAfterRequestCancellation\n"}
{"Time":"2026-09-11T16:34:58.967144227-07:00","Action":"output","Package":"github.com/JDinSeattle/forge-runtime/internal/localsetup","Test":"TestEnvironmentURLSurvivesShellSource","Output":"--- PASS: TestEnvironmentURLSurvivesShellSource (0.00s)\n"}
{"Time":"2026-09-11T16:34:58.967165781-07:00","Action":"pass","Package":"github.com/JDinSeattle/forge-runtime/internal/localsetup","Test":"TestEnvironmentURLSurvivesShellSource","Elapsed":0}
{"Time":"2026-09-11T16:34:58.967178481-07:00","Action":"run","Package":"github.com/JDinSeattle/forge-runtime/internal/localsetup","Test":"TestFixtureProfilesPreservePythonAndSeparateTrustedGoVerifier"}
{"Time":"2026-09-11T16:34:58.96718164-07:00","Action":"output","Package":"github.com/JDinSeattle/forge-runtime/internal/localsetup","Test":"TestFixtureProfilesPreservePythonAndSeparateTrustedGoVerifier","Output":"=== RUN   TestFixtureProfilesPreservePythonAndSeparateTrustedGoVerifier\n"}
{"Time":"2026-09-11T16:34:58.968750924-07:00","Action":"output","Package":"github.com/JDinSeattle/forge-runtime/internal/telemetry","Test":"TestHTTPMiddlewarePreservesFlushErrorAfterRequestCancellation","Output":"--- PASS: TestHTTPMiddlewarePreservesFlushErrorAfterRequestCancellation (0.00s)\n"}
{"Time":"2026-09-11T16:34:58.968772986-07:00","Action":"pass","Package":"github.com/JDinSeattle/forge-runtime/internal/telemetry","Test":"TestHTTPMiddlewarePreservesFlushErrorAfterRequestCancellation","Elapsed":0}
{"Time":"2026-09-11T16:34:58.968784025-07:00","Action":"run","Package":"github.com/JDinSeattle/forge-runtime/internal/telemetry","Test":"TestHTTPMiddlewarePlainResponseWriterDoesNotInventFlushing"}
{"Time":"2026-09-11T16:34:58.968787919-07:00","Action":"output","Package":"github.com/JDinSeattle/forge-runtime/internal/telemetry","Test":"TestHTTPMiddlewarePlainResponseWriterDoesNotInventFlushing","Output":"=== RUN   TestHTTPMiddlewarePlainResponseWriterDoesNotInventFlushing\n"}
{"Time":"2026-09-11T16:34:58.968940258-07:00","Action":"output","Package":"github.com/JDinSeattle/forge-runtime/internal/localsetup","Test":"TestFixtureProfilesPreservePythonAndSeparateTrustedGoVerifier","Output":"--- PASS: TestFixtureProfilesPreservePythonAndSeparateTrustedGoVerifier (0.00s)\n"}
{"Time":"2026-09-11T16:34:58.9689595-07:00","Action":"pass","Package":"github.com/JDinSeattle/forge-runtime/internal/localsetup","Test":"TestFixtureProfilesPreservePythonAndSeparateTrustedGoVerifier","Elapsed":0}
{"Time":"2026-09-11T16:34:58.969435561-07:00","Action":"run","Package":"github.com/JDinSeattle/forge-runtime/internal/localsetup","Test":"TestGoDemoPatchBindsBaselineAndProducesExpectedSnapshot"}
{"Time":"2026-09-11T16:34:58.969454606-07:00","Action":"output","Package":"github.com/JDinSeattle/forge-runtime/internal/localsetup","Test":"TestGoDemoPatchBindsBaselineAndProducesExpectedSnapshot","Output":"=== RUN   TestGoDemoPatchBindsBaselineAndProducesExpectedSnapshot\n"}
{"Time":"2026-09-11T16:34:58.970406045-07:00","Action":"output","Package":"github.com/JDinSeattle/forge-runtime/internal/sandbox","Test":"TestDockerTmpfsExecutionIsExplicitAndKeepsFixedBounds/true","Output":"--- PASS: TestDockerTmpfsExecutionIsExplicitAndKeepsFixedBounds/true (0.01s)\n"}
{"Time":"2026-09-11T16:34:58.970488557-07:00","Action":"pass","Package":"github.com/JDinSeattle/forge-runtime/internal/sandbox","Test":"TestDockerTmpfsExecutionIsExplicitAndKeepsFixedBounds/true","Elapsed":0.01}
{"Time":"2026-09-11T16:34:58.970527463-07:00","Action":"run","Package":"github.com/JDinSeattle/forge-runtime/internal/configuration","Test":"TestLoadOperatorTextBatchPolicy"}
{"Time":"2026-09-11T16:34:58.970570935-07:00","Action":"output","Package":"github.com/JDinSeattle/forge-runtime/internal/configuration","Test":"TestLoadOperatorTextBatchPolicy","Output":"=== RUN   TestLoadOperatorTextBatchPolicy\n"}
{"Time":"2026-09-11T16:34:58.970582349-07:00","Action":"run","Package":"github.com/JDinSeattle/forge-runtime/internal/configuration","Test":"TestLoadOperatorTextBatchPolicy/omitted_defaults"}
{"Time":"2026-09-11T16:34:58.970586597-07:00","Action":"output","Package":"github.com/JDinSeattle/forge-runtime/internal/configuration","Test":"TestLoadOperatorTextBatchPolicy/omitted_defaults","Output":"=== RUN   TestLoadOperatorTextBatchPolicy/omitted_defaults\n"}
{"Time":"2026-09-11T16:34:58.970632619-07:00","Action":"output","Package":"github.com/JDinSeattle/forge-runtime/internal/localsetup","Test":"TestGoDemoPatchBindsBaselineAndProducesExpectedSnapshot","Output":"--- PASS: TestGoDemoPatchBindsBaselineAndProducesExpectedSnapshot (0.00s)\n"}
{"Time":"2026-09-11T16:34:58.970638143-07:00","Action":"pass","Package":"github.com/JDinSeattle/forge-runtime/internal/localsetup","Test":"TestGoDemoPatchBindsBaselineAndProducesExpectedSnapshot","Elapsed":0}
{"Time":"2026-09-11T16:34:58.970636172-07:00","Action":"output","Package":"github.com/JDinSeattle/forge-runtime/internal/sandbox","Test":"TestDockerTmpfsExecutionIsExplicitAndKeepsFixedBounds","Output":"--- PASS: TestDockerTmpfsExecutionIsExplicitAndKeepsFixedBounds (0.01s)\n"}
{"Time":"2026-09-11T16:34:58.970641297-07:00","Action":"output","Package":"github.com/JDinSeattle/forge-runtime/internal/localsetup","Output":"PASS\n"}
{"Time":"2026-09-11T16:34:58.970646323-07:00","Action":"pass","Package":"github.com/JDinSeattle/forge-runtime/internal/sandbox","Test":"TestDockerTmpfsExecutionIsExplicitAndKeepsFixedBounds","Elapsed":0.01}
{"Time":"2026-09-11T16:34:58.970705778-07:00","Action":"run","Package":"github.com/JDinSeattle/forge-runtime/internal/sandbox","Test":"TestCreatedDockerCancellationRequiresDurableNoDispatchProof"}
{"Time":"2026-09-11T16:34:58.970710177-07:00","Action":"output","Package":"github.com/JDinSeattle/forge-runtime/internal/sandbox","Test":"TestCreatedDockerCancellationRequiresDurableNoDispatchProof","Output":"=== RUN   TestCreatedDockerCancellationRequiresDurableNoDispatchProof\n"}
{"Time":"2026-09-11T16:34:58.970766767-07:00","Action":"run","Package":"github.com/JDinSeattle/forge-runtime/internal/sandbox","Test":"TestCreatedDockerCancellationRequiresDurableNoDispatchProof/false"}
{"Time":"2026-09-11T16:34:58.970779773-07:00","Action":"output","Package":"github.com/JDinSeattle/forge-runtime/internal/sandbox","Test":"TestCreatedDockerCancellationRequiresDurableNoDispatchProof/false","Output":"=== RUN   TestCreatedDockerCancellationRequiresDurableNoDispatchProof/false\n"}
{"Time":"2026-09-11T16:34:58.971784416-07:00","Action":"output","Package":"github.com/JDinSeattle/forge-runtime/internal/telemetry","Test":"TestHTTPMiddlewarePlainResponseWriterDoesNotInventFlushing","Output":"--- PASS: TestHTTPMiddlewarePlainResponseWriterDoesNotInventFlushing (0.00s)\n"}
{"Time":"2026-09-11T16:34:58.971834312-07:00","Action":"pass","Package":"github.com/JDinSeattle/forge-runtime/internal/telemetry","Test":"TestHTTPMiddlewarePlainResponseWriterDoesNotInventFlushing","Elapsed":0}
{"Time":"2026-09-11T16:34:58.971860145-07:00","Action":"run","Package":"github.com/JDinSeattle/forge-runtime/internal/telemetry","Test":"TestHTTPMiddlewareKeepsExistingWriterCapabilities"}
{"Time":"2026-09-11T16:34:58.971882824-07:00","Action":"output","Package":"github.com/JDinSeattle/forge-runtime/internal/telemetry","Test":"TestHTTPMiddlewareKeepsExistingWriterCapabilities","Output":"=== RUN   TestHTTPMiddlewareKeepsExistingWriterCapabilities\n"}
{"Time":"2026-09-11T16:34:58.972014049-07:00","Action":"output","Package":"github.com/JDinSeattle/forge-runtime/internal/configuration","Test":"TestLoadOperatorTextBatchPolicy/omitted_defaults","Output":"--- PASS: TestLoadOperatorTextBatchPolicy/omitted_defaults (0.00s)\n"}
{"Time":"2026-09-11T16:34:58.972053272-07:00","Action":"pass","Package":"github.com/JDinSeattle/forge-runtime/internal/configuration","Test":"TestLoadOperatorTextBatchPolicy/omitted_defaults","Elapsed":0}
{"Time":"2026-09-11T16:34:58.972078143-07:00","Action":"run","Package":"github.com/JDinSeattle/forge-runtime/internal/configuration","Test":"TestLoadOperatorTextBatchPolicy/explicit"}
{"Time":"2026-09-11T16:34:58.972109535-07:00","Action":"output","Package":"github.com/JDinSeattle/forge-runtime/internal/configuration","Test":"TestLoadOperatorTextBatchPolicy/explicit","Output":"=== RUN   TestLoadOperatorTextBatchPolicy/explicit\n"}
{"Time":"2026-09-11T16:34:58.97214133-07:00","Action":"run","Package":"github.com/JDinSeattle/forge-runtime/internal/telemetry","Test":"TestHTTPMiddlewareKeepsExistingWriterCapabilities/1"}
{"Time":"2026-09-11T16:34:58.972167011-07:00","Action":"output","Package":"github.com/JDinSeattle/forge-runtime/internal/telemetry","Test":"TestHTTPMiddlewareKeepsExistingWriterCapabilities/1","Output":"=== RUN   TestHTTPMiddlewareKeepsExistingWriterCapabilities/1\n"}
{"Time":"2026-09-11T16:34:58.972946752-07:00","Action":"output","Package":"github.com/JDinSeattle/forge-runtime/internal/configuration","Test":"TestLoadOperatorTextBatchPolicy/explicit","Output":"--- PASS: TestLoadOperatorTextBatchPolicy/explicit (0.00s)\n"}
{"Time":"2026-09-11T16:34:58.972961325-07:00","Action":"pass","Package":"github.com/JDinSeattle/forge-runtime/internal/configuration","Test":"TestLoadOperatorTextBatchPolicy/explicit","Elapsed":0}
{"Time":"2026-09-11T16:34:58.972964941-07:00","Action":"run","Package":"github.com/JDinSeattle/forge-runtime/internal/configuration","Test":"TestLoadOperatorTextBatchPolicy/interval_rejected"}
{"Time":"2026-09-11T16:34:58.972969207-07:00","Action":"output","Package":"github.com/JDinSeattle/forge-runtime/internal/configuration","Test":"TestLoadOperatorTextBatchPolicy/interval_rejected","Output":"=== RUN   TestLoadOperatorTextBatchPolicy/interval_rejected\n"}
{"Time":"2026-09-11T16:34:58.973589899-07:00","Action":"output","Package":"github.com/JDinSeattle/forge-runtime/internal/configuration","Test":"TestLoadOperatorTextBatchPolicy/interval_rejected","Output":"--- PASS: TestLoadOperatorTextBatchPolicy/interval_rejected (0.00s)\n"}
{"Time":"2026-09-11T16:34:58.973660889-07:00","Action":"pass","Package":"github.com/JDinSeattle/forge-runtime/internal/configuration","Test":"TestLoadOperatorTextBatchPolicy/interval_rejected","Elapsed":0}
{"Time":"2026-09-11T16:34:58.973691694-07:00","Action":"run","Package":"github.com/JDinSeattle/forge-runtime/internal/configuration","Test":"TestLoadOperatorTextBatchPolicy/byte_ceiling_rejected"}
{"Time":"2026-09-11T16:34:58.973714746-07:00","Action":"output","Package":"github.com/JDinSeattle/forge-runtime/internal/configuration","Test":"TestLoadOperatorTextBatchPolicy/byte_ceiling_rejected","Output":"=== RUN   TestLoadOperatorTextBatchPolicy/byte_ceiling_rejected\n"}
{"Time":"2026-09-11T16:34:58.973764066-07:00","Action":"output","Package":"github.com/JDinSeattle/forge-runtime/internal/telemetry","Test":"TestHTTPMiddlewareKeepsExistingWriterCapabilities/1","Output":"--- PASS: TestHTTPMiddlewareKeepsExistingWriterCapabilities/1 (0.00s)\n"}
{"Time":"2026-09-11T16:34:58.973769049-07:00","Action":"pass","Package":"github.com/JDinSeattle/forge-runtime/internal/telemetry","Test":"TestHTTPMiddlewareKeepsExistingWriterCapabilities/1","Elapsed":0}
{"Time":"2026-09-11T16:34:58.973777605-07:00","Action":"run","Package":"github.com/JDinSeattle/forge-runtime/internal/telemetry","Test":"TestHTTPMiddlewareKeepsExistingWriterCapabilities/2"}
{"Time":"2026-09-11T16:34:58.973779701-07:00","Action":"output","Package":"github.com/JDinSeattle/forge-runtime/internal/telemetry","Test":"TestHTTPMiddlewareKeepsExistingWriterCapabilities/2","Output":"=== RUN   TestHTTPMiddlewareKeepsExistingWriterCapabilities/2\n"}
{"Time":"2026-09-11T16:34:58.973938419-07:00","Action":"output","Package":"github.com/JDinSeattle/forge-runtime/internal/sandbox","Test":"TestCreatedDockerCancellationRequiresDurableNoDispatchProof/false","Output":"--- PASS: TestCreatedDockerCancellationRequiresDurableNoDispatchProof/false (0.00s)\n"}
{"Time":"2026-09-11T16:34:58.973973239-07:00","Action":"pass","Package":"github.com/JDinSeattle/forge-runtime/internal/sandbox","Test":"TestCreatedDockerCancellationRequiresDurableNoDispatchProof/false","Elapsed":0}
{"Time":"2026-09-11T16:34:58.973978397-07:00","Action":"run","Package":"github.com/JDinSeattle/forge-runtime/internal/sandbox","Test":"TestCreatedDockerCancellationRequiresDurableNoDispatchProof/true"}
{"Time":"2026-09-11T16:34:58.97398259-07:00","Action":"output","Package":"github.com/JDinSeattle/forge-runtime/internal/sandbox","Test":"TestCreatedDockerCancellationRequiresDurableNoDispatchProof/true","Output":"=== RUN   TestCreatedDockerCancellationRequiresDurableNoDispatchProof/true\n"}
{"Time":"2026-09-11T16:34:58.974214824-07:00","Action":"output","Package":"github.com/JDinSeattle/forge-runtime/internal/configuration","Test":"TestLoadOperatorTextBatchPolicy/byte_ceiling_rejected","Output":"--- PASS: TestLoadOperatorTextBatchPolicy/byte_ceiling_rejected (0.00s)\n"}
{"Time":"2026-09-11T16:34:58.974228511-07:00","Action":"pass","Package":"github.com/JDinSeattle/forge-runtime/internal/configuration","Test":"TestLoadOperatorTextBatchPolicy/byte_ceiling_rejected","Elapsed":0}
{"Time":"2026-09-11T16:34:58.974256087-07:00","Action":"output","Package":"github.com/JDinSeattle/forge-runtime/internal/configuration","Test":"TestLoadOperatorTextBatchPolicy","Output":"--- PASS: TestLoadOperatorTextBatchPolicy (0.00s)\n"}
{"Time":"2026-09-11T16:34:58.974269564-07:00","Action":"pass","Package":"github.com/JDinSeattle/forge-runtime/internal/configuration","Test":"TestLoadOperatorTextBatchPolicy","Elapsed":0}
{"Time":"2026-09-11T16:34:58.974291947-07:00","Action":"output","Package":"github.com/JDinSeattle/forge-runtime/internal/configuration","Output":"PASS\n"}
{"Time":"2026-09-11T16:34:58.975031857-07:00","Action":"run","Package":"github.com/JDinSeattle/forge-runtime/tests/review","Test":"TestReviewFixedRunnerClaimAndTakeoverRemainOnAssignedTransport"}
{"Time":"2026-09-11T16:34:58.975036468-07:00","Action":"output","Package":"github.com/JDinSeattle/forge-runtime/tests/review","Test":"TestReviewFixedRunnerClaimAndTakeoverRemainOnAssignedTransport","Output":"=== RUN   TestReviewFixedRunnerClaimAndTakeoverRemainOnAssignedTransport\n"}
{"Time":"2026-09-11T16:34:58.975813701-07:00","Action":"run","Package":"github.com/JDinSeattle/forge-runtime/scripts/faults/application","Test":"TestApplicationFaultWorkerProcess"}
{"Time":"2026-09-11T16:34:58.975826912-07:00","Action":"output","Package":"github.com/JDinSeattle/forge-runtime/scripts/faults/application","Test":"TestApplicationFaultWorkerProcess","Output":"=== RUN   TestApplicationFaultWorkerProcess\n"}
{"Time":"2026-09-11T16:34:58.975893203-07:00","Action":"output","Package":"github.com/JDinSeattle/forge-runtime/scripts/faults/application","Test":"TestApplicationFaultWorkerProcess","Output":"    application_test.go:158: subprocess entry point only\n"}
{"Time":"2026-09-11T16:34:58.975921438-07:00","Action":"output","Package":"github.com/JDinSeattle/forge-runtime/scripts/faults/application","Test":"TestApplicationFaultWorkerProcess","Output":"--- SKIP: TestApplicationFaultWorkerProcess (0.00s)\n"}
{"Time":"2026-09-11T16:34:58.975935233-07:00","Action":"skip","Package":"github.com/JDinSeattle/forge-runtime/scripts/faults/application","Test":"TestApplicationFaultWorkerProcess","Elapsed":0}
{"Time":"2026-09-11T16:34:58.975950007-07:00","Action":"run","Package":"github.com/JDinSeattle/forge-runtime/scripts/faults/application","Test":"TestRealApplicationFaultMatrix"}
{"Time":"2026-09-11T16:34:58.975951642-07:00","Action":"output","Package":"github.com/JDinSeattle/forge-runtime/scripts/faults/application","Test":"TestRealApplicationFaultMatrix","Output":"=== RUN   TestRealApplicationFaultMatrix\n"}
{"Time":"2026-09-11T16:34:58.975982892-07:00","Action":"output","Package":"github.com/JDinSeattle/forge-runtime/scripts/faults/application","Test":"TestRealApplicationFaultMatrix","Output":"    application_test.go:443: operator opt-in requires quiesced real runner/pool and isolated loopback PostgreSQL\n"}
{"Time":"2026-09-11T16:34:58.976035888-07:00","Action":"output","Package":"github.com/JDinSeattle/forge-runtime/scripts/faults/application","Test":"TestRealApplicationFaultMatrix","Output":"--- SKIP: TestRealApplicationFaultMatrix (0.00s)\n"}
{"Time":"2026-09-11T16:34:58.976050689-07:00","Action":"skip","Package":"github.com/JDinSeattle/forge-runtime/scripts/faults/application","Test":"TestRealApplicationFaultMatrix","Elapsed":0}
{"Time":"2026-09-11T16:34:58.976054137-07:00","Action":"run","Package":"github.com/JDinSeattle/forge-runtime/scripts/faults/application","Test":"TestApplicationFixturePreflight"}
{"Time":"2026-09-11T16:34:58.976056504-07:00","Action":"output","Package":"github.com/JDinSeattle/forge-runtime/scripts/faults/application","Test":"TestApplicationFixturePreflight","Output":"=== RUN   TestApplicationFixturePreflight\n"}
{"Time":"2026-09-11T16:34:58.976123814-07:00","Action":"run","Package":"github.com/JDinSeattle/forge-runtime/scripts/faults/application","Test":"TestApplicationFixturePreflight/F05"}
{"Time":"2026-09-11T16:34:58.976126371-07:00","Action":"output","Package":"github.com/JDinSeattle/forge-runtime/scripts/faults/application","Test":"TestApplicationFixturePreflight/F05","Output":"=== RUN   TestApplicationFixturePreflight/F05\n"}
{"Time":"2026-09-11T16:34:58.976132775-07:00","Action":"output","Package":"github.com/JDinSeattle/forge-runtime/internal/telemetry","Test":"TestHTTPMiddlewareKeepsExistingWriterCapabilities/2","Output":"--- PASS: TestHTTPMiddlewareKeepsExistingWriterCapabilities/2 (0.00s)\n"}
{"Time":"2026-09-11T16:34:58.976158016-07:00","Action":"pass","Package":"github.com/JDinSeattle/forge-runtime/internal/telemetry","Test":"TestHTTPMiddlewareKeepsExistingWriterCapabilities/2","Elapsed":0}
{"Time":"2026-09-11T16:34:58.976201212-07:00","Action":"output","Package":"github.com/JDinSeattle/forge-runtime/internal/telemetry","Test":"TestHTTPMiddlewareKeepsExistingWriterCapabilities","Output":"--- PASS: TestHTTPMiddlewareKeepsExistingWriterCapabilities (0.00s)\n"}
{"Time":"2026-09-11T16:34:58.976443059-07:00","Action":"pass","Package":"github.com/JDinSeattle/forge-runtime/internal/telemetry","Test":"TestHTTPMiddlewareKeepsExistingWriterCapabilities","Elapsed":0}
{"Time":"2026-09-11T16:34:58.976465967-07:00","Action":"run","Package":"github.com/JDinSeattle/forge-runtime/internal/telemetry","Test":"TestCollectorBackpressureKeepsObservationsBounded"}
{"Time":"2026-09-11T16:34:58.97646993-07:00","Action":"output","Package":"github.com/JDinSeattle/forge-runtime/internal/telemetry","Test":"TestCollectorBackpressureKeepsObservationsBounded","Output":"=== RUN   TestCollectorBackpressureKeepsObservationsBounded\n"}
{"Time":"2026-09-11T16:34:58.976518602-07:00","Action":"output","Package":"github.com/JDinSeattle/forge-runtime/internal/provider","Test":"TestAnthropicMessagesContractAndNativeContinuation","Output":"--- PASS: TestAnthropicMessagesContractAndNativeContinuation (0.01s)\n"}
{"Time":"2026-09-11T16:34:58.976543191-07:00","Action":"pass","Package":"github.com/JDinSeattle/forge-runtime/internal/provider","Test":"TestAnthropicMessagesContractAndNativeContinuation","Elapsed":0.01}
{"Time":"2026-09-11T16:34:58.976567016-07:00","Action":"run","Package":"github.com/JDinSeattle/forge-runtime/internal/provider","Test":"TestAdaptersAbortAfterToolCompletionWithoutTerminalEvent"}
{"Time":"2026-09-11T16:34:58.976570312-07:00","Action":"output","Package":"github.com/JDinSeattle/forge-runtime/internal/provider","Test":"TestAdaptersAbortAfterToolCompletionWithoutTerminalEvent","Output":"=== RUN   TestAdaptersAbortAfterToolCompletionWithoutTerminalEvent\n"}
{"Time":"2026-09-11T16:34:58.976675669-07:00","Action":"run","Package":"github.com/JDinSeattle/forge-runtime/internal/provider","Test":"TestAdaptersAbortAfterToolCompletionWithoutTerminalEvent/openai"}
{"Time":"2026-09-11T16:34:58.976681397-07:00","Action":"output","Package":"github.com/JDinSeattle/forge-runtime/internal/provider","Test":"TestAdaptersAbortAfterToolCompletionWithoutTerminalEvent/openai","Output":"=== RUN   TestAdaptersAbortAfterToolCompletionWithoutTerminalEvent/openai\n"}
{"Time":"2026-09-11T16:34:58.977002715-07:00","Action":"output","Package":"github.com/JDinSeattle/forge-runtime/scripts/faults/application","Test":"TestApplicationFixturePreflight/F05","Output":"--- PASS: TestApplicationFixturePreflight/F05 (0.00s)\n"}
{"Time":"2026-09-11T16:34:58.977056383-07:00","Action":"pass","Package":"github.com/JDinSeattle/forge-runtime/scripts/faults/application","Test":"TestApplicationFixturePreflight/F05","Elapsed":0}
{"Time":"2026-09-11T16:34:58.977490989-07:00","Action":"run","Package":"github.com/JDinSeattle/forge-runtime/scripts/faults/application","Test":"TestApplicationFixturePreflight/F07"}
{"Time":"2026-09-11T16:34:58.977511279-07:00","Action":"output","Package":"github.com/JDinSeattle/forge-runtime/scripts/faults/application","Test":"TestApplicationFixturePreflight/F07","Output":"=== RUN   TestApplicationFixturePreflight/F07\n"}
{"Time":"2026-09-11T16:34:58.977512343-07:00","Action":"output","Package":"github.com/JDinSeattle/forge-runtime/internal/sandbox","Test":"TestCreatedDockerCancellationRequiresDurableNoDispatchProof/true","Output":"--- PASS: TestCreatedDockerCancellationRequiresDurableNoDispatchProof/true (0.00s)\n"}
{"Time":"2026-09-11T16:34:58.977523166-07:00","Action":"pass","Package":"github.com/JDinSeattle/forge-runtime/internal/sandbox","Test":"TestCreatedDockerCancellationRequiresDurableNoDispatchProof/true","Elapsed":0}
{"Time":"2026-09-11T16:34:58.977526728-07:00","Action":"output","Package":"github.com/JDinSeattle/forge-runtime/internal/sandbox","Test":"TestCreatedDockerCancellationRequiresDurableNoDispatchProof","Output":"--- PASS: TestCreatedDockerCancellationRequiresDurableNoDispatchProof (0.01s)\n"}
{"Time":"2026-09-11T16:34:58.977528563-07:00","Action":"pass","Package":"github.com/JDinSeattle/forge-runtime/internal/sandbox","Test":"TestCreatedDockerCancellationRequiresDurableNoDispatchProof","Elapsed":0.01}
{"Time":"2026-09-11T16:34:58.97753103-07:00","Action":"run","Package":"github.com/JDinSeattle/forge-runtime/internal/sandbox","Test":"TestOrdinaryDirectoryIsNotAQuota"}
{"Time":"2026-09-11T16:34:58.977536332-07:00","Action":"output","Package":"github.com/JDinSeattle/forge-runtime/internal/sandbox","Test":"TestOrdinaryDirectoryIsNotAQuota","Output":"=== RUN   TestOrdinaryDirectoryIsNotAQuota\n"}
{"Time":"2026-09-11T16:34:58.977540611-07:00","Action":"output","Package":"github.com/JDinSeattle/forge-runtime/internal/sandbox","Test":"TestOrdinaryDirectoryIsNotAQuota","Output":"--- PASS: TestOrdinaryDirectoryIsNotAQuota (0.00s)\n"}
{"Time":"2026-09-11T16:34:58.977542243-07:00","Action":"pass","Package":"github.com/JDinSeattle/forge-runtime/internal/sandbox","Test":"TestOrdinaryDirectoryIsNotAQuota","Elapsed":0}
{"Time":"2026-09-11T16:34:58.97754409-07:00","Action":"output","Package":"github.com/JDinSeattle/forge-runtime/internal/sandbox","Output":"PASS\n"}
{"Time":"2026-09-11T16:34:58.978728141-07:00","Action":"output","Package":"github.com/JDinSeattle/forge-runtime/scripts/faults/application","Test":"TestApplicationFixturePreflight/F07","Output":"--- PASS: TestApplicationFixturePreflight/F07 (0.00s)\n"}
{"Time":"2026-09-11T16:34:58.978743091-07:00","Action":"pass","Package":"github.com/JDinSeattle/forge-runtime/scripts/faults/application","Test":"TestApplicationFixturePreflight/F07","Elapsed":0}
{"Time":"2026-09-11T16:34:58.978762159-07:00","Action":"run","Package":"github.com/JDinSeattle/forge-runtime/scripts/faults/application","Test":"TestApplicationFixturePreflight/F08"}
{"Time":"2026-09-11T16:34:58.978765793-07:00","Action":"output","Package":"github.com/JDinSeattle/forge-runtime/scripts/faults/application","Test":"TestApplicationFixturePreflight/F08","Output":"=== RUN   TestApplicationFixturePreflight/F08\n"}
{"Time":"2026-09-11T16:34:58.97940385-07:00","Action":"output","Package":"github.com/JDinSeattle/forge-runtime/internal/provider","Test":"TestAdaptersAbortAfterToolCompletionWithoutTerminalEvent/openai","Output":"--- PASS: TestAdaptersAbortAfterToolCompletionWithoutTerminalEvent/openai (0.00s)\n"}
{"Time":"2026-09-11T16:34:58.979509622-07:00","Action":"pass","Package":"github.com/JDinSeattle/forge-runtime/internal/provider","Test":"TestAdaptersAbortAfterToolCompletionWithoutTerminalEvent/openai","Elapsed":0}
{"Time":"2026-09-11T16:34:58.979590754-07:00","Action":"run","Package":"github.com/JDinSeattle/forge-runtime/internal/provider","Test":"TestAdaptersAbortAfterToolCompletionWithoutTerminalEvent/anthropic"}
{"Time":"2026-09-11T16:34:58.979599038-07:00","Action":"output","Package":"github.com/JDinSeattle/forge-runtime/internal/provider","Test":"TestAdaptersAbortAfterToolCompletionWithoutTerminalEvent/anthropic","Output":"=== RUN   TestAdaptersAbortAfterToolCompletionWithoutTerminalEvent/anthropic\n"}
{"Time":"2026-09-11T16:34:58.979608985-07:00","Action":"output","Package":"github.com/JDinSeattle/forge-runtime/scripts/faults/application","Test":"TestApplicationFixturePreflight/F08","Output":"--- PASS: TestApplicationFixturePreflight/F08 (0.00s)\n"}
{"Time":"2026-09-11T16:34:58.979616789-07:00","Action":"pass","Package":"github.com/JDinSeattle/forge-runtime/scripts/faults/application","Test":"TestApplicationFixturePreflight/F08","Elapsed":0}
{"Time":"2026-09-11T16:34:58.979656492-07:00","Action":"output","Package":"github.com/JDinSeattle/forge-runtime/scripts/faults/application","Test":"TestApplicationFixturePreflight","Output":"--- PASS: TestApplicationFixturePreflight (0.00s)\n"}
{"Time":"2026-09-11T16:34:58.979713453-07:00","Action":"pass","Package":"github.com/JDinSeattle/forge-runtime/scripts/faults/application","Test":"TestApplicationFixturePreflight","Elapsed":0}
{"Time":"2026-09-11T16:34:58.979754279-07:00","Action":"run","Package":"github.com/JDinSeattle/forge-runtime/scripts/faults/application","Test":"TestApplicationContinuationWorkerProcess"}
{"Time":"2026-09-11T16:34:58.979762408-07:00","Action":"output","Package":"github.com/JDinSeattle/forge-runtime/scripts/faults/application","Test":"TestApplicationContinuationWorkerProcess","Output":"=== RUN   TestApplicationContinuationWorkerProcess\n"}
{"Time":"2026-09-11T16:34:58.97985377-07:00","Action":"output","Package":"github.com/JDinSeattle/forge-runtime/scripts/faults/application","Test":"TestApplicationContinuationWorkerProcess","Output":"    continuation_test.go:66: private subprocess entry point only\n"}
{"Time":"2026-09-11T16:34:58.979911223-07:00","Action":"output","Package":"github.com/JDinSeattle/forge-runtime/scripts/faults/application","Test":"TestApplicationContinuationWorkerProcess","Output":"--- SKIP: TestApplicationContinuationWorkerProcess (0.00s)\n"}
{"Time":"2026-09-11T16:34:58.979954909-07:00","Action":"skip","Package":"github.com/JDinSeattle/forge-runtime/scripts/faults/application","Test":"TestApplicationContinuationWorkerProcess","Elapsed":0}
{"Time":"2026-09-11T16:34:58.979989752-07:00","Action":"run","Package":"github.com/JDinSeattle/forge-runtime/scripts/faults/application","Test":"TestRealApplicationContinuationMatrix"}
{"Time":"2026-09-11T16:34:58.979997785-07:00","Action":"output","Package":"github.com/JDinSeattle/forge-runtime/scripts/faults/application","Test":"TestRealApplicationContinuationMatrix","Output":"=== RUN   TestRealApplicationContinuationMatrix\n"}
{"Time":"2026-09-11T16:34:58.980071163-07:00","Action":"output","Package":"github.com/JDinSeattle/forge-runtime/scripts/faults/application","Test":"TestRealApplicationContinuationMatrix","Output":"    continuation_test.go:247: operator opt-in requires quiesced original runner/pool\n"}
{"Time":"2026-09-11T16:34:58.980110535-07:00","Action":"output","Package":"github.com/JDinSeattle/forge-runtime/scripts/faults/application","Test":"TestRealApplicationContinuationMatrix","Output":"--- SKIP: TestRealApplicationContinuationMatrix (0.00s)\n"}
{"Time":"2026-09-11T16:34:58.980142695-07:00","Action":"skip","Package":"github.com/JDinSeattle/forge-runtime/scripts/faults/application","Test":"TestRealApplicationContinuationMatrix","Elapsed":0}
{"Time":"2026-09-11T16:34:58.980173199-07:00","Action":"run","Package":"github.com/JDinSeattle/forge-runtime/scripts/faults/application","Test":"TestApplicationContinuationPreflight"}
{"Time":"2026-09-11T16:34:58.980180442-07:00","Action":"output","Package":"github.com/JDinSeattle/forge-runtime/scripts/faults/application","Test":"TestApplicationContinuationPreflight","Output":"=== RUN   TestApplicationContinuationPreflight\n"}
{"Time":"2026-09-11T16:34:58.980790709-07:00","Action":"run","Package":"github.com/JDinSeattle/forge-runtime/tests/client","Test":"TestSchemaMatchesActualGoWireModelsAndGeneratedTypes/State"}
{"Time":"2026-09-11T16:34:58.980814639-07:00","Action":"output","Package":"github.com/JDinSeattle/forge-runtime/tests/client","Test":"TestSchemaMatchesActualGoWireModelsAndGeneratedTypes/State","Output":"=== RUN   TestSchemaMatchesActualGoWireModelsAndGeneratedTypes/State\n"}
{"Time":"2026-09-11T16:34:58.981266363-07:00","Action":"output","Package":"github.com/JDinSeattle/forge-runtime/scripts/faults/application","Test":"TestApplicationContinuationPreflight","Output":"--- PASS: TestApplicationContinuationPreflight (0.00s)\n"}
{"Time":"2026-09-11T16:34:58.981351862-07:00","Action":"pass","Package":"github.com/JDinSeattle/forge-runtime/scripts/faults/application","Test":"TestApplicationContinuationPreflight","Elapsed":0}
{"Time":"2026-09-11T16:34:58.981448802-07:00","Action":"run","Package":"github.com/JDinSeattle/forge-runtime/scripts/faults/application","Test":"TestRecoverApplicationContinuation"}
{"Time":"2026-09-11T16:34:58.981452921-07:00","Action":"output","Package":"github.com/JDinSeattle/forge-runtime/scripts/faults/application","Test":"TestRecoverApplicationContinuation","Output":"=== RUN   TestRecoverApplicationContinuation\n"}
{"Time":"2026-09-11T16:34:58.981469267-07:00","Action":"output","Package":"github.com/JDinSeattle/forge-runtime/scripts/faults/application","Test":"TestRecoverApplicationContinuation","Output":"    continuation_test.go:596: explicit retained recovery-descriptor.json required\n"}
{"Time":"2026-09-11T16:34:58.981496968-07:00","Action":"output","Package":"github.com/JDinSeattle/forge-runtime/scripts/faults/application","Test":"TestRecoverApplicationContinuation","Output":"--- SKIP: TestRecoverApplicationContinuation (0.00s)\n"}
{"Time":"2026-09-11T16:34:58.981518588-07:00","Action":"skip","Package":"github.com/JDinSeattle/forge-runtime/scripts/faults/application","Test":"TestRecoverApplicationContinuation","Elapsed":0}
{"Time":"2026-09-11T16:34:58.981529715-07:00","Action":"run","Package":"github.com/JDinSeattle/forge-runtime/scripts/faults/application","Test":"TestRecoverApplicationNetwork"}
{"Time":"2026-09-11T16:34:58.98153365-07:00","Action":"output","Package":"github.com/JDinSeattle/forge-runtime/scripts/faults/application","Test":"TestRecoverApplicationNetwork","Output":"=== RUN   TestRecoverApplicationNetwork\n"}
{"Time":"2026-09-11T16:34:58.981566735-07:00","Action":"output","Package":"github.com/JDinSeattle/forge-runtime/scripts/faults/application","Test":"TestRecoverApplicationNetwork","Output":"    network_recovery_test.go:24: explicit original network case recovery-descriptor.json required\n"}
{"Time":"2026-09-11T16:34:58.981620569-07:00","Action":"output","Package":"github.com/JDinSeattle/forge-runtime/scripts/faults/application","Test":"TestRecoverApplicationNetwork","Output":"--- SKIP: TestRecoverApplicationNetwork (0.00s)\n"}
{"Time":"2026-09-11T16:34:58.981650781-07:00","Action":"skip","Package":"github.com/JDinSeattle/forge-runtime/scripts/faults/application","Test":"TestRecoverApplicationNetwork","Elapsed":0}
{"Time":"2026-09-11T16:34:58.981677366-07:00","Action":"run","Package":"github.com/JDinSeattle/forge-runtime/scripts/faults/application","Test":"TestApplicationNetworkWorkerProcess"}
{"Time":"2026-09-11T16:34:58.981702671-07:00","Action":"output","Package":"github.com/JDinSeattle/forge-runtime/scripts/faults/application","Test":"TestApplicationNetworkWorkerProcess","Output":"=== RUN   TestApplicationNetworkWorkerProcess\n"}
{"Time":"2026-09-11T16:34:58.981724347-07:00","Action":"output","Package":"github.com/JDinSeattle/forge-runtime/scripts/faults/application","Test":"TestApplicationNetworkWorkerProcess","Output":"    network_test.go:88: private network-matrix worker only\n"}
{"Time":"2026-09-11T16:34:58.981751927-07:00","Action":"output","Package":"github.com/JDinSeattle/forge-runtime/scripts/faults/application","Test":"TestApplicationNetworkWorkerProcess","Output":"--- SKIP: TestApplicationNetworkWorkerProcess (0.00s)\n"}
{"Time":"2026-09-11T16:34:58.981779806-07:00","Action":"skip","Package":"github.com/JDinSeattle/forge-runtime/scripts/faults/application","Test":"TestApplicationNetworkWorkerProcess","Elapsed":0}
{"Time":"2026-09-11T16:34:58.981801021-07:00","Action":"run","Package":"github.com/JDinSeattle/forge-runtime/scripts/faults/application","Test":"TestApplicationNetworkAPIProcess"}
{"Time":"2026-09-11T16:34:58.981825952-07:00","Action":"output","Package":"github.com/JDinSeattle/forge-runtime/scripts/faults/application","Test":"TestApplicationNetworkAPIProcess","Output":"=== RUN   TestApplicationNetworkAPIProcess\n"}
{"Time":"2026-09-11T16:34:58.981832201-07:00","Action":"output","Package":"github.com/JDinSeattle/forge-runtime/scripts/faults/application","Test":"TestApplicationNetworkAPIProcess","Output":"    network_test.go:127: private real HTTP/SSE process only\n"}
{"Time":"2026-09-11T16:34:58.9818397-07:00","Action":"output","Package":"github.com/JDinSeattle/forge-runtime/scripts/faults/application","Test":"TestApplicationNetworkAPIProcess","Output":"--- SKIP: TestApplicationNetworkAPIProcess (0.00s)\n"}
{"Time":"2026-09-11T16:34:58.981863936-07:00","Action":"skip","Package":"github.com/JDinSeattle/forge-runtime/scripts/faults/application","Test":"TestApplicationNetworkAPIProcess","Elapsed":0}
{"Time":"2026-09-11T16:34:58.981888881-07:00","Action":"run","Package":"github.com/JDinSeattle/forge-runtime/scripts/faults/application","Test":"TestRealApplicationNetworkMatrix"}
{"Time":"2026-09-11T16:34:58.981893377-07:00","Action":"output","Package":"github.com/JDinSeattle/forge-runtime/scripts/faults/application","Test":"TestRealApplicationNetworkMatrix","Output":"=== RUN   TestRealApplicationNetworkMatrix\n"}
{"Time":"2026-09-11T16:34:58.981896387-07:00","Action":"output","Package":"github.com/JDinSeattle/forge-runtime/scripts/faults/application","Test":"TestRealApplicationNetworkMatrix","Output":"    network_test.go:402: operator opt-in requires quiesced original runner/pool\n"}
{"Time":"2026-09-11T16:34:58.98190408-07:00","Action":"output","Package":"github.com/JDinSeattle/forge-runtime/scripts/faults/application","Test":"TestRealApplicationNetworkMatrix","Output":"--- SKIP: TestRealApplicationNetworkMatrix (0.00s)\n"}
{"Time":"2026-09-11T16:34:58.981907704-07:00","Action":"skip","Package":"github.com/JDinSeattle/forge-runtime/scripts/faults/application","Test":"TestRealApplicationNetworkMatrix","Elapsed":0}
{"Time":"2026-09-11T16:34:58.981912555-07:00","Action":"run","Package":"github.com/JDinSeattle/forge-runtime/scripts/faults/application","Test":"TestApplicationNetworkPreflight"}
{"Time":"2026-09-11T16:34:58.981940478-07:00","Action":"output","Package":"github.com/JDinSeattle/forge-runtime/scripts/faults/application","Test":"TestApplicationNetworkPreflight","Output":"=== RUN   TestApplicationNetworkPreflight\n"}
{"Time":"2026-09-11T16:34:58.981964217-07:00","Action":"output","Package":"github.com/JDinSeattle/forge-runtime/scripts/faults/application","Test":"TestApplicationNetworkPreflight","Output":"--- PASS: TestApplicationNetworkPreflight (0.00s)\n"}
{"Time":"2026-09-11T16:34:58.98199546-07:00","Action":"pass","Package":"github.com/JDinSeattle/forge-runtime/scripts/faults/application","Test":"TestApplicationNetworkPreflight","Elapsed":0}
{"Time":"2026-09-11T16:34:58.982002302-07:00","Action":"run","Package":"github.com/JDinSeattle/forge-runtime/scripts/faults/application","Test":"TestApplicationNetworkAPIPrivilegePreflight"}
{"Time":"2026-09-11T16:34:58.98200535-07:00","Action":"output","Package":"github.com/JDinSeattle/forge-runtime/scripts/faults/application","Test":"TestApplicationNetworkAPIPrivilegePreflight","Output":"=== RUN   TestApplicationNetworkAPIPrivilegePreflight\n"}
{"Time":"2026-09-11T16:34:58.982008112-07:00","Action":"output","Package":"github.com/JDinSeattle/forge-runtime/scripts/faults/application","Test":"TestApplicationNetworkAPIPrivilegePreflight","Output":"    network_test.go:711: explicit private PG/API preflight required; no runner process used\n"}
{"Time":"2026-09-11T16:34:58.982011504-07:00","Action":"output","Package":"github.com/JDinSeattle/forge-runtime/scripts/faults/application","Test":"TestApplicationNetworkAPIPrivilegePreflight","Output":"--- SKIP: TestApplicationNetworkAPIPrivilegePreflight (0.00s)\n"}
{"Time":"2026-09-11T16:34:58.982015583-07:00","Action":"skip","Package":"github.com/JDinSeattle/forge-runtime/scripts/faults/application","Test":"TestApplicationNetworkAPIPrivilegePreflight","Elapsed":0}
{"Time":"2026-09-11T16:34:58.982018574-07:00","Action":"run","Package":"github.com/JDinSeattle/forge-runtime/scripts/faults/application","Test":"TestFixtureProxyCutsExistingAndNewConnections"}
{"Time":"2026-09-11T16:34:58.982021052-07:00","Action":"output","Package":"github.com/JDinSeattle/forge-runtime/scripts/faults/application","Test":"TestFixtureProxyCutsExistingAndNewConnections","Output":"=== RUN   TestFixtureProxyCutsExistingAndNewConnections\n"}
{"Time":"2026-09-11T16:34:58.982257242-07:00","Action":"output","Package":"github.com/JDinSeattle/forge-runtime/internal/eventstream","Test":"TestResetDetachesHubBeforeNotification/history-gap","Output":"--- PASS: TestResetDetachesHubBeforeNotification/history-gap (0.03s)\n"}
{"Time":"2026-09-11T16:34:58.98228877-07:00","Action":"pass","Package":"github.com/JDinSeattle/forge-runtime/internal/eventstream","Test":"TestResetDetachesHubBeforeNotification/history-gap","Elapsed":0.03}
{"Time":"2026-09-11T16:34:58.982379291-07:00","Action":"run","Package":"github.com/JDinSeattle/forge-runtime/internal/eventstream","Test":"TestResetDetachesHubBeforeNotification/source-reset"}
{"Time":"2026-09-11T16:34:58.982418381-07:00","Action":"output","Package":"github.com/JDinSeattle/forge-runtime/internal/eventstream","Test":"TestResetDetachesHubBeforeNotification/source-reset","Output":"=== RUN   TestResetDetachesHubBeforeNotification/source-reset\n"}
{"Time":"2026-09-11T16:34:58.983414762-07:00","Action":"output","Package":"github.com/JDinSeattle/forge-runtime/scripts/faults/application","Test":"TestFixtureProxyCutsExistingAndNewConnections","Output":"--- PASS: TestFixtureProxyCutsExistingAndNewConnections (0.00s)\n"}
{"Time":"2026-09-11T16:34:58.983442374-07:00","Action":"pass","Package":"github.com/JDinSeattle/forge-runtime/scripts/faults/application","Test":"TestFixtureProxyCutsExistingAndNewConnections","Elapsed":0}
{"Time":"2026-09-11T16:34:58.983449305-07:00","Action":"output","Package":"github.com/JDinSeattle/forge-runtime/scripts/faults/application","Output":"PASS\n"}
{"Time":"2026-09-11T16:34:58.984198089-07:00","Action":"output","Package":"github.com/JDinSeattle/forge-runtime/internal/provider","Test":"TestAdaptersAbortAfterToolCompletionWithoutTerminalEvent/anthropic","Output":"--- PASS: TestAdaptersAbortAfterToolCompletionWithoutTerminalEvent/anthropic (0.00s)\n"}
{"Time":"2026-09-11T16:34:58.984213264-07:00","Action":"pass","Package":"github.com/JDinSeattle/forge-runtime/internal/provider","Test":"TestAdaptersAbortAfterToolCompletionWithoutTerminalEvent/anthropic","Elapsed":0}
{"Time":"2026-09-11T16:34:58.984250794-07:00","Action":"output","Package":"github.com/JDinSeattle/forge-runtime/internal/provider","Test":"TestAdaptersAbortAfterToolCompletionWithoutTerminalEvent","Output":"--- PASS: TestAdaptersAbortAfterToolCompletionWithoutTerminalEvent (0.01s)\n"}
{"Time":"2026-09-11T16:34:58.984272052-07:00","Action":"pass","Package":"github.com/JDinSeattle/forge-runtime/internal/provider","Test":"TestAdaptersAbortAfterToolCompletionWithoutTerminalEvent","Elapsed":0.01}
{"Time":"2026-09-11T16:34:58.984302961-07:00","Action":"run","Package":"github.com/JDinSeattle/forge-runtime/internal/provider","Test":"TestAdaptersDisableSDKRetriesAndRespectHTTPErrorMetadata"}
{"Time":"2026-09-11T16:34:58.984307932-07:00","Action":"output","Package":"github.com/JDinSeattle/forge-runtime/internal/provider","Test":"TestAdaptersDisableSDKRetriesAndRespectHTTPErrorMetadata","Output":"=== RUN   TestAdaptersDisableSDKRetriesAndRespectHTTPErrorMetadata\n"}
{"Time":"2026-09-11T16:34:58.984312017-07:00","Action":"run","Package":"github.com/JDinSeattle/forge-runtime/internal/provider","Test":"TestAdaptersDisableSDKRetriesAndRespectHTTPErrorMetadata/openai"}
{"Time":"2026-09-11T16:34:58.984314445-07:00","Action":"output","Package":"github.com/JDinSeattle/forge-runtime/internal/provider","Test":"TestAdaptersDisableSDKRetriesAndRespectHTTPErrorMetadata/openai","Output":"=== RUN   TestAdaptersDisableSDKRetriesAndRespectHTTPErrorMetadata/openai\n"}
{"Time":"2026-09-11T16:34:58.986035485-07:00","Action":"output","Package":"github.com/JDinSeattle/forge-runtime/internal/provider","Test":"TestAdaptersDisableSDKRetriesAndRespectHTTPErrorMetadata/openai","Output":"--- PASS: TestAdaptersDisableSDKRetriesAndRespectHTTPErrorMetadata/openai (0.00s)\n"}
{"Time":"2026-09-11T16:34:58.986057591-07:00","Action":"pass","Package":"github.com/JDinSeattle/forge-runtime/internal/provider","Test":"TestAdaptersDisableSDKRetriesAndRespectHTTPErrorMetadata/openai","Elapsed":0}
{"Time":"2026-09-11T16:34:58.986067335-07:00","Action":"run","Package":"github.com/JDinSeattle/forge-runtime/internal/provider","Test":"TestAdaptersDisableSDKRetriesAndRespectHTTPErrorMetadata/anthropic"}
{"Time":"2026-09-11T16:34:58.986072151-07:00","Action":"output","Package":"github.com/JDinSeattle/forge-runtime/internal/provider","Test":"TestAdaptersDisableSDKRetriesAndRespectHTTPErrorMetadata/anthropic","Output":"=== RUN   TestAdaptersDisableSDKRetriesAndRespectHTTPErrorMetadata/anthropic\n"}
{"Time":"2026-09-11T16:34:58.986607946-07:00","Action":"output","Package":"github.com/JDinSeattle/forge-runtime/tests/client","Test":"TestSchemaMatchesActualGoWireModelsAndGeneratedTypes/State","Output":"--- PASS: TestSchemaMatchesActualGoWireModelsAndGeneratedTypes/State (0.01s)\n"}
{"Time":"2026-09-11T16:34:58.986622438-07:00","Action":"pass","Package":"github.com/JDinSeattle/forge-runtime/tests/client","Test":"TestSchemaMatchesActualGoWireModelsAndGeneratedTypes/State","Elapsed":0.01}
{"Time":"2026-09-11T16:34:58.986658259-07:00","Action":"run","Package":"github.com/JDinSeattle/forge-runtime/tests/client","Test":"TestSchemaMatchesActualGoWireModelsAndGeneratedTypes/Submit"}
{"Time":"2026-09-11T16:34:58.98668018-07:00","Action":"output","Package":"github.com/JDinSeattle/forge-runtime/tests/client","Test":"TestSchemaMatchesActualGoWireModelsAndGeneratedTypes/Submit","Output":"=== RUN   TestSchemaMatchesActualGoWireModelsAndGeneratedTypes/Submit\n"}
{"Time":"2026-09-11T16:34:58.987440377-07:00","Action":"output","Package":"github.com/JDinSeattle/forge-runtime/internal/provider","Test":"TestAdaptersDisableSDKRetriesAndRespectHTTPErrorMetadata/anthropic","Output":"--- PASS: TestAdaptersDisableSDKRetriesAndRespectHTTPErrorMetadata/anthropic (0.00s)\n"}
{"Time":"2026-09-11T16:34:58.987455264-07:00","Action":"pass","Package":"github.com/JDinSeattle/forge-runtime/internal/provider","Test":"TestAdaptersDisableSDKRetriesAndRespectHTTPErrorMetadata/anthropic","Elapsed":0}
{"Time":"2026-09-11T16:34:58.987488129-07:00","Action":"output","Package":"github.com/JDinSeattle/forge-runtime/internal/provider","Test":"TestAdaptersDisableSDKRetriesAndRespectHTTPErrorMetadata","Output":"--- PASS: TestAdaptersDisableSDKRetriesAndRespectHTTPErrorMetadata (0.00s)\n"}
{"Time":"2026-09-11T16:34:58.987497784-07:00","Action":"pass","Package":"github.com/JDinSeattle/forge-runtime/internal/provider","Test":"TestAdaptersDisableSDKRetriesAndRespectHTTPErrorMetadata","Elapsed":0}
{"Time":"2026-09-11T16:34:58.987519041-07:00","Action":"run","Package":"github.com/JDinSeattle/forge-runtime/internal/provider","Test":"TestOpenAIFinalToolMismatchRejected"}
{"Time":"2026-09-11T16:34:58.987523965-07:00","Action":"output","Package":"github.com/JDinSeattle/forge-runtime/internal/provider","Test":"TestOpenAIFinalToolMismatchRejected","Output":"=== RUN   TestOpenAIFinalToolMismatchRejected\n"}
{"Time":"2026-09-11T16:34:58.988053875-07:00","Action":"output","Package":"github.com/JDinSeattle/forge-runtime/tests/client","Test":"TestSchemaMatchesActualGoWireModelsAndGeneratedTypes/Submit","Output":"--- PASS: TestSchemaMatchesActualGoWireModelsAndGeneratedTypes/Submit (0.00s)\n"}
{"Time":"2026-09-11T16:34:58.988065903-07:00","Action":"pass","Package":"github.com/JDinSeattle/forge-runtime/tests/client","Test":"TestSchemaMatchesActualGoWireModelsAndGeneratedTypes/Submit","Elapsed":0}
{"Time":"2026-09-11T16:34:58.988091626-07:00","Action":"run","Package":"github.com/JDinSeattle/forge-runtime/tests/client","Test":"TestSchemaMatchesActualGoWireModelsAndGeneratedTypes/Project"}
{"Time":"2026-09-11T16:34:58.988095565-07:00","Action":"output","Package":"github.com/JDinSeattle/forge-runtime/tests/client","Test":"TestSchemaMatchesActualGoWireModelsAndGeneratedTypes/Project","Output":"=== RUN   TestSchemaMatchesActualGoWireModelsAndGeneratedTypes/Project\n"}
{"Time":"2026-09-11T16:34:58.988726279-07:00","Action":"output","Package":"github.com/JDinSeattle/forge-runtime/tests/client","Test":"TestSchemaMatchesActualGoWireModelsAndGeneratedTypes/Project","Output":"--- PASS: TestSchemaMatchesActualGoWireModelsAndGeneratedTypes/Project (0.00s)\n"}
{"Time":"2026-09-11T16:34:58.988739563-07:00","Action":"pass","Package":"github.com/JDinSeattle/forge-runtime/tests/client","Test":"TestSchemaMatchesActualGoWireModelsAndGeneratedTypes/Project","Elapsed":0}
{"Time":"2026-09-11T16:34:58.988743042-07:00","Action":"run","Package":"github.com/JDinSeattle/forge-runtime/tests/client","Test":"TestSchemaMatchesActualGoWireModelsAndGeneratedTypes/Artifact"}
{"Time":"2026-09-11T16:34:58.988745375-07:00","Action":"output","Package":"github.com/JDinSeattle/forge-runtime/tests/client","Test":"TestSchemaMatchesActualGoWireModelsAndGeneratedTypes/Artifact","Output":"=== RUN   TestSchemaMatchesActualGoWireModelsAndGeneratedTypes/Artifact\n"}
{"Time":"2026-09-11T16:34:58.989715996-07:00","Action":"output","Package":"github.com/JDinSeattle/forge-runtime/tests/client","Test":"TestSchemaMatchesActualGoWireModelsAndGeneratedTypes/Artifact","Output":"--- PASS: TestSchemaMatchesActualGoWireModelsAndGeneratedTypes/Artifact (0.00s)\n"}
{"Time":"2026-09-11T16:34:58.989756095-07:00","Action":"pass","Package":"github.com/JDinSeattle/forge-runtime/tests/client","Test":"TestSchemaMatchesActualGoWireModelsAndGeneratedTypes/Artifact","Elapsed":0}
{"Time":"2026-09-11T16:34:58.989760788-07:00","Action":"run","Package":"github.com/JDinSeattle/forge-runtime/tests/client","Test":"TestSchemaMatchesActualGoWireModelsAndGeneratedTypes/Event"}
{"Time":"2026-09-11T16:34:58.989763728-07:00","Action":"output","Package":"github.com/JDinSeattle/forge-runtime/tests/client","Test":"TestSchemaMatchesActualGoWireModelsAndGeneratedTypes/Event","Output":"=== RUN   TestSchemaMatchesActualGoWireModelsAndGeneratedTypes/Event\n"}
{"Time":"2026-09-11T16:34:58.989821938-07:00","Action":"output","Package":"github.com/JDinSeattle/forge-runtime/internal/provider","Test":"TestOpenAIFinalToolMismatchRejected","Output":"--- PASS: TestOpenAIFinalToolMismatchRejected (0.00s)\n"}
{"Time":"2026-09-11T16:34:58.989853937-07:00","Action":"pass","Package":"github.com/JDinSeattle/forge-runtime/internal/provider","Test":"TestOpenAIFinalToolMismatchRejected","Elapsed":0}
{"Time":"2026-09-11T16:34:58.989861515-07:00","Action":"run","Package":"github.com/JDinSeattle/forge-runtime/internal/provider","Test":"TestAnthropicOverloadInsideSuccessfulHTTPStream"}
{"Time":"2026-09-11T16:34:58.989864362-07:00","Action":"output","Package":"github.com/JDinSeattle/forge-runtime/internal/provider","Test":"TestAnthropicOverloadInsideSuccessfulHTTPStream","Output":"=== RUN   TestAnthropicOverloadInsideSuccessfulHTTPStream\n"}
{"Time":"2026-09-11T16:34:58.991411274-07:00","Action":"output","Package":"github.com/JDinSeattle/forge-runtime/tests/client","Test":"TestSchemaMatchesActualGoWireModelsAndGeneratedTypes/Event","Output":"--- PASS: TestSchemaMatchesActualGoWireModelsAndGeneratedTypes/Event (0.00s)\n"}
{"Time":"2026-09-11T16:34:58.991431512-07:00","Action":"pass","Package":"github.com/JDinSeattle/forge-runtime/tests/client","Test":"TestSchemaMatchesActualGoWireModelsAndGeneratedTypes/Event","Elapsed":0}
{"Time":"2026-09-11T16:34:58.991435083-07:00","Action":"run","Package":"github.com/JDinSeattle/forge-runtime/tests/client","Test":"TestSchemaMatchesActualGoWireModelsAndGeneratedTypes/Run"}
{"Time":"2026-09-11T16:34:58.991436499-07:00","Action":"output","Package":"github.com/JDinSeattle/forge-runtime/tests/client","Test":"TestSchemaMatchesActualGoWireModelsAndGeneratedTypes/Run","Output":"=== RUN   TestSchemaMatchesActualGoWireModelsAndGeneratedTypes/Run\n"}
{"Time":"2026-09-11T16:34:58.991786369-07:00","Action":"output","Package":"github.com/JDinSeattle/forge-runtime/internal/provider","Test":"TestAnthropicOverloadInsideSuccessfulHTTPStream","Output":"--- PASS: TestAnthropicOverloadInsideSuccessfulHTTPStream (0.00s)\n"}
{"Time":"2026-09-11T16:34:58.991824865-07:00","Action":"pass","Package":"github.com/JDinSeattle/forge-runtime/internal/provider","Test":"TestAnthropicOverloadInsideSuccessfulHTTPStream","Elapsed":0}
{"Time":"2026-09-11T16:34:58.991846222-07:00","Action":"run","Package":"github.com/JDinSeattle/forge-runtime/internal/provider","Test":"TestAdaptersBoundToolArgumentsAtWireBoundary"}
{"Time":"2026-09-11T16:34:58.991848381-07:00","Action":"output","Package":"github.com/JDinSeattle/forge-runtime/internal/provider","Test":"TestAdaptersBoundToolArgumentsAtWireBoundary","Output":"=== RUN   TestAdaptersBoundToolArgumentsAtWireBoundary\n"}
{"Time":"2026-09-11T16:34:58.991874984-07:00","Action":"run","Package":"github.com/JDinSeattle/forge-runtime/internal/provider","Test":"TestAdaptersBoundToolArgumentsAtWireBoundary/openai"}
{"Time":"2026-09-11T16:34:58.991877645-07:00","Action":"output","Package":"github.com/JDinSeattle/forge-runtime/internal/provider","Test":"TestAdaptersBoundToolArgumentsAtWireBoundary/openai","Output":"=== RUN   TestAdaptersBoundToolArgumentsAtWireBoundary/openai\n"}
{"Time":"2026-09-11T16:34:58.993490759-07:00","Action":"output","Package":"github.com/JDinSeattle/forge-runtime/internal/provider","Test":"TestAdaptersBoundToolArgumentsAtWireBoundary/openai","Output":"--- PASS: TestAdaptersBoundToolArgumentsAtWireBoundary/openai (0.00s)\n"}
{"Time":"2026-09-11T16:34:58.9935211-07:00","Action":"pass","Package":"github.com/JDinSeattle/forge-runtime/internal/provider","Test":"TestAdaptersBoundToolArgumentsAtWireBoundary/openai","Elapsed":0}
{"Time":"2026-09-11T16:34:58.993524662-07:00","Action":"run","Package":"github.com/JDinSeattle/forge-runtime/internal/provider","Test":"TestAdaptersBoundToolArgumentsAtWireBoundary/anthropic"}
{"Time":"2026-09-11T16:34:58.993526766-07:00","Action":"output","Package":"github.com/JDinSeattle/forge-runtime/internal/provider","Test":"TestAdaptersBoundToolArgumentsAtWireBoundary/anthropic","Output":"=== RUN   TestAdaptersBoundToolArgumentsAtWireBoundary/anthropic\n"}
{"Time":"2026-09-11T16:34:58.99545353-07:00","Action":"output","Package":"github.com/JDinSeattle/forge-runtime/internal/provider","Test":"TestAdaptersBoundToolArgumentsAtWireBoundary/anthropic","Output":"--- PASS: TestAdaptersBoundToolArgumentsAtWireBoundary/anthropic (0.00s)\n"}
{"Time":"2026-09-11T16:34:58.995474831-07:00","Action":"pass","Package":"github.com/JDinSeattle/forge-runtime/internal/provider","Test":"TestAdaptersBoundToolArgumentsAtWireBoundary/anthropic","Elapsed":0}
{"Time":"2026-09-11T16:34:58.995478706-07:00","Action":"output","Package":"github.com/JDinSeattle/forge-runtime/internal/provider","Test":"TestAdaptersBoundToolArgumentsAtWireBoundary","Output":"--- PASS: TestAdaptersBoundToolArgumentsAtWireBoundary (0.00s)\n"}
{"Time":"2026-09-11T16:34:58.995480345-07:00","Action":"pass","Package":"github.com/JDinSeattle/forge-runtime/internal/provider","Test":"TestAdaptersBoundToolArgumentsAtWireBoundary","Elapsed":0}
{"Time":"2026-09-11T16:34:58.995482231-07:00","Action":"run","Package":"github.com/JDinSeattle/forge-runtime/internal/provider","Test":"TestParallelAssemblyDoesNotReleasePartialCalls"}
{"Time":"2026-09-11T16:34:58.9954837-07:00","Action":"output","Package":"github.com/JDinSeattle/forge-runtime/internal/provider","Test":"TestParallelAssemblyDoesNotReleasePartialCalls","Output":"=== RUN   TestParallelAssemblyDoesNotReleasePartialCalls\n"}
{"Time":"2026-09-11T16:34:58.995727889-07:00","Action":"output","Package":"github.com/JDinSeattle/forge-runtime/internal/provider","Test":"TestParallelAssemblyDoesNotReleasePartialCalls","Output":"--- PASS: TestParallelAssemblyDoesNotReleasePartialCalls (0.00s)\n"}
{"Time":"2026-09-11T16:34:58.995743485-07:00","Action":"pass","Package":"github.com/JDinSeattle/forge-runtime/internal/provider","Test":"TestParallelAssemblyDoesNotReleasePartialCalls","Elapsed":0}
{"Time":"2026-09-11T16:34:58.995753847-07:00","Action":"run","Package":"github.com/JDinSeattle/forge-runtime/internal/provider","Test":"TestFailedAttemptWithCompletedToolReturnsNoExecutableCall"}
{"Time":"2026-09-11T16:34:58.995768795-07:00","Action":"output","Package":"github.com/JDinSeattle/forge-runtime/internal/provider","Test":"TestFailedAttemptWithCompletedToolReturnsNoExecutableCall","Output":"=== RUN   TestFailedAttemptWithCompletedToolReturnsNoExecutableCall\n"}
{"Time":"2026-09-11T16:34:58.995961425-07:00","Action":"output","Package":"github.com/JDinSeattle/forge-runtime/internal/provider","Test":"TestFailedAttemptWithCompletedToolReturnsNoExecutableCall","Output":"--- PASS: TestFailedAttemptWithCompletedToolReturnsNoExecutableCall (0.00s)\n"}
{"Time":"2026-09-11T16:34:58.995980363-07:00","Action":"pass","Package":"github.com/JDinSeattle/forge-runtime/internal/provider","Test":"TestFailedAttemptWithCompletedToolReturnsNoExecutableCall","Elapsed":0}
{"Time":"2026-09-11T16:34:58.995995288-07:00","Action":"run","Package":"github.com/JDinSeattle/forge-runtime/internal/provider","Test":"TestArgumentBoundsAndSchema"}
{"Time":"2026-09-11T16:34:58.996010001-07:00","Action":"output","Package":"github.com/JDinSeattle/forge-runtime/internal/provider","Test":"TestArgumentBoundsAndSchema","Output":"=== RUN   TestArgumentBoundsAndSchema\n"}
{"Time":"2026-09-11T16:34:58.996025133-07:00","Action":"run","Package":"github.com/JDinSeattle/forge-runtime/internal/provider","Test":"TestArgumentBoundsAndSchema/syntax"}
{"Time":"2026-09-11T16:34:58.996044171-07:00","Action":"output","Package":"github.com/JDinSeattle/forge-runtime/internal/provider","Test":"TestArgumentBoundsAndSchema/syntax","Output":"=== RUN   TestArgumentBoundsAndSchema/syntax\n"}
{"Time":"2026-09-11T16:34:58.996176332-07:00","Action":"output","Package":"github.com/JDinSeattle/forge-runtime/internal/provider","Test":"TestArgumentBoundsAndSchema/syntax","Output":"--- PASS: TestArgumentBoundsAndSchema/syntax (0.00s)\n"}
{"Time":"2026-09-11T16:34:58.996195885-07:00","Action":"pass","Package":"github.com/JDinSeattle/forge-runtime/internal/provider","Test":"TestArgumentBoundsAndSchema/syntax","Elapsed":0}
{"Time":"2026-09-11T16:34:58.996216687-07:00","Action":"run","Package":"github.com/JDinSeattle/forge-runtime/internal/provider","Test":"TestArgumentBoundsAndSchema/duplicate_key"}
{"Time":"2026-09-11T16:34:58.996236091-07:00","Action":"output","Package":"github.com/JDinSeattle/forge-runtime/internal/provider","Test":"TestArgumentBoundsAndSchema/duplicate_key","Output":"=== RUN   TestArgumentBoundsAndSchema/duplicate_key\n"}
{"Time":"2026-09-11T16:34:58.9963572-07:00","Action":"output","Package":"github.com/JDinSeattle/forge-runtime/internal/provider","Test":"TestArgumentBoundsAndSchema/duplicate_key","Output":"--- PASS: TestArgumentBoundsAndSchema/duplicate_key (0.00s)\n"}
{"Time":"2026-09-11T16:34:58.996388123-07:00","Action":"pass","Package":"github.com/JDinSeattle/forge-runtime/internal/provider","Test":"TestArgumentBoundsAndSchema/duplicate_key","Elapsed":0}
{"Time":"2026-09-11T16:34:58.996408265-07:00","Action":"run","Package":"github.com/JDinSeattle/forge-runtime/internal/provider","Test":"TestArgumentBoundsAndSchema/required"}
{"Time":"2026-09-11T16:34:58.996411056-07:00","Action":"output","Package":"github.com/JDinSeattle/forge-runtime/internal/provider","Test":"TestArgumentBoundsAndSchema/required","Output":"=== RUN   TestArgumentBoundsAndSchema/required\n"}
{"Time":"2026-09-11T16:34:58.99654628-07:00","Action":"output","Package":"github.com/JDinSeattle/forge-runtime/internal/provider","Test":"TestArgumentBoundsAndSchema/required","Output":"--- PASS: TestArgumentBoundsAndSchema/required (0.00s)\n"}
{"Time":"2026-09-11T16:34:58.996550548-07:00","Action":"pass","Package":"github.com/JDinSeattle/forge-runtime/internal/provider","Test":"TestArgumentBoundsAndSchema/required","Elapsed":0}
{"Time":"2026-09-11T16:34:58.996555932-07:00","Action":"run","Package":"github.com/JDinSeattle/forge-runtime/internal/provider","Test":"TestArgumentBoundsAndSchema/wrong_type"}
{"Time":"2026-09-11T16:34:58.996558899-07:00","Action":"output","Package":"github.com/JDinSeattle/forge-runtime/internal/provider","Test":"TestArgumentBoundsAndSchema/wrong_type","Output":"=== RUN   TestArgumentBoundsAndSchema/wrong_type\n"}
{"Time":"2026-09-11T16:34:58.996694897-07:00","Action":"output","Package":"github.com/JDinSeattle/forge-runtime/internal/artifact","Test":"TestPublicationLockSurvivesAcrossProcessesAndReleasesOnDeath","Output":"--- PASS: TestPublicationLockSurvivesAcrossProcessesAndReleasesOnDeath (0.12s)\n"}
{"Time":"2026-09-11T16:34:58.996716824-07:00","Action":"pass","Package":"github.com/JDinSeattle/forge-runtime/internal/artifact","Test":"TestPublicationLockSurvivesAcrossProcessesAndReleasesOnDeath","Elapsed":0.12}
{"Time":"2026-09-11T16:34:58.996725373-07:00","Action":"output","Package":"github.com/JDinSeattle/forge-runtime/tests/client","Test":"TestSchemaMatchesActualGoWireModelsAndGeneratedTypes/Run","Output":"--- PASS: TestSchemaMatchesActualGoWireModelsAndGeneratedTypes/Run (0.01s)\n"}
{"Time":"2026-09-11T16:34:58.996741707-07:00","Action":"output","Package":"github.com/JDinSeattle/forge-runtime/internal/artifact","Output":"PASS\n"}
{"Time":"2026-09-11T16:34:58.996751371-07:00","Action":"pass","Package":"github.com/JDinSeattle/forge-runtime/tests/client","Test":"TestSchemaMatchesActualGoWireModelsAndGeneratedTypes/Run","Elapsed":0.01}
{"Time":"2026-09-11T16:34:58.996762881-07:00","Action":"output","Package":"github.com/JDinSeattle/forge-runtime/internal/provider","Test":"TestArgumentBoundsAndSchema/wrong_type","Output":"--- PASS: TestArgumentBoundsAndSchema/wrong_type (0.00s)\n"}
{"Time":"2026-09-11T16:34:58.996769282-07:00","Action":"pass","Package":"github.com/JDinSeattle/forge-runtime/internal/provider","Test":"TestArgumentBoundsAndSchema/wrong_type","Elapsed":0}
{"Time":"2026-09-11T16:34:58.996774972-07:00","Action":"run","Package":"github.com/JDinSeattle/forge-runtime/internal/provider","Test":"TestArgumentBoundsAndSchema/additional"}
{"Time":"2026-09-11T16:34:58.99677957-07:00","Action":"output","Package":"github.com/JDinSeattle/forge-runtime/internal/provider","Test":"TestArgumentBoundsAndSchema/additional","Output":"=== RUN   TestArgumentBoundsAndSchema/additional\n"}
{"Time":"2026-09-11T16:34:58.996784108-07:00","Action":"run","Package":"github.com/JDinSeattle/forge-runtime/tests/client","Test":"TestSchemaMatchesActualGoWireModelsAndGeneratedTypes/Budget"}
{"Time":"2026-09-11T16:34:58.996787078-07:00","Action":"output","Package":"github.com/JDinSeattle/forge-runtime/tests/client","Test":"TestSchemaMatchesActualGoWireModelsAndGeneratedTypes/Budget","Output":"=== RUN   TestSchemaMatchesActualGoWireModelsAndGeneratedTypes/Budget\n"}
{"Time":"2026-09-11T16:34:58.996948612-07:00","Action":"output","Package":"github.com/JDinSeattle/forge-runtime/internal/provider","Test":"TestArgumentBoundsAndSchema/additional","Output":"--- PASS: TestArgumentBoundsAndSchema/additional (0.00s)\n"}
{"Time":"2026-09-11T16:34:58.99697183-07:00","Action":"pass","Package":"github.com/JDinSeattle/forge-runtime/internal/provider","Test":"TestArgumentBoundsAndSchema/additional","Elapsed":0}
{"Time":"2026-09-11T16:34:58.996980664-07:00","Action":"run","Package":"github.com/JDinSeattle/forge-runtime/internal/provider","Test":"TestArgumentBoundsAndSchema/depth"}
{"Time":"2026-09-11T16:34:58.996983431-07:00","Action":"output","Package":"github.com/JDinSeattle/forge-runtime/internal/provider","Test":"TestArgumentBoundsAndSchema/depth","Output":"=== RUN   TestArgumentBoundsAndSchema/depth\n"}
{"Time":"2026-09-11T16:34:58.99722073-07:00","Action":"output","Package":"github.com/JDinSeattle/forge-runtime/internal/provider","Test":"TestArgumentBoundsAndSchema/depth","Output":"--- PASS: TestArgumentBoundsAndSchema/depth (0.00s)\n"}
{"Time":"2026-09-11T16:34:58.997227864-07:00","Action":"pass","Package":"github.com/JDinSeattle/forge-runtime/internal/provider","Test":"TestArgumentBoundsAndSchema/depth","Elapsed":0}
{"Time":"2026-09-11T16:34:58.997236736-07:00","Action":"run","Package":"github.com/JDinSeattle/forge-runtime/internal/provider","Test":"TestArgumentBoundsAndSchema/size"}
{"Time":"2026-09-11T16:34:58.997239306-07:00","Action":"output","Package":"github.com/JDinSeattle/forge-runtime/internal/provider","Test":"TestArgumentBoundsAndSchema/size","Output":"=== RUN   TestArgumentBoundsAndSchema/size\n"}
{"Time":"2026-09-11T16:34:58.997357968-07:00","Action":"output","Package":"github.com/JDinSeattle/forge-runtime/tests/client","Test":"TestSchemaMatchesActualGoWireModelsAndGeneratedTypes/Budget","Output":"--- PASS: TestSchemaMatchesActualGoWireModelsAndGeneratedTypes/Budget (0.00s)\n"}
{"Time":"2026-09-11T16:34:58.997370806-07:00","Action":"pass","Package":"github.com/JDinSeattle/forge-runtime/tests/client","Test":"TestSchemaMatchesActualGoWireModelsAndGeneratedTypes/Budget","Elapsed":0}
{"Time":"2026-09-11T16:34:58.997381021-07:00","Action":"run","Package":"github.com/JDinSeattle/forge-runtime/tests/client","Test":"TestSchemaMatchesActualGoWireModelsAndGeneratedTypes/Approval"}
{"Time":"2026-09-11T16:34:58.997383308-07:00","Action":"output","Package":"github.com/JDinSeattle/forge-runtime/tests/client","Test":"TestSchemaMatchesActualGoWireModelsAndGeneratedTypes/Approval","Output":"=== RUN   TestSchemaMatchesActualGoWireModelsAndGeneratedTypes/Approval\n"}
{"Time":"2026-09-11T16:34:58.997431184-07:00","Action":"output","Package":"github.com/JDinSeattle/forge-runtime/internal/provider","Test":"TestArgumentBoundsAndSchema/size","Output":"--- PASS: TestArgumentBoundsAndSchema/size (0.00s)\n"}
{"Time":"2026-09-11T16:34:58.997444019-07:00","Action":"pass","Package":"github.com/JDinSeattle/forge-runtime/internal/provider","Test":"TestArgumentBoundsAndSchema/size","Elapsed":0}
{"Time":"2026-09-11T16:34:58.997455261-07:00","Action":"run","Package":"github.com/JDinSeattle/forge-runtime/internal/provider","Test":"TestArgumentBoundsAndSchema/trailing"}
{"Time":"2026-09-11T16:34:58.997458307-07:00","Action":"output","Package":"github.com/JDinSeattle/forge-runtime/internal/provider","Test":"TestArgumentBoundsAndSchema/trailing","Output":"=== RUN   TestArgumentBoundsAndSchema/trailing\n"}
{"Time":"2026-09-11T16:34:58.997777204-07:00","Action":"output","Package":"github.com/JDinSeattle/forge-runtime/internal/provider","Test":"TestArgumentBoundsAndSchema/trailing","Output":"--- PASS: TestArgumentBoundsAndSchema/trailing (0.00s)\n"}
{"Time":"2026-09-11T16:34:58.997861621-07:00","Action":"pass","Package":"github.com/JDinSeattle/forge-runtime/internal/provider","Test":"TestArgumentBoundsAndSchema/trailing","Elapsed":0}
{"Time":"2026-09-11T16:34:58.99791271-07:00","Action":"run","Package":"github.com/JDinSeattle/forge-runtime/internal/provider","Test":"TestArgumentBoundsAndSchema/array"}
{"Time":"2026-09-11T16:34:58.997916983-07:00","Action":"output","Package":"github.com/JDinSeattle/forge-runtime/internal/provider","Test":"TestArgumentBoundsAndSchema/array","Output":"=== RUN   TestArgumentBoundsAndSchema/array\n"}
{"Time":"2026-09-11T16:34:58.99824925-07:00","Action":"output","Package":"github.com/JDinSeattle/forge-runtime/tests/client","Test":"TestSchemaMatchesActualGoWireModelsAndGeneratedTypes/Approval","Output":"--- PASS: TestSchemaMatchesActualGoWireModelsAndGeneratedTypes/Approval (0.00s)\n"}
{"Time":"2026-09-11T16:34:58.99825512-07:00","Action":"pass","Package":"github.com/JDinSeattle/forge-runtime/tests/client","Test":"TestSchemaMatchesActualGoWireModelsAndGeneratedTypes/Approval","Elapsed":0}
{"Time":"2026-09-11T16:34:58.998266042-07:00","Action":"run","Package":"github.com/JDinSeattle/forge-runtime/tests/client","Test":"TestSchemaMatchesActualGoWireModelsAndGeneratedTypes/APIError"}
{"Time":"2026-09-11T16:34:58.998268007-07:00","Action":"output","Package":"github.com/JDinSeattle/forge-runtime/tests/client","Test":"TestSchemaMatchesActualGoWireModelsAndGeneratedTypes/APIError","Output":"=== RUN   TestSchemaMatchesActualGoWireModelsAndGeneratedTypes/APIError\n"}
{"Time":"2026-09-11T16:34:58.998588038-07:00","Action":"output","Package":"github.com/JDinSeattle/forge-runtime/tests/client","Test":"TestSchemaMatchesActualGoWireModelsAndGeneratedTypes/APIError","Output":"--- PASS: TestSchemaMatchesActualGoWireModelsAndGeneratedTypes/APIError (0.00s)\n"}
{"Time":"2026-09-11T16:34:58.998593178-07:00","Action":"output","Package":"github.com/JDinSeattle/forge-runtime/internal/provider","Test":"TestArgumentBoundsAndSchema/array","Output":"--- PASS: TestArgumentBoundsAndSchema/array (0.00s)\n"}
{"Time":"2026-09-11T16:34:58.998595455-07:00","Action":"pass","Package":"github.com/JDinSeattle/forge-runtime/tests/client","Test":"TestSchemaMatchesActualGoWireModelsAndGeneratedTypes/APIError","Elapsed":0}
{"Time":"2026-09-11T16:34:58.998751409-07:00","Action":"pass","Package":"github.com/JDinSeattle/forge-runtime/internal/provider","Test":"TestArgumentBoundsAndSchema/array","Elapsed":0}
{"Time":"2026-09-11T16:34:58.998771663-07:00","Action":"output","Package":"github.com/JDinSeattle/forge-runtime/internal/provider","Test":"TestArgumentBoundsAndSchema","Output":"--- PASS: TestArgumentBoundsAndSchema (0.00s)\n"}
{"Time":"2026-09-11T16:34:58.998777798-07:00","Action":"pass","Package":"github.com/JDinSeattle/forge-runtime/internal/provider","Test":"TestArgumentBoundsAndSchema","Elapsed":0}
{"Time":"2026-09-11T16:34:58.998780915-07:00","Action":"run","Package":"github.com/JDinSeattle/forge-runtime/internal/provider","Test":"TestCallLimitUnknownToolAndDuplicateID"}
{"Time":"2026-09-11T16:34:58.998784695-07:00","Action":"output","Package":"github.com/JDinSeattle/forge-runtime/internal/provider","Test":"TestCallLimitUnknownToolAndDuplicateID","Output":"=== RUN   TestCallLimitUnknownToolAndDuplicateID\n"}
{"Time":"2026-09-11T16:34:58.998794292-07:00","Action":"run","Package":"github.com/JDinSeattle/forge-runtime/internal/provider","Test":"TestCallLimitUnknownToolAndDuplicateID/limit"}
{"Time":"2026-09-11T16:34:58.998798208-07:00","Action":"output","Package":"github.com/JDinSeattle/forge-runtime/internal/provider","Test":"TestCallLimitUnknownToolAndDuplicateID/limit","Output":"=== RUN   TestCallLimitUnknownToolAndDuplicateID/limit\n"}
{"Time":"2026-09-11T16:34:58.999013449-07:00","Action":"output","Package":"github.com/JDinSeattle/forge-runtime/internal/provider","Test":"TestCallLimitUnknownToolAndDuplicateID/limit","Output":"--- PASS: TestCallLimitUnknownToolAndDuplicateID/limit (0.00s)\n"}
{"Time":"2026-09-11T16:34:58.999023235-07:00","Action":"pass","Package":"github.com/JDinSeattle/forge-runtime/internal/provider","Test":"TestCallLimitUnknownToolAndDuplicateID/limit","Elapsed":0}
{"Time":"2026-09-11T16:34:58.999036976-07:00","Action":"run","Package":"github.com/JDinSeattle/forge-runtime/internal/provider","Test":"TestCallLimitUnknownToolAndDuplicateID/unknown"}
{"Time":"2026-09-11T16:34:58.999041509-07:00","Action":"output","Package":"github.com/JDinSeattle/forge-runtime/internal/provider","Test":"TestCallLimitUnknownToolAndDuplicateID/unknown","Output":"=== RUN   TestCallLimitUnknownToolAndDuplicateID/unknown\n"}
{"Time":"2026-09-11T16:34:58.999359771-07:00","Action":"output","Package":"github.com/JDinSeattle/forge-runtime/internal/provider","Test":"TestCallLimitUnknownToolAndDuplicateID/unknown","Output":"--- PASS: TestCallLimitUnknownToolAndDuplicateID/unknown (0.00s)\n"}
{"Time":"2026-09-11T16:34:58.99936873-07:00","Action":"pass","Package":"github.com/JDinSeattle/forge-runtime/internal/provider","Test":"TestCallLimitUnknownToolAndDuplicateID/unknown","Elapsed":0}
{"Time":"2026-09-11T16:34:58.999376382-07:00","Action":"output","Package":"github.com/JDinSeattle/forge-runtime/tests/client","Test":"TestSchemaMatchesActualGoWireModelsAndGeneratedTypes","Output":"--- PASS: TestSchemaMatchesActualGoWireModelsAndGeneratedTypes (0.03s)\n"}
{"Time":"2026-09-11T16:34:58.99938235-07:00","Action":"pass","Package":"github.com/JDinSeattle/forge-runtime/tests/client","Test":"TestSchemaMatchesActualGoWireModelsAndGeneratedTypes","Elapsed":0.03}
{"Time":"2026-09-11T16:34:58.99939332-07:00","Action":"run","Package":"github.com/JDinSeattle/forge-runtime/internal/provider","Test":"TestCallLimitUnknownToolAndDuplicateID/duplicate"}
{"Time":"2026-09-11T16:34:58.999398251-07:00","Action":"output","Package":"github.com/JDinSeattle/forge-runtime/internal/provider","Test":"TestCallLimitUnknownToolAndDuplicateID/duplicate","Output":"=== RUN   TestCallLimitUnknownToolAndDuplicateID/duplicate\n"}
{"Time":"2026-09-11T16:34:58.999407025-07:00","Action":"run","Package":"github.com/JDinSeattle/forge-runtime/tests/client","Test":"TestSchemaRejectsMalformedBudgetsAndUnknownRequestProperties"}
{"Time":"2026-09-11T16:34:58.999410916-07:00","Action":"output","Package":"github.com/JDinSeattle/forge-runtime/tests/client","Test":"TestSchemaRejectsMalformedBudgetsAndUnknownRequestProperties","Output":"=== RUN   TestSchemaRejectsMalformedBudgetsAndUnknownRequestProperties\n"}
{"Time":"2026-09-11T16:34:58.999723531-07:00","Action":"output","Package":"github.com/JDinSeattle/forge-runtime/internal/provider","Test":"TestCallLimitUnknownToolAndDuplicateID/duplicate","Output":"--- PASS: TestCallLimitUnknownToolAndDuplicateID/duplicate (0.00s)\n"}
{"Time":"2026-09-11T16:34:58.999739265-07:00","Action":"pass","Package":"github.com/JDinSeattle/forge-runtime/internal/provider","Test":"TestCallLimitUnknownToolAndDuplicateID/duplicate","Elapsed":0}
{"Time":"2026-09-11T16:34:58.999765444-07:00","Action":"output","Package":"github.com/JDinSeattle/forge-runtime/internal/provider","Test":"TestCallLimitUnknownToolAndDuplicateID","Output":"--- PASS: TestCallLimitUnknownToolAndDuplicateID (0.00s)\n"}
{"Time":"2026-09-11T16:34:58.999773837-07:00","Action":"pass","Package":"github.com/JDinSeattle/forge-runtime/internal/provider","Test":"TestCallLimitUnknownToolAndDuplicateID","Elapsed":0}
{"Time":"2026-09-11T16:34:58.999785192-07:00","Action":"run","Package":"github.com/JDinSeattle/forge-runtime/internal/provider","Test":"TestSchemaRemoteReferencesRejectedWithoutHTTP"}
{"Time":"2026-09-11T16:34:58.999789323-07:00","Action":"output","Package":"github.com/JDinSeattle/forge-runtime/internal/provider","Test":"TestSchemaRemoteReferencesRejectedWithoutHTTP","Output":"=== RUN   TestSchemaRemoteReferencesRejectedWithoutHTTP\n"}
{"Time":"2026-09-11T16:34:58.999919757-07:00","Action":"output","Package":"github.com/JDinSeattle/forge-runtime/internal/provider","Test":"TestSchemaRemoteReferencesRejectedWithoutHTTP","Output":"--- PASS: TestSchemaRemoteReferencesRejectedWithoutHTTP (0.00s)\n"}
{"Time":"2026-09-11T16:34:58.999929803-07:00","Action":"pass","Package":"github.com/JDinSeattle/forge-runtime/internal/provider","Test":"TestSchemaRemoteReferencesRejectedWithoutHTTP","Elapsed":0}
{"Time":"2026-09-11T16:34:58.999942699-07:00","Action":"run","Package":"github.com/JDinSeattle/forge-runtime/internal/provider","Test":"TestConsumerCancellationAndModelCapabilityValidation"}
{"Time":"2026-09-11T16:34:58.999947196-07:00","Action":"output","Package":"github.com/JDinSeattle/forge-runtime/internal/provider","Test":"TestConsumerCancellationAndModelCapabilityValidation","Output":"=== RUN   TestConsumerCancellationAndModelCapabilityValidation\n"}
{"Time":"2026-09-11T16:34:59.00028373-07:00","Action":"output","Package":"github.com/JDinSeattle/forge-runtime/internal/provider","Test":"TestConsumerCancellationAndModelCapabilityValidation","Output":"--- PASS: TestConsumerCancellationAndModelCapabilityValidation (0.00s)\n"}
{"Time":"2026-09-11T16:34:59.000297756-07:00","Action":"pass","Package":"github.com/JDinSeattle/forge-runtime/internal/provider","Test":"TestConsumerCancellationAndModelCapabilityValidation","Elapsed":0}
{"Time":"2026-09-11T16:34:59.000303245-07:00","Action":"run","Package":"github.com/JDinSeattle/forge-runtime/internal/provider","Test":"TestRetryAfterAndHTTPMapping"}
{"Time":"2026-09-11T16:34:59.000306241-07:00","Action":"output","Package":"github.com/JDinSeattle/forge-runtime/internal/provider","Test":"TestRetryAfterAndHTTPMapping","Output":"=== RUN   TestRetryAfterAndHTTPMapping\n"}
{"Time":"2026-09-11T16:34:59.000371983-07:00","Action":"output","Package":"github.com/JDinSeattle/forge-runtime/internal/provider","Test":"TestRetryAfterAndHTTPMapping","Output":"--- PASS: TestRetryAfterAndHTTPMapping (0.00s)\n"}
{"Time":"2026-09-11T16:34:59.000378553-07:00","Action":"pass","Package":"github.com/JDinSeattle/forge-runtime/internal/provider","Test":"TestRetryAfterAndHTTPMapping","Elapsed":0}
{"Time":"2026-09-11T16:34:59.000427071-07:00","Action":"run","Package":"github.com/JDinSeattle/forge-runtime/internal/provider","Test":"FuzzToolArgumentDecoderIsUnambiguousAndBounded"}
{"Time":"2026-09-11T16:34:59.000443165-07:00","Action":"output","Package":"github.com/JDinSeattle/forge-runtime/internal/provider","Test":"FuzzToolArgumentDecoderIsUnambiguousAndBounded","Output":"=== RUN   FuzzToolArgumentDecoderIsUnambiguousAndBounded\n"}
{"Time":"2026-09-11T16:34:59.000529396-07:00","Action":"run","Package":"github.com/JDinSeattle/forge-runtime/internal/provider","Test":"FuzzToolArgumentDecoderIsUnambiguousAndBounded/seed#0"}
{"Time":"2026-09-11T16:34:59.000536725-07:00","Action":"output","Package":"github.com/JDinSeattle/forge-runtime/internal/provider","Test":"FuzzToolArgumentDecoderIsUnambiguousAndBounded/seed#0","Output":"=== RUN   FuzzToolArgumentDecoderIsUnambiguousAndBounded/seed#0\n"}
{"Time":"2026-09-11T16:34:59.000665001-07:00","Action":"output","Package":"github.com/JDinSeattle/forge-runtime/internal/provider","Test":"FuzzToolArgumentDecoderIsUnambiguousAndBounded/seed#0","Output":"--- PASS: FuzzToolArgumentDecoderIsUnambiguousAndBounded/seed#0 (0.00s)\n"}
{"Time":"2026-09-11T16:34:59.00068423-07:00","Action":"pass","Package":"github.com/JDinSeattle/forge-runtime/internal/provider","Test":"FuzzToolArgumentDecoderIsUnambiguousAndBounded/seed#0","Elapsed":0}
{"Time":"2026-09-11T16:34:59.000700708-07:00","Action":"run","Package":"github.com/JDinSeattle/forge-runtime/internal/provider","Test":"FuzzToolArgumentDecoderIsUnambiguousAndBounded/seed#1"}
{"Time":"2026-09-11T16:34:59.000704867-07:00","Action":"output","Package":"github.com/JDinSeattle/forge-runtime/internal/provider","Test":"FuzzToolArgumentDecoderIsUnambiguousAndBounded/seed#1","Output":"=== RUN   FuzzToolArgumentDecoderIsUnambiguousAndBounded/seed#1\n"}
{"Time":"2026-09-11T16:34:59.000860956-07:00","Action":"output","Package":"github.com/JDinSeattle/forge-runtime/internal/provider","Test":"FuzzToolArgumentDecoderIsUnambiguousAndBounded/seed#1","Output":"--- PASS: FuzzToolArgumentDecoderIsUnambiguousAndBounded/seed#1 (0.00s)\n"}
{"Time":"2026-09-11T16:34:59.00086918-07:00","Action":"pass","Package":"github.com/JDinSeattle/forge-runtime/internal/provider","Test":"FuzzToolArgumentDecoderIsUnambiguousAndBounded/seed#1","Elapsed":0}
{"Time":"2026-09-11T16:34:59.000889581-07:00","Action":"run","Package":"github.com/JDinSeattle/forge-runtime/internal/provider","Test":"FuzzToolArgumentDecoderIsUnambiguousAndBounded/seed#2"}
{"Time":"2026-09-11T16:34:59.000894552-07:00","Action":"output","Package":"github.com/JDinSeattle/forge-runtime/internal/provider","Test":"FuzzToolArgumentDecoderIsUnambiguousAndBounded/seed#2","Output":"=== RUN   FuzzToolArgumentDecoderIsUnambiguousAndBounded/seed#2\n"}
{"Time":"2026-09-11T16:34:59.000930851-07:00","Action":"output","Package":"github.com/JDinSeattle/forge-runtime/internal/provider","Test":"FuzzToolArgumentDecoderIsUnambiguousAndBounded/seed#2","Output":"--- PASS: FuzzToolArgumentDecoderIsUnambiguousAndBounded/seed#2 (0.00s)\n"}
{"Time":"2026-09-11T16:34:59.000936745-07:00","Action":"pass","Package":"github.com/JDinSeattle/forge-runtime/internal/provider","Test":"FuzzToolArgumentDecoderIsUnambiguousAndBounded/seed#2","Elapsed":0}
{"Time":"2026-09-11T16:34:59.000956058-07:00","Action":"run","Package":"github.com/JDinSeattle/forge-runtime/internal/provider","Test":"FuzzToolArgumentDecoderIsUnambiguousAndBounded/seed#3"}
{"Time":"2026-09-11T16:34:59.000960611-07:00","Action":"output","Package":"github.com/JDinSeattle/forge-runtime/internal/provider","Test":"FuzzToolArgumentDecoderIsUnambiguousAndBounded/seed#3","Output":"=== RUN   FuzzToolArgumentDecoderIsUnambiguousAndBounded/seed#3\n"}
{"Time":"2026-09-11T16:34:59.001080593-07:00","Action":"output","Package":"github.com/JDinSeattle/forge-runtime/internal/provider","Test":"FuzzToolArgumentDecoderIsUnambiguousAndBounded/seed#3","Output":"--- PASS: FuzzToolArgumentDecoderIsUnambiguousAndBounded/seed#3 (0.00s)\n"}
{"Time":"2026-09-11T16:34:59.001086947-07:00","Action":"pass","Package":"github.com/JDinSeattle/forge-runtime/internal/provider","Test":"FuzzToolArgumentDecoderIsUnambiguousAndBounded/seed#3","Elapsed":0}
{"Time":"2026-09-11T16:34:59.001104527-07:00","Action":"run","Package":"github.com/JDinSeattle/forge-runtime/internal/provider","Test":"FuzzToolArgumentDecoderIsUnambiguousAndBounded/seed#4"}
{"Time":"2026-09-11T16:34:59.001109233-07:00","Action":"output","Package":"github.com/JDinSeattle/forge-runtime/internal/provider","Test":"FuzzToolArgumentDecoderIsUnambiguousAndBounded/seed#4","Output":"=== RUN   FuzzToolArgumentDecoderIsUnambiguousAndBounded/seed#4\n"}
{"Time":"2026-09-11T16:34:59.001255777-07:00","Action":"output","Package":"github.com/JDinSeattle/forge-runtime/internal/provider","Test":"FuzzToolArgumentDecoderIsUnambiguousAndBounded/seed#4","Output":"--- PASS: FuzzToolArgumentDecoderIsUnambiguousAndBounded/seed#4 (0.00s)\n"}
{"Time":"2026-09-11T16:34:59.001264709-07:00","Action":"pass","Package":"github.com/JDinSeattle/forge-runtime/internal/provider","Test":"FuzzToolArgumentDecoderIsUnambiguousAndBounded/seed#4","Elapsed":0}
{"Time":"2026-09-11T16:34:59.001293538-07:00","Action":"run","Package":"github.com/JDinSeattle/forge-runtime/internal/provider","Test":"FuzzToolArgumentDecoderIsUnambiguousAndBounded/seed#5"}
{"Time":"2026-09-11T16:34:59.001313637-07:00","Action":"output","Package":"github.com/JDinSeattle/forge-runtime/internal/provider","Test":"FuzzToolArgumentDecoderIsUnambiguousAndBounded/seed#5","Output":"=== RUN   FuzzToolArgumentDecoderIsUnambiguousAndBounded/seed#5\n"}
{"Time":"2026-09-11T16:34:59.001327084-07:00","Action":"output","Package":"github.com/JDinSeattle/forge-runtime/internal/provider","Test":"FuzzToolArgumentDecoderIsUnambiguousAndBounded/seed#5","Output":"--- PASS: FuzzToolArgumentDecoderIsUnambiguousAndBounded/seed#5 (0.00s)\n"}
{"Time":"2026-09-11T16:34:59.001361784-07:00","Action":"pass","Package":"github.com/JDinSeattle/forge-runtime/internal/provider","Test":"FuzzToolArgumentDecoderIsUnambiguousAndBounded/seed#5","Elapsed":0}
{"Time":"2026-09-11T16:34:59.001369936-07:00","Action":"run","Package":"github.com/JDinSeattle/forge-runtime/internal/provider","Test":"FuzzToolArgumentDecoderIsUnambiguousAndBounded/seed#6"}
{"Time":"2026-09-11T16:34:59.001373418-07:00","Action":"output","Package":"github.com/JDinSeattle/forge-runtime/internal/provider","Test":"FuzzToolArgumentDecoderIsUnambiguousAndBounded/seed#6","Output":"=== RUN   FuzzToolArgumentDecoderIsUnambiguousAndBounded/seed#6\n"}
{"Time":"2026-09-11T16:34:59.001414301-07:00","Action":"output","Package":"github.com/JDinSeattle/forge-runtime/internal/provider","Test":"FuzzToolArgumentDecoderIsUnambiguousAndBounded/seed#6","Output":"--- PASS: FuzzToolArgumentDecoderIsUnambiguousAndBounded/seed#6 (0.00s)\n"}
{"Time":"2026-09-11T16:34:59.001425571-07:00","Action":"pass","Package":"github.com/JDinSeattle/forge-runtime/internal/provider","Test":"FuzzToolArgumentDecoderIsUnambiguousAndBounded/seed#6","Elapsed":0}
{"Time":"2026-09-11T16:34:59.001450251-07:00","Action":"run","Package":"github.com/JDinSeattle/forge-runtime/internal/provider","Test":"FuzzToolArgumentDecoderIsUnambiguousAndBounded/seed#7"}
{"Time":"2026-09-11T16:34:59.001463155-07:00","Action":"output","Package":"github.com/JDinSeattle/forge-runtime/internal/provider","Test":"FuzzToolArgumentDecoderIsUnambiguousAndBounded/seed#7","Output":"=== RUN   FuzzToolArgumentDecoderIsUnambiguousAndBounded/seed#7\n"}
{"Time":"2026-09-11T16:34:59.001493682-07:00","Action":"output","Package":"github.com/JDinSeattle/forge-runtime/internal/provider","Test":"FuzzToolArgumentDecoderIsUnambiguousAndBounded/seed#7","Output":"--- PASS: FuzzToolArgumentDecoderIsUnambiguousAndBounded/seed#7 (0.00s)\n"}
{"Time":"2026-09-11T16:34:59.001503583-07:00","Action":"pass","Package":"github.com/JDinSeattle/forge-runtime/internal/provider","Test":"FuzzToolArgumentDecoderIsUnambiguousAndBounded/seed#7","Elapsed":0}
{"Time":"2026-09-11T16:34:59.001519484-07:00","Action":"run","Package":"github.com/JDinSeattle/forge-runtime/internal/provider","Test":"FuzzToolArgumentDecoderIsUnambiguousAndBounded/seed#8"}
{"Time":"2026-09-11T16:34:59.001524331-07:00","Action":"output","Package":"github.com/JDinSeattle/forge-runtime/internal/provider","Test":"FuzzToolArgumentDecoderIsUnambiguousAndBounded/seed#8","Output":"=== RUN   FuzzToolArgumentDecoderIsUnambiguousAndBounded/seed#8\n"}
{"Time":"2026-09-11T16:34:59.001559066-07:00","Action":"output","Package":"github.com/JDinSeattle/forge-runtime/internal/provider","Test":"FuzzToolArgumentDecoderIsUnambiguousAndBounded/seed#8","Output":"--- PASS: FuzzToolArgumentDecoderIsUnambiguousAndBounded/seed#8 (0.00s)\n"}
{"Time":"2026-09-11T16:34:59.001565431-07:00","Action":"pass","Package":"github.com/JDinSeattle/forge-runtime/internal/provider","Test":"FuzzToolArgumentDecoderIsUnambiguousAndBounded/seed#8","Elapsed":0}
{"Time":"2026-09-11T16:34:59.001582585-07:00","Action":"run","Package":"github.com/JDinSeattle/forge-runtime/internal/provider","Test":"FuzzToolArgumentDecoderIsUnambiguousAndBounded/seed#9"}
{"Time":"2026-09-11T16:34:59.0015873-07:00","Action":"output","Package":"github.com/JDinSeattle/forge-runtime/internal/provider","Test":"FuzzToolArgumentDecoderIsUnambiguousAndBounded/seed#9","Output":"=== RUN   FuzzToolArgumentDecoderIsUnambiguousAndBounded/seed#9\n"}
{"Time":"2026-09-11T16:34:59.001699277-07:00","Action":"output","Package":"github.com/JDinSeattle/forge-runtime/internal/provider","Test":"FuzzToolArgumentDecoderIsUnambiguousAndBounded/seed#9","Output":"--- PASS: FuzzToolArgumentDecoderIsUnambiguousAndBounded/seed#9 (0.00s)\n"}
{"Time":"2026-09-11T16:34:59.001712941-07:00","Action":"pass","Package":"github.com/JDinSeattle/forge-runtime/internal/provider","Test":"FuzzToolArgumentDecoderIsUnambiguousAndBounded/seed#9","Elapsed":0}
{"Time":"2026-09-11T16:34:59.001731468-07:00","Action":"output","Package":"github.com/JDinSeattle/forge-runtime/internal/provider","Test":"FuzzToolArgumentDecoderIsUnambiguousAndBounded","Output":"--- PASS: FuzzToolArgumentDecoderIsUnambiguousAndBounded (0.00s)\n"}
{"Time":"2026-09-11T16:34:59.001738107-07:00","Action":"pass","Package":"github.com/JDinSeattle/forge-runtime/internal/provider","Test":"FuzzToolArgumentDecoderIsUnambiguousAndBounded","Elapsed":0}
{"Time":"2026-09-11T16:34:59.001750534-07:00","Action":"output","Package":"github.com/JDinSeattle/forge-runtime/internal/provider","Output":"PASS\n"}
{"Time":"2026-09-11T16:34:59.01463023-07:00","Action":"output","Package":"github.com/JDinSeattle/forge-runtime/tests/client","Test":"TestSchemaRejectsMalformedBudgetsAndUnknownRequestProperties","Output":"--- PASS: TestSchemaRejectsMalformedBudgetsAndUnknownRequestProperties (0.02s)\n"}
{"Time":"2026-09-11T16:34:59.014671801-07:00","Action":"pass","Package":"github.com/JDinSeattle/forge-runtime/tests/client","Test":"TestSchemaRejectsMalformedBudgetsAndUnknownRequestProperties","Elapsed":0.02}
{"Time":"2026-09-11T16:34:59.014681194-07:00","Action":"run","Package":"github.com/JDinSeattle/forge-runtime/tests/client","Test":"TestEveryHTTPRouteHasMatchingContractOperation"}
{"Time":"2026-09-11T16:34:59.014684687-07:00","Action":"output","Package":"github.com/JDinSeattle/forge-runtime/tests/client","Test":"TestEveryHTTPRouteHasMatchingContractOperation","Output":"=== RUN   TestEveryHTTPRouteHasMatchingContractOperation\n"}
{"Time":"2026-09-11T16:34:59.01568375-07:00","Action":"output","Package":"github.com/JDinSeattle/forge-runtime/internal/eventstream","Test":"TestResetDetachesHubBeforeNotification/source-reset","Output":"--- PASS: TestResetDetachesHubBeforeNotification/source-reset (0.03s)\n"}
{"Time":"2026-09-11T16:34:59.015700174-07:00","Action":"pass","Package":"github.com/JDinSeattle/forge-runtime/internal/eventstream","Test":"TestResetDetachesHubBeforeNotification/source-reset","Elapsed":0.03}
{"Time":"2026-09-11T16:34:59.015715454-07:00","Action":"output","Package":"github.com/JDinSeattle/forge-runtime/internal/eventstream","Test":"TestResetDetachesHubBeforeNotification","Output":"--- PASS: TestResetDetachesHubBeforeNotification (0.07s)\n"}
{"Time":"2026-09-11T16:34:59.015724087-07:00","Action":"pass","Package":"github.com/JDinSeattle/forge-runtime/internal/eventstream","Test":"TestResetDetachesHubBeforeNotification","Elapsed":0.07}
{"Time":"2026-09-11T16:34:59.015734133-07:00","Action":"output","Package":"github.com/JDinSeattle/forge-runtime/internal/eventstream","Output":"PASS\n"}
{"Time":"2026-09-11T16:34:59.028952882-07:00","Action":"output","Package":"github.com/JDinSeattle/forge-runtime/tests/client","Test":"TestEveryHTTPRouteHasMatchingContractOperation","Output":"--- PASS: TestEveryHTTPRouteHasMatchingContractOperation (0.01s)\n"}
{"Time":"2026-09-11T16:34:59.028997405-07:00","Action":"pass","Package":"github.com/JDinSeattle/forge-runtime/tests/client","Test":"TestEveryHTTPRouteHasMatchingContractOperation","Elapsed":0.01}
{"Time":"2026-09-11T16:34:59.029010086-07:00","Action":"run","Package":"github.com/JDinSeattle/forge-runtime/tests/client","Test":"TestActualUnauthenticatedFailureHasTypedErrorContract"}
{"Time":"2026-09-11T16:34:59.029013408-07:00","Action":"output","Package":"github.com/JDinSeattle/forge-runtime/tests/client","Test":"TestActualUnauthenticatedFailureHasTypedErrorContract","Output":"=== RUN   TestActualUnauthenticatedFailureHasTypedErrorContract\n"}
{"Time":"2026-09-11T16:34:59.039958862-07:00","Action":"output","Package":"github.com/JDinSeattle/forge-runtime/internal/runnerclient","Test":"TestUDSContractAndPermissions","Output":"--- PASS: TestUDSContractAndPermissions (0.08s)\n"}
{"Time":"2026-09-11T16:34:59.040002206-07:00","Action":"pass","Package":"github.com/JDinSeattle/forge-runtime/internal/runnerclient","Test":"TestUDSContractAndPermissions","Elapsed":0.08}
{"Time":"2026-09-11T16:34:59.04001248-07:00","Action":"run","Package":"github.com/JDinSeattle/forge-runtime/internal/runnerclient","Test":"TestStartTimeoutInspectsSameIDWithoutResubmission"}
{"Time":"2026-09-11T16:34:59.040015599-07:00","Action":"output","Package":"github.com/JDinSeattle/forge-runtime/internal/runnerclient","Test":"TestStartTimeoutInspectsSameIDWithoutResubmission","Output":"=== RUN   TestStartTimeoutInspectsSameIDWithoutResubmission\n"}
{"Time":"2026-09-11T16:34:59.040021539-07:00","Action":"run","Package":"github.com/JDinSeattle/forge-runtime/internal/runnerclient","Test":"TestStartTimeoutInspectsSameIDWithoutResubmission/accepted"}
{"Time":"2026-09-11T16:34:59.040024845-07:00","Action":"output","Package":"github.com/JDinSeattle/forge-runtime/internal/runnerclient","Test":"TestStartTimeoutInspectsSameIDWithoutResubmission/accepted","Output":"=== RUN   TestStartTimeoutInspectsSameIDWithoutResubmission/accepted\n"}
{"Time":"2026-09-11T16:34:59.042794162-07:00","Action":"output","Package":"github.com/JDinSeattle/forge-runtime/tests/client","Test":"TestActualUnauthenticatedFailureHasTypedErrorContract","Output":"--- PASS: TestActualUnauthenticatedFailureHasTypedErrorContract (0.01s)\n"}
{"Time":"2026-09-11T16:34:59.042825778-07:00","Action":"pass","Package":"github.com/JDinSeattle/forge-runtime/tests/client","Test":"TestActualUnauthenticatedFailureHasTypedErrorContract","Elapsed":0.01}
{"Time":"2026-09-11T16:34:59.042830501-07:00","Action":"output","Package":"github.com/JDinSeattle/forge-runtime/tests/client","Output":"PASS\n"}
{"Time":"2026-09-11T16:34:59.060745406-07:00","Action":"output","Package":"github.com/JDinSeattle/forge-runtime/internal/dependency","Test":"TestTransactionOperationPreservesDeadlineCause","Output":"--- PASS: TestTransactionOperationPreservesDeadlineCause (0.12s)\n"}
{"Time":"2026-09-11T16:34:59.060770863-07:00","Action":"pass","Package":"github.com/JDinSeattle/forge-runtime/internal/dependency","Test":"TestTransactionOperationPreservesDeadlineCause","Elapsed":0.12}
{"Time":"2026-09-11T16:34:59.060776971-07:00","Action":"run","Package":"github.com/JDinSeattle/forge-runtime/internal/dependency","Test":"TestTransactionOperationPropagatesExplicitCancellation"}
{"Time":"2026-09-11T16:34:59.060779062-07:00","Action":"output","Package":"github.com/JDinSeattle/forge-runtime/internal/dependency","Test":"TestTransactionOperationPropagatesExplicitCancellation","Output":"=== RUN   TestTransactionOperationPropagatesExplicitCancellation\n"}
{"Time":"2026-09-11T16:34:59.060853734-07:00","Action":"output","Package":"github.com/JDinSeattle/forge-runtime/internal/dependency","Test":"TestTransactionOperationPropagatesExplicitCancellation","Output":"--- PASS: TestTransactionOperationPropagatesExplicitCancellation (0.00s)\n"}
{"Time":"2026-09-11T16:34:59.060865034-07:00","Action":"pass","Package":"github.com/JDinSeattle/forge-runtime/internal/dependency","Test":"TestTransactionOperationPropagatesExplicitCancellation","Elapsed":0}
{"Time":"2026-09-11T16:34:59.060879151-07:00","Action":"output","Package":"github.com/JDinSeattle/forge-runtime/internal/dependency","Output":"PASS\n"}
{"Time":"2026-09-11T16:34:59.092110537-07:00","Action":"output","Package":"github.com/JDinSeattle/forge-runtime/internal/runnerclient","Test":"TestStartTimeoutInspectsSameIDWithoutResubmission/accepted","Output":"--- PASS: TestStartTimeoutInspectsSameIDWithoutResubmission/accepted (0.05s)\n"}
{"Time":"2026-09-11T16:34:59.092141167-07:00","Action":"pass","Package":"github.com/JDinSeattle/forge-runtime/internal/runnerclient","Test":"TestStartTimeoutInspectsSameIDWithoutResubmission/accepted","Elapsed":0.05}
{"Time":"2026-09-11T16:34:59.092148848-07:00","Action":"run","Package":"github.com/JDinSeattle/forge-runtime/internal/runnerclient","Test":"TestStartTimeoutInspectsSameIDWithoutResubmission/unknown"}
{"Time":"2026-09-11T16:34:59.092157778-07:00","Action":"output","Package":"github.com/JDinSeattle/forge-runtime/internal/runnerclient","Test":"TestStartTimeoutInspectsSameIDWithoutResubmission/unknown","Output":"=== RUN   TestStartTimeoutInspectsSameIDWithoutResubmission/unknown\n"}
{"Time":"2026-09-11T16:34:59.144655531-07:00","Action":"output","Package":"github.com/JDinSeattle/forge-runtime/internal/runnerclient","Test":"TestStartTimeoutInspectsSameIDWithoutResubmission/unknown","Output":"--- PASS: TestStartTimeoutInspectsSameIDWithoutResubmission/unknown (0.05s)\n"}
{"Time":"2026-09-11T16:34:59.144685704-07:00","Action":"pass","Package":"github.com/JDinSeattle/forge-runtime/internal/runnerclient","Test":"TestStartTimeoutInspectsSameIDWithoutResubmission/unknown","Elapsed":0.05}
{"Time":"2026-09-11T16:34:59.144693302-07:00","Action":"output","Package":"github.com/JDinSeattle/forge-runtime/internal/runnerclient","Test":"TestStartTimeoutInspectsSameIDWithoutResubmission","Output":"--- PASS: TestStartTimeoutInspectsSameIDWithoutResubmission (0.10s)\n"}
{"Time":"2026-09-11T16:34:59.144698309-07:00","Action":"pass","Package":"github.com/JDinSeattle/forge-runtime/internal/runnerclient","Test":"TestStartTimeoutInspectsSameIDWithoutResubmission","Elapsed":0.1}
{"Time":"2026-09-11T16:34:59.14471175-07:00","Action":"run","Package":"github.com/JDinSeattle/forge-runtime/internal/runnerclient","Test":"TestRemoteRequiresVerifiedMutualIdentity"}
{"Time":"2026-09-11T16:34:59.144716754-07:00","Action":"output","Package":"github.com/JDinSeattle/forge-runtime/internal/runnerclient","Test":"TestRemoteRequiresVerifiedMutualIdentity","Output":"=== RUN   TestRemoteRequiresVerifiedMutualIdentity\n"}
{"Time":"2026-09-11T16:34:59.148565089-07:00","Action":"output","Package":"github.com/JDinSeattle/forge-runtime/internal/retention","Test":"TestJournalReferenceReaderProtectsOldReceiptsAndNewPinsFailsClosed","Output":"--- PASS: TestJournalReferenceReaderProtectsOldReceiptsAndNewPinsFailsClosed (0.19s)\n"}
{"Time":"2026-09-11T16:34:59.148587712-07:00","Action":"pass","Package":"github.com/JDinSeattle/forge-runtime/internal/retention","Test":"TestJournalReferenceReaderProtectsOldReceiptsAndNewPinsFailsClosed","Elapsed":0.19}
{"Time":"2026-09-11T16:34:59.149248585-07:00","Action":"run","Package":"github.com/JDinSeattle/forge-runtime/internal/retention","Test":"TestCrossStoreOrphanCollectionPublicationRaces"}
{"Time":"2026-09-11T16:34:59.149256496-07:00","Action":"output","Package":"github.com/JDinSeattle/forge-runtime/internal/retention","Test":"TestCrossStoreOrphanCollectionPublicationRaces","Output":"=== RUN   TestCrossStoreOrphanCollectionPublicationRaces\n"}
{"Time":"2026-09-11T16:34:59.278611841-07:00","Action":"output","Package":"github.com/JDinSeattle/forge-runtime/cmd/forge-runner","Output":"ok  \tgithub.com/JDinSeattle/forge-runtime/cmd/forge-runner\t1.026s\n"}
{"Time":"2026-09-11T16:34:59.278643369-07:00","Action":"pass","Package":"github.com/JDinSeattle/forge-runtime/cmd/forge-runner","Elapsed":1.026}
{"Time":"2026-09-11T16:34:59.284536941-07:00","Action":"output","Package":"github.com/JDinSeattle/forge-runtime/benchmarks","Output":"ok  \tgithub.com/JDinSeattle/forge-runtime/benchmarks\t1.032s\n"}
{"Time":"2026-09-11T16:34:59.284553693-07:00","Action":"pass","Package":"github.com/JDinSeattle/forge-runtime/benchmarks","Elapsed":1.032}
{"Time":"2026-09-11T16:34:59.329820972-07:00","Action":"output","Package":"github.com/JDinSeattle/forge-runtime/internal/quota","Test":"TestSharedBudgetsAcrossTenantsAndIndependentPools","Output":"--- PASS: TestSharedBudgetsAcrossTenantsAndIndependentPools (0.38s)\n"}
{"Time":"2026-09-11T16:34:59.329849364-07:00","Action":"pass","Package":"github.com/JDinSeattle/forge-runtime/internal/quota","Test":"TestSharedBudgetsAcrossTenantsAndIndependentPools","Elapsed":0.38}
{"Time":"2026-09-11T16:34:59.329858479-07:00","Action":"run","Package":"github.com/JDinSeattle/forge-runtime/internal/quota","Test":"TestGlobalAdmissionAndIdempotencyAcrossStoreInstances"}
{"Time":"2026-09-11T16:34:59.329866744-07:00","Action":"output","Package":"github.com/JDinSeattle/forge-runtime/internal/quota","Test":"TestGlobalAdmissionAndIdempotencyAcrossStoreInstances","Output":"=== RUN   TestGlobalAdmissionAndIdempotencyAcrossStoreInstances\n"}
{"Time":"2026-09-11T16:34:59.36402807-07:00","Action":"output","Package":"github.com/JDinSeattle/forge-runtime/tests/review","Test":"TestReviewFixedRunnerClaimAndTakeoverRemainOnAssignedTransport","Output":"--- PASS: TestReviewFixedRunnerClaimAndTakeoverRemainOnAssignedTransport (0.39s)\n"}
{"Time":"2026-09-11T16:34:59.364062578-07:00","Action":"pass","Package":"github.com/JDinSeattle/forge-runtime/tests/review","Test":"TestReviewFixedRunnerClaimAndTakeoverRemainOnAssignedTransport","Elapsed":0.39}
{"Time":"2026-09-11T16:34:59.364071186-07:00","Action":"run","Package":"github.com/JDinSeattle/forge-runtime/tests/review","Test":"TestReviewFailedVerifierDiagnosticsEnableNextRepair"}
{"Time":"2026-09-11T16:34:59.364074373-07:00","Action":"output","Package":"github.com/JDinSeattle/forge-runtime/tests/review","Test":"TestReviewFailedVerifierDiagnosticsEnableNextRepair","Output":"=== RUN   TestReviewFailedVerifierDiagnosticsEnableNextRepair\n"}
{"Time":"2026-09-11T16:34:59.36411844-07:00","Action":"run","Package":"github.com/JDinSeattle/forge-runtime/tests/review","Test":"TestReviewFailedVerifierDiagnosticsEnableNextRepair/native_false"}
{"Time":"2026-09-11T16:34:59.36412878-07:00","Action":"output","Package":"github.com/JDinSeattle/forge-runtime/tests/review","Test":"TestReviewFailedVerifierDiagnosticsEnableNextRepair/native_false","Output":"=== RUN   TestReviewFailedVerifierDiagnosticsEnableNextRepair/native_false\n"}
{"Time":"2026-09-11T16:34:59.395570491-07:00","Action":"output","Package":"github.com/JDinSeattle/forge-runtime/internal/runner","Test":"TestConcurrentIdempotentPatchWritesExactlyOnce","Output":"--- PASS: TestConcurrentIdempotentPatchWritesExactlyOnce (0.44s)\n"}
{"Time":"2026-09-11T16:34:59.39559608-07:00","Action":"pass","Package":"github.com/JDinSeattle/forge-runtime/internal/runner","Test":"TestConcurrentIdempotentPatchWritesExactlyOnce","Elapsed":0.44}
{"Time":"2026-09-11T16:34:59.395600565-07:00","Action":"run","Package":"github.com/JDinSeattle/forge-runtime/internal/runner","Test":"TestAppliedPatchReceiptWindowRecoversWithoutReplay"}
{"Time":"2026-09-11T16:34:59.395602294-07:00","Action":"output","Package":"github.com/JDinSeattle/forge-runtime/internal/runner","Test":"TestAppliedPatchReceiptWindowRecoversWithoutReplay","Output":"=== RUN   TestAppliedPatchReceiptWindowRecoversWithoutReplay\n"}
{"Time":"2026-09-11T16:34:59.435053763-07:00","Action":"output","Package":"github.com/JDinSeattle/forge-runtime/cmd/forge","Output":"ok  \tgithub.com/JDinSeattle/forge-runtime/cmd/forge\t1.182s\n"}
{"Time":"2026-09-11T16:34:59.435083837-07:00","Action":"pass","Package":"github.com/JDinSeattle/forge-runtime/cmd/forge","Elapsed":1.183}
{"Time":"2026-09-11T16:34:59.476387958-07:00","Action":"output","Package":"github.com/JDinSeattle/forge-runtime/internal/runtime","Test":"TestProgressHistoryIsBoundedAndEvictionIsConservative","Output":"--- PASS: TestProgressHistoryIsBoundedAndEvictionIsConservative (0.51s)\n"}
{"Time":"2026-09-11T16:34:59.476412296-07:00","Action":"pass","Package":"github.com/JDinSeattle/forge-runtime/internal/runtime","Test":"TestProgressHistoryIsBoundedAndEvictionIsConservative","Elapsed":0.51}
{"Time":"2026-09-11T16:34:59.476416699-07:00","Action":"run","Package":"github.com/JDinSeattle/forge-runtime/internal/runtime","Test":"TestPartialModelNeverDispatchesTools"}
{"Time":"2026-09-11T16:34:59.476423889-07:00","Action":"output","Package":"github.com/JDinSeattle/forge-runtime/internal/runtime","Test":"TestPartialModelNeverDispatchesTools","Output":"=== RUN   TestPartialModelNeverDispatchesTools\n"}
{"Time":"2026-09-11T16:34:59.476625335-07:00","Action":"output","Package":"github.com/JDinSeattle/forge-runtime/internal/runtime","Test":"TestPartialModelNeverDispatchesTools","Output":"--- PASS: TestPartialModelNeverDispatchesTools (0.00s)\n"}
{"Time":"2026-09-11T16:34:59.476630601-07:00","Action":"pass","Package":"github.com/JDinSeattle/forge-runtime/internal/runtime","Test":"TestPartialModelNeverDispatchesTools","Elapsed":0}
{"Time":"2026-09-11T16:34:59.476638517-07:00","Action":"run","Package":"github.com/JDinSeattle/forge-runtime/internal/runtime","Test":"TestOnlyCurrentUnexpiredLeaseMayAdvance"}
{"Time":"2026-09-11T16:34:59.476642236-07:00","Action":"output","Package":"github.com/JDinSeattle/forge-runtime/internal/runtime","Test":"TestOnlyCurrentUnexpiredLeaseMayAdvance","Output":"=== RUN   TestOnlyCurrentUnexpiredLeaseMayAdvance\n"}
{"Time":"2026-09-11T16:34:59.476949425-07:00","Action":"output","Package":"github.com/JDinSeattle/forge-runtime/internal/runtime","Test":"TestOnlyCurrentUnexpiredLeaseMayAdvance","Output":"--- PASS: TestOnlyCurrentUnexpiredLeaseMayAdvance (0.00s)\n"}
{"Time":"2026-09-11T16:34:59.476954005-07:00","Action":"pass","Package":"github.com/JDinSeattle/forge-runtime/internal/runtime","Test":"TestOnlyCurrentUnexpiredLeaseMayAdvance","Elapsed":0}
{"Time":"2026-09-11T16:34:59.476961334-07:00","Action":"run","Package":"github.com/JDinSeattle/forge-runtime/internal/runtime","Test":"TestToolArgumentIntegrityAndBatchUniqueness"}
{"Time":"2026-09-11T16:34:59.476963345-07:00","Action":"output","Package":"github.com/JDinSeattle/forge-runtime/internal/runtime","Test":"TestToolArgumentIntegrityAndBatchUniqueness","Output":"=== RUN   TestToolArgumentIntegrityAndBatchUniqueness\n"}
{"Time":"2026-09-11T16:34:59.477000608-07:00","Action":"run","Package":"github.com/JDinSeattle/forge-runtime/internal/runtime","Test":"TestToolArgumentIntegrityAndBatchUniqueness/hash_tampering"}
{"Time":"2026-09-11T16:34:59.477002751-07:00","Action":"output","Package":"github.com/JDinSeattle/forge-runtime/internal/runtime","Test":"TestToolArgumentIntegrityAndBatchUniqueness/hash_tampering","Output":"=== RUN   TestToolArgumentIntegrityAndBatchUniqueness/hash_tampering\n"}
{"Time":"2026-09-11T16:34:59.477124774-07:00","Action":"output","Package":"github.com/JDinSeattle/forge-runtime/internal/runtime","Test":"TestToolArgumentIntegrityAndBatchUniqueness/hash_tampering","Output":"--- PASS: TestToolArgumentIntegrityAndBatchUniqueness/hash_tampering (0.00s)\n"}
{"Time":"2026-09-11T16:34:59.477131649-07:00","Action":"pass","Package":"github.com/JDinSeattle/forge-runtime/internal/runtime","Test":"TestToolArgumentIntegrityAndBatchUniqueness/hash_tampering","Elapsed":0}
{"Time":"2026-09-11T16:34:59.477140041-07:00","Action":"run","Package":"github.com/JDinSeattle/forge-runtime/internal/runtime","Test":"TestToolArgumentIntegrityAndBatchUniqueness/duplicate_operation"}
{"Time":"2026-09-11T16:34:59.477142066-07:00","Action":"output","Package":"github.com/JDinSeattle/forge-runtime/internal/runtime","Test":"TestToolArgumentIntegrityAndBatchUniqueness/duplicate_operation","Output":"=== RUN   TestToolArgumentIntegrityAndBatchUniqueness/duplicate_operation\n"}
{"Time":"2026-09-11T16:34:59.477270622-07:00","Action":"output","Package":"github.com/JDinSeattle/forge-runtime/internal/runtime","Test":"TestToolArgumentIntegrityAndBatchUniqueness/duplicate_operation","Output":"--- PASS: TestToolArgumentIntegrityAndBatchUniqueness/duplicate_operation (0.00s)\n"}
{"Time":"2026-09-11T16:34:59.477277684-07:00","Action":"pass","Package":"github.com/JDinSeattle/forge-runtime/internal/runtime","Test":"TestToolArgumentIntegrityAndBatchUniqueness/duplicate_operation","Elapsed":0}
{"Time":"2026-09-11T16:34:59.477368511-07:00","Action":"output","Package":"github.com/JDinSeattle/forge-runtime/internal/runtime","Test":"TestToolArgumentIntegrityAndBatchUniqueness","Output":"--- PASS: TestToolArgumentIntegrityAndBatchUniqueness (0.00s)\n"}
{"Time":"2026-09-11T16:34:59.477376219-07:00","Action":"pass","Package":"github.com/JDinSeattle/forge-runtime/internal/runtime","Test":"TestToolArgumentIntegrityAndBatchUniqueness","Elapsed":0}
{"Time":"2026-09-11T16:34:59.477383916-07:00","Action":"run","Package":"github.com/JDinSeattle/forge-runtime/internal/runtime","Test":"TestSequentialBatchUsesReceiptRevisionAndStopsOnFailure"}
{"Time":"2026-09-11T16:34:59.477386955-07:00","Action":"output","Package":"github.com/JDinSeattle/forge-runtime/internal/runtime","Test":"TestSequentialBatchUsesReceiptRevisionAndStopsOnFailure","Output":"=== RUN   TestSequentialBatchUsesReceiptRevisionAndStopsOnFailure\n"}
{"Time":"2026-09-11T16:34:59.477576444-07:00","Action":"output","Package":"github.com/JDinSeattle/forge-runtime/internal/runtime","Test":"TestSequentialBatchUsesReceiptRevisionAndStopsOnFailure","Output":"--- PASS: TestSequentialBatchUsesReceiptRevisionAndStopsOnFailure (0.00s)\n"}
{"Time":"2026-09-11T16:34:59.47758359-07:00","Action":"pass","Package":"github.com/JDinSeattle/forge-runtime/internal/runtime","Test":"TestSequentialBatchUsesReceiptRevisionAndStopsOnFailure","Elapsed":0}
{"Time":"2026-09-11T16:34:59.477592737-07:00","Action":"run","Package":"github.com/JDinSeattle/forge-runtime/internal/runtime","Test":"TestUnknownEffectRecoveryNeverReplaysOperation"}
{"Time":"2026-09-11T16:34:59.477594904-07:00","Action":"output","Package":"github.com/JDinSeattle/forge-runtime/internal/runtime","Test":"TestUnknownEffectRecoveryNeverReplaysOperation","Output":"=== RUN   TestUnknownEffectRecoveryNeverReplaysOperation\n"}
{"Time":"2026-09-11T16:34:59.478120188-07:00","Action":"output","Package":"github.com/JDinSeattle/forge-runtime/internal/runtime","Test":"TestUnknownEffectRecoveryNeverReplaysOperation","Output":"--- PASS: TestUnknownEffectRecoveryNeverReplaysOperation (0.00s)\n"}
{"Time":"2026-09-11T16:34:59.478127803-07:00","Action":"pass","Package":"github.com/JDinSeattle/forge-runtime/internal/runtime","Test":"TestUnknownEffectRecoveryNeverReplaysOperation","Elapsed":0}
{"Time":"2026-09-11T16:34:59.47813487-07:00","Action":"run","Package":"github.com/JDinSeattle/forge-runtime/internal/runtime","Test":"TestAdoptionRequiresOldWriterStopEvidence"}
{"Time":"2026-09-11T16:34:59.478136867-07:00","Action":"output","Package":"github.com/JDinSeattle/forge-runtime/internal/runtime","Test":"TestAdoptionRequiresOldWriterStopEvidence","Output":"=== RUN   TestAdoptionRequiresOldWriterStopEvidence\n"}
{"Time":"2026-09-11T16:34:59.478453779-07:00","Action":"output","Package":"github.com/JDinSeattle/forge-runtime/internal/runtime","Test":"TestAdoptionRequiresOldWriterStopEvidence","Output":"--- PASS: TestAdoptionRequiresOldWriterStopEvidence (0.00s)\n"}
{"Time":"2026-09-11T16:34:59.478460981-07:00","Action":"pass","Package":"github.com/JDinSeattle/forge-runtime/internal/runtime","Test":"TestAdoptionRequiresOldWriterStopEvidence","Elapsed":0}
{"Time":"2026-09-11T16:34:59.478468233-07:00","Action":"run","Package":"github.com/JDinSeattle/forge-runtime/internal/runtime","Test":"TestCancellationRequiresSettledReceiptAndNeverLosesToCompletion"}
{"Time":"2026-09-11T16:34:59.478470386-07:00","Action":"output","Package":"github.com/JDinSeattle/forge-runtime/internal/runtime","Test":"TestCancellationRequiresSettledReceiptAndNeverLosesToCompletion","Output":"=== RUN   TestCancellationRequiresSettledReceiptAndNeverLosesToCompletion\n"}
{"Time":"2026-09-11T16:34:59.479324239-07:00","Action":"output","Package":"github.com/JDinSeattle/forge-runtime/internal/runtime","Test":"TestCancellationRequiresSettledReceiptAndNeverLosesToCompletion","Output":"--- PASS: TestCancellationRequiresSettledReceiptAndNeverLosesToCompletion (0.00s)\n"}
{"Time":"2026-09-11T16:34:59.479329455-07:00","Action":"pass","Package":"github.com/JDinSeattle/forge-runtime/internal/runtime","Test":"TestCancellationRequiresSettledReceiptAndNeverLosesToCompletion","Elapsed":0}
{"Time":"2026-09-11T16:34:59.479338784-07:00","Action":"run","Package":"github.com/JDinSeattle/forge-runtime/internal/runtime","Test":"TestCancelBeforeClaimStillRequiresExplicitAcknowledgment"}
{"Time":"2026-09-11T16:34:59.47934026-07:00","Action":"output","Package":"github.com/JDinSeattle/forge-runtime/internal/runtime","Test":"TestCancelBeforeClaimStillRequiresExplicitAcknowledgment","Output":"=== RUN   TestCancelBeforeClaimStillRequiresExplicitAcknowledgment\n"}
{"Time":"2026-09-11T16:34:59.479369874-07:00","Action":"output","Package":"github.com/JDinSeattle/forge-runtime/internal/runtime","Test":"TestCancelBeforeClaimStillRequiresExplicitAcknowledgment","Output":"--- PASS: TestCancelBeforeClaimStillRequiresExplicitAcknowledgment (0.00s)\n"}
{"Time":"2026-09-11T16:34:59.47937447-07:00","Action":"pass","Package":"github.com/JDinSeattle/forge-runtime/internal/runtime","Test":"TestCancelBeforeClaimStillRequiresExplicitAcknowledgment","Elapsed":0}
{"Time":"2026-09-11T16:34:59.479380961-07:00","Action":"run","Package":"github.com/JDinSeattle/forge-runtime/internal/runtime","Test":"TestApprovalBoundToAllOperationInputs"}
{"Time":"2026-09-11T16:34:59.479383036-07:00","Action":"output","Package":"github.com/JDinSeattle/forge-runtime/internal/runtime","Test":"TestApprovalBoundToAllOperationInputs","Output":"=== RUN   TestApprovalBoundToAllOperationInputs\n"}
{"Time":"2026-09-11T16:34:59.479463671-07:00","Action":"run","Package":"github.com/JDinSeattle/forge-runtime/internal/runtime","Test":"TestApprovalBoundToAllOperationInputs/arguments"}
{"Time":"2026-09-11T16:34:59.479467123-07:00","Action":"output","Package":"github.com/JDinSeattle/forge-runtime/internal/runtime","Test":"TestApprovalBoundToAllOperationInputs/arguments","Output":"=== RUN   TestApprovalBoundToAllOperationInputs/arguments\n"}
{"Time":"2026-09-11T16:34:59.479607023-07:00","Action":"output","Package":"github.com/JDinSeattle/forge-runtime/internal/runtime","Test":"TestApprovalBoundToAllOperationInputs/arguments","Output":"--- PASS: TestApprovalBoundToAllOperationInputs/arguments (0.00s)\n"}
{"Time":"2026-09-11T16:34:59.479613476-07:00","Action":"pass","Package":"github.com/JDinSeattle/forge-runtime/internal/runtime","Test":"TestApprovalBoundToAllOperationInputs/arguments","Elapsed":0}
{"Time":"2026-09-11T16:34:59.479620967-07:00","Action":"run","Package":"github.com/JDinSeattle/forge-runtime/internal/runtime","Test":"TestApprovalBoundToAllOperationInputs/revision"}
{"Time":"2026-09-11T16:34:59.479623106-07:00","Action":"output","Package":"github.com/JDinSeattle/forge-runtime/internal/runtime","Test":"TestApprovalBoundToAllOperationInputs/revision","Output":"=== RUN   TestApprovalBoundToAllOperationInputs/revision\n"}
{"Time":"2026-09-11T16:34:59.479767237-07:00","Action":"output","Package":"github.com/JDinSeattle/forge-runtime/internal/runtime","Test":"TestApprovalBoundToAllOperationInputs/revision","Output":"--- PASS: TestApprovalBoundToAllOperationInputs/revision (0.00s)\n"}
{"Time":"2026-09-11T16:34:59.479780781-07:00","Action":"pass","Package":"github.com/JDinSeattle/forge-runtime/internal/runtime","Test":"TestApprovalBoundToAllOperationInputs/revision","Elapsed":0}
{"Time":"2026-09-11T16:34:59.479783692-07:00","Action":"run","Package":"github.com/JDinSeattle/forge-runtime/internal/runtime","Test":"TestApprovalBoundToAllOperationInputs/policy"}
{"Time":"2026-09-11T16:34:59.479785195-07:00","Action":"output","Package":"github.com/JDinSeattle/forge-runtime/internal/runtime","Test":"TestApprovalBoundToAllOperationInputs/policy","Output":"=== RUN   TestApprovalBoundToAllOperationInputs/policy\n"}
{"Time":"2026-09-11T16:34:59.47991833-07:00","Action":"output","Package":"github.com/JDinSeattle/forge-runtime/internal/runtime","Test":"TestApprovalBoundToAllOperationInputs/policy","Output":"--- PASS: TestApprovalBoundToAllOperationInputs/policy (0.00s)\n"}
{"Time":"2026-09-11T16:34:59.479927798-07:00","Action":"pass","Package":"github.com/JDinSeattle/forge-runtime/internal/runtime","Test":"TestApprovalBoundToAllOperationInputs/policy","Elapsed":0}
{"Time":"2026-09-11T16:34:59.479941267-07:00","Action":"run","Package":"github.com/JDinSeattle/forge-runtime/internal/runtime","Test":"TestApprovalBoundToAllOperationInputs/version"}
{"Time":"2026-09-11T16:34:59.479943709-07:00","Action":"output","Package":"github.com/JDinSeattle/forge-runtime/internal/runtime","Test":"TestApprovalBoundToAllOperationInputs/version","Output":"=== RUN   TestApprovalBoundToAllOperationInputs/version\n"}
{"Time":"2026-09-11T16:34:59.480082477-07:00","Action":"output","Package":"github.com/JDinSeattle/forge-runtime/internal/runtime","Test":"TestApprovalBoundToAllOperationInputs/version","Output":"--- PASS: TestApprovalBoundToAllOperationInputs/version (0.00s)\n"}
{"Time":"2026-09-11T16:34:59.480088828-07:00","Action":"pass","Package":"github.com/JDinSeattle/forge-runtime/internal/runtime","Test":"TestApprovalBoundToAllOperationInputs/version","Elapsed":0}
{"Time":"2026-09-11T16:34:59.480103487-07:00","Action":"run","Package":"github.com/JDinSeattle/forge-runtime/internal/runtime","Test":"TestApprovalBoundToAllOperationInputs/already_granted"}
{"Time":"2026-09-11T16:34:59.480105298-07:00","Action":"output","Package":"github.com/JDinSeattle/forge-runtime/internal/runtime","Test":"TestApprovalBoundToAllOperationInputs/already_granted","Output":"=== RUN   TestApprovalBoundToAllOperationInputs/already_granted\n"}
{"Time":"2026-09-11T16:34:59.480238712-07:00","Action":"output","Package":"github.com/JDinSeattle/forge-runtime/internal/runtime","Test":"TestApprovalBoundToAllOperationInputs/already_granted","Output":"--- PASS: TestApprovalBoundToAllOperationInputs/already_granted (0.00s)\n"}
{"Time":"2026-09-11T16:34:59.480245522-07:00","Action":"pass","Package":"github.com/JDinSeattle/forge-runtime/internal/runtime","Test":"TestApprovalBoundToAllOperationInputs/already_granted","Elapsed":0}
{"Time":"2026-09-11T16:34:59.48025224-07:00","Action":"run","Package":"github.com/JDinSeattle/forge-runtime/internal/runtime","Test":"TestApprovalBoundToAllOperationInputs/operation"}
{"Time":"2026-09-11T16:34:59.480253711-07:00","Action":"output","Package":"github.com/JDinSeattle/forge-runtime/internal/runtime","Test":"TestApprovalBoundToAllOperationInputs/operation","Output":"=== RUN   TestApprovalBoundToAllOperationInputs/operation\n"}
{"Time":"2026-09-11T16:34:59.480382628-07:00","Action":"output","Package":"github.com/JDinSeattle/forge-runtime/internal/runtime","Test":"TestApprovalBoundToAllOperationInputs/operation","Output":"--- PASS: TestApprovalBoundToAllOperationInputs/operation (0.00s)\n"}
{"Time":"2026-09-11T16:34:59.480391155-07:00","Action":"pass","Package":"github.com/JDinSeattle/forge-runtime/internal/runtime","Test":"TestApprovalBoundToAllOperationInputs/operation","Elapsed":0}
{"Time":"2026-09-11T16:34:59.48051872-07:00","Action":"output","Package":"github.com/JDinSeattle/forge-runtime/internal/runtime","Test":"TestApprovalBoundToAllOperationInputs","Output":"--- PASS: TestApprovalBoundToAllOperationInputs (0.00s)\n"}
{"Time":"2026-09-11T16:34:59.480525859-07:00","Action":"pass","Package":"github.com/JDinSeattle/forge-runtime/internal/runtime","Test":"TestApprovalBoundToAllOperationInputs","Elapsed":0}
{"Time":"2026-09-11T16:34:59.480532486-07:00","Action":"run","Package":"github.com/JDinSeattle/forge-runtime/internal/runtime","Test":"TestVerificationDistinguishesTargetProofFromRegressionOnly"}
{"Time":"2026-09-11T16:34:59.480534211-07:00","Action":"output","Package":"github.com/JDinSeattle/forge-runtime/internal/runtime","Test":"TestVerificationDistinguishesTargetProofFromRegressionOnly","Output":"=== RUN   TestVerificationDistinguishesTargetProofFromRegressionOnly\n"}
{"Time":"2026-09-11T16:34:59.48056997-07:00","Action":"run","Package":"github.com/JDinSeattle/forge-runtime/internal/runtime","Test":"TestVerificationDistinguishesTargetProofFromRegressionOnly/target_and_regression"}
{"Time":"2026-09-11T16:34:59.480571913-07:00","Action":"output","Package":"github.com/JDinSeattle/forge-runtime/internal/runtime","Test":"TestVerificationDistinguishesTargetProofFromRegressionOnly/target_and_regression","Output":"=== RUN   TestVerificationDistinguishesTargetProofFromRegressionOnly/target_and_regression\n"}
{"Time":"2026-09-11T16:34:59.48075602-07:00","Action":"output","Package":"github.com/JDinSeattle/forge-runtime/internal/runtime","Test":"TestVerificationDistinguishesTargetProofFromRegressionOnly/target_and_regression","Output":"--- PASS: TestVerificationDistinguishesTargetProofFromRegressionOnly/target_and_regression (0.00s)\n"}
{"Time":"2026-09-11T16:34:59.480773092-07:00","Action":"pass","Package":"github.com/JDinSeattle/forge-runtime/internal/runtime","Test":"TestVerificationDistinguishesTargetProofFromRegressionOnly/target_and_regression","Elapsed":0}
{"Time":"2026-09-11T16:34:59.480785287-07:00","Action":"run","Package":"github.com/JDinSeattle/forge-runtime/internal/runtime","Test":"TestVerificationDistinguishesTargetProofFromRegressionOnly/regression_only"}
{"Time":"2026-09-11T16:34:59.480790527-07:00","Action":"output","Package":"github.com/JDinSeattle/forge-runtime/internal/runtime","Test":"TestVerificationDistinguishesTargetProofFromRegressionOnly/regression_only","Output":"=== RUN   TestVerificationDistinguishesTargetProofFromRegressionOnly/regression_only\n"}
{"Time":"2026-09-11T16:34:59.480925509-07:00","Action":"output","Package":"github.com/JDinSeattle/forge-runtime/internal/runtime","Test":"TestVerificationDistinguishesTargetProofFromRegressionOnly/regression_only","Output":"--- PASS: TestVerificationDistinguishesTargetProofFromRegressionOnly/regression_only (0.00s)\n"}
{"Time":"2026-09-11T16:34:59.480933918-07:00","Action":"pass","Package":"github.com/JDinSeattle/forge-runtime/internal/runtime","Test":"TestVerificationDistinguishesTargetProofFromRegressionOnly/regression_only","Elapsed":0}
{"Time":"2026-09-11T16:34:59.480950117-07:00","Action":"run","Package":"github.com/JDinSeattle/forge-runtime/internal/runtime","Test":"TestVerificationDistinguishesTargetProofFromRegressionOnly/target_without_baseline"}
{"Time":"2026-09-11T16:34:59.480954703-07:00","Action":"output","Package":"github.com/JDinSeattle/forge-runtime/internal/runtime","Test":"TestVerificationDistinguishesTargetProofFromRegressionOnly/target_without_baseline","Output":"=== RUN   TestVerificationDistinguishesTargetProofFromRegressionOnly/target_without_baseline\n"}
{"Time":"2026-09-11T16:34:59.481095641-07:00","Action":"output","Package":"github.com/JDinSeattle/forge-runtime/internal/runtime","Test":"TestVerificationDistinguishesTargetProofFromRegressionOnly/target_without_baseline","Output":"--- PASS: TestVerificationDistinguishesTargetProofFromRegressionOnly/target_without_baseline (0.00s)\n"}
{"Time":"2026-09-11T16:34:59.481105058-07:00","Action":"pass","Package":"github.com/JDinSeattle/forge-runtime/internal/runtime","Test":"TestVerificationDistinguishesTargetProofFromRegressionOnly/target_without_baseline","Elapsed":0}
{"Time":"2026-09-11T16:34:59.481121239-07:00","Action":"run","Package":"github.com/JDinSeattle/forge-runtime/internal/runtime","Test":"TestVerificationDistinguishesTargetProofFromRegressionOnly/target_still_broken"}
{"Time":"2026-09-11T16:34:59.481125844-07:00","Action":"output","Package":"github.com/JDinSeattle/forge-runtime/internal/runtime","Test":"TestVerificationDistinguishesTargetProofFromRegressionOnly/target_still_broken","Output":"=== RUN   TestVerificationDistinguishesTargetProofFromRegressionOnly/target_still_broken\n"}
{"Time":"2026-09-11T16:34:59.481167618-07:00","Action":"output","Package":"github.com/JDinSeattle/forge-runtime/internal/runtime","Test":"TestVerificationDistinguishesTargetProofFromRegressionOnly/target_still_broken","Output":"--- PASS: TestVerificationDistinguishesTargetProofFromRegressionOnly/target_still_broken (0.00s)\n"}
{"Time":"2026-09-11T16:34:59.481181575-07:00","Action":"pass","Package":"github.com/JDinSeattle/forge-runtime/internal/runtime","Test":"TestVerificationDistinguishesTargetProofFromRegressionOnly/target_still_broken","Elapsed":0}
{"Time":"2026-09-11T16:34:59.481197313-07:00","Action":"run","Package":"github.com/JDinSeattle/forge-runtime/internal/runtime","Test":"TestVerificationDistinguishesTargetProofFromRegressionOnly/regression_broken"}
{"Time":"2026-09-11T16:34:59.481201776-07:00","Action":"output","Package":"github.com/JDinSeattle/forge-runtime/internal/runtime","Test":"TestVerificationDistinguishesTargetProofFromRegressionOnly/regression_broken","Output":"=== RUN   TestVerificationDistinguishesTargetProofFromRegressionOnly/regression_broken\n"}
{"Time":"2026-09-11T16:34:59.481245085-07:00","Action":"output","Package":"github.com/JDinSeattle/forge-runtime/internal/runtime","Test":"TestVerificationDistinguishesTargetProofFromRegressionOnly/regression_broken","Output":"--- PASS: TestVerificationDistinguishesTargetProofFromRegressionOnly/regression_broken (0.00s)\n"}
{"Time":"2026-09-11T16:34:59.481254731-07:00","Action":"pass","Package":"github.com/JDinSeattle/forge-runtime/internal/runtime","Test":"TestVerificationDistinguishesTargetProofFromRegressionOnly/regression_broken","Elapsed":0}
{"Time":"2026-09-11T16:34:59.481272659-07:00","Action":"output","Package":"github.com/JDinSeattle/forge-runtime/internal/runtime","Test":"TestVerificationDistinguishesTargetProofFromRegressionOnly","Output":"--- PASS: TestVerificationDistinguishesTargetProofFromRegressionOnly (0.00s)\n"}
{"Time":"2026-09-11T16:34:59.481281895-07:00","Action":"pass","Package":"github.com/JDinSeattle/forge-runtime/internal/runtime","Test":"TestVerificationDistinguishesTargetProofFromRegressionOnly","Elapsed":0}
{"Time":"2026-09-11T16:34:59.481295596-07:00","Action":"run","Package":"github.com/JDinSeattle/forge-runtime/internal/runtime","Test":"TestModelCannotForgeVerificationOrUseOldRevision"}
{"Time":"2026-09-11T16:34:59.481299913-07:00","Action":"output","Package":"github.com/JDinSeattle/forge-runtime/internal/runtime","Test":"TestModelCannotForgeVerificationOrUseOldRevision","Output":"=== RUN   TestModelCannotForgeVerificationOrUseOldRevision\n"}
{"Time":"2026-09-11T16:34:59.481501305-07:00","Action":"output","Package":"github.com/JDinSeattle/forge-runtime/internal/runtime","Test":"TestModelCannotForgeVerificationOrUseOldRevision","Output":"--- PASS: TestModelCannotForgeVerificationOrUseOldRevision (0.00s)\n"}
{"Time":"2026-09-11T16:34:59.481510673-07:00","Action":"pass","Package":"github.com/JDinSeattle/forge-runtime/internal/runtime","Test":"TestModelCannotForgeVerificationOrUseOldRevision","Elapsed":0}
{"Time":"2026-09-11T16:34:59.481522863-07:00","Action":"run","Package":"github.com/JDinSeattle/forge-runtime/internal/runtime","Test":"TestBudgetStopsBeforeNewWorkAndWaitsForAcknowledgement"}
{"Time":"2026-09-11T16:34:59.481527001-07:00","Action":"output","Package":"github.com/JDinSeattle/forge-runtime/internal/runtime","Test":"TestBudgetStopsBeforeNewWorkAndWaitsForAcknowledgement","Output":"=== RUN   TestBudgetStopsBeforeNewWorkAndWaitsForAcknowledgement\n"}
{"Time":"2026-09-11T16:34:59.481577769-07:00","Action":"output","Package":"github.com/JDinSeattle/forge-runtime/internal/runtime","Test":"TestBudgetStopsBeforeNewWorkAndWaitsForAcknowledgement","Output":"--- PASS: TestBudgetStopsBeforeNewWorkAndWaitsForAcknowledgement (0.00s)\n"}
{"Time":"2026-09-11T16:34:59.481583757-07:00","Action":"pass","Package":"github.com/JDinSeattle/forge-runtime/internal/runtime","Test":"TestBudgetStopsBeforeNewWorkAndWaitsForAcknowledgement","Elapsed":0}
{"Time":"2026-09-11T16:34:59.481598719-07:00","Action":"run","Package":"github.com/JDinSeattle/forge-runtime/internal/runtime","Test":"TestReducerOutputsDoNotAliasPersistedInputOrEvent"}
{"Time":"2026-09-11T16:34:59.481603087-07:00","Action":"output","Package":"github.com/JDinSeattle/forge-runtime/internal/runtime","Test":"TestReducerOutputsDoNotAliasPersistedInputOrEvent","Output":"=== RUN   TestReducerOutputsDoNotAliasPersistedInputOrEvent\n"}
{"Time":"2026-09-11T16:34:59.482199117-07:00","Action":"output","Package":"github.com/JDinSeattle/forge-runtime/internal/runtime","Test":"TestReducerOutputsDoNotAliasPersistedInputOrEvent","Output":"--- PASS: TestReducerOutputsDoNotAliasPersistedInputOrEvent (0.00s)\n"}
{"Time":"2026-09-11T16:34:59.482207216-07:00","Action":"pass","Package":"github.com/JDinSeattle/forge-runtime/internal/runtime","Test":"TestReducerOutputsDoNotAliasPersistedInputOrEvent","Elapsed":0}
{"Time":"2026-09-11T16:34:59.482222642-07:00","Action":"run","Package":"github.com/JDinSeattle/forge-runtime/internal/runtime","Test":"TestMalformedSnapshotsFailClosedBeforeCommands"}
{"Time":"2026-09-11T16:34:59.482226871-07:00","Action":"output","Package":"github.com/JDinSeattle/forge-runtime/internal/runtime","Test":"TestMalformedSnapshotsFailClosedBeforeCommands","Output":"=== RUN   TestMalformedSnapshotsFailClosedBeforeCommands\n"}
{"Time":"2026-09-11T16:34:59.482252061-07:00","Action":"run","Package":"github.com/JDinSeattle/forge-runtime/internal/runtime","Test":"TestMalformedSnapshotsFailClosedBeforeCommands/nonterminal_stopped_stage"}
{"Time":"2026-09-11T16:34:59.482256782-07:00","Action":"output","Package":"github.com/JDinSeattle/forge-runtime/internal/runtime","Test":"TestMalformedSnapshotsFailClosedBeforeCommands/nonterminal_stopped_stage","Output":"=== RUN   TestMalformedSnapshotsFailClosedBeforeCommands/nonterminal_stopped_stage\n"}
{"Time":"2026-09-11T16:34:59.482385624-07:00","Action":"output","Package":"github.com/JDinSeattle/forge-runtime/internal/runtime","Test":"TestMalformedSnapshotsFailClosedBeforeCommands/nonterminal_stopped_stage","Output":"--- PASS: TestMalformedSnapshotsFailClosedBeforeCommands/nonterminal_stopped_stage (0.00s)\n"}
{"Time":"2026-09-11T16:34:59.482413523-07:00","Action":"pass","Package":"github.com/JDinSeattle/forge-runtime/internal/runtime","Test":"TestMalformedSnapshotsFailClosedBeforeCommands/nonterminal_stopped_stage","Elapsed":0}
{"Time":"2026-09-11T16:34:59.482419961-07:00","Action":"run","Package":"github.com/JDinSeattle/forge-runtime/internal/runtime","Test":"TestMalformedSnapshotsFailClosedBeforeCommands/running_without_authority"}
{"Time":"2026-09-11T16:34:59.482423228-07:00","Action":"output","Package":"github.com/JDinSeattle/forge-runtime/internal/runtime","Test":"TestMalformedSnapshotsFailClosedBeforeCommands/running_without_authority","Output":"=== RUN   TestMalformedSnapshotsFailClosedBeforeCommands/running_without_authority\n"}
{"Time":"2026-09-11T16:34:59.482547166-07:00","Action":"output","Package":"github.com/JDinSeattle/forge-runtime/internal/runtime","Test":"TestMalformedSnapshotsFailClosedBeforeCommands/running_without_authority","Output":"--- PASS: TestMalformedSnapshotsFailClosedBeforeCommands/running_without_authority (0.00s)\n"}
{"Time":"2026-09-11T16:34:59.482554008-07:00","Action":"pass","Package":"github.com/JDinSeattle/forge-runtime/internal/runtime","Test":"TestMalformedSnapshotsFailClosedBeforeCommands/running_without_authority","Elapsed":0}
{"Time":"2026-09-11T16:34:59.482568943-07:00","Action":"run","Package":"github.com/JDinSeattle/forge-runtime/internal/runtime","Test":"TestMalformedSnapshotsFailClosedBeforeCommands/reconciliation_at_executable_stage"}
{"Time":"2026-09-11T16:34:59.482573287-07:00","Action":"output","Package":"github.com/JDinSeattle/forge-runtime/internal/runtime","Test":"TestMalformedSnapshotsFailClosedBeforeCommands/reconciliation_at_executable_stage","Output":"=== RUN   TestMalformedSnapshotsFailClosedBeforeCommands/reconciliation_at_executable_stage\n"}
{"Time":"2026-09-11T16:34:59.482690016-07:00","Action":"output","Package":"github.com/JDinSeattle/forge-runtime/internal/runtime","Test":"TestMalformedSnapshotsFailClosedBeforeCommands/reconciliation_at_executable_stage","Output":"--- PASS: TestMalformedSnapshotsFailClosedBeforeCommands/reconciliation_at_executable_stage (0.00s)\n"}
{"Time":"2026-09-11T16:34:59.482696066-07:00","Action":"pass","Package":"github.com/JDinSeattle/forge-runtime/internal/runtime","Test":"TestMalformedSnapshotsFailClosedBeforeCommands/reconciliation_at_executable_stage","Elapsed":0}
{"Time":"2026-09-11T16:34:59.482712169-07:00","Action":"run","Package":"github.com/JDinSeattle/forge-runtime/internal/runtime","Test":"TestMalformedSnapshotsFailClosedBeforeCommands/approval_without_effect"}
{"Time":"2026-09-11T16:34:59.482716681-07:00","Action":"output","Package":"github.com/JDinSeattle/forge-runtime/internal/runtime","Test":"TestMalformedSnapshotsFailClosedBeforeCommands/approval_without_effect","Output":"=== RUN   TestMalformedSnapshotsFailClosedBeforeCommands/approval_without_effect\n"}
{"Time":"2026-09-11T16:34:59.48283814-07:00","Action":"output","Package":"github.com/JDinSeattle/forge-runtime/internal/runtime","Test":"TestMalformedSnapshotsFailClosedBeforeCommands/approval_without_effect","Output":"--- PASS: TestMalformedSnapshotsFailClosedBeforeCommands/approval_without_effect (0.00s)\n"}
{"Time":"2026-09-11T16:34:59.482849221-07:00","Action":"pass","Package":"github.com/JDinSeattle/forge-runtime/internal/runtime","Test":"TestMalformedSnapshotsFailClosedBeforeCommands/approval_without_effect","Elapsed":0}
{"Time":"2026-09-11T16:34:59.482863246-07:00","Action":"run","Package":"github.com/JDinSeattle/forge-runtime/internal/runtime","Test":"TestMalformedSnapshotsFailClosedBeforeCommands/unknown_snapshot_schema"}
{"Time":"2026-09-11T16:34:59.482867497-07:00","Action":"output","Package":"github.com/JDinSeattle/forge-runtime/internal/runtime","Test":"TestMalformedSnapshotsFailClosedBeforeCommands/unknown_snapshot_schema","Output":"=== RUN   TestMalformedSnapshotsFailClosedBeforeCommands/unknown_snapshot_schema\n"}
{"Time":"2026-09-11T16:34:59.482981259-07:00","Action":"output","Package":"github.com/JDinSeattle/forge-runtime/internal/runtime","Test":"TestMalformedSnapshotsFailClosedBeforeCommands/unknown_snapshot_schema","Output":"--- PASS: TestMalformedSnapshotsFailClosedBeforeCommands/unknown_snapshot_schema (0.00s)\n"}
{"Time":"2026-09-11T16:34:59.482988491-07:00","Action":"pass","Package":"github.com/JDinSeattle/forge-runtime/internal/runtime","Test":"TestMalformedSnapshotsFailClosedBeforeCommands/unknown_snapshot_schema","Elapsed":0}
{"Time":"2026-09-11T16:34:59.483004759-07:00","Action":"run","Package":"github.com/JDinSeattle/forge-runtime/internal/runtime","Test":"TestMalformedSnapshotsFailClosedBeforeCommands/nonterminal_stop_target"}
{"Time":"2026-09-11T16:34:59.483009149-07:00","Action":"output","Package":"github.com/JDinSeattle/forge-runtime/internal/runtime","Test":"TestMalformedSnapshotsFailClosedBeforeCommands/nonterminal_stop_target","Output":"=== RUN   TestMalformedSnapshotsFailClosedBeforeCommands/nonterminal_stop_target\n"}
{"Time":"2026-09-11T16:34:59.483126289-07:00","Action":"output","Package":"github.com/JDinSeattle/forge-runtime/internal/runtime","Test":"TestMalformedSnapshotsFailClosedBeforeCommands/nonterminal_stop_target","Output":"--- PASS: TestMalformedSnapshotsFailClosedBeforeCommands/nonterminal_stop_target (0.00s)\n"}
{"Time":"2026-09-11T16:34:59.483133312-07:00","Action":"pass","Package":"github.com/JDinSeattle/forge-runtime/internal/runtime","Test":"TestMalformedSnapshotsFailClosedBeforeCommands/nonterminal_stop_target","Elapsed":0}
{"Time":"2026-09-11T16:34:59.483425023-07:00","Action":"output","Package":"github.com/JDinSeattle/forge-runtime/internal/runtime","Test":"TestMalformedSnapshotsFailClosedBeforeCommands","Output":"--- PASS: TestMalformedSnapshotsFailClosedBeforeCommands (0.00s)\n"}
{"Time":"2026-09-11T16:34:59.483436734-07:00","Action":"pass","Package":"github.com/JDinSeattle/forge-runtime/internal/runtime","Test":"TestMalformedSnapshotsFailClosedBeforeCommands","Elapsed":0}
{"Time":"2026-09-11T16:34:59.483465011-07:00","Action":"run","Package":"github.com/JDinSeattle/forge-runtime/internal/runtime","Test":"FuzzTerminalIsMonotonic"}
{"Time":"2026-09-11T16:34:59.483470262-07:00","Action":"output","Package":"github.com/JDinSeattle/forge-runtime/internal/runtime","Test":"FuzzTerminalIsMonotonic","Output":"=== RUN   FuzzTerminalIsMonotonic\n"}
{"Time":"2026-09-11T16:34:59.483533919-07:00","Action":"run","Package":"github.com/JDinSeattle/forge-runtime/internal/runtime","Test":"FuzzTerminalIsMonotonic/seed#0"}
{"Time":"2026-09-11T16:34:59.483538504-07:00","Action":"output","Package":"github.com/JDinSeattle/forge-runtime/internal/runtime","Test":"FuzzTerminalIsMonotonic/seed#0","Output":"=== RUN   FuzzTerminalIsMonotonic/seed#0\n"}
{"Time":"2026-09-11T16:34:59.483668347-07:00","Action":"output","Package":"github.com/JDinSeattle/forge-runtime/internal/runtime","Test":"FuzzTerminalIsMonotonic/seed#0","Output":"--- PASS: FuzzTerminalIsMonotonic/seed#0 (0.00s)\n"}
{"Time":"2026-09-11T16:34:59.483681258-07:00","Action":"pass","Package":"github.com/JDinSeattle/forge-runtime/internal/runtime","Test":"FuzzTerminalIsMonotonic/seed#0","Elapsed":0}
{"Time":"2026-09-11T16:34:59.483696987-07:00","Action":"run","Package":"github.com/JDinSeattle/forge-runtime/internal/runtime","Test":"FuzzTerminalIsMonotonic/seed#1"}
{"Time":"2026-09-11T16:34:59.48370548-07:00","Action":"output","Package":"github.com/JDinSeattle/forge-runtime/internal/runtime","Test":"FuzzTerminalIsMonotonic/seed#1","Output":"=== RUN   FuzzTerminalIsMonotonic/seed#1\n"}
{"Time":"2026-09-11T16:34:59.483807607-07:00","Action":"output","Package":"github.com/JDinSeattle/forge-runtime/internal/runtime","Test":"FuzzTerminalIsMonotonic/seed#1","Output":"--- PASS: FuzzTerminalIsMonotonic/seed#1 (0.00s)\n"}
{"Time":"2026-09-11T16:34:59.483813407-07:00","Action":"pass","Package":"github.com/JDinSeattle/forge-runtime/internal/runtime","Test":"FuzzTerminalIsMonotonic/seed#1","Elapsed":0}
{"Time":"2026-09-11T16:34:59.483834816-07:00","Action":"output","Package":"github.com/JDinSeattle/forge-runtime/internal/runtime","Test":"FuzzTerminalIsMonotonic","Output":"--- PASS: FuzzTerminalIsMonotonic (0.00s)\n"}
{"Time":"2026-09-11T16:34:59.483841728-07:00","Action":"pass","Package":"github.com/JDinSeattle/forge-runtime/internal/runtime","Test":"FuzzTerminalIsMonotonic","Elapsed":0}
{"Time":"2026-09-11T16:34:59.483854273-07:00","Action":"run","Package":"github.com/JDinSeattle/forge-runtime/internal/runtime","Test":"FuzzMalformedSnapshotCannotPanic"}
{"Time":"2026-09-11T16:34:59.48385817-07:00","Action":"output","Package":"github.com/JDinSeattle/forge-runtime/internal/runtime","Test":"FuzzMalformedSnapshotCannotPanic","Output":"=== RUN   FuzzMalformedSnapshotCannotPanic\n"}
{"Time":"2026-09-11T16:34:59.483968506-07:00","Action":"run","Package":"github.com/JDinSeattle/forge-runtime/internal/runtime","Test":"FuzzMalformedSnapshotCannotPanic/seed#0"}
{"Time":"2026-09-11T16:34:59.483973152-07:00","Action":"output","Package":"github.com/JDinSeattle/forge-runtime/internal/runtime","Test":"FuzzMalformedSnapshotCannotPanic/seed#0","Output":"=== RUN   FuzzMalformedSnapshotCannotPanic/seed#0\n"}
{"Time":"2026-09-11T16:34:59.484129886-07:00","Action":"output","Package":"github.com/JDinSeattle/forge-runtime/internal/runtime","Test":"FuzzMalformedSnapshotCannotPanic/seed#0","Output":"--- PASS: FuzzMalformedSnapshotCannotPanic/seed#0 (0.00s)\n"}
{"Time":"2026-09-11T16:34:59.484137111-07:00","Action":"pass","Package":"github.com/JDinSeattle/forge-runtime/internal/runtime","Test":"FuzzMalformedSnapshotCannotPanic/seed#0","Elapsed":0}
{"Time":"2026-09-11T16:34:59.484160663-07:00","Action":"run","Package":"github.com/JDinSeattle/forge-runtime/internal/runtime","Test":"FuzzMalformedSnapshotCannotPanic/seed#1"}
{"Time":"2026-09-11T16:34:59.484164887-07:00","Action":"output","Package":"github.com/JDinSeattle/forge-runtime/internal/runtime","Test":"FuzzMalformedSnapshotCannotPanic/seed#1","Output":"=== RUN   FuzzMalformedSnapshotCannotPanic/seed#1\n"}
{"Time":"2026-09-11T16:34:59.484239441-07:00","Action":"output","Package":"github.com/JDinSeattle/forge-runtime/internal/runtime","Test":"FuzzMalformedSnapshotCannotPanic/seed#1","Output":"--- PASS: FuzzMalformedSnapshotCannotPanic/seed#1 (0.00s)\n"}
{"Time":"2026-09-11T16:34:59.484245128-07:00","Action":"pass","Package":"github.com/JDinSeattle/forge-runtime/internal/runtime","Test":"FuzzMalformedSnapshotCannotPanic/seed#1","Elapsed":0}
{"Time":"2026-09-11T16:34:59.484268381-07:00","Action":"run","Package":"github.com/JDinSeattle/forge-runtime/internal/runtime","Test":"FuzzMalformedSnapshotCannotPanic/seed#2"}
{"Time":"2026-09-11T16:34:59.484273049-07:00","Action":"output","Package":"github.com/JDinSeattle/forge-runtime/internal/runtime","Test":"FuzzMalformedSnapshotCannotPanic/seed#2","Output":"=== RUN   FuzzMalformedSnapshotCannotPanic/seed#2\n"}
{"Time":"2026-09-11T16:34:59.484419475-07:00","Action":"output","Package":"github.com/JDinSeattle/forge-runtime/internal/runtime","Test":"FuzzMalformedSnapshotCannotPanic/seed#2","Output":"--- PASS: FuzzMalformedSnapshotCannotPanic/seed#2 (0.00s)\n"}
{"Time":"2026-09-11T16:34:59.484427371-07:00","Action":"pass","Package":"github.com/JDinSeattle/forge-runtime/internal/runtime","Test":"FuzzMalformedSnapshotCannotPanic/seed#2","Elapsed":0}
{"Time":"2026-09-11T16:34:59.484450579-07:00","Action":"output","Package":"github.com/JDinSeattle/forge-runtime/internal/runtime","Test":"FuzzMalformedSnapshotCannotPanic","Output":"--- PASS: FuzzMalformedSnapshotCannotPanic (0.00s)\n"}
{"Time":"2026-09-11T16:34:59.484460836-07:00","Action":"pass","Package":"github.com/JDinSeattle/forge-runtime/internal/runtime","Test":"FuzzMalformedSnapshotCannotPanic","Elapsed":0}
{"Time":"2026-09-11T16:34:59.484466348-07:00","Action":"output","Package":"github.com/JDinSeattle/forge-runtime/internal/runtime","Output":"PASS\n"}
{"Time":"2026-09-11T16:34:59.50510952-07:00","Action":"output","Package":"github.com/JDinSeattle/forge-runtime/internal/persistence","Test":"TestSnapshotHeaderSQLUnicodeFoldRemainsComplete","Output":"--- PASS: TestSnapshotHeaderSQLUnicodeFoldRemainsComplete (0.55s)\n"}
{"Time":"2026-09-11T16:34:59.505134868-07:00","Action":"pass","Package":"github.com/JDinSeattle/forge-runtime/internal/persistence","Test":"TestSnapshotHeaderSQLUnicodeFoldRemainsComplete","Elapsed":0.55}
{"Time":"2026-09-11T16:34:59.505139939-07:00","Action":"run","Package":"github.com/JDinSeattle/forge-runtime/internal/persistence","Test":"TestSnapshotHeaderRejectsAmbiguousMembers"}
{"Time":"2026-09-11T16:34:59.505141656-07:00","Action":"output","Package":"github.com/JDinSeattle/forge-runtime/internal/persistence","Test":"TestSnapshotHeaderRejectsAmbiguousMembers","Output":"=== RUN   TestSnapshotHeaderRejectsAmbiguousMembers\n"}
{"Time":"2026-09-11T16:34:59.505225479-07:00","Action":"output","Package":"github.com/JDinSeattle/forge-runtime/internal/persistence","Test":"TestSnapshotHeaderRejectsAmbiguousMembers","Output":"--- PASS: TestSnapshotHeaderRejectsAmbiguousMembers (0.00s)\n"}
{"Time":"2026-09-11T16:34:59.505229537-07:00","Action":"pass","Package":"github.com/JDinSeattle/forge-runtime/internal/persistence","Test":"TestSnapshotHeaderRejectsAmbiguousMembers","Elapsed":0}
{"Time":"2026-09-11T16:34:59.505240936-07:00","Action":"run","Package":"github.com/JDinSeattle/forge-runtime/internal/persistence","Test":"TestConcurrentSubmitAndCursor"}
{"Time":"2026-09-11T16:34:59.505243233-07:00","Action":"output","Package":"github.com/JDinSeattle/forge-runtime/internal/persistence","Test":"TestConcurrentSubmitAndCursor","Output":"=== RUN   TestConcurrentSubmitAndCursor\n"}
{"Time":"2026-09-11T16:34:59.746184246-07:00","Action":"output","Package":"github.com/JDinSeattle/forge-runtime/internal/application","Test":"TestPrepareCapacityRequeuesAtomically","Output":"    capacity_integration_test.go:172: capacity_requeue snapshot={\"kind\":\"capacity_rejected\",\"expected_version\":4,\"owner\":\"retry-worker\",\"epoch\":2,\"at\":\"2026-09-11T16:34:59.735177-07:00\",\"not_before\":\"2026-09-11T16:35:00.735177-07:00\"} allocation_state=released runner=runner workspace=run_LOGBQQ3P6RTU44HRCEJK2L25VI\n"}
{"Time":"2026-09-11T16:34:59.79358704-07:00","Action":"output","Package":"github.com/JDinSeattle/forge-runtime/internal/runnerclient","Test":"TestRemoteRequiresVerifiedMutualIdentity","Output":"--- PASS: TestRemoteRequiresVerifiedMutualIdentity (0.65s)\n"}
{"Time":"2026-09-11T16:34:59.793612445-07:00","Action":"pass","Package":"github.com/JDinSeattle/forge-runtime/internal/runnerclient","Test":"TestRemoteRequiresVerifiedMutualIdentity","Elapsed":0.65}
{"Time":"2026-09-11T16:34:59.793618193-07:00","Action":"run","Package":"github.com/JDinSeattle/forge-runtime/internal/runnerclient","Test":"TestOversizedResultUsesDurableReceiptReference"}
{"Time":"2026-09-11T16:34:59.793620286-07:00","Action":"output","Package":"github.com/JDinSeattle/forge-runtime/internal/runnerclient","Test":"TestOversizedResultUsesDurableReceiptReference","Output":"=== RUN   TestOversizedResultUsesDurableReceiptReference\n"}
{"Time":"2026-09-11T16:34:59.797536994-07:00","Action":"output","Package":"github.com/JDinSeattle/forge-runtime/internal/runnerclient","Test":"TestOversizedResultUsesDurableReceiptReference","Output":"--- PASS: TestOversizedResultUsesDurableReceiptReference (0.00s)\n"}
{"Time":"2026-09-11T16:34:59.797554264-07:00","Action":"pass","Package":"github.com/JDinSeattle/forge-runtime/internal/runnerclient","Test":"TestOversizedResultUsesDurableReceiptReference","Elapsed":0}
{"Time":"2026-09-11T16:34:59.797567483-07:00","Action":"output","Package":"github.com/JDinSeattle/forge-runtime/internal/runnerclient","Output":"PASS\n"}
{"Time":"2026-09-11T16:34:59.900770843-07:00","Action":"output","Package":"github.com/JDinSeattle/forge-runtime/internal/persistence","Test":"TestConcurrentSubmitAndCursor","Output":"--- PASS: TestConcurrentSubmitAndCursor (0.40s)\n"}
{"Time":"2026-09-11T16:34:59.900800491-07:00","Action":"pass","Package":"github.com/JDinSeattle/forge-runtime/internal/persistence","Test":"TestConcurrentSubmitAndCursor","Elapsed":0.4}
{"Time":"2026-09-11T16:34:59.900806404-07:00","Action":"run","Package":"github.com/JDinSeattle/forge-runtime/internal/persistence","Test":"TestClaimFencingAndCapacity"}
{"Time":"2026-09-11T16:34:59.900808719-07:00","Action":"output","Package":"github.com/JDinSeattle/forge-runtime/internal/persistence","Test":"TestClaimFencingAndCapacity","Output":"=== RUN   TestClaimFencingAndCapacity\n"}
{"Time":"2026-09-11T16:34:59.946942894-07:00","Action":"output","Package":"github.com/JDinSeattle/forge-runtime/internal/domain","Output":"ok  \tgithub.com/JDinSeattle/forge-runtime/internal/domain\t1.014s\n"}
{"Time":"2026-09-11T16:34:59.947060406-07:00","Action":"pass","Package":"github.com/JDinSeattle/forge-runtime/internal/domain","Elapsed":1.014}
{"Time":"2026-09-11T16:34:59.973351104-07:00","Action":"output","Package":"github.com/JDinSeattle/forge-runtime/internal/localsetup","Output":"ok  \tgithub.com/JDinSeattle/forge-runtime/internal/localsetup\t1.040s\n"}
{"Time":"2026-09-11T16:34:59.973385733-07:00","Action":"pass","Package":"github.com/JDinSeattle/forge-runtime/internal/localsetup","Elapsed":1.04}
{"Time":"2026-09-11T16:34:59.976114528-07:00","Action":"output","Package":"github.com/JDinSeattle/forge-runtime/internal/configuration","Output":"ok  \tgithub.com/JDinSeattle/forge-runtime/internal/configuration\t1.043s\n"}
{"Time":"2026-09-11T16:34:59.97613213-07:00","Action":"pass","Package":"github.com/JDinSeattle/forge-runtime/internal/configuration","Elapsed":1.043}
{"Time":"2026-09-11T16:34:59.978587516-07:00","Action":"output","Package":"github.com/JDinSeattle/forge-runtime/internal/runner","Test":"TestAppliedPatchReceiptWindowRecoversWithoutReplay","Output":"--- PASS: TestAppliedPatchReceiptWindowRecoversWithoutReplay (0.58s)\n"}
{"Time":"2026-09-11T16:34:59.97860753-07:00","Action":"pass","Package":"github.com/JDinSeattle/forge-runtime/internal/runner","Test":"TestAppliedPatchReceiptWindowRecoversWithoutReplay","Elapsed":0.58}
{"Time":"2026-09-11T16:34:59.978611232-07:00","Action":"run","Package":"github.com/JDinSeattle/forge-runtime/internal/runner","Test":"TestPartialMultiFilePatchRemainsUnknownAndBlocksAdoption"}
{"Time":"2026-09-11T16:34:59.978613408-07:00","Action":"output","Package":"github.com/JDinSeattle/forge-runtime/internal/runner","Test":"TestPartialMultiFilePatchRemainsUnknownAndBlocksAdoption","Output":"=== RUN   TestPartialMultiFilePatchRemainsUnknownAndBlocksAdoption\n"}
{"Time":"2026-09-11T16:34:59.978911064-07:00","Action":"output","Package":"github.com/JDinSeattle/forge-runtime/internal/sandbox","Output":"ok  \tgithub.com/JDinSeattle/forge-runtime/internal/sandbox\t1.044s\n"}
{"Time":"2026-09-11T16:34:59.978929507-07:00","Action":"pass","Package":"github.com/JDinSeattle/forge-runtime/internal/sandbox","Elapsed":1.044}
{"Time":"2026-09-11T16:34:59.985896339-07:00","Action":"output","Package":"github.com/JDinSeattle/forge-runtime/scripts/faults/application","Output":"ok  \tgithub.com/JDinSeattle/forge-runtime/scripts/faults/application\t1.050s\n"}
{"Time":"2026-09-11T16:34:59.985920812-07:00","Action":"pass","Package":"github.com/JDinSeattle/forge-runtime/scripts/faults/application","Elapsed":1.051}
{"Time":"2026-09-11T16:34:59.999080584-07:00","Action":"output","Package":"github.com/JDinSeattle/forge-runtime/internal/artifact","Output":"ok  \tgithub.com/JDinSeattle/forge-runtime/internal/artifact\t1.746s\n"}
{"Time":"2026-09-11T16:34:59.999113606-07:00","Action":"pass","Package":"github.com/JDinSeattle/forge-runtime/internal/artifact","Elapsed":1.746}
{"Time":"2026-09-11T16:35:00.000042634-07:00","Action":"output","Package":"github.com/JDinSeattle/forge-runtime/internal/quota","Test":"TestGlobalAdmissionAndIdempotencyAcrossStoreInstances","Output":"--- PASS: TestGlobalAdmissionAndIdempotencyAcrossStoreInstances (0.67s)\n"}
{"Time":"2026-09-11T16:35:00.000061208-07:00","Action":"pass","Package":"github.com/JDinSeattle/forge-runtime/internal/quota","Test":"TestGlobalAdmissionAndIdempotencyAcrossStoreInstances","Elapsed":0.67}
{"Time":"2026-09-11T16:35:00.000076231-07:00","Action":"run","Package":"github.com/JDinSeattle/forge-runtime/internal/quota","Test":"TestSettlementExactlyOnceAndActualOverage"}
{"Time":"2026-09-11T16:35:00.00008325-07:00","Action":"output","Package":"github.com/JDinSeattle/forge-runtime/internal/quota","Test":"TestSettlementExactlyOnceAndActualOverage","Output":"=== RUN   TestSettlementExactlyOnceAndActualOverage\n"}
{"Time":"2026-09-11T16:35:00.0048839-07:00","Action":"output","Package":"github.com/JDinSeattle/forge-runtime/internal/provider","Output":"ok  \tgithub.com/JDinSeattle/forge-runtime/internal/provider\t1.070s\n"}
{"Time":"2026-09-11T16:35:00.004906052-07:00","Action":"pass","Package":"github.com/JDinSeattle/forge-runtime/internal/provider","Elapsed":1.07}
{"Time":"2026-09-11T16:35:00.017232409-07:00","Action":"output","Package":"github.com/JDinSeattle/forge-runtime/internal/eventstream","Output":"ok  \tgithub.com/JDinSeattle/forge-runtime/internal/eventstream\t1.084s\n"}
{"Time":"2026-09-11T16:35:00.017262063-07:00","Action":"pass","Package":"github.com/JDinSeattle/forge-runtime/internal/eventstream","Elapsed":1.084}
{"Time":"2026-09-11T16:35:00.044525088-07:00","Action":"output","Package":"github.com/JDinSeattle/forge-runtime/tests/client","Output":"ok  \tgithub.com/JDinSeattle/forge-runtime/tests/client\t1.109s\n"}
{"Time":"2026-09-11T16:35:00.044550648-07:00","Action":"pass","Package":"github.com/JDinSeattle/forge-runtime/tests/client","Elapsed":1.109}
{"Time":"2026-09-11T16:35:00.057173579-07:00","Action":"output","Package":"github.com/JDinSeattle/forge-runtime/internal/telemetry","Test":"TestCollectorBackpressureKeepsObservationsBounded","Output":"--- PASS: TestCollectorBackpressureKeepsObservationsBounded (1.08s)\n"}
{"Time":"2026-09-11T16:35:00.057227294-07:00","Action":"pass","Package":"github.com/JDinSeattle/forge-runtime/internal/telemetry","Test":"TestCollectorBackpressureKeepsObservationsBounded","Elapsed":1.08}
{"Time":"2026-09-11T16:35:00.057243403-07:00","Action":"run","Package":"github.com/JDinSeattle/forge-runtime/internal/telemetry","Test":"TestBoundedPhaseLifecycleAndActualLinks"}
{"Time":"2026-09-11T16:35:00.05725025-07:00","Action":"output","Package":"github.com/JDinSeattle/forge-runtime/internal/telemetry","Test":"TestBoundedPhaseLifecycleAndActualLinks","Output":"=== RUN   TestBoundedPhaseLifecycleAndActualLinks\n"}
{"Time":"2026-09-11T16:35:00.0624736-07:00","Action":"output","Package":"github.com/JDinSeattle/forge-runtime/internal/telemetry","Test":"TestBoundedPhaseLifecycleAndActualLinks","Output":"--- PASS: TestBoundedPhaseLifecycleAndActualLinks (0.01s)\n"}
{"Time":"2026-09-11T16:35:00.06251242-07:00","Action":"pass","Package":"github.com/JDinSeattle/forge-runtime/internal/telemetry","Test":"TestBoundedPhaseLifecycleAndActualLinks","Elapsed":0.01}
{"Time":"2026-09-11T16:35:00.062522792-07:00","Action":"run","Package":"github.com/JDinSeattle/forge-runtime/internal/telemetry","Test":"TestPinnedGenAIUsageKnownAndUnknown"}
{"Time":"2026-09-11T16:35:00.062528549-07:00","Action":"output","Package":"github.com/JDinSeattle/forge-runtime/internal/telemetry","Test":"TestPinnedGenAIUsageKnownAndUnknown","Output":"=== RUN   TestPinnedGenAIUsageKnownAndUnknown\n"}
{"Time":"2026-09-11T16:35:00.062943687-07:00","Action":"output","Package":"github.com/JDinSeattle/forge-runtime/internal/dependency","Output":"ok  \tgithub.com/JDinSeattle/forge-runtime/internal/dependency\t1.130s\n"}
{"Time":"2026-09-11T16:35:00.06297671-07:00","Action":"pass","Package":"github.com/JDinSeattle/forge-runtime/internal/dependency","Elapsed":1.13}
{"Time":"2026-09-11T16:35:00.064482901-07:00","Action":"output","Package":"github.com/JDinSeattle/forge-runtime/internal/telemetry","Test":"TestPinnedGenAIUsageKnownAndUnknown","Output":"--- PASS: TestPinnedGenAIUsageKnownAndUnknown (0.00s)\n"}
{"Time":"2026-09-11T16:35:00.064507909-07:00","Action":"pass","Package":"github.com/JDinSeattle/forge-runtime/internal/telemetry","Test":"TestPinnedGenAIUsageKnownAndUnknown","Elapsed":0}
{"Time":"2026-09-11T16:35:00.064522841-07:00","Action":"run","Package":"github.com/JDinSeattle/forge-runtime/internal/telemetry","Test":"TestQueueTraceContinuityAndSSEWriter"}
{"Time":"2026-09-11T16:35:00.064529952-07:00","Action":"output","Package":"github.com/JDinSeattle/forge-runtime/internal/telemetry","Test":"TestQueueTraceContinuityAndSSEWriter","Output":"=== RUN   TestQueueTraceContinuityAndSSEWriter\n"}
{"Time":"2026-09-11T16:35:00.070142253-07:00","Action":"output","Package":"github.com/JDinSeattle/forge-runtime/internal/telemetry","Test":"TestQueueTraceContinuityAndSSEWriter","Output":"--- PASS: TestQueueTraceContinuityAndSSEWriter (0.01s)\n"}
{"Time":"2026-09-11T16:35:00.070159474-07:00","Action":"pass","Package":"github.com/JDinSeattle/forge-runtime/internal/telemetry","Test":"TestQueueTraceContinuityAndSSEWriter","Elapsed":0.01}
{"Time":"2026-09-11T16:35:00.070164363-07:00","Action":"run","Package":"github.com/JDinSeattle/forge-runtime/internal/telemetry","Test":"TestUntrustedDimensionsCollapseAndEndIsConcurrentSafe"}
{"Time":"2026-09-11T16:35:00.07016598-07:00","Action":"output","Package":"github.com/JDinSeattle/forge-runtime/internal/telemetry","Test":"TestUntrustedDimensionsCollapseAndEndIsConcurrentSafe","Output":"=== RUN   TestUntrustedDimensionsCollapseAndEndIsConcurrentSafe\n"}
{"Time":"2026-09-11T16:35:00.072627455-07:00","Action":"output","Package":"github.com/JDinSeattle/forge-runtime/internal/telemetry","Test":"TestUntrustedDimensionsCollapseAndEndIsConcurrentSafe","Output":"--- PASS: TestUntrustedDimensionsCollapseAndEndIsConcurrentSafe (0.00s)\n"}
{"Time":"2026-09-11T16:35:00.072648525-07:00","Action":"pass","Package":"github.com/JDinSeattle/forge-runtime/internal/telemetry","Test":"TestUntrustedDimensionsCollapseAndEndIsConcurrentSafe","Elapsed":0}
{"Time":"2026-09-11T16:35:00.072653766-07:00","Action":"run","Package":"github.com/JDinSeattle/forge-runtime/internal/telemetry","Test":"TestUnmatchedPathsNeverBecomeLabels"}
{"Time":"2026-09-11T16:35:00.072657236-07:00","Action":"output","Package":"github.com/JDinSeattle/forge-runtime/internal/telemetry","Test":"TestUnmatchedPathsNeverBecomeLabels","Output":"=== RUN   TestUnmatchedPathsNeverBecomeLabels\n"}
{"Time":"2026-09-11T16:35:00.102730606-07:00","Action":"output","Package":"github.com/JDinSeattle/forge-runtime/internal/telemetry","Test":"TestUnmatchedPathsNeverBecomeLabels","Output":"--- PASS: TestUnmatchedPathsNeverBecomeLabels (0.03s)\n"}
{"Time":"2026-09-11T16:35:00.102772891-07:00","Action":"pass","Package":"github.com/JDinSeattle/forge-runtime/internal/telemetry","Test":"TestUnmatchedPathsNeverBecomeLabels","Elapsed":0.03}
{"Time":"2026-09-11T16:35:00.102796677-07:00","Action":"run","Package":"github.com/JDinSeattle/forge-runtime/internal/telemetry","Test":"TestPanicEndsSpanWithoutRecordingPayload"}
{"Time":"2026-09-11T16:35:00.102799018-07:00","Action":"output","Package":"github.com/JDinSeattle/forge-runtime/internal/telemetry","Test":"TestPanicEndsSpanWithoutRecordingPayload","Output":"=== RUN   TestPanicEndsSpanWithoutRecordingPayload\n"}
{"Time":"2026-09-11T16:35:00.104343-07:00","Action":"output","Package":"github.com/JDinSeattle/forge-runtime/internal/telemetry","Test":"TestPanicEndsSpanWithoutRecordingPayload","Output":"--- PASS: TestPanicEndsSpanWithoutRecordingPayload (0.00s)\n"}
{"Time":"2026-09-11T16:35:00.104357515-07:00","Action":"pass","Package":"github.com/JDinSeattle/forge-runtime/internal/telemetry","Test":"TestPanicEndsSpanWithoutRecordingPayload","Elapsed":0}
{"Time":"2026-09-11T16:35:00.104365953-07:00","Action":"run","Package":"github.com/JDinSeattle/forge-runtime/internal/telemetry","Test":"TestSetupIsolationAndInvalidTraceparent"}
{"Time":"2026-09-11T16:35:00.104376151-07:00","Action":"output","Package":"github.com/JDinSeattle/forge-runtime/internal/telemetry","Test":"TestSetupIsolationAndInvalidTraceparent","Output":"=== RUN   TestSetupIsolationAndInvalidTraceparent\n"}
{"Time":"2026-09-11T16:35:00.107743506-07:00","Action":"output","Package":"github.com/JDinSeattle/forge-runtime/internal/telemetry","Test":"TestSetupIsolationAndInvalidTraceparent","Output":"--- PASS: TestSetupIsolationAndInvalidTraceparent (0.00s)\n"}
{"Time":"2026-09-11T16:35:00.107760231-07:00","Action":"pass","Package":"github.com/JDinSeattle/forge-runtime/internal/telemetry","Test":"TestSetupIsolationAndInvalidTraceparent","Elapsed":0}
{"Time":"2026-09-11T16:35:00.107763228-07:00","Action":"run","Package":"github.com/JDinSeattle/forge-runtime/internal/telemetry","Test":"TestOperationalSnapshotsAndSSECleanup"}
{"Time":"2026-09-11T16:35:00.107764837-07:00","Action":"output","Package":"github.com/JDinSeattle/forge-runtime/internal/telemetry","Test":"TestOperationalSnapshotsAndSSECleanup","Output":"=== RUN   TestOperationalSnapshotsAndSSECleanup\n"}
{"Time":"2026-09-11T16:35:00.10874538-07:00","Action":"output","Package":"github.com/JDinSeattle/forge-runtime/internal/telemetry","Test":"TestOperationalSnapshotsAndSSECleanup","Output":"--- PASS: TestOperationalSnapshotsAndSSECleanup (0.00s)\n"}
{"Time":"2026-09-11T16:35:00.108764842-07:00","Action":"pass","Package":"github.com/JDinSeattle/forge-runtime/internal/telemetry","Test":"TestOperationalSnapshotsAndSSECleanup","Elapsed":0}
{"Time":"2026-09-11T16:35:00.108770811-07:00","Action":"output","Package":"github.com/JDinSeattle/forge-runtime/internal/telemetry","Output":"PASS\n"}
{"Time":"2026-09-11T16:35:00.109031709-07:00","Action":"output","Package":"github.com/JDinSeattle/forge-runtime/internal/retention","Test":"TestCrossStoreOrphanCollectionPublicationRaces","Output":"    objects_test.go:244: READY refs=2, runner-only refs=1, old orphan deleted=1; both GC/publication orderings preserved consistency\n"}
{"Time":"2026-09-11T16:35:00.152659469-07:00","Action":"output","Package":"github.com/JDinSeattle/forge-runtime/internal/retention","Test":"TestCrossStoreOrphanCollectionPublicationRaces","Output":"--- PASS: TestCrossStoreOrphanCollectionPublicationRaces (1.00s)\n"}
{"Time":"2026-09-11T16:35:00.152691619-07:00","Action":"pass","Package":"github.com/JDinSeattle/forge-runtime/internal/retention","Test":"TestCrossStoreOrphanCollectionPublicationRaces","Elapsed":1}
{"Time":"2026-09-11T16:35:00.152700659-07:00","Action":"output","Package":"github.com/JDinSeattle/forge-runtime/internal/retention","Output":"PASS\n"}
{"Time":"2026-09-11T16:35:00.324692614-07:00","Action":"output","Package":"github.com/JDinSeattle/forge-runtime/internal/persistence","Test":"TestClaimFencingAndCapacity","Output":"--- PASS: TestClaimFencingAndCapacity (0.42s)\n"}
{"Time":"2026-09-11T16:35:00.324720933-07:00","Action":"pass","Package":"github.com/JDinSeattle/forge-runtime/internal/persistence","Test":"TestClaimFencingAndCapacity","Elapsed":0.42}
{"Time":"2026-09-11T16:35:00.324728248-07:00","Action":"run","Package":"github.com/JDinSeattle/forge-runtime/internal/persistence","Test":"TestControlAndReadyEvidence"}
{"Time":"2026-09-11T16:35:00.32473143-07:00","Action":"output","Package":"github.com/JDinSeattle/forge-runtime/internal/persistence","Test":"TestControlAndReadyEvidence","Output":"=== RUN   TestControlAndReadyEvidence\n"}
{"Time":"2026-09-11T16:35:00.453767563-07:00","Action":"output","Package":"github.com/JDinSeattle/forge-runtime/internal/quota","Test":"TestSettlementExactlyOnceAndActualOverage","Output":"--- PASS: TestSettlementExactlyOnceAndActualOverage (0.45s)\n"}
{"Time":"2026-09-11T16:35:00.453792358-07:00","Action":"pass","Package":"github.com/JDinSeattle/forge-runtime/internal/quota","Test":"TestSettlementExactlyOnceAndActualOverage","Elapsed":0.45}
{"Time":"2026-09-11T16:35:00.453797354-07:00","Action":"run","Package":"github.com/JDinSeattle/forge-runtime/internal/quota","Test":"TestUnknownRetainsTokenAndCostAcrossExpiryAndWindowRotation"}
{"Time":"2026-09-11T16:35:00.453802238-07:00","Action":"output","Package":"github.com/JDinSeattle/forge-runtime/internal/quota","Test":"TestUnknownRetainsTokenAndCostAcrossExpiryAndWindowRotation","Output":"=== RUN   TestUnknownRetainsTokenAndCostAcrossExpiryAndWindowRotation\n"}
{"Time":"2026-09-11T16:35:00.457834154-07:00","Action":"output","Package":"github.com/JDinSeattle/forge-runtime/internal/runner","Test":"TestPartialMultiFilePatchRemainsUnknownAndBlocksAdoption","Output":"--- PASS: TestPartialMultiFilePatchRemainsUnknownAndBlocksAdoption (0.48s)\n"}
{"Time":"2026-09-11T16:35:00.457858989-07:00","Action":"pass","Package":"github.com/JDinSeattle/forge-runtime/internal/runner","Test":"TestPartialMultiFilePatchRemainsUnknownAndBlocksAdoption","Elapsed":0.48}
{"Time":"2026-09-11T16:35:00.457913471-07:00","Action":"run","Package":"github.com/JDinSeattle/forge-runtime/internal/runner","Test":"TestUnknownStartDoesNotCreateAnotherJob"}
{"Time":"2026-09-11T16:35:00.457929937-07:00","Action":"output","Package":"github.com/JDinSeattle/forge-runtime/internal/runner","Test":"TestUnknownStartDoesNotCreateAnotherJob","Output":"=== RUN   TestUnknownStartDoesNotCreateAnotherJob\n"}
{"Time":"2026-09-11T16:35:00.488172187-07:00","Action":"output","Package":"github.com/JDinSeattle/forge-runtime/internal/runtime","Output":"ok  \tgithub.com/JDinSeattle/forge-runtime/internal/runtime\t1.553s\n"}
{"Time":"2026-09-11T16:35:00.488217165-07:00","Action":"pass","Package":"github.com/JDinSeattle/forge-runtime/internal/runtime","Elapsed":1.553}
{"Time":"2026-09-11T16:35:00.658905804-07:00","Action":"output","Package":"github.com/JDinSeattle/forge-runtime/internal/persistence","Test":"TestControlAndReadyEvidence","Output":"--- PASS: TestControlAndReadyEvidence (0.33s)\n"}
{"Time":"2026-09-11T16:35:00.658939605-07:00","Action":"pass","Package":"github.com/JDinSeattle/forge-runtime/internal/persistence","Test":"TestControlAndReadyEvidence","Elapsed":0.33}
{"Time":"2026-09-11T16:35:00.658947274-07:00","Action":"run","Package":"github.com/JDinSeattle/forge-runtime/internal/persistence","Test":"TestSubmitWithoutParentPreservesPreRetryIdempotencyHashInput"}
{"Time":"2026-09-11T16:35:00.658950396-07:00","Action":"output","Package":"github.com/JDinSeattle/forge-runtime/internal/persistence","Test":"TestSubmitWithoutParentPreservesPreRetryIdempotencyHashInput","Output":"=== RUN   TestSubmitWithoutParentPreservesPreRetryIdempotencyHashInput\n"}
{"Time":"2026-09-11T16:35:00.658961348-07:00","Action":"output","Package":"github.com/JDinSeattle/forge-runtime/internal/persistence","Test":"TestSubmitWithoutParentPreservesPreRetryIdempotencyHashInput","Output":"--- PASS: TestSubmitWithoutParentPreservesPreRetryIdempotencyHashInput (0.00s)\n"}
{"Time":"2026-09-11T16:35:00.658964988-07:00","Action":"pass","Package":"github.com/JDinSeattle/forge-runtime/internal/persistence","Test":"TestSubmitWithoutParentPreservesPreRetryIdempotencyHashInput","Elapsed":0}
{"Time":"2026-09-11T16:35:00.658969182-07:00","Action":"run","Package":"github.com/JDinSeattle/forge-runtime/internal/persistence","Test":"TestObservationOnlyAfterConfirmedCommit"}
{"Time":"2026-09-11T16:35:00.658971605-07:00","Action":"output","Package":"github.com/JDinSeattle/forge-runtime/internal/persistence","Test":"TestObservationOnlyAfterConfirmedCommit","Output":"=== RUN   TestObservationOnlyAfterConfirmedCommit\n"}
{"Time":"2026-09-11T16:35:00.658975701-07:00","Action":"run","Package":"github.com/JDinSeattle/forge-runtime/internal/persistence","Test":"TestObservationOnlyAfterConfirmedCommit/committed"}
{"Time":"2026-09-11T16:35:00.658978126-07:00","Action":"output","Package":"github.com/JDinSeattle/forge-runtime/internal/persistence","Test":"TestObservationOnlyAfterConfirmedCommit/committed","Output":"=== RUN   TestObservationOnlyAfterConfirmedCommit/committed\n"}
{"Time":"2026-09-11T16:35:00.659016258-07:00","Action":"output","Package":"github.com/JDinSeattle/forge-runtime/internal/persistence","Test":"TestObservationOnlyAfterConfirmedCommit/committed","Output":"--- PASS: TestObservationOnlyAfterConfirmedCommit/committed (0.00s)\n"}
{"Time":"2026-09-11T16:35:00.659039241-07:00","Action":"pass","Package":"github.com/JDinSeattle/forge-runtime/internal/persistence","Test":"TestObservationOnlyAfterConfirmedCommit/committed","Elapsed":0}
{"Time":"2026-09-11T16:35:00.65904408-07:00","Action":"run","Package":"github.com/JDinSeattle/forge-runtime/internal/persistence","Test":"TestObservationOnlyAfterConfirmedCommit/rollback"}
{"Time":"2026-09-11T16:35:00.659045628-07:00","Action":"output","Package":"github.com/JDinSeattle/forge-runtime/internal/persistence","Test":"TestObservationOnlyAfterConfirmedCommit/rollback","Output":"=== RUN   TestObservationOnlyAfterConfirmedCommit/rollback\n"}
{"Time":"2026-09-11T16:35:00.659050248-07:00","Action":"output","Package":"github.com/JDinSeattle/forge-runtime/internal/persistence","Test":"TestObservationOnlyAfterConfirmedCommit/rollback","Output":"--- PASS: TestObservationOnlyAfterConfirmedCommit/rollback (0.00s)\n"}
{"Time":"2026-09-11T16:35:00.659052446-07:00","Action":"pass","Package":"github.com/JDinSeattle/forge-runtime/internal/persistence","Test":"TestObservationOnlyAfterConfirmedCommit/rollback","Elapsed":0}
{"Time":"2026-09-11T16:35:00.659054038-07:00","Action":"run","Package":"github.com/JDinSeattle/forge-runtime/internal/persistence","Test":"TestObservationOnlyAfterConfirmedCommit/failed_commit"}
{"Time":"2026-09-11T16:35:00.659055429-07:00","Action":"output","Package":"github.com/JDinSeattle/forge-runtime/internal/persistence","Test":"TestObservationOnlyAfterConfirmedCommit/failed_commit","Output":"=== RUN   TestObservationOnlyAfterConfirmedCommit/failed_commit\n"}
{"Time":"2026-09-11T16:35:00.659064072-07:00","Action":"output","Package":"github.com/JDinSeattle/forge-runtime/internal/persistence","Test":"TestObservationOnlyAfterConfirmedCommit/failed_commit","Output":"--- PASS: TestObservationOnlyAfterConfirmedCommit/failed_commit (0.00s)\n"}
{"Time":"2026-09-11T16:35:00.659069742-07:00","Action":"pass","Package":"github.com/JDinSeattle/forge-runtime/internal/persistence","Test":"TestObservationOnlyAfterConfirmedCommit/failed_commit","Elapsed":0}
{"Time":"2026-09-11T16:35:00.65907792-07:00","Action":"run","Package":"github.com/JDinSeattle/forge-runtime/internal/persistence","Test":"TestObservationOnlyAfterConfirmedCommit/ambiguous_commit"}
{"Time":"2026-09-11T16:35:00.659080479-07:00","Action":"output","Package":"github.com/JDinSeattle/forge-runtime/internal/persistence","Test":"TestObservationOnlyAfterConfirmedCommit/ambiguous_commit","Output":"=== RUN   TestObservationOnlyAfterConfirmedCommit/ambiguous_commit\n"}
{"Time":"2026-09-11T16:35:00.659091817-07:00","Action":"output","Package":"github.com/JDinSeattle/forge-runtime/internal/persistence","Test":"TestObservationOnlyAfterConfirmedCommit/ambiguous_commit","Output":"--- PASS: TestObservationOnlyAfterConfirmedCommit/ambiguous_commit (0.00s)\n"}
{"Time":"2026-09-11T16:35:00.659096181-07:00","Action":"pass","Package":"github.com/JDinSeattle/forge-runtime/internal/persistence","Test":"TestObservationOnlyAfterConfirmedCommit/ambiguous_commit","Elapsed":0}
{"Time":"2026-09-11T16:35:00.659108791-07:00","Action":"output","Package":"github.com/JDinSeattle/forge-runtime/internal/persistence","Test":"TestObservationOnlyAfterConfirmedCommit","Output":"--- PASS: TestObservationOnlyAfterConfirmedCommit (0.00s)\n"}
{"Time":"2026-09-11T16:35:00.659112844-07:00","Action":"pass","Package":"github.com/JDinSeattle/forge-runtime/internal/persistence","Test":"TestObservationOnlyAfterConfirmedCommit","Elapsed":0}
{"Time":"2026-09-11T16:35:00.659121058-07:00","Action":"run","Package":"github.com/JDinSeattle/forge-runtime/internal/persistence","Test":"TestTelemetryPostgresCommitRollbackAndReconciliation"}
{"Time":"2026-09-11T16:35:00.659122742-07:00","Action":"output","Package":"github.com/JDinSeattle/forge-runtime/internal/persistence","Test":"TestTelemetryPostgresCommitRollbackAndReconciliation","Output":"=== RUN   TestTelemetryPostgresCommitRollbackAndReconciliation\n"}
{"Time":"2026-09-11T16:35:00.790215682-07:00","Action":"output","Package":"github.com/JDinSeattle/forge-runtime/internal/quota","Test":"TestUnknownRetainsTokenAndCostAcrossExpiryAndWindowRotation","Output":"--- PASS: TestUnknownRetainsTokenAndCostAcrossExpiryAndWindowRotation (0.34s)\n"}
{"Time":"2026-09-11T16:35:00.790242092-07:00","Action":"pass","Package":"github.com/JDinSeattle/forge-runtime/internal/quota","Test":"TestUnknownRetainsTokenAndCostAcrossExpiryAndWindowRotation","Elapsed":0.34}
{"Time":"2026-09-11T16:35:00.7902468-07:00","Action":"run","Package":"github.com/JDinSeattle/forge-runtime/internal/quota","Test":"TestCircuitSharedSingleProbeAndCrashAfterSettlement"}
{"Time":"2026-09-11T16:35:00.790248506-07:00","Action":"output","Package":"github.com/JDinSeattle/forge-runtime/internal/quota","Test":"TestCircuitSharedSingleProbeAndCrashAfterSettlement","Output":"=== RUN   TestCircuitSharedSingleProbeAndCrashAfterSettlement\n"}
{"Time":"2026-09-11T16:35:00.800507593-07:00","Action":"output","Package":"github.com/JDinSeattle/forge-runtime/internal/runnerclient","Output":"ok  \tgithub.com/JDinSeattle/forge-runtime/internal/runnerclient\t1.865s\n"}
{"Time":"2026-09-11T16:35:00.800526082-07:00","Action":"pass","Package":"github.com/JDinSeattle/forge-runtime/internal/runnerclient","Elapsed":1.865}
{"Time":"2026-09-11T16:35:00.841599011-07:00","Action":"output","Package":"github.com/JDinSeattle/forge-runtime/internal/runner","Test":"TestUnknownStartDoesNotCreateAnotherJob","Output":"--- PASS: TestUnknownStartDoesNotCreateAnotherJob (0.38s)\n"}
{"Time":"2026-09-11T16:35:00.841624052-07:00","Action":"pass","Package":"github.com/JDinSeattle/forge-runtime/internal/runner","Test":"TestUnknownStartDoesNotCreateAnotherJob","Elapsed":0.38}
{"Time":"2026-09-11T16:35:00.841628872-07:00","Action":"run","Package":"github.com/JDinSeattle/forge-runtime/internal/runner","Test":"TestScopeAndPathBoundaries"}
{"Time":"2026-09-11T16:35:00.841630557-07:00","Action":"output","Package":"github.com/JDinSeattle/forge-runtime/internal/runner","Test":"TestScopeAndPathBoundaries","Output":"=== RUN   TestScopeAndPathBoundaries\n"}
{"Time":"2026-09-11T16:35:00.946413856-07:00","Action":"output","Package":"github.com/JDinSeattle/forge-runtime/internal/persistence","Test":"TestTelemetryPostgresCommitRollbackAndReconciliation","Output":"--- PASS: TestTelemetryPostgresCommitRollbackAndReconciliation (0.29s)\n"}
{"Time":"2026-09-11T16:35:00.946437051-07:00","Action":"pass","Package":"github.com/JDinSeattle/forge-runtime/internal/persistence","Test":"TestTelemetryPostgresCommitRollbackAndReconciliation","Elapsed":0.29}
{"Time":"2026-09-11T16:35:00.946441355-07:00","Action":"run","Package":"github.com/JDinSeattle/forge-runtime/internal/persistence","Test":"TestTelemetryImmediateDeferNeverCountsExpiration"}
{"Time":"2026-09-11T16:35:00.946442875-07:00","Action":"output","Package":"github.com/JDinSeattle/forge-runtime/internal/persistence","Test":"TestTelemetryImmediateDeferNeverCountsExpiration","Output":"=== RUN   TestTelemetryImmediateDeferNeverCountsExpiration\n"}
{"Time":"2026-09-11T16:35:01.112863565-07:00","Action":"output","Package":"github.com/JDinSeattle/forge-runtime/internal/telemetry","Output":"ok  \tgithub.com/JDinSeattle/forge-runtime/internal/telemetry\t2.178s\n"}
{"Time":"2026-09-11T16:35:01.112910467-07:00","Action":"pass","Package":"github.com/JDinSeattle/forge-runtime/internal/telemetry","Elapsed":2.178}
{"Time":"2026-09-11T16:35:01.157837286-07:00","Action":"output","Package":"github.com/JDinSeattle/forge-runtime/internal/retention","Output":"ok  \tgithub.com/JDinSeattle/forge-runtime/internal/retention\t2.223s\n"}
{"Time":"2026-09-11T16:35:01.157885168-07:00","Action":"pass","Package":"github.com/JDinSeattle/forge-runtime/internal/retention","Elapsed":2.223}
{"Time":"2026-09-11T16:35:01.193364311-07:00","Action":"output","Package":"github.com/JDinSeattle/forge-runtime/internal/runner","Test":"TestScopeAndPathBoundaries","Output":"--- PASS: TestScopeAndPathBoundaries (0.35s)\n"}
{"Time":"2026-09-11T16:35:01.193397616-07:00","Action":"pass","Package":"github.com/JDinSeattle/forge-runtime/internal/runner","Test":"TestScopeAndPathBoundaries","Elapsed":0.35}
{"Time":"2026-09-11T16:35:01.193403574-07:00","Action":"run","Package":"github.com/JDinSeattle/forge-runtime/internal/runner","Test":"TestGrantExpiryPermissionAndLeaseMargin"}
{"Time":"2026-09-11T16:35:01.19340554-07:00","Action":"output","Package":"github.com/JDinSeattle/forge-runtime/internal/runner","Test":"TestGrantExpiryPermissionAndLeaseMargin","Output":"=== RUN   TestGrantExpiryPermissionAndLeaseMargin\n"}
{"Time":"2026-09-11T16:35:01.193619833-07:00","Action":"output","Package":"github.com/JDinSeattle/forge-runtime/internal/runner","Test":"TestGrantExpiryPermissionAndLeaseMargin","Output":"--- PASS: TestGrantExpiryPermissionAndLeaseMargin (0.00s)\n"}
{"Time":"2026-09-11T16:35:01.193626452-07:00","Action":"pass","Package":"github.com/JDinSeattle/forge-runtime/internal/runner","Test":"TestGrantExpiryPermissionAndLeaseMargin","Elapsed":0}
{"Time":"2026-09-11T16:35:01.19363764-07:00","Action":"run","Package":"github.com/JDinSeattle/forge-runtime/internal/runner","Test":"TestFencedAdoptionCancelsOldJobBeforeNewWrites"}
{"Time":"2026-09-11T16:35:01.193640184-07:00","Action":"output","Package":"github.com/JDinSeattle/forge-runtime/internal/runner","Test":"TestFencedAdoptionCancelsOldJobBeforeNewWrites","Output":"=== RUN   TestFencedAdoptionCancelsOldJobBeforeNewWrites\n"}
{"Time":"2026-09-11T16:35:01.243395159-07:00","Action":"output","Package":"github.com/JDinSeattle/forge-runtime/internal/quota","Test":"TestCircuitSharedSingleProbeAndCrashAfterSettlement","Output":"--- PASS: TestCircuitSharedSingleProbeAndCrashAfterSettlement (0.45s)\n"}
{"Time":"2026-09-11T16:35:01.24342751-07:00","Action":"pass","Package":"github.com/JDinSeattle/forge-runtime/internal/quota","Test":"TestCircuitSharedSingleProbeAndCrashAfterSettlement","Elapsed":0.45}
{"Time":"2026-09-11T16:35:01.243439523-07:00","Action":"output","Package":"github.com/JDinSeattle/forge-runtime/internal/quota","Output":"PASS\n"}
{"Time":"2026-09-11T16:35:01.808634061-07:00","Action":"output","Package":"github.com/JDinSeattle/forge-runtime/internal/runner","Test":"TestFencedAdoptionCancelsOldJobBeforeNewWrites","Output":"--- PASS: TestFencedAdoptionCancelsOldJobBeforeNewWrites (0.61s)\n"}
{"Time":"2026-09-11T16:35:01.808676452-07:00","Action":"pass","Package":"github.com/JDinSeattle/forge-runtime/internal/runner","Test":"TestFencedAdoptionCancelsOldJobBeforeNewWrites","Elapsed":0.61}
{"Time":"2026-09-11T16:35:01.808686646-07:00","Action":"run","Package":"github.com/JDinSeattle/forge-runtime/internal/runner","Test":"TestStableDaemonJobRecoveredAcrossJournalReopen"}
{"Time":"2026-09-11T16:35:01.808691107-07:00","Action":"output","Package":"github.com/JDinSeattle/forge-runtime/internal/runner","Test":"TestStableDaemonJobRecoveredAcrossJournalReopen","Output":"=== RUN   TestStableDaemonJobRecoveredAcrossJournalReopen\n"}
{"Time":"2026-09-11T16:35:01.952426029-07:00","Action":"run","Package":"github.com/JDinSeattle/forge-runtime/tests/review","Test":"TestReviewFailedVerifierDiagnosticsEnableNextRepair/native_false/cleanup_after_snapshot_publication"}
{"Time":"2026-09-11T16:35:01.952471145-07:00","Action":"output","Package":"github.com/JDinSeattle/forge-runtime/tests/review","Test":"TestReviewFailedVerifierDiagnosticsEnableNextRepair/native_false/cleanup_after_snapshot_publication","Output":"=== RUN   TestReviewFailedVerifierDiagnosticsEnableNextRepair/native_false/cleanup_after_snapshot_publication\n"}
{"Time":"2026-09-11T16:35:02.254283786-07:00","Action":"output","Package":"github.com/JDinSeattle/forge-runtime/internal/quota","Output":"ok  \tgithub.com/JDinSeattle/forge-runtime/internal/quota\t3.320s\n"}
{"Time":"2026-09-11T16:35:02.25432938-07:00","Action":"pass","Package":"github.com/JDinSeattle/forge-runtime/internal/quota","Elapsed":3.32}
{"Time":"2026-09-11T16:35:02.259444028-07:00","Action":"output","Package":"github.com/JDinSeattle/forge-runtime/internal/runner","Test":"TestStableDaemonJobRecoveredAcrossJournalReopen","Output":"--- PASS: TestStableDaemonJobRecoveredAcrossJournalReopen (0.45s)\n"}
{"Time":"2026-09-11T16:35:02.259483501-07:00","Action":"pass","Package":"github.com/JDinSeattle/forge-runtime/internal/runner","Test":"TestStableDaemonJobRecoveredAcrossJournalReopen","Elapsed":0.45}
{"Time":"2026-09-11T16:35:02.259489184-07:00","Action":"run","Package":"github.com/JDinSeattle/forge-runtime/internal/runner","Test":"TestSnapshotReleasePreserveReceiptAndCloseAdmission"}
{"Time":"2026-09-11T16:35:02.259491981-07:00","Action":"output","Package":"github.com/JDinSeattle/forge-runtime/internal/runner","Test":"TestSnapshotReleasePreserveReceiptAndCloseAdmission","Output":"=== RUN   TestSnapshotReleasePreserveReceiptAndCloseAdmission\n"}
{"Time":"2026-09-11T16:35:02.284687474-07:00","Action":"output","Package":"github.com/JDinSeattle/forge-runtime/tests/review","Test":"TestReviewFailedVerifierDiagnosticsEnableNextRepair/native_false/cleanup_after_snapshot_publication","Output":"--- PASS: TestReviewFailedVerifierDiagnosticsEnableNextRepair/native_false/cleanup_after_snapshot_publication (0.33s)\n"}
{"Time":"2026-09-11T16:35:02.284724985-07:00","Action":"pass","Package":"github.com/JDinSeattle/forge-runtime/tests/review","Test":"TestReviewFailedVerifierDiagnosticsEnableNextRepair/native_false/cleanup_after_snapshot_publication","Elapsed":0.33}
{"Time":"2026-09-11T16:35:02.339675177-07:00","Action":"output","Package":"github.com/JDinSeattle/forge-runtime/tests/review","Test":"TestReviewFailedVerifierDiagnosticsEnableNextRepair/native_false","Output":"--- PASS: TestReviewFailedVerifierDiagnosticsEnableNextRepair/native_false (2.98s)\n"}
{"Time":"2026-09-11T16:35:02.339717252-07:00","Action":"pass","Package":"github.com/JDinSeattle/forge-runtime/tests/review","Test":"TestReviewFailedVerifierDiagnosticsEnableNextRepair/native_false","Elapsed":2.98}
{"Time":"2026-09-11T16:35:02.339725604-07:00","Action":"run","Package":"github.com/JDinSeattle/forge-runtime/tests/review","Test":"TestReviewFailedVerifierDiagnosticsEnableNextRepair/native_true"}
{"Time":"2026-09-11T16:35:02.339729178-07:00","Action":"output","Package":"github.com/JDinSeattle/forge-runtime/tests/review","Test":"TestReviewFailedVerifierDiagnosticsEnableNextRepair/native_true","Output":"=== RUN   TestReviewFailedVerifierDiagnosticsEnableNextRepair/native_true\n"}
{"Time":"2026-09-11T16:35:02.504317699-07:00","Action":"output","Package":"github.com/JDinSeattle/forge-runtime/internal/httpapi","Test":"TestSSESurvivesIndependentDatabaseDeadline","Output":"--- PASS: TestSSESurvivesIndependentDatabaseDeadline (3.54s)\n"}
{"Time":"2026-09-11T16:35:02.504343734-07:00","Action":"pass","Package":"github.com/JDinSeattle/forge-runtime/internal/httpapi","Test":"TestSSESurvivesIndependentDatabaseDeadline","Elapsed":3.54}
{"Time":"2026-09-11T16:35:02.504348318-07:00","Action":"output","Package":"github.com/JDinSeattle/forge-runtime/internal/httpapi","Output":"PASS\n"}
{"Time":"2026-09-11T16:35:02.749027732-07:00","Action":"output","Package":"github.com/JDinSeattle/forge-runtime/internal/runner","Test":"TestSnapshotReleasePreserveReceiptAndCloseAdmission","Output":"--- PASS: TestSnapshotReleasePreserveReceiptAndCloseAdmission (0.49s)\n"}
{"Time":"2026-09-11T16:35:02.749088305-07:00","Action":"pass","Package":"github.com/JDinSeattle/forge-runtime/internal/runner","Test":"TestSnapshotReleasePreserveReceiptAndCloseAdmission","Elapsed":0.49}
{"Time":"2026-09-11T16:35:02.749107692-07:00","Action":"run","Package":"github.com/JDinSeattle/forge-runtime/internal/runner","Test":"TestWorkspaceLockExcludesOtherProcesses"}
{"Time":"2026-09-11T16:35:02.749117284-07:00","Action":"output","Package":"github.com/JDinSeattle/forge-runtime/internal/runner","Test":"TestWorkspaceLockExcludesOtherProcesses","Output":"=== RUN   TestWorkspaceLockExcludesOtherProcesses\n"}
{"Time":"2026-09-11T16:35:02.822891741-07:00","Action":"output","Package":"github.com/JDinSeattle/forge-runtime/internal/application","Test":"TestPrepareCapacityRequeuesAtomically","Output":"    capacity_integration_test.go:213: capacity_result run=run_LOGBQQ3P6RTU44HRCEJK2L25VI terminal=completed epochs=1,2,3 rejections=2 model_calls=3 final_active=0 final_reserved_slots=0 events=46\n"}
{"Time":"2026-09-11T16:35:02.891252532-07:00","Action":"output","Package":"github.com/JDinSeattle/forge-runtime/internal/application","Test":"TestPrepareCapacityRequeuesAtomically","Output":"--- PASS: TestPrepareCapacityRequeuesAtomically (4.62s)\n"}
{"Time":"2026-09-11T16:35:02.891286831-07:00","Action":"pass","Package":"github.com/JDinSeattle/forge-runtime/internal/application","Test":"TestPrepareCapacityRequeuesAtomically","Elapsed":4.62}
{"Time":"2026-09-11T16:35:02.891294869-07:00","Action":"run","Package":"github.com/JDinSeattle/forge-runtime/internal/application","Test":"TestPrepareCapacityDoesNotDiscardDurableIntent"}
{"Time":"2026-09-11T16:35:02.891297928-07:00","Action":"output","Package":"github.com/JDinSeattle/forge-runtime/internal/application","Test":"TestPrepareCapacityDoesNotDiscardDurableIntent","Output":"=== RUN   TestPrepareCapacityDoesNotDiscardDurableIntent\n"}
{"Time":"2026-09-11T16:35:03.43781072-07:00","Action":"output","Package":"github.com/JDinSeattle/forge-runtime/internal/persistence","Test":"TestTelemetryImmediateDeferNeverCountsExpiration","Output":"    telemetry_test.go:164: 100 immediate Defer cycles; 95 equal-microsecond SQL timestamps; zero false expirations\n"}
{"Time":"2026-09-11T16:35:03.450375013-07:00","Action":"output","Package":"github.com/JDinSeattle/forge-runtime/internal/application","Test":"TestPrepareCapacityDoesNotDiscardDurableIntent","Output":"--- PASS: TestPrepareCapacityDoesNotDiscardDurableIntent (0.56s)\n"}
{"Time":"2026-09-11T16:35:03.450399559-07:00","Action":"pass","Package":"github.com/JDinSeattle/forge-runtime/internal/application","Test":"TestPrepareCapacityDoesNotDiscardDurableIntent","Elapsed":0.56}
{"Time":"2026-09-11T16:35:03.450404212-07:00","Action":"run","Package":"github.com/JDinSeattle/forge-runtime/internal/application","Test":"TestPrepareNonCapacityErrorsPreserveHandling"}
{"Time":"2026-09-11T16:35:03.45040576-07:00","Action":"output","Package":"github.com/JDinSeattle/forge-runtime/internal/application","Test":"TestPrepareNonCapacityErrorsPreserveHandling","Output":"=== RUN   TestPrepareNonCapacityErrorsPreserveHandling\n"}
{"Time":"2026-09-11T16:35:03.450422912-07:00","Action":"run","Package":"github.com/JDinSeattle/forge-runtime/internal/application","Test":"TestPrepareNonCapacityErrorsPreserveHandling/invalid_argument"}
{"Time":"2026-09-11T16:35:03.450424303-07:00","Action":"output","Package":"github.com/JDinSeattle/forge-runtime/internal/application","Test":"TestPrepareNonCapacityErrorsPreserveHandling/invalid_argument","Output":"=== RUN   TestPrepareNonCapacityErrorsPreserveHandling/invalid_argument\n"}
{"Time":"2026-09-11T16:35:03.478039402-07:00","Action":"output","Package":"github.com/JDinSeattle/forge-runtime/internal/persistence","Test":"TestTelemetryImmediateDeferNeverCountsExpiration","Output":"--- PASS: TestTelemetryImmediateDeferNeverCountsExpiration (2.53s)\n"}
{"Time":"2026-09-11T16:35:03.478061461-07:00","Action":"pass","Package":"github.com/JDinSeattle/forge-runtime/internal/persistence","Test":"TestTelemetryImmediateDeferNeverCountsExpiration","Elapsed":2.53}
{"Time":"2026-09-11T16:35:03.478065834-07:00","Action":"run","Package":"github.com/JDinSeattle/forge-runtime/internal/persistence","Test":"TestDatabaseDefaultDeadlineReleasesBlockedRead"}
{"Time":"2026-09-11T16:35:03.478067325-07:00","Action":"output","Package":"github.com/JDinSeattle/forge-runtime/internal/persistence","Test":"TestDatabaseDefaultDeadlineReleasesBlockedRead","Output":"=== RUN   TestDatabaseDefaultDeadlineReleasesBlockedRead\n"}
{"Time":"2026-09-11T16:35:03.510290442-07:00","Action":"output","Package":"github.com/JDinSeattle/forge-runtime/internal/httpapi","Output":"ok  \tgithub.com/JDinSeattle/forge-runtime/internal/httpapi\t4.577s\n"}
{"Time":"2026-09-11T16:35:03.510336532-07:00","Action":"pass","Package":"github.com/JDinSeattle/forge-runtime/internal/httpapi","Elapsed":4.577}
{"Time":"2026-09-11T16:35:03.833916321-07:00","Action":"output","Package":"github.com/JDinSeattle/forge-runtime/internal/runner","Test":"TestWorkspaceLockExcludesOtherProcesses","Output":"--- PASS: TestWorkspaceLockExcludesOtherProcesses (1.08s)\n"}
{"Time":"2026-09-11T16:35:03.833949364-07:00","Action":"pass","Package":"github.com/JDinSeattle/forge-runtime/internal/runner","Test":"TestWorkspaceLockExcludesOtherProcesses","Elapsed":1.08}
{"Time":"2026-09-11T16:35:03.833956112-07:00","Action":"run","Package":"github.com/JDinSeattle/forge-runtime/internal/runner","Test":"TestGrantRecheckedAfterWaitingForWorkspaceLock"}
{"Time":"2026-09-11T16:35:03.833958397-07:00","Action":"output","Package":"github.com/JDinSeattle/forge-runtime/internal/runner","Test":"TestGrantRecheckedAfterWaitingForWorkspaceLock","Output":"=== RUN   TestGrantRecheckedAfterWaitingForWorkspaceLock\n"}
{"Time":"2026-09-11T16:35:03.97895692-07:00","Action":"output","Package":"github.com/JDinSeattle/forge-runtime/internal/application","Test":"TestPrepareNonCapacityErrorsPreserveHandling/invalid_argument","Output":"time=2026-09-11T16:35:03.978-07:00 level=WARN msg=\"step failed\" run_id=run_FRF27OWJGWQ3QU62A55Q63K36O stage=initialize error=invalid_argument\n"}
{"Time":"2026-09-11T16:35:04.095929365-07:00","Action":"output","Package":"github.com/JDinSeattle/forge-runtime/internal/runner","Test":"TestGrantRecheckedAfterWaitingForWorkspaceLock","Output":"--- PASS: TestGrantRecheckedAfterWaitingForWorkspaceLock (0.26s)\n"}
{"Time":"2026-09-11T16:35:04.095978054-07:00","Action":"pass","Package":"github.com/JDinSeattle/forge-runtime/internal/runner","Test":"TestGrantRecheckedAfterWaitingForWorkspaceLock","Elapsed":0.26}
{"Time":"2026-09-11T16:35:04.09598264-07:00","Action":"run","Package":"github.com/JDinSeattle/forge-runtime/internal/runner","Test":"TestExecutableModeSurvivesImportAndAppearsInDiff"}
{"Time":"2026-09-11T16:35:04.095984494-07:00","Action":"output","Package":"github.com/JDinSeattle/forge-runtime/internal/runner","Test":"TestExecutableModeSurvivesImportAndAppearsInDiff","Output":"=== RUN   TestExecutableModeSurvivesImportAndAppearsInDiff\n"}
{"Time":"2026-09-11T16:35:04.118343162-07:00","Action":"output","Package":"github.com/JDinSeattle/forge-runtime/internal/application","Test":"TestPrepareNonCapacityErrorsPreserveHandling/invalid_argument","Output":"--- PASS: TestPrepareNonCapacityErrorsPreserveHandling/invalid_argument (0.67s)\n"}
{"Time":"2026-09-11T16:35:04.118365584-07:00","Action":"pass","Package":"github.com/JDinSeattle/forge-runtime/internal/application","Test":"TestPrepareNonCapacityErrorsPreserveHandling/invalid_argument","Elapsed":0.67}
{"Time":"2026-09-11T16:35:04.118370828-07:00","Action":"run","Package":"github.com/JDinSeattle/forge-runtime/internal/application","Test":"TestPrepareNonCapacityErrorsPreserveHandling/reconciliation_required"}
{"Time":"2026-09-11T16:35:04.118372165-07:00","Action":"output","Package":"github.com/JDinSeattle/forge-runtime/internal/application","Test":"TestPrepareNonCapacityErrorsPreserveHandling/reconciliation_required","Output":"=== RUN   TestPrepareNonCapacityErrorsPreserveHandling/reconciliation_required\n"}
{"Time":"2026-09-11T16:35:04.590503812-07:00","Action":"output","Package":"github.com/JDinSeattle/forge-runtime/internal/runner","Test":"TestExecutableModeSurvivesImportAndAppearsInDiff","Output":"--- PASS: TestExecutableModeSurvivesImportAndAppearsInDiff (0.49s)\n"}
{"Time":"2026-09-11T16:35:04.590539519-07:00","Action":"pass","Package":"github.com/JDinSeattle/forge-runtime/internal/runner","Test":"TestExecutableModeSurvivesImportAndAppearsInDiff","Elapsed":0.49}
{"Time":"2026-09-11T16:35:04.590548909-07:00","Action":"run","Package":"github.com/JDinSeattle/forge-runtime/internal/runner","Test":"TestInterruptedInitializationResumesOnlyPinnedSource"}
{"Time":"2026-09-11T16:35:04.590624583-07:00","Action":"output","Package":"github.com/JDinSeattle/forge-runtime/internal/runner","Test":"TestInterruptedInitializationResumesOnlyPinnedSource","Output":"=== RUN   TestInterruptedInitializationResumesOnlyPinnedSource\n"}
{"Time":"2026-09-11T16:35:04.5906435-07:00","Action":"run","Package":"github.com/JDinSeattle/forge-runtime/internal/runner","Test":"TestInterruptedInitializationResumesOnlyPinnedSource/after_volume_lease"}
{"Time":"2026-09-11T16:35:04.590650369-07:00","Action":"output","Package":"github.com/JDinSeattle/forge-runtime/internal/runner","Test":"TestInterruptedInitializationResumesOnlyPinnedSource/after_volume_lease","Output":"=== RUN   TestInterruptedInitializationResumesOnlyPinnedSource/after_volume_lease\n"}
{"Time":"2026-09-11T16:35:04.733733269-07:00","Action":"output","Package":"github.com/JDinSeattle/forge-runtime/internal/application","Test":"TestPrepareNonCapacityErrorsPreserveHandling/reconciliation_required","Output":"--- PASS: TestPrepareNonCapacityErrorsPreserveHandling/reconciliation_required (0.62s)\n"}
{"Time":"2026-09-11T16:35:04.733760622-07:00","Action":"pass","Package":"github.com/JDinSeattle/forge-runtime/internal/application","Test":"TestPrepareNonCapacityErrorsPreserveHandling/reconciliation_required","Elapsed":0.62}
{"Time":"2026-09-11T16:35:04.73376847-07:00","Action":"output","Package":"github.com/JDinSeattle/forge-runtime/internal/application","Test":"TestPrepareNonCapacityErrorsPreserveHandling","Output":"--- PASS: TestPrepareNonCapacityErrorsPreserveHandling (1.28s)\n"}
{"Time":"2026-09-11T16:35:04.733770991-07:00","Action":"pass","Package":"github.com/JDinSeattle/forge-runtime/internal/application","Test":"TestPrepareNonCapacityErrorsPreserveHandling","Elapsed":1.28}
{"Time":"2026-09-11T16:35:04.73377995-07:00","Action":"run","Package":"github.com/JDinSeattle/forge-runtime/internal/application","Test":"TestPrepareCapacityAfterAdoptionCannotRequeue"}
{"Time":"2026-09-11T16:35:04.73378149-07:00","Action":"output","Package":"github.com/JDinSeattle/forge-runtime/internal/application","Test":"TestPrepareCapacityAfterAdoptionCannotRequeue","Output":"=== RUN   TestPrepareCapacityAfterAdoptionCannotRequeue\n"}
{"Time":"2026-09-11T16:35:04.741767269-07:00","Action":"run","Package":"github.com/JDinSeattle/forge-runtime/tests/review","Test":"TestReviewFailedVerifierDiagnosticsEnableNextRepair/native_true/cleanup_after_release_before_commit"}
{"Time":"2026-09-11T16:35:04.741801591-07:00","Action":"output","Package":"github.com/JDinSeattle/forge-runtime/tests/review","Test":"TestReviewFailedVerifierDiagnosticsEnableNextRepair/native_true/cleanup_after_release_before_commit","Output":"=== RUN   TestReviewFailedVerifierDiagnosticsEnableNextRepair/native_true/cleanup_after_release_before_commit\n"}
{"Time":"2026-09-11T16:35:04.947891216-07:00","Action":"output","Package":"github.com/JDinSeattle/forge-runtime/tests/review","Test":"TestReviewFailedVerifierDiagnosticsEnableNextRepair/native_true/cleanup_after_release_before_commit","Output":"--- PASS: TestReviewFailedVerifierDiagnosticsEnableNextRepair/native_true/cleanup_after_release_before_commit (0.21s)\n"}
{"Time":"2026-09-11T16:35:04.947923896-07:00","Action":"pass","Package":"github.com/JDinSeattle/forge-runtime/tests/review","Test":"TestReviewFailedVerifierDiagnosticsEnableNextRepair/native_true/cleanup_after_release_before_commit","Elapsed":0.21}
{"Time":"2026-09-11T16:35:04.992978455-07:00","Action":"output","Package":"github.com/JDinSeattle/forge-runtime/tests/review","Test":"TestReviewFailedVerifierDiagnosticsEnableNextRepair/native_true","Output":"--- PASS: TestReviewFailedVerifierDiagnosticsEnableNextRepair/native_true (2.65s)\n"}
{"Time":"2026-09-11T16:35:04.993012546-07:00","Action":"pass","Package":"github.com/JDinSeattle/forge-runtime/tests/review","Test":"TestReviewFailedVerifierDiagnosticsEnableNextRepair/native_true","Elapsed":2.65}
{"Time":"2026-09-11T16:35:04.993020935-07:00","Action":"output","Package":"github.com/JDinSeattle/forge-runtime/tests/review","Test":"TestReviewFailedVerifierDiagnosticsEnableNextRepair","Output":"--- PASS: TestReviewFailedVerifierDiagnosticsEnableNextRepair (5.63s)\n"}
{"Time":"2026-09-11T16:35:04.993025096-07:00","Action":"pass","Package":"github.com/JDinSeattle/forge-runtime/tests/review","Test":"TestReviewFailedVerifierDiagnosticsEnableNextRepair","Elapsed":5.63}
{"Time":"2026-09-11T16:35:04.99303902-07:00","Action":"run","Package":"github.com/JDinSeattle/forge-runtime/tests/review","Test":"TestReviewModelInputMustFitFrozenReservationBeforeDispatch"}
{"Time":"2026-09-11T16:35:04.993042502-07:00","Action":"output","Package":"github.com/JDinSeattle/forge-runtime/tests/review","Test":"TestReviewModelInputMustFitFrozenReservationBeforeDispatch","Output":"=== RUN   TestReviewModelInputMustFitFrozenReservationBeforeDispatch\n"}
{"Time":"2026-09-11T16:35:05.103585037-07:00","Action":"output","Package":"github.com/JDinSeattle/forge-runtime/internal/runner","Test":"TestInterruptedInitializationResumesOnlyPinnedSource/after_volume_lease","Output":"--- PASS: TestInterruptedInitializationResumesOnlyPinnedSource/after_volume_lease (0.51s)\n"}
{"Time":"2026-09-11T16:35:05.103614773-07:00","Action":"pass","Package":"github.com/JDinSeattle/forge-runtime/internal/runner","Test":"TestInterruptedInitializationResumesOnlyPinnedSource/after_volume_lease","Elapsed":0.51}
{"Time":"2026-09-11T16:35:05.103623361-07:00","Action":"run","Package":"github.com/JDinSeattle/forge-runtime/internal/runner","Test":"TestInterruptedInitializationResumesOnlyPinnedSource/after_import_file"}
{"Time":"2026-09-11T16:35:05.103626774-07:00","Action":"output","Package":"github.com/JDinSeattle/forge-runtime/internal/runner","Test":"TestInterruptedInitializationResumesOnlyPinnedSource/after_import_file","Output":"=== RUN   TestInterruptedInitializationResumesOnlyPinnedSource/after_import_file\n"}
{"Time":"2026-09-11T16:35:05.258223707-07:00","Action":"output","Package":"github.com/JDinSeattle/forge-runtime/internal/application","Test":"TestPrepareCapacityAfterAdoptionCannotRequeue","Output":"--- PASS: TestPrepareCapacityAfterAdoptionCannotRequeue (0.52s)\n"}
{"Time":"2026-09-11T16:35:05.258247614-07:00","Action":"pass","Package":"github.com/JDinSeattle/forge-runtime/internal/application","Test":"TestPrepareCapacityAfterAdoptionCannotRequeue","Elapsed":0.52}
{"Time":"2026-09-11T16:35:05.25825169-07:00","Action":"run","Package":"github.com/JDinSeattle/forge-runtime/internal/application","Test":"TestExternalModelAndRunnerWaitsHoldNoSQLTransaction"}
{"Time":"2026-09-11T16:35:05.25825333-07:00","Action":"output","Package":"github.com/JDinSeattle/forge-runtime/internal/application","Test":"TestExternalModelAndRunnerWaitsHoldNoSQLTransaction","Output":"=== RUN   TestExternalModelAndRunnerWaitsHoldNoSQLTransaction\n"}
{"Time":"2026-09-11T16:35:05.258260316-07:00","Action":"run","Package":"github.com/JDinSeattle/forge-runtime/internal/application","Test":"TestExternalModelAndRunnerWaitsHoldNoSQLTransaction/model"}
{"Time":"2026-09-11T16:35:05.258261621-07:00","Action":"output","Package":"github.com/JDinSeattle/forge-runtime/internal/application","Test":"TestExternalModelAndRunnerWaitsHoldNoSQLTransaction/model","Output":"=== RUN   TestExternalModelAndRunnerWaitsHoldNoSQLTransaction/model\n"}
{"Time":"2026-09-11T16:35:05.460410982-07:00","Action":"output","Package":"github.com/JDinSeattle/forge-runtime/tests/review","Test":"TestReviewModelInputMustFitFrozenReservationBeforeDispatch","Output":"--- PASS: TestReviewModelInputMustFitFrozenReservationBeforeDispatch (0.47s)\n"}
{"Time":"2026-09-11T16:35:05.460446361-07:00","Action":"pass","Package":"github.com/JDinSeattle/forge-runtime/tests/review","Test":"TestReviewModelInputMustFitFrozenReservationBeforeDispatch","Elapsed":0.47}
{"Time":"2026-09-11T16:35:05.460463644-07:00","Action":"run","Package":"github.com/JDinSeattle/forge-runtime/tests/review","Test":"TestReviewApprovalRejectsMembershipChangedAfterAuthentication"}
{"Time":"2026-09-11T16:35:05.460471761-07:00","Action":"output","Package":"github.com/JDinSeattle/forge-runtime/tests/review","Test":"TestReviewApprovalRejectsMembershipChangedAfterAuthentication","Output":"=== RUN   TestReviewApprovalRejectsMembershipChangedAfterAuthentication\n"}
{"Time":"2026-09-11T16:35:05.460527506-07:00","Action":"run","Package":"github.com/JDinSeattle/forge-runtime/tests/review","Test":"TestReviewApprovalRejectsMembershipChangedAfterAuthentication/downgrade"}
{"Time":"2026-09-11T16:35:05.460555381-07:00","Action":"output","Package":"github.com/JDinSeattle/forge-runtime/tests/review","Test":"TestReviewApprovalRejectsMembershipChangedAfterAuthentication/downgrade","Output":"=== RUN   TestReviewApprovalRejectsMembershipChangedAfterAuthentication/downgrade\n"}
{"Time":"2026-09-11T16:35:05.596108949-07:00","Action":"output","Package":"github.com/JDinSeattle/forge-runtime/internal/runner","Test":"TestInterruptedInitializationResumesOnlyPinnedSource/after_import_file","Output":"--- PASS: TestInterruptedInitializationResumesOnlyPinnedSource/after_import_file (0.49s)\n"}
{"Time":"2026-09-11T16:35:05.596131539-07:00","Action":"pass","Package":"github.com/JDinSeattle/forge-runtime/internal/runner","Test":"TestInterruptedInitializationResumesOnlyPinnedSource/after_import_file","Elapsed":0.49}
{"Time":"2026-09-11T16:35:05.596135973-07:00","Action":"run","Package":"github.com/JDinSeattle/forge-runtime/internal/runner","Test":"TestInterruptedInitializationResumesOnlyPinnedSource/after_import_before_workspace"}
{"Time":"2026-09-11T16:35:05.5961373-07:00","Action":"output","Package":"github.com/JDinSeattle/forge-runtime/internal/runner","Test":"TestInterruptedInitializationResumesOnlyPinnedSource/after_import_before_workspace","Output":"=== RUN   TestInterruptedInitializationResumesOnlyPinnedSource/after_import_before_workspace\n"}
{"Time":"2026-09-11T16:35:05.882128508-07:00","Action":"output","Package":"github.com/JDinSeattle/forge-runtime/tests/review","Test":"TestReviewApprovalRejectsMembershipChangedAfterAuthentication/downgrade","Output":"--- PASS: TestReviewApprovalRejectsMembershipChangedAfterAuthentication/downgrade (0.42s)\n"}
{"Time":"2026-09-11T16:35:05.88216246-07:00","Action":"pass","Package":"github.com/JDinSeattle/forge-runtime/tests/review","Test":"TestReviewApprovalRejectsMembershipChangedAfterAuthentication/downgrade","Elapsed":0.42}
{"Time":"2026-09-11T16:35:05.882170199-07:00","Action":"run","Package":"github.com/JDinSeattle/forge-runtime/tests/review","Test":"TestReviewApprovalRejectsMembershipChangedAfterAuthentication/remove"}
{"Time":"2026-09-11T16:35:05.882173568-07:00","Action":"output","Package":"github.com/JDinSeattle/forge-runtime/tests/review","Test":"TestReviewApprovalRejectsMembershipChangedAfterAuthentication/remove","Output":"=== RUN   TestReviewApprovalRejectsMembershipChangedAfterAuthentication/remove\n"}
{"Time":"2026-09-11T16:35:06.14575007-07:00","Action":"output","Package":"github.com/JDinSeattle/forge-runtime/internal/runner","Test":"TestInterruptedInitializationResumesOnlyPinnedSource/after_import_before_workspace","Output":"--- PASS: TestInterruptedInitializationResumesOnlyPinnedSource/after_import_before_workspace (0.55s)\n"}
{"Time":"2026-09-11T16:35:06.145787961-07:00","Action":"pass","Package":"github.com/JDinSeattle/forge-runtime/internal/runner","Test":"TestInterruptedInitializationResumesOnlyPinnedSource/after_import_before_workspace","Elapsed":0.55}
{"Time":"2026-09-11T16:35:06.145797398-07:00","Action":"output","Package":"github.com/JDinSeattle/forge-runtime/internal/runner","Test":"TestInterruptedInitializationResumesOnlyPinnedSource","Output":"--- PASS: TestInterruptedInitializationResumesOnlyPinnedSource (1.56s)\n"}
{"Time":"2026-09-11T16:35:06.14580233-07:00","Action":"pass","Package":"github.com/JDinSeattle/forge-runtime/internal/runner","Test":"TestInterruptedInitializationResumesOnlyPinnedSource","Elapsed":1.56}
{"Time":"2026-09-11T16:35:06.145806398-07:00","Action":"run","Package":"github.com/JDinSeattle/forge-runtime/internal/runner","Test":"TestInterruptedInitializationNeverOverwritesOrRebinds"}
{"Time":"2026-09-11T16:35:06.145809567-07:00","Action":"output","Package":"github.com/JDinSeattle/forge-runtime/internal/runner","Test":"TestInterruptedInitializationNeverOverwritesOrRebinds","Output":"=== RUN   TestInterruptedInitializationNeverOverwritesOrRebinds\n"}
{"Time":"2026-09-11T16:35:06.145828136-07:00","Action":"run","Package":"github.com/JDinSeattle/forge-runtime/internal/runner","Test":"TestInterruptedInitializationNeverOverwritesOrRebinds/source_changed"}
{"Time":"2026-09-11T16:35:06.145838602-07:00","Action":"output","Package":"github.com/JDinSeattle/forge-runtime/internal/runner","Test":"TestInterruptedInitializationNeverOverwritesOrRebinds/source_changed","Output":"=== RUN   TestInterruptedInitializationNeverOverwritesOrRebinds/source_changed\n"}
{"Time":"2026-09-11T16:35:06.36889607-07:00","Action":"output","Package":"github.com/JDinSeattle/forge-runtime/tests/review","Test":"TestReviewApprovalRejectsMembershipChangedAfterAuthentication/remove","Output":"--- PASS: TestReviewApprovalRejectsMembershipChangedAfterAuthentication/remove (0.49s)\n"}
{"Time":"2026-09-11T16:35:06.368936215-07:00","Action":"pass","Package":"github.com/JDinSeattle/forge-runtime/tests/review","Test":"TestReviewApprovalRejectsMembershipChangedAfterAuthentication/remove","Elapsed":0.49}
{"Time":"2026-09-11T16:35:06.36894512-07:00","Action":"output","Package":"github.com/JDinSeattle/forge-runtime/tests/review","Test":"TestReviewApprovalRejectsMembershipChangedAfterAuthentication","Output":"--- PASS: TestReviewApprovalRejectsMembershipChangedAfterAuthentication (0.91s)\n"}
{"Time":"2026-09-11T16:35:06.368953259-07:00","Action":"pass","Package":"github.com/JDinSeattle/forge-runtime/tests/review","Test":"TestReviewApprovalRejectsMembershipChangedAfterAuthentication","Elapsed":0.91}
{"Time":"2026-09-11T16:35:06.368977557-07:00","Action":"run","Package":"github.com/JDinSeattle/forge-runtime/tests/review","Test":"TestReviewApprovalMembershipLockHelperIsScopedAndReadOnly"}
{"Time":"2026-09-11T16:35:06.368981725-07:00","Action":"output","Package":"github.com/JDinSeattle/forge-runtime/tests/review","Test":"TestReviewApprovalMembershipLockHelperIsScopedAndReadOnly","Output":"=== RUN   TestReviewApprovalMembershipLockHelperIsScopedAndReadOnly\n"}
{"Time":"2026-09-11T16:35:06.472917254-07:00","Action":"output","Package":"github.com/JDinSeattle/forge-runtime/internal/runner","Test":"TestInterruptedInitializationNeverOverwritesOrRebinds/source_changed","Output":"--- PASS: TestInterruptedInitializationNeverOverwritesOrRebinds/source_changed (0.33s)\n"}
{"Time":"2026-09-11T16:35:06.472945419-07:00","Action":"pass","Package":"github.com/JDinSeattle/forge-runtime/internal/runner","Test":"TestInterruptedInitializationNeverOverwritesOrRebinds/source_changed","Elapsed":0.33}
{"Time":"2026-09-11T16:35:06.472951122-07:00","Action":"run","Package":"github.com/JDinSeattle/forge-runtime/internal/runner","Test":"TestInterruptedInitializationNeverOverwritesOrRebinds/partial_changed"}
{"Time":"2026-09-11T16:35:06.472952642-07:00","Action":"output","Package":"github.com/JDinSeattle/forge-runtime/internal/runner","Test":"TestInterruptedInitializationNeverOverwritesOrRebinds/partial_changed","Output":"=== RUN   TestInterruptedInitializationNeverOverwritesOrRebinds/partial_changed\n"}
{"Time":"2026-09-11T16:35:06.738255526-07:00","Action":"output","Package":"github.com/JDinSeattle/forge-runtime/tests/review","Test":"TestReviewApprovalMembershipLockHelperIsScopedAndReadOnly","Output":"--- PASS: TestReviewApprovalMembershipLockHelperIsScopedAndReadOnly (0.37s)\n"}
{"Time":"2026-09-11T16:35:06.73830373-07:00","Action":"pass","Package":"github.com/JDinSeattle/forge-runtime/tests/review","Test":"TestReviewApprovalMembershipLockHelperIsScopedAndReadOnly","Elapsed":0.37}
{"Time":"2026-09-11T16:35:06.738311521-07:00","Action":"run","Package":"github.com/JDinSeattle/forge-runtime/tests/review","Test":"TestReviewApprovalMembershipRemainsLockedUntilDecisionCommit"}
{"Time":"2026-09-11T16:35:06.738315444-07:00","Action":"output","Package":"github.com/JDinSeattle/forge-runtime/tests/review","Test":"TestReviewApprovalMembershipRemainsLockedUntilDecisionCommit","Output":"=== RUN   TestReviewApprovalMembershipRemainsLockedUntilDecisionCommit\n"}
{"Time":"2026-09-11T16:35:06.747971269-07:00","Action":"output","Package":"github.com/JDinSeattle/forge-runtime/internal/persistence","Test":"TestDatabaseDefaultDeadlineReleasesBlockedRead","Output":"    deadline_integration_test.go:56: pool acquired=0 after 1.944571ms cleanup observation\n"}
{"Time":"2026-09-11T16:35:06.798310555-07:00","Action":"output","Package":"github.com/JDinSeattle/forge-runtime/internal/persistence","Test":"TestDatabaseDefaultDeadlineReleasesBlockedRead","Output":"--- PASS: TestDatabaseDefaultDeadlineReleasesBlockedRead (3.32s)\n"}
{"Time":"2026-09-11T16:35:06.798357677-07:00","Action":"pass","Package":"github.com/JDinSeattle/forge-runtime/internal/persistence","Test":"TestDatabaseDefaultDeadlineReleasesBlockedRead","Elapsed":3.32}
{"Time":"2026-09-11T16:35:06.798369388-07:00","Action":"run","Package":"github.com/JDinSeattle/forge-runtime/internal/persistence","Test":"TestDatabaseDeadlineBoundsWorkerPoolAcquisition"}
{"Time":"2026-09-11T16:35:06.798372942-07:00","Action":"output","Package":"github.com/JDinSeattle/forge-runtime/internal/persistence","Test":"TestDatabaseDeadlineBoundsWorkerPoolAcquisition","Output":"=== RUN   TestDatabaseDeadlineBoundsWorkerPoolAcquisition\n"}
{"Time":"2026-09-11T16:35:06.838435249-07:00","Action":"output","Package":"github.com/JDinSeattle/forge-runtime/internal/runner","Test":"TestInterruptedInitializationNeverOverwritesOrRebinds/partial_changed","Output":"--- PASS: TestInterruptedInitializationNeverOverwritesOrRebinds/partial_changed (0.37s)\n"}
{"Time":"2026-09-11T16:35:06.838479432-07:00","Action":"pass","Package":"github.com/JDinSeattle/forge-runtime/internal/runner","Test":"TestInterruptedInitializationNeverOverwritesOrRebinds/partial_changed","Elapsed":0.37}
{"Time":"2026-09-11T16:35:06.83861136-07:00","Action":"run","Package":"github.com/JDinSeattle/forge-runtime/internal/runner","Test":"TestInterruptedInitializationNeverOverwritesOrRebinds/unexpected_cache"}
{"Time":"2026-09-11T16:35:06.838635574-07:00","Action":"output","Package":"github.com/JDinSeattle/forge-runtime/internal/runner","Test":"TestInterruptedInitializationNeverOverwritesOrRebinds/unexpected_cache","Output":"=== RUN   TestInterruptedInitializationNeverOverwritesOrRebinds/unexpected_cache\n"}
{"Time":"2026-09-11T16:35:07.199739052-07:00","Action":"output","Package":"github.com/JDinSeattle/forge-runtime/internal/runner","Test":"TestInterruptedInitializationNeverOverwritesOrRebinds/unexpected_cache","Output":"--- PASS: TestInterruptedInitializationNeverOverwritesOrRebinds/unexpected_cache (0.36s)\n"}
{"Time":"2026-09-11T16:35:07.199778817-07:00","Action":"pass","Package":"github.com/JDinSeattle/forge-runtime/internal/runner","Test":"TestInterruptedInitializationNeverOverwritesOrRebinds/unexpected_cache","Elapsed":0.36}
{"Time":"2026-09-11T16:35:07.199828355-07:00","Action":"run","Package":"github.com/JDinSeattle/forge-runtime/internal/runner","Test":"TestInterruptedInitializationNeverOverwritesOrRebinds/legacy_unbound"}
{"Time":"2026-09-11T16:35:07.199844697-07:00","Action":"output","Package":"github.com/JDinSeattle/forge-runtime/internal/runner","Test":"TestInterruptedInitializationNeverOverwritesOrRebinds/legacy_unbound","Output":"=== RUN   TestInterruptedInitializationNeverOverwritesOrRebinds/legacy_unbound\n"}
{"Time":"2026-09-11T16:35:07.263062969-07:00","Action":"output","Package":"github.com/JDinSeattle/forge-runtime/tests/review","Test":"TestReviewApprovalMembershipRemainsLockedUntilDecisionCommit","Output":"--- PASS: TestReviewApprovalMembershipRemainsLockedUntilDecisionCommit (0.52s)\n"}
{"Time":"2026-09-11T16:35:07.263104967-07:00","Action":"pass","Package":"github.com/JDinSeattle/forge-runtime/tests/review","Test":"TestReviewApprovalMembershipRemainsLockedUntilDecisionCommit","Elapsed":0.52}
{"Time":"2026-09-11T16:35:07.263113817-07:00","Action":"run","Package":"github.com/JDinSeattle/forge-runtime/tests/review","Test":"TestReviewApprovalDenialAndTerminalDuplicatesKeepTheirSemantics"}
{"Time":"2026-09-11T16:35:07.263117642-07:00","Action":"output","Package":"github.com/JDinSeattle/forge-runtime/tests/review","Test":"TestReviewApprovalDenialAndTerminalDuplicatesKeepTheirSemantics","Output":"=== RUN   TestReviewApprovalDenialAndTerminalDuplicatesKeepTheirSemantics\n"}
{"Time":"2026-09-11T16:35:07.57235103-07:00","Action":"output","Package":"github.com/JDinSeattle/forge-runtime/internal/runner","Test":"TestInterruptedInitializationNeverOverwritesOrRebinds/legacy_unbound","Output":"--- PASS: TestInterruptedInitializationNeverOverwritesOrRebinds/legacy_unbound (0.37s)\n"}
{"Time":"2026-09-11T16:35:07.572480597-07:00","Action":"pass","Package":"github.com/JDinSeattle/forge-runtime/internal/runner","Test":"TestInterruptedInitializationNeverOverwritesOrRebinds/legacy_unbound","Elapsed":0.37}
{"Time":"2026-09-11T16:35:07.572510803-07:00","Action":"output","Package":"github.com/JDinSeattle/forge-runtime/internal/runner","Test":"TestInterruptedInitializationNeverOverwritesOrRebinds","Output":"--- PASS: TestInterruptedInitializationNeverOverwritesOrRebinds (1.43s)\n"}
{"Time":"2026-09-11T16:35:07.572532365-07:00","Action":"pass","Package":"github.com/JDinSeattle/forge-runtime/internal/runner","Test":"TestInterruptedInitializationNeverOverwritesOrRebinds","Elapsed":1.43}
{"Time":"2026-09-11T16:35:07.572606657-07:00","Action":"run","Package":"github.com/JDinSeattle/forge-runtime/internal/runner","Test":"TestUndispatchedOperationCancellationHasDurableProof"}
{"Time":"2026-09-11T16:35:07.572630747-07:00","Action":"output","Package":"github.com/JDinSeattle/forge-runtime/internal/runner","Test":"TestUndispatchedOperationCancellationHasDurableProof","Output":"=== RUN   TestUndispatchedOperationCancellationHasDurableProof\n"}
{"Time":"2026-09-11T16:35:07.753741575-07:00","Action":"output","Package":"github.com/JDinSeattle/forge-runtime/tests/review","Test":"TestReviewApprovalDenialAndTerminalDuplicatesKeepTheirSemantics","Output":"--- PASS: TestReviewApprovalDenialAndTerminalDuplicatesKeepTheirSemantics (0.49s)\n"}
{"Time":"2026-09-11T16:35:07.753778513-07:00","Action":"pass","Package":"github.com/JDinSeattle/forge-runtime/tests/review","Test":"TestReviewApprovalDenialAndTerminalDuplicatesKeepTheirSemantics","Elapsed":0.49}
{"Time":"2026-09-11T16:35:07.753786585-07:00","Action":"run","Package":"github.com/JDinSeattle/forge-runtime/tests/review","Test":"TestReviewCleanupRequiresTerminalSettledAgedStateAndIndependentLease"}
{"Time":"2026-09-11T16:35:07.75378952-07:00","Action":"output","Package":"github.com/JDinSeattle/forge-runtime/tests/review","Test":"TestReviewCleanupRequiresTerminalSettledAgedStateAndIndependentLease","Output":"=== RUN   TestReviewCleanupRequiresTerminalSettledAgedStateAndIndependentLease\n"}
{"Time":"2026-09-11T16:35:07.893117432-07:00","Action":"output","Package":"github.com/JDinSeattle/forge-runtime/internal/runner","Test":"TestUndispatchedOperationCancellationHasDurableProof","Output":"--- PASS: TestUndispatchedOperationCancellationHasDurableProof (0.32s)\n"}
{"Time":"2026-09-11T16:35:07.893143369-07:00","Action":"pass","Package":"github.com/JDinSeattle/forge-runtime/internal/runner","Test":"TestUndispatchedOperationCancellationHasDurableProof","Elapsed":0.32}
{"Time":"2026-09-11T16:35:07.893148184-07:00","Action":"run","Package":"github.com/JDinSeattle/forge-runtime/internal/runner","Test":"TestAllReturnedArtifactKindsAreDurablyPinned"}
{"Time":"2026-09-11T16:35:07.893149691-07:00","Action":"output","Package":"github.com/JDinSeattle/forge-runtime/internal/runner","Test":"TestAllReturnedArtifactKindsAreDurablyPinned","Output":"=== RUN   TestAllReturnedArtifactKindsAreDurablyPinned\n"}
{"Time":"2026-09-11T16:35:08.320863149-07:00","Action":"output","Package":"github.com/JDinSeattle/forge-runtime/internal/runner","Test":"TestAllReturnedArtifactKindsAreDurablyPinned","Output":"--- PASS: TestAllReturnedArtifactKindsAreDurablyPinned (0.43s)\n"}
{"Time":"2026-09-11T16:35:08.320894755-07:00","Action":"pass","Package":"github.com/JDinSeattle/forge-runtime/internal/runner","Test":"TestAllReturnedArtifactKindsAreDurablyPinned","Elapsed":0.43}
{"Time":"2026-09-11T16:35:08.32090306-07:00","Action":"run","Package":"github.com/JDinSeattle/forge-runtime/internal/runner","Test":"TestArtifactPinIdentityAllowsKindButRejectsCorruption"}
{"Time":"2026-09-11T16:35:08.32090636-07:00","Action":"output","Package":"github.com/JDinSeattle/forge-runtime/internal/runner","Test":"TestArtifactPinIdentityAllowsKindButRejectsCorruption","Output":"=== RUN   TestArtifactPinIdentityAllowsKindButRejectsCorruption\n"}
{"Time":"2026-09-11T16:35:08.615877122-07:00","Action":"output","Package":"github.com/JDinSeattle/forge-runtime/tests/review","Test":"TestReviewCleanupRequiresTerminalSettledAgedStateAndIndependentLease","Output":"--- PASS: TestReviewCleanupRequiresTerminalSettledAgedStateAndIndependentLease (0.86s)\n"}
{"Time":"2026-09-11T16:35:08.61590461-07:00","Action":"pass","Package":"github.com/JDinSeattle/forge-runtime/tests/review","Test":"TestReviewCleanupRequiresTerminalSettledAgedStateAndIndependentLease","Elapsed":0.86}
{"Time":"2026-09-11T16:35:08.615909057-07:00","Action":"run","Package":"github.com/JDinSeattle/forge-runtime/tests/review","Test":"TestRecoveryIndependentCollectorDelivery"}
{"Time":"2026-09-11T16:35:08.615910638-07:00","Action":"output","Package":"github.com/JDinSeattle/forge-runtime/tests/review","Test":"TestRecoveryIndependentCollectorDelivery","Output":"=== RUN   TestRecoveryIndependentCollectorDelivery\n"}
{"Time":"2026-09-11T16:35:08.615926196-07:00","Action":"output","Package":"github.com/JDinSeattle/forge-runtime/tests/review","Test":"TestRecoveryIndependentCollectorDelivery","Output":"    collector_test.go:27: requires separately running collector and its file-exporter output\n"}
{"Time":"2026-09-11T16:35:08.615940457-07:00","Action":"output","Package":"github.com/JDinSeattle/forge-runtime/tests/review","Test":"TestRecoveryIndependentCollectorDelivery","Output":"--- SKIP: TestRecoveryIndependentCollectorDelivery (0.00s)\n"}
{"Time":"2026-09-11T16:35:08.615946769-07:00","Action":"skip","Package":"github.com/JDinSeattle/forge-runtime/tests/review","Test":"TestRecoveryIndependentCollectorDelivery","Elapsed":0}
{"Time":"2026-09-11T16:35:08.615953005-07:00","Action":"run","Package":"github.com/JDinSeattle/forge-runtime/tests/review","Test":"TestReviewSSESnapshotToRegistrationGapReplaysHistory"}
{"Time":"2026-09-11T16:35:08.615954245-07:00","Action":"output","Package":"github.com/JDinSeattle/forge-runtime/tests/review","Test":"TestReviewSSESnapshotToRegistrationGapReplaysHistory","Output":"=== RUN   TestReviewSSESnapshotToRegistrationGapReplaysHistory\n"}
{"Time":"2026-09-11T16:35:08.617222263-07:00","Action":"output","Package":"github.com/JDinSeattle/forge-runtime/tests/review","Test":"TestReviewSSESnapshotToRegistrationGapReplaysHistory","Output":"--- PASS: TestReviewSSESnapshotToRegistrationGapReplaysHistory (0.00s)\n"}
{"Time":"2026-09-11T16:35:08.617251642-07:00","Action":"pass","Package":"github.com/JDinSeattle/forge-runtime/tests/review","Test":"TestReviewSSESnapshotToRegistrationGapReplaysHistory","Elapsed":0}
{"Time":"2026-09-11T16:35:08.617259863-07:00","Action":"run","Package":"github.com/JDinSeattle/forge-runtime/tests/review","Test":"TestReviewSSEReconnectAfterGapStartsFreshHub"}
{"Time":"2026-09-11T16:35:08.617263536-07:00","Action":"output","Package":"github.com/JDinSeattle/forge-runtime/tests/review","Test":"TestReviewSSEReconnectAfterGapStartsFreshHub","Output":"=== RUN   TestReviewSSEReconnectAfterGapStartsFreshHub\n"}
{"Time":"2026-09-11T16:35:08.620539785-07:00","Action":"output","Package":"github.com/JDinSeattle/forge-runtime/tests/review","Test":"TestReviewSSEReconnectAfterGapStartsFreshHub","Output":"--- PASS: TestReviewSSEReconnectAfterGapStartsFreshHub (0.00s)\n"}
{"Time":"2026-09-11T16:35:08.620554733-07:00","Action":"pass","Package":"github.com/JDinSeattle/forge-runtime/tests/review","Test":"TestReviewSSEReconnectAfterGapStartsFreshHub","Elapsed":0}
{"Time":"2026-09-11T16:35:08.620557268-07:00","Action":"run","Package":"github.com/JDinSeattle/forge-runtime/tests/review","Test":"TestReviewHTTPExpiredCursorRequiresSnapshotReset"}
{"Time":"2026-09-11T16:35:08.620558529-07:00","Action":"output","Package":"github.com/JDinSeattle/forge-runtime/tests/review","Test":"TestReviewHTTPExpiredCursorRequiresSnapshotReset","Output":"=== RUN   TestReviewHTTPExpiredCursorRequiresSnapshotReset\n"}
{"Time":"2026-09-11T16:35:08.62060779-07:00","Action":"run","Package":"github.com/JDinSeattle/forge-runtime/tests/review","Test":"TestReviewHTTPExpiredCursorRequiresSnapshotReset/cutoff_during_subscribe_false"}
{"Time":"2026-09-11T16:35:08.620628921-07:00","Action":"output","Package":"github.com/JDinSeattle/forge-runtime/tests/review","Test":"TestReviewHTTPExpiredCursorRequiresSnapshotReset/cutoff_during_subscribe_false","Output":"=== RUN   TestReviewHTTPExpiredCursorRequiresSnapshotReset/cutoff_during_subscribe_false\n"}
{"Time":"2026-09-11T16:35:08.629309852-07:00","Action":"output","Package":"github.com/JDinSeattle/forge-runtime/internal/runner","Test":"TestArtifactPinIdentityAllowsKindButRejectsCorruption","Output":"--- PASS: TestArtifactPinIdentityAllowsKindButRejectsCorruption (0.31s)\n"}
{"Time":"2026-09-11T16:35:08.629352944-07:00","Action":"pass","Package":"github.com/JDinSeattle/forge-runtime/internal/runner","Test":"TestArtifactPinIdentityAllowsKindButRejectsCorruption","Elapsed":0.31}
{"Time":"2026-09-11T16:35:08.629361141-07:00","Action":"run","Package":"github.com/JDinSeattle/forge-runtime/internal/runner","Test":"TestStartIntentPreventsNeverStartedAssumption"}
{"Time":"2026-09-11T16:35:08.629364729-07:00","Action":"output","Package":"github.com/JDinSeattle/forge-runtime/internal/runner","Test":"TestStartIntentPreventsNeverStartedAssumption","Output":"=== RUN   TestStartIntentPreventsNeverStartedAssumption\n"}
{"Time":"2026-09-11T16:35:08.879045488-07:00","Action":"output","Package":"github.com/JDinSeattle/forge-runtime/internal/runner","Test":"TestStartIntentPreventsNeverStartedAssumption","Output":"--- PASS: TestStartIntentPreventsNeverStartedAssumption (0.25s)\n"}
{"Time":"2026-09-11T16:35:08.879077244-07:00","Action":"pass","Package":"github.com/JDinSeattle/forge-runtime/internal/runner","Test":"TestStartIntentPreventsNeverStartedAssumption","Elapsed":0.25}
{"Time":"2026-09-11T16:35:08.879085404-07:00","Action":"run","Package":"github.com/JDinSeattle/forge-runtime/internal/runner","Test":"TestCreatedUndispatchedCancellationReachesLockedProof"}
{"Time":"2026-09-11T16:35:08.879089061-07:00","Action":"output","Package":"github.com/JDinSeattle/forge-runtime/internal/runner","Test":"TestCreatedUndispatchedCancellationReachesLockedProof","Output":"=== RUN   TestCreatedUndispatchedCancellationReachesLockedProof\n"}
{"Time":"2026-09-11T16:35:08.879097638-07:00","Action":"run","Package":"github.com/JDinSeattle/forge-runtime/internal/runner","Test":"TestCreatedUndispatchedCancellationReachesLockedProof/cancel"}
{"Time":"2026-09-11T16:35:08.879106766-07:00","Action":"output","Package":"github.com/JDinSeattle/forge-runtime/internal/runner","Test":"TestCreatedUndispatchedCancellationReachesLockedProof/cancel","Output":"=== RUN   TestCreatedUndispatchedCancellationReachesLockedProof/cancel\n"}
{"Time":"2026-09-11T16:35:08.973039474-07:00","Action":"output","Package":"github.com/JDinSeattle/forge-runtime/tests/review","Test":"TestReviewHTTPExpiredCursorRequiresSnapshotReset/cutoff_during_subscribe_false","Output":"--- PASS: TestReviewHTTPExpiredCursorRequiresSnapshotReset/cutoff_during_subscribe_false (0.35s)\n"}
{"Time":"2026-09-11T16:35:08.973075705-07:00","Action":"pass","Package":"github.com/JDinSeattle/forge-runtime/tests/review","Test":"TestReviewHTTPExpiredCursorRequiresSnapshotReset/cutoff_during_subscribe_false","Elapsed":0.35}
{"Time":"2026-09-11T16:35:08.97308393-07:00","Action":"run","Package":"github.com/JDinSeattle/forge-runtime/tests/review","Test":"TestReviewHTTPExpiredCursorRequiresSnapshotReset/cutoff_during_subscribe_true"}
{"Time":"2026-09-11T16:35:08.973087712-07:00","Action":"output","Package":"github.com/JDinSeattle/forge-runtime/tests/review","Test":"TestReviewHTTPExpiredCursorRequiresSnapshotReset/cutoff_during_subscribe_true","Output":"=== RUN   TestReviewHTTPExpiredCursorRequiresSnapshotReset/cutoff_during_subscribe_true\n"}
{"Time":"2026-09-11T16:35:09.306559032-07:00","Action":"output","Package":"github.com/JDinSeattle/forge-runtime/internal/runner","Test":"TestCreatedUndispatchedCancellationReachesLockedProof/cancel","Output":"--- PASS: TestCreatedUndispatchedCancellationReachesLockedProof/cancel (0.43s)\n"}
{"Time":"2026-09-11T16:35:09.306615548-07:00","Action":"pass","Package":"github.com/JDinSeattle/forge-runtime/internal/runner","Test":"TestCreatedUndispatchedCancellationReachesLockedProof/cancel","Elapsed":0.43}
{"Time":"2026-09-11T16:35:09.306619829-07:00","Action":"run","Package":"github.com/JDinSeattle/forge-runtime/internal/runner","Test":"TestCreatedUndispatchedCancellationReachesLockedProof/stop"}
{"Time":"2026-09-11T16:35:09.306621398-07:00","Action":"output","Package":"github.com/JDinSeattle/forge-runtime/internal/runner","Test":"TestCreatedUndispatchedCancellationReachesLockedProof/stop","Output":"=== RUN   TestCreatedUndispatchedCancellationReachesLockedProof/stop\n"}
{"Time":"2026-09-11T16:35:09.38037147-07:00","Action":"output","Package":"github.com/JDinSeattle/forge-runtime/tests/review","Test":"TestReviewHTTPExpiredCursorRequiresSnapshotReset/cutoff_during_subscribe_true","Output":"--- PASS: TestReviewHTTPExpiredCursorRequiresSnapshotReset/cutoff_during_subscribe_true (0.41s)\n"}
{"Time":"2026-09-11T16:35:09.380410498-07:00","Action":"pass","Package":"github.com/JDinSeattle/forge-runtime/tests/review","Test":"TestReviewHTTPExpiredCursorRequiresSnapshotReset/cutoff_during_subscribe_true","Elapsed":0.41}
{"Time":"2026-09-11T16:35:09.380419644-07:00","Action":"output","Package":"github.com/JDinSeattle/forge-runtime/tests/review","Test":"TestReviewHTTPExpiredCursorRequiresSnapshotReset","Output":"--- PASS: TestReviewHTTPExpiredCursorRequiresSnapshotReset (0.76s)\n"}
{"Time":"2026-09-11T16:35:09.380424139-07:00","Action":"pass","Package":"github.com/JDinSeattle/forge-runtime/tests/review","Test":"TestReviewHTTPExpiredCursorRequiresSnapshotReset","Elapsed":0.76}
{"Time":"2026-09-11T16:35:09.380452625-07:00","Action":"run","Package":"github.com/JDinSeattle/forge-runtime/tests/review","Test":"TestReviewHTTPUsesRealNonOwnerTenantScopeAndArtifactBytes"}
{"Time":"2026-09-11T16:35:09.380457036-07:00","Action":"output","Package":"github.com/JDinSeattle/forge-runtime/tests/review","Test":"TestReviewHTTPUsesRealNonOwnerTenantScopeAndArtifactBytes","Output":"=== RUN   TestReviewHTTPUsesRealNonOwnerTenantScopeAndArtifactBytes\n"}
{"Time":"2026-09-11T16:35:09.845536459-07:00","Action":"output","Package":"github.com/JDinSeattle/forge-runtime/internal/runner","Test":"TestCreatedUndispatchedCancellationReachesLockedProof/stop","Output":"--- PASS: TestCreatedUndispatchedCancellationReachesLockedProof/stop (0.54s)\n"}
{"Time":"2026-09-11T16:35:09.84561502-07:00","Action":"pass","Package":"github.com/JDinSeattle/forge-runtime/internal/runner","Test":"TestCreatedUndispatchedCancellationReachesLockedProof/stop","Elapsed":0.54}
{"Time":"2026-09-11T16:35:09.845640414-07:00","Action":"run","Package":"github.com/JDinSeattle/forge-runtime/internal/runner","Test":"TestCreatedUndispatchedCancellationReachesLockedProof/adopt"}
{"Time":"2026-09-11T16:35:09.845654053-07:00","Action":"output","Package":"github.com/JDinSeattle/forge-runtime/internal/runner","Test":"TestCreatedUndispatchedCancellationReachesLockedProof/adopt","Output":"=== RUN   TestCreatedUndispatchedCancellationReachesLockedProof/adopt\n"}
{"Time":"2026-09-11T16:35:09.938310172-07:00","Action":"run","Package":"github.com/JDinSeattle/forge-runtime/tests/review","Test":"TestReviewHTTPUsesRealNonOwnerTenantScopeAndArtifactBytes/missing_bearer"}
{"Time":"2026-09-11T16:35:09.938333308-07:00","Action":"output","Package":"github.com/JDinSeattle/forge-runtime/tests/review","Test":"TestReviewHTTPUsesRealNonOwnerTenantScopeAndArtifactBytes/missing_bearer","Output":"=== RUN   TestReviewHTTPUsesRealNonOwnerTenantScopeAndArtifactBytes/missing_bearer\n"}
{"Time":"2026-09-11T16:35:09.938417369-07:00","Action":"output","Package":"github.com/JDinSeattle/forge-runtime/tests/review","Test":"TestReviewHTTPUsesRealNonOwnerTenantScopeAndArtifactBytes/missing_bearer","Output":"--- PASS: TestReviewHTTPUsesRealNonOwnerTenantScopeAndArtifactBytes/missing_bearer (0.00s)\n"}
{"Time":"2026-09-11T16:35:09.938428657-07:00","Action":"pass","Package":"github.com/JDinSeattle/forge-runtime/tests/review","Test":"TestReviewHTTPUsesRealNonOwnerTenantScopeAndArtifactBytes/missing_bearer","Elapsed":0}
{"Time":"2026-09-11T16:35:09.938436793-07:00","Action":"run","Package":"github.com/JDinSeattle/forge-runtime/tests/review","Test":"TestReviewHTTPUsesRealNonOwnerTenantScopeAndArtifactBytes/valid_own_run"}
{"Time":"2026-09-11T16:35:09.938439225-07:00","Action":"output","Package":"github.com/JDinSeattle/forge-runtime/tests/review","Test":"TestReviewHTTPUsesRealNonOwnerTenantScopeAndArtifactBytes/valid_own_run","Output":"=== RUN   TestReviewHTTPUsesRealNonOwnerTenantScopeAndArtifactBytes/valid_own_run\n"}
{"Time":"2026-09-11T16:35:09.941426222-07:00","Action":"output","Package":"github.com/JDinSeattle/forge-runtime/tests/review","Test":"TestReviewHTTPUsesRealNonOwnerTenantScopeAndArtifactBytes/valid_own_run","Output":"--- PASS: TestReviewHTTPUsesRealNonOwnerTenantScopeAndArtifactBytes/valid_own_run (0.00s)\n"}
{"Time":"2026-09-11T16:35:09.941438873-07:00","Action":"pass","Package":"github.com/JDinSeattle/forge-runtime/tests/review","Test":"TestReviewHTTPUsesRealNonOwnerTenantScopeAndArtifactBytes/valid_own_run","Elapsed":0}
{"Time":"2026-09-11T16:35:09.941441503-07:00","Action":"run","Package":"github.com/JDinSeattle/forge-runtime/tests/review","Test":"TestReviewHTTPUsesRealNonOwnerTenantScopeAndArtifactBytes/same_principal_wrong_tenant"}
{"Time":"2026-09-11T16:35:09.941442726-07:00","Action":"output","Package":"github.com/JDinSeattle/forge-runtime/tests/review","Test":"TestReviewHTTPUsesRealNonOwnerTenantScopeAndArtifactBytes/same_principal_wrong_tenant","Output":"=== RUN   TestReviewHTTPUsesRealNonOwnerTenantScopeAndArtifactBytes/same_principal_wrong_tenant\n"}
{"Time":"2026-09-11T16:35:09.94199469-07:00","Action":"output","Package":"github.com/JDinSeattle/forge-runtime/tests/review","Test":"TestReviewHTTPUsesRealNonOwnerTenantScopeAndArtifactBytes/same_principal_wrong_tenant","Output":"--- PASS: TestReviewHTTPUsesRealNonOwnerTenantScopeAndArtifactBytes/same_principal_wrong_tenant (0.00s)\n"}
{"Time":"2026-09-11T16:35:09.942002152-07:00","Action":"pass","Package":"github.com/JDinSeattle/forge-runtime/tests/review","Test":"TestReviewHTTPUsesRealNonOwnerTenantScopeAndArtifactBytes/same_principal_wrong_tenant","Elapsed":0}
{"Time":"2026-09-11T16:35:09.942013245-07:00","Action":"run","Package":"github.com/JDinSeattle/forge-runtime/tests/review","Test":"TestReviewHTTPUsesRealNonOwnerTenantScopeAndArtifactBytes/missing_membership"}
{"Time":"2026-09-11T16:35:09.942015094-07:00","Action":"output","Package":"github.com/JDinSeattle/forge-runtime/tests/review","Test":"TestReviewHTTPUsesRealNonOwnerTenantScopeAndArtifactBytes/missing_membership","Output":"=== RUN   TestReviewHTTPUsesRealNonOwnerTenantScopeAndArtifactBytes/missing_membership\n"}
{"Time":"2026-09-11T16:35:09.942191036-07:00","Action":"output","Package":"github.com/JDinSeattle/forge-runtime/tests/review","Test":"TestReviewHTTPUsesRealNonOwnerTenantScopeAndArtifactBytes/missing_membership","Output":"--- PASS: TestReviewHTTPUsesRealNonOwnerTenantScopeAndArtifactBytes/missing_membership (0.00s)\n"}
{"Time":"2026-09-11T16:35:09.94219763-07:00","Action":"pass","Package":"github.com/JDinSeattle/forge-runtime/tests/review","Test":"TestReviewHTTPUsesRealNonOwnerTenantScopeAndArtifactBytes/missing_membership","Elapsed":0}
{"Time":"2026-09-11T16:35:09.942207556-07:00","Action":"run","Package":"github.com/JDinSeattle/forge-runtime/tests/review","Test":"TestReviewHTTPUsesRealNonOwnerTenantScopeAndArtifactBytes/viewer_read"}
{"Time":"2026-09-11T16:35:09.94220972-07:00","Action":"output","Package":"github.com/JDinSeattle/forge-runtime/tests/review","Test":"TestReviewHTTPUsesRealNonOwnerTenantScopeAndArtifactBytes/viewer_read","Output":"=== RUN   TestReviewHTTPUsesRealNonOwnerTenantScopeAndArtifactBytes/viewer_read\n"}
{"Time":"2026-09-11T16:35:09.942870588-07:00","Action":"output","Package":"github.com/JDinSeattle/forge-runtime/tests/review","Test":"TestReviewHTTPUsesRealNonOwnerTenantScopeAndArtifactBytes/viewer_read","Output":"--- PASS: TestReviewHTTPUsesRealNonOwnerTenantScopeAndArtifactBytes/viewer_read (0.00s)\n"}
{"Time":"2026-09-11T16:35:09.942877855-07:00","Action":"pass","Package":"github.com/JDinSeattle/forge-runtime/tests/review","Test":"TestReviewHTTPUsesRealNonOwnerTenantScopeAndArtifactBytes/viewer_read","Elapsed":0}
{"Time":"2026-09-11T16:35:09.942885688-07:00","Action":"run","Package":"github.com/JDinSeattle/forge-runtime/tests/review","Test":"TestReviewHTTPUsesRealNonOwnerTenantScopeAndArtifactBytes/viewer_cancel"}
{"Time":"2026-09-11T16:35:09.942887344-07:00","Action":"output","Package":"github.com/JDinSeattle/forge-runtime/tests/review","Test":"TestReviewHTTPUsesRealNonOwnerTenantScopeAndArtifactBytes/viewer_cancel","Output":"=== RUN   TestReviewHTTPUsesRealNonOwnerTenantScopeAndArtifactBytes/viewer_cancel\n"}
{"Time":"2026-09-11T16:35:09.943093459-07:00","Action":"output","Package":"github.com/JDinSeattle/forge-runtime/tests/review","Test":"TestReviewHTTPUsesRealNonOwnerTenantScopeAndArtifactBytes/viewer_cancel","Output":"--- PASS: TestReviewHTTPUsesRealNonOwnerTenantScopeAndArtifactBytes/viewer_cancel (0.00s)\n"}
{"Time":"2026-09-11T16:35:09.94310138-07:00","Action":"pass","Package":"github.com/JDinSeattle/forge-runtime/tests/review","Test":"TestReviewHTTPUsesRealNonOwnerTenantScopeAndArtifactBytes/viewer_cancel","Elapsed":0}
{"Time":"2026-09-11T16:35:09.943112476-07:00","Action":"run","Package":"github.com/JDinSeattle/forge-runtime/tests/review","Test":"TestReviewHTTPUsesRealNonOwnerTenantScopeAndArtifactBytes/viewer_message"}
{"Time":"2026-09-11T16:35:09.943114372-07:00","Action":"output","Package":"github.com/JDinSeattle/forge-runtime/tests/review","Test":"TestReviewHTTPUsesRealNonOwnerTenantScopeAndArtifactBytes/viewer_message","Output":"=== RUN   TestReviewHTTPUsesRealNonOwnerTenantScopeAndArtifactBytes/viewer_message\n"}
{"Time":"2026-09-11T16:35:09.943332813-07:00","Action":"output","Package":"github.com/JDinSeattle/forge-runtime/tests/review","Test":"TestReviewHTTPUsesRealNonOwnerTenantScopeAndArtifactBytes/viewer_message","Output":"--- PASS: TestReviewHTTPUsesRealNonOwnerTenantScopeAndArtifactBytes/viewer_message (0.00s)\n"}
{"Time":"2026-09-11T16:35:09.943341622-07:00","Action":"pass","Package":"github.com/JDinSeattle/forge-runtime/tests/review","Test":"TestReviewHTTPUsesRealNonOwnerTenantScopeAndArtifactBytes/viewer_message","Elapsed":0}
{"Time":"2026-09-11T16:35:09.943350202-07:00","Action":"run","Package":"github.com/JDinSeattle/forge-runtime/tests/review","Test":"TestReviewHTTPUsesRealNonOwnerTenantScopeAndArtifactBytes/cross_tenant_artifact_list"}
{"Time":"2026-09-11T16:35:09.943352105-07:00","Action":"output","Package":"github.com/JDinSeattle/forge-runtime/tests/review","Test":"TestReviewHTTPUsesRealNonOwnerTenantScopeAndArtifactBytes/cross_tenant_artifact_list","Output":"=== RUN   TestReviewHTTPUsesRealNonOwnerTenantScopeAndArtifactBytes/cross_tenant_artifact_list\n"}
{"Time":"2026-09-11T16:35:09.943851633-07:00","Action":"output","Package":"github.com/JDinSeattle/forge-runtime/tests/review","Test":"TestReviewHTTPUsesRealNonOwnerTenantScopeAndArtifactBytes/cross_tenant_artifact_list","Output":"--- PASS: TestReviewHTTPUsesRealNonOwnerTenantScopeAndArtifactBytes/cross_tenant_artifact_list (0.00s)\n"}
{"Time":"2026-09-11T16:35:09.943858934-07:00","Action":"pass","Package":"github.com/JDinSeattle/forge-runtime/tests/review","Test":"TestReviewHTTPUsesRealNonOwnerTenantScopeAndArtifactBytes/cross_tenant_artifact_list","Elapsed":0}
{"Time":"2026-09-11T16:35:10.112247078-07:00","Action":"output","Package":"github.com/JDinSeattle/forge-runtime/tests/review","Test":"TestReviewHTTPUsesRealNonOwnerTenantScopeAndArtifactBytes","Output":"--- PASS: TestReviewHTTPUsesRealNonOwnerTenantScopeAndArtifactBytes (0.73s)\n"}
{"Time":"2026-09-11T16:35:10.112268257-07:00","Action":"pass","Package":"github.com/JDinSeattle/forge-runtime/tests/review","Test":"TestReviewHTTPUsesRealNonOwnerTenantScopeAndArtifactBytes","Elapsed":0.73}
{"Time":"2026-09-11T16:35:10.11227291-07:00","Action":"run","Package":"github.com/JDinSeattle/forge-runtime/tests/review","Test":"TestReviewAPIProcessShutdownDrainsAndSuccessorReplays"}
{"Time":"2026-09-11T16:35:10.112278215-07:00","Action":"output","Package":"github.com/JDinSeattle/forge-runtime/tests/review","Test":"TestReviewAPIProcessShutdownDrainsAndSuccessorReplays","Output":"=== RUN   TestReviewAPIProcessShutdownDrainsAndSuccessorReplays\n"}
{"Time":"2026-09-11T16:35:10.203620703-07:00","Action":"output","Package":"github.com/JDinSeattle/forge-runtime/internal/persistence","Test":"TestDatabaseDeadlineBoundsWorkerPoolAcquisition","Output":"--- PASS: TestDatabaseDeadlineBoundsWorkerPoolAcquisition (3.41s)\n"}
{"Time":"2026-09-11T16:35:10.203654118-07:00","Action":"pass","Package":"github.com/JDinSeattle/forge-runtime/internal/persistence","Test":"TestDatabaseDeadlineBoundsWorkerPoolAcquisition","Elapsed":3.41}
{"Time":"2026-09-11T16:35:10.203663321-07:00","Action":"run","Package":"github.com/JDinSeattle/forge-runtime/internal/persistence","Test":"TestTransactionDeadlineCannotResetAndRollbackUsesCleanupContext"}
{"Time":"2026-09-11T16:35:10.203667199-07:00","Action":"output","Package":"github.com/JDinSeattle/forge-runtime/internal/persistence","Test":"TestTransactionDeadlineCannotResetAndRollbackUsesCleanupContext","Output":"=== RUN   TestTransactionDeadlineCannotResetAndRollbackUsesCleanupContext\n"}
{"Time":"2026-09-11T16:35:10.298174107-07:00","Action":"output","Package":"github.com/JDinSeattle/forge-runtime/internal/runner","Test":"TestCreatedUndispatchedCancellationReachesLockedProof/adopt","Output":"--- PASS: TestCreatedUndispatchedCancellationReachesLockedProof/adopt (0.45s)\n"}
{"Time":"2026-09-11T16:35:10.298210698-07:00","Action":"pass","Package":"github.com/JDinSeattle/forge-runtime/internal/runner","Test":"TestCreatedUndispatchedCancellationReachesLockedProof/adopt","Elapsed":0.45}
{"Time":"2026-09-11T16:35:10.298228707-07:00","Action":"output","Package":"github.com/JDinSeattle/forge-runtime/internal/runner","Test":"TestCreatedUndispatchedCancellationReachesLockedProof","Output":"--- PASS: TestCreatedUndispatchedCancellationReachesLockedProof (1.42s)\n"}
{"Time":"2026-09-11T16:35:10.298267217-07:00","Action":"pass","Package":"github.com/JDinSeattle/forge-runtime/internal/runner","Test":"TestCreatedUndispatchedCancellationReachesLockedProof","Elapsed":1.42}
{"Time":"2026-09-11T16:35:10.298290754-07:00","Action":"run","Package":"github.com/JDinSeattle/forge-runtime/internal/runner","Test":"TestJournalIdentityStableAcrossReopenAndDistinctAcrossFiles"}
{"Time":"2026-09-11T16:35:10.298296561-07:00","Action":"output","Package":"github.com/JDinSeattle/forge-runtime/internal/runner","Test":"TestJournalIdentityStableAcrossReopenAndDistinctAcrossFiles","Output":"=== RUN   TestJournalIdentityStableAcrossReopenAndDistinctAcrossFiles\n"}
{"Time":"2026-09-11T16:35:10.538372122-07:00","Action":"output","Package":"github.com/JDinSeattle/forge-runtime/internal/persistence","Test":"TestTransactionDeadlineCannotResetAndRollbackUsesCleanupContext","Output":"    deadline_integration_test.go:107: pool acquired=0 after 3.588505ms cleanup observation\n"}
{"Time":"2026-09-11T16:35:10.586895934-07:00","Action":"output","Package":"github.com/JDinSeattle/forge-runtime/internal/runner","Test":"TestJournalIdentityStableAcrossReopenAndDistinctAcrossFiles","Output":"--- PASS: TestJournalIdentityStableAcrossReopenAndDistinctAcrossFiles (0.29s)\n"}
{"Time":"2026-09-11T16:35:10.586917136-07:00","Action":"pass","Package":"github.com/JDinSeattle/forge-runtime/internal/runner","Test":"TestJournalIdentityStableAcrossReopenAndDistinctAcrossFiles","Elapsed":0.29}
{"Time":"2026-09-11T16:35:10.586921937-07:00","Action":"run","Package":"github.com/JDinSeattle/forge-runtime/internal/runner","Test":"TestExistingV4NeverInventsMissingOrMalformedIdentity"}
{"Time":"2026-09-11T16:35:10.586923613-07:00","Action":"output","Package":"github.com/JDinSeattle/forge-runtime/internal/runner","Test":"TestExistingV4NeverInventsMissingOrMalformedIdentity","Output":"=== RUN   TestExistingV4NeverInventsMissingOrMalformedIdentity\n"}
{"Time":"2026-09-11T16:35:10.586929007-07:00","Action":"run","Package":"github.com/JDinSeattle/forge-runtime/internal/runner","Test":"TestExistingV4NeverInventsMissingOrMalformedIdentity/table"}
{"Time":"2026-09-11T16:35:10.586930578-07:00","Action":"output","Package":"github.com/JDinSeattle/forge-runtime/internal/runner","Test":"TestExistingV4NeverInventsMissingOrMalformedIdentity/table","Output":"=== RUN   TestExistingV4NeverInventsMissingOrMalformedIdentity/table\n"}
{"Time":"2026-09-11T16:35:10.59124724-07:00","Action":"output","Package":"github.com/JDinSeattle/forge-runtime/internal/persistence","Test":"TestTransactionDeadlineCannotResetAndRollbackUsesCleanupContext","Output":"--- PASS: TestTransactionDeadlineCannotResetAndRollbackUsesCleanupContext (0.39s)\n"}
{"Time":"2026-09-11T16:35:10.591262399-07:00","Action":"pass","Package":"github.com/JDinSeattle/forge-runtime/internal/persistence","Test":"TestTransactionDeadlineCannotResetAndRollbackUsesCleanupContext","Elapsed":0.39}
{"Time":"2026-09-11T16:35:10.591266131-07:00","Action":"run","Package":"github.com/JDinSeattle/forge-runtime/internal/persistence","Test":"TestQuotaLockDeadlineLeavesLedgerUsable"}
{"Time":"2026-09-11T16:35:10.591267571-07:00","Action":"output","Package":"github.com/JDinSeattle/forge-runtime/internal/persistence","Test":"TestQuotaLockDeadlineLeavesLedgerUsable","Output":"=== RUN   TestQuotaLockDeadlineLeavesLedgerUsable\n"}
{"Time":"2026-09-11T16:35:10.749225283-07:00","Action":"output","Package":"github.com/JDinSeattle/forge-runtime/internal/runner","Test":"TestExistingV4NeverInventsMissingOrMalformedIdentity/table","Output":"--- PASS: TestExistingV4NeverInventsMissingOrMalformedIdentity/table (0.16s)\n"}
{"Time":"2026-09-11T16:35:10.749248082-07:00","Action":"pass","Package":"github.com/JDinSeattle/forge-runtime/internal/runner","Test":"TestExistingV4NeverInventsMissingOrMalformedIdentity/table","Elapsed":0.16}
{"Time":"2026-09-11T16:35:10.749251956-07:00","Action":"run","Package":"github.com/JDinSeattle/forge-runtime/internal/runner","Test":"TestExistingV4NeverInventsMissingOrMalformedIdentity/row"}
{"Time":"2026-09-11T16:35:10.749253877-07:00","Action":"output","Package":"github.com/JDinSeattle/forge-runtime/internal/runner","Test":"TestExistingV4NeverInventsMissingOrMalformedIdentity/row","Output":"=== RUN   TestExistingV4NeverInventsMissingOrMalformedIdentity/row\n"}
{"Time":"2026-09-11T16:35:10.874900148-07:00","Action":"output","Package":"github.com/JDinSeattle/forge-runtime/tests/review","Test":"TestReviewAPIProcessShutdownDrainsAndSuccessorReplays","Output":"--- PASS: TestReviewAPIProcessShutdownDrainsAndSuccessorReplays (0.76s)\n"}
{"Time":"2026-09-11T16:35:10.874928984-07:00","Action":"pass","Package":"github.com/JDinSeattle/forge-runtime/tests/review","Test":"TestReviewAPIProcessShutdownDrainsAndSuccessorReplays","Elapsed":0.76}
{"Time":"2026-09-11T16:35:10.874936437-07:00","Action":"run","Package":"github.com/JDinSeattle/forge-runtime/tests/review","Test":"TestReviewReservedPriorityIsBoundedAndPreservesFIFO"}
{"Time":"2026-09-11T16:35:10.874941239-07:00","Action":"output","Package":"github.com/JDinSeattle/forge-runtime/tests/review","Test":"TestReviewReservedPriorityIsBoundedAndPreservesFIFO","Output":"=== RUN   TestReviewReservedPriorityIsBoundedAndPreservesFIFO\n"}
{"Time":"2026-09-11T16:35:10.895713762-07:00","Action":"output","Package":"github.com/JDinSeattle/forge-runtime/internal/runner","Test":"TestExistingV4NeverInventsMissingOrMalformedIdentity/row","Output":"--- PASS: TestExistingV4NeverInventsMissingOrMalformedIdentity/row (0.15s)\n"}
{"Time":"2026-09-11T16:35:10.895751122-07:00","Action":"pass","Package":"github.com/JDinSeattle/forge-runtime/internal/runner","Test":"TestExistingV4NeverInventsMissingOrMalformedIdentity/row","Elapsed":0.15}
{"Time":"2026-09-11T16:35:10.895758081-07:00","Action":"run","Package":"github.com/JDinSeattle/forge-runtime/internal/runner","Test":"TestExistingV4NeverInventsMissingOrMalformedIdentity/malformed"}
{"Time":"2026-09-11T16:35:10.895760537-07:00","Action":"output","Package":"github.com/JDinSeattle/forge-runtime/internal/runner","Test":"TestExistingV4NeverInventsMissingOrMalformedIdentity/malformed","Output":"=== RUN   TestExistingV4NeverInventsMissingOrMalformedIdentity/malformed\n"}
{"Time":"2026-09-11T16:35:10.947500194-07:00","Action":"output","Package":"github.com/JDinSeattle/forge-runtime/internal/persistence","Test":"TestQuotaLockDeadlineLeavesLedgerUsable","Output":"--- PASS: TestQuotaLockDeadlineLeavesLedgerUsable (0.36s)\n"}
{"Time":"2026-09-11T16:35:10.947537649-07:00","Action":"pass","Package":"github.com/JDinSeattle/forge-runtime/internal/persistence","Test":"TestQuotaLockDeadlineLeavesLedgerUsable","Elapsed":0.36}
{"Time":"2026-09-11T16:35:10.947545336-07:00","Action":"output","Package":"github.com/JDinSeattle/forge-runtime/internal/persistence","Output":"PASS\n"}
{"Time":"2026-09-11T16:35:11.01483461-07:00","Action":"output","Package":"github.com/JDinSeattle/forge-runtime/internal/runner","Test":"TestExistingV4NeverInventsMissingOrMalformedIdentity/malformed","Output":"--- PASS: TestExistingV4NeverInventsMissingOrMalformedIdentity/malformed (0.12s)\n"}
{"Time":"2026-09-11T16:35:11.014857094-07:00","Action":"pass","Package":"github.com/JDinSeattle/forge-runtime/internal/runner","Test":"TestExistingV4NeverInventsMissingOrMalformedIdentity/malformed","Elapsed":0.12}
{"Time":"2026-09-11T16:35:11.014895106-07:00","Action":"output","Package":"github.com/JDinSeattle/forge-runtime/internal/runner","Test":"TestExistingV4NeverInventsMissingOrMalformedIdentity","Output":"--- PASS: TestExistingV4NeverInventsMissingOrMalformedIdentity (0.43s)\n"}
{"Time":"2026-09-11T16:35:11.014913731-07:00","Action":"pass","Package":"github.com/JDinSeattle/forge-runtime/internal/runner","Test":"TestExistingV4NeverInventsMissingOrMalformedIdentity","Elapsed":0.43}
{"Time":"2026-09-11T16:35:11.014920397-07:00","Action":"run","Package":"github.com/JDinSeattle/forge-runtime/internal/runner","Test":"TestV3MigrationCreatesIdentityWithoutChangingLegacyDispatchEvidence"}
{"Time":"2026-09-11T16:35:11.014924944-07:00","Action":"output","Package":"github.com/JDinSeattle/forge-runtime/internal/runner","Test":"TestV3MigrationCreatesIdentityWithoutChangingLegacyDispatchEvidence","Output":"=== RUN   TestV3MigrationCreatesIdentityWithoutChangingLegacyDispatchEvidence\n"}
{"Time":"2026-09-11T16:35:11.279682301-07:00","Action":"output","Package":"github.com/JDinSeattle/forge-runtime/tests/review","Test":"TestReviewReservedPriorityIsBoundedAndPreservesFIFO","Output":"--- PASS: TestReviewReservedPriorityIsBoundedAndPreservesFIFO (0.40s)\n"}
{"Time":"2026-09-11T16:35:11.279715581-07:00","Action":"pass","Package":"github.com/JDinSeattle/forge-runtime/tests/review","Test":"TestReviewReservedPriorityIsBoundedAndPreservesFIFO","Elapsed":0.4}
{"Time":"2026-09-11T16:35:11.279725915-07:00","Action":"run","Package":"github.com/JDinSeattle/forge-runtime/tests/review","Test":"TestRecoverySourceProcess"}
{"Time":"2026-09-11T16:35:11.279729101-07:00","Action":"output","Package":"github.com/JDinSeattle/forge-runtime/tests/review","Test":"TestRecoverySourceProcess","Output":"=== RUN   TestRecoverySourceProcess\n"}
{"Time":"2026-09-11T16:35:11.279799663-07:00","Action":"output","Package":"github.com/JDinSeattle/forge-runtime/tests/review","Test":"TestRecoverySourceProcess","Output":"    recovery_test.go:235: operator-only paired recovery rehearsal: FORGE_RECOVERY_CONFIG is required\n"}
{"Time":"2026-09-11T16:35:11.279804623-07:00","Action":"output","Package":"github.com/JDinSeattle/forge-runtime/tests/review","Test":"TestRecoverySourceProcess","Output":"--- SKIP: TestRecoverySourceProcess (0.00s)\n"}
{"Time":"2026-09-11T16:35:11.279808716-07:00","Action":"skip","Package":"github.com/JDinSeattle/forge-runtime/tests/review","Test":"TestRecoverySourceProcess","Elapsed":0}
{"Time":"2026-09-11T16:35:11.279812756-07:00","Action":"run","Package":"github.com/JDinSeattle/forge-runtime/tests/review","Test":"TestRecoveryRestoredProcess"}
{"Time":"2026-09-11T16:35:11.279817604-07:00","Action":"output","Package":"github.com/JDinSeattle/forge-runtime/tests/review","Test":"TestRecoveryRestoredProcess","Output":"=== RUN   TestRecoveryRestoredProcess\n"}
{"Time":"2026-09-11T16:35:11.279826545-07:00","Action":"output","Package":"github.com/JDinSeattle/forge-runtime/tests/review","Test":"TestRecoveryRestoredProcess","Output":"    recovery_test.go:335: operator-only paired recovery rehearsal: FORGE_RECOVERY_CONFIG is required\n"}
{"Time":"2026-09-11T16:35:11.279832333-07:00","Action":"output","Package":"github.com/JDinSeattle/forge-runtime/tests/review","Test":"TestRecoveryRestoredProcess","Output":"--- SKIP: TestRecoveryRestoredProcess (0.00s)\n"}
{"Time":"2026-09-11T16:35:11.279836169-07:00","Action":"skip","Package":"github.com/JDinSeattle/forge-runtime/tests/review","Test":"TestRecoveryRestoredProcess","Elapsed":0}
{"Time":"2026-09-11T16:35:11.279840228-07:00","Action":"run","Package":"github.com/JDinSeattle/forge-runtime/tests/review","Test":"TestReviewHTTPResumePreservesIdentityAndCapacity"}
{"Time":"2026-09-11T16:35:11.279844027-07:00","Action":"output","Package":"github.com/JDinSeattle/forge-runtime/tests/review","Test":"TestReviewHTTPResumePreservesIdentityAndCapacity","Output":"=== RUN   TestReviewHTTPResumePreservesIdentityAndCapacity\n"}
{"Time":"2026-09-11T16:35:11.288606012-07:00","Action":"output","Package":"github.com/JDinSeattle/forge-runtime/internal/runner","Test":"TestV3MigrationCreatesIdentityWithoutChangingLegacyDispatchEvidence","Output":"--- PASS: TestV3MigrationCreatesIdentityWithoutChangingLegacyDispatchEvidence (0.27s)\n"}
{"Time":"2026-09-11T16:35:11.288640703-07:00","Action":"pass","Package":"github.com/JDinSeattle/forge-runtime/internal/runner","Test":"TestV3MigrationCreatesIdentityWithoutChangingLegacyDispatchEvidence","Elapsed":0.27}
{"Time":"2026-09-11T16:35:11.288652235-07:00","Action":"run","Package":"github.com/JDinSeattle/forge-runtime/internal/runner","Test":"TestStoppedWorkspaceCannotReopenAfterRestart"}
{"Time":"2026-09-11T16:35:11.288657481-07:00","Action":"output","Package":"github.com/JDinSeattle/forge-runtime/internal/runner","Test":"TestStoppedWorkspaceCannotReopenAfterRestart","Output":"=== RUN   TestStoppedWorkspaceCannotReopenAfterRestart\n"}
{"Time":"2026-09-11T16:35:11.571731402-07:00","Action":"output","Package":"github.com/JDinSeattle/forge-runtime/internal/runner","Test":"TestStoppedWorkspaceCannotReopenAfterRestart","Output":"--- PASS: TestStoppedWorkspaceCannotReopenAfterRestart (0.28s)\n"}
{"Time":"2026-09-11T16:35:11.571770144-07:00","Action":"pass","Package":"github.com/JDinSeattle/forge-runtime/internal/runner","Test":"TestStoppedWorkspaceCannotReopenAfterRestart","Elapsed":0.28}
{"Time":"2026-09-11T16:35:11.571781408-07:00","Action":"run","Package":"github.com/JDinSeattle/forge-runtime/internal/runner","Test":"TestNoncanonicalArgsNeverReserveOperation"}
{"Time":"2026-09-11T16:35:11.57178698-07:00","Action":"output","Package":"github.com/JDinSeattle/forge-runtime/internal/runner","Test":"TestNoncanonicalArgsNeverReserveOperation","Output":"=== RUN   TestNoncanonicalArgsNeverReserveOperation\n"}
{"Time":"2026-09-11T16:35:11.840515012-07:00","Action":"output","Package":"github.com/JDinSeattle/forge-runtime/internal/runner","Test":"TestNoncanonicalArgsNeverReserveOperation","Output":"--- PASS: TestNoncanonicalArgsNeverReserveOperation (0.27s)\n"}
{"Time":"2026-09-11T16:35:11.840539569-07:00","Action":"pass","Package":"github.com/JDinSeattle/forge-runtime/internal/runner","Test":"TestNoncanonicalArgsNeverReserveOperation","Elapsed":0.27}
{"Time":"2026-09-11T16:35:11.840545376-07:00","Action":"run","Package":"github.com/JDinSeattle/forge-runtime/internal/runner","Test":"TestPublicReceiptContainsNoGrant"}
{"Time":"2026-09-11T16:35:11.840547064-07:00","Action":"output","Package":"github.com/JDinSeattle/forge-runtime/internal/runner","Test":"TestPublicReceiptContainsNoGrant","Output":"=== RUN   TestPublicReceiptContainsNoGrant\n"}
{"Time":"2026-09-11T16:35:11.860925773-07:00","Action":"output","Package":"github.com/JDinSeattle/forge-runtime/internal/application","Test":"TestExternalModelAndRunnerWaitsHoldNoSQLTransaction/model","Output":"--- PASS: TestExternalModelAndRunnerWaitsHoldNoSQLTransaction/model (6.60s)\n"}
{"Time":"2026-09-11T16:35:11.860964048-07:00","Action":"pass","Package":"github.com/JDinSeattle/forge-runtime/internal/application","Test":"TestExternalModelAndRunnerWaitsHoldNoSQLTransaction/model","Elapsed":6.6}
{"Time":"2026-09-11T16:35:11.860970699-07:00","Action":"run","Package":"github.com/JDinSeattle/forge-runtime/internal/application","Test":"TestExternalModelAndRunnerWaitsHoldNoSQLTransaction/runner"}
{"Time":"2026-09-11T16:35:11.860974516-07:00","Action":"output","Package":"github.com/JDinSeattle/forge-runtime/internal/application","Test":"TestExternalModelAndRunnerWaitsHoldNoSQLTransaction/runner","Output":"=== RUN   TestExternalModelAndRunnerWaitsHoldNoSQLTransaction/runner\n"}
{"Time":"2026-09-11T16:35:11.952048581-07:00","Action":"output","Package":"github.com/JDinSeattle/forge-runtime/tests/review","Test":"TestReviewHTTPResumePreservesIdentityAndCapacity","Output":"--- PASS: TestReviewHTTPResumePreservesIdentityAndCapacity (0.67s)\n"}
{"Time":"2026-09-11T16:35:11.952081357-07:00","Action":"pass","Package":"github.com/JDinSeattle/forge-runtime/tests/review","Test":"TestReviewHTTPResumePreservesIdentityAndCapacity","Elapsed":0.67}
{"Time":"2026-09-11T16:35:11.952091388-07:00","Action":"run","Package":"github.com/JDinSeattle/forge-runtime/tests/review","Test":"TestReviewConcurrentFinalizeDoesNotReleaseSentinelCapacity"}
{"Time":"2026-09-11T16:35:11.952094861-07:00","Action":"output","Package":"github.com/JDinSeattle/forge-runtime/tests/review","Test":"TestReviewConcurrentFinalizeDoesNotReleaseSentinelCapacity","Output":"=== RUN   TestReviewConcurrentFinalizeDoesNotReleaseSentinelCapacity\n"}
{"Time":"2026-09-11T16:35:11.953934686-07:00","Action":"output","Package":"github.com/JDinSeattle/forge-runtime/internal/persistence","Output":"ok  \tgithub.com/JDinSeattle/forge-runtime/internal/persistence\t13.020s\n"}
{"Time":"2026-09-11T16:35:11.953958162-07:00","Action":"pass","Package":"github.com/JDinSeattle/forge-runtime/internal/persistence","Elapsed":13.02}
{"Time":"2026-09-11T16:35:12.108533621-07:00","Action":"output","Package":"github.com/JDinSeattle/forge-runtime/internal/runner","Test":"TestPublicReceiptContainsNoGrant","Output":"--- PASS: TestPublicReceiptContainsNoGrant (0.27s)\n"}
{"Time":"2026-09-11T16:35:12.108565625-07:00","Action":"pass","Package":"github.com/JDinSeattle/forge-runtime/internal/runner","Test":"TestPublicReceiptContainsNoGrant","Elapsed":0.27}
{"Time":"2026-09-11T16:35:12.108574029-07:00","Action":"run","Package":"github.com/JDinSeattle/forge-runtime/internal/runner","Test":"TestCleanVerificationExcludesGeneratedFiles"}
{"Time":"2026-09-11T16:35:12.108577166-07:00","Action":"output","Package":"github.com/JDinSeattle/forge-runtime/internal/runner","Test":"TestCleanVerificationExcludesGeneratedFiles","Output":"=== RUN   TestCleanVerificationExcludesGeneratedFiles\n"}
{"Time":"2026-09-11T16:35:12.689616762-07:00","Action":"output","Package":"github.com/JDinSeattle/forge-runtime/internal/runner","Test":"TestCleanVerificationExcludesGeneratedFiles","Output":"--- PASS: TestCleanVerificationExcludesGeneratedFiles (0.58s)\n"}
{"Time":"2026-09-11T16:35:12.689694574-07:00","Action":"pass","Package":"github.com/JDinSeattle/forge-runtime/internal/runner","Test":"TestCleanVerificationExcludesGeneratedFiles","Elapsed":0.58}
{"Time":"2026-09-11T16:35:12.689723006-07:00","Action":"run","Package":"github.com/JDinSeattle/forge-runtime/internal/runner","Test":"TestPoolLeaseSurvivesCrashAndReusesOnlyAfterRelease"}
{"Time":"2026-09-11T16:35:12.689737152-07:00","Action":"output","Package":"github.com/JDinSeattle/forge-runtime/internal/runner","Test":"TestPoolLeaseSurvivesCrashAndReusesOnlyAfterRelease","Output":"=== RUN   TestPoolLeaseSurvivesCrashAndReusesOnlyAfterRelease\n"}
{"Time":"2026-09-11T16:35:12.940045911-07:00","Action":"output","Package":"github.com/JDinSeattle/forge-runtime/tests/review","Test":"TestReviewConcurrentFinalizeDoesNotReleaseSentinelCapacity","Output":"--- PASS: TestReviewConcurrentFinalizeDoesNotReleaseSentinelCapacity (0.99s)\n"}
{"Time":"2026-09-11T16:35:12.940082813-07:00","Action":"pass","Package":"github.com/JDinSeattle/forge-runtime/tests/review","Test":"TestReviewConcurrentFinalizeDoesNotReleaseSentinelCapacity","Elapsed":0.99}
{"Time":"2026-09-11T16:35:12.940090984-07:00","Action":"run","Package":"github.com/JDinSeattle/forge-runtime/tests/review","Test":"TestReviewCLIResumeSucceedsThroughRealHTTP"}
{"Time":"2026-09-11T16:35:12.940094409-07:00","Action":"output","Package":"github.com/JDinSeattle/forge-runtime/tests/review","Test":"TestReviewCLIResumeSucceedsThroughRealHTTP","Output":"=== RUN   TestReviewCLIResumeSucceedsThroughRealHTTP\n"}
{"Time":"2026-09-11T16:35:13.225565169-07:00","Action":"output","Package":"github.com/JDinSeattle/forge-runtime/internal/runner","Test":"TestPoolLeaseSurvivesCrashAndReusesOnlyAfterRelease","Output":"--- PASS: TestPoolLeaseSurvivesCrashAndReusesOnlyAfterRelease (0.54s)\n"}
{"Time":"2026-09-11T16:35:13.225593887-07:00","Action":"pass","Package":"github.com/JDinSeattle/forge-runtime/internal/runner","Test":"TestPoolLeaseSurvivesCrashAndReusesOnlyAfterRelease","Elapsed":0.54}
{"Time":"2026-09-11T16:35:13.225600557-07:00","Action":"run","Package":"github.com/JDinSeattle/forge-runtime/internal/runner","Test":"TestPoolUnknownOperationRetainsCapacity"}
{"Time":"2026-09-11T16:35:13.225603742-07:00","Action":"output","Package":"github.com/JDinSeattle/forge-runtime/internal/runner","Test":"TestPoolUnknownOperationRetainsCapacity","Output":"=== RUN   TestPoolUnknownOperationRetainsCapacity\n"}
{"Time":"2026-09-11T16:35:13.576618256-07:00","Action":"output","Package":"github.com/JDinSeattle/forge-runtime/tests/review","Test":"TestReviewCLIResumeSucceedsThroughRealHTTP","Output":"    resume_capacity_test.go:418: actual CLI pid=2906288 exit=0 accepted run=run_FLPKAIYC53XS6AZFLQWIYZGHS5 reviewed_version=7\n"}
{"Time":"2026-09-11T16:35:13.621375521-07:00","Action":"output","Package":"github.com/JDinSeattle/forge-runtime/tests/review","Test":"TestReviewCLIResumeSucceedsThroughRealHTTP","Output":"--- PASS: TestReviewCLIResumeSucceedsThroughRealHTTP (0.68s)\n"}
{"Time":"2026-09-11T16:35:13.62141533-07:00","Action":"pass","Package":"github.com/JDinSeattle/forge-runtime/tests/review","Test":"TestReviewCLIResumeSucceedsThroughRealHTTP","Elapsed":0.68}
{"Time":"2026-09-11T16:35:13.621425067-07:00","Action":"run","Package":"github.com/JDinSeattle/forge-runtime/tests/review","Test":"TestReviewTrimEventsPreservesActiveStatesAndReplayEvidence"}
{"Time":"2026-09-11T16:35:13.621428901-07:00","Action":"output","Package":"github.com/JDinSeattle/forge-runtime/tests/review","Test":"TestReviewTrimEventsPreservesActiveStatesAndReplayEvidence","Output":"=== RUN   TestReviewTrimEventsPreservesActiveStatesAndReplayEvidence\n"}
{"Time":"2026-09-11T16:35:13.678403687-07:00","Action":"output","Package":"github.com/JDinSeattle/forge-runtime/internal/runner","Test":"TestPoolUnknownOperationRetainsCapacity","Output":"--- PASS: TestPoolUnknownOperationRetainsCapacity (0.45s)\n"}
{"Time":"2026-09-11T16:35:13.678430432-07:00","Action":"pass","Package":"github.com/JDinSeattle/forge-runtime/internal/runner","Test":"TestPoolUnknownOperationRetainsCapacity","Elapsed":0.45}
{"Time":"2026-09-11T16:35:13.678434865-07:00","Action":"run","Package":"github.com/JDinSeattle/forge-runtime/internal/runner","Test":"TestOldReleaseAfterSlotReusePreservesNewWorkspace"}
{"Time":"2026-09-11T16:35:13.678436156-07:00","Action":"output","Package":"github.com/JDinSeattle/forge-runtime/internal/runner","Test":"TestOldReleaseAfterSlotReusePreservesNewWorkspace","Output":"=== RUN   TestOldReleaseAfterSlotReusePreservesNewWorkspace\n"}
{"Time":"2026-09-11T16:35:14.261920453-07:00","Action":"output","Package":"github.com/JDinSeattle/forge-runtime/internal/runner","Test":"TestOldReleaseAfterSlotReusePreservesNewWorkspace","Output":"--- PASS: TestOldReleaseAfterSlotReusePreservesNewWorkspace (0.58s)\n"}
{"Time":"2026-09-11T16:35:14.261968244-07:00","Action":"pass","Package":"github.com/JDinSeattle/forge-runtime/internal/runner","Test":"TestOldReleaseAfterSlotReusePreservesNewWorkspace","Elapsed":0.58}
{"Time":"2026-09-11T16:35:14.261993277-07:00","Action":"run","Package":"github.com/JDinSeattle/forge-runtime/internal/runner","Test":"FuzzToolPathsStayRelative"}
{"Time":"2026-09-11T16:35:14.261999952-07:00","Action":"output","Package":"github.com/JDinSeattle/forge-runtime/internal/runner","Test":"FuzzToolPathsStayRelative","Output":"=== RUN   FuzzToolPathsStayRelative\n"}
{"Time":"2026-09-11T16:35:14.26214512-07:00","Action":"run","Package":"github.com/JDinSeattle/forge-runtime/internal/runner","Test":"FuzzToolPathsStayRelative/seed#0"}
{"Time":"2026-09-11T16:35:14.262156295-07:00","Action":"output","Package":"github.com/JDinSeattle/forge-runtime/internal/runner","Test":"FuzzToolPathsStayRelative/seed#0","Output":"=== RUN   FuzzToolPathsStayRelative/seed#0\n"}
{"Time":"2026-09-11T16:35:14.262266841-07:00","Action":"output","Package":"github.com/JDinSeattle/forge-runtime/internal/runner","Test":"FuzzToolPathsStayRelative/seed#0","Output":"--- PASS: FuzzToolPathsStayRelative/seed#0 (0.00s)\n"}
{"Time":"2026-09-11T16:35:14.262296171-07:00","Action":"pass","Package":"github.com/JDinSeattle/forge-runtime/internal/runner","Test":"FuzzToolPathsStayRelative/seed#0","Elapsed":0}
{"Time":"2026-09-11T16:35:14.262315202-07:00","Action":"run","Package":"github.com/JDinSeattle/forge-runtime/internal/runner","Test":"FuzzToolPathsStayRelative/seed#1"}
{"Time":"2026-09-11T16:35:14.262322525-07:00","Action":"output","Package":"github.com/JDinSeattle/forge-runtime/internal/runner","Test":"FuzzToolPathsStayRelative/seed#1","Output":"=== RUN   FuzzToolPathsStayRelative/seed#1\n"}
{"Time":"2026-09-11T16:35:14.262380985-07:00","Action":"output","Package":"github.com/JDinSeattle/forge-runtime/internal/runner","Test":"FuzzToolPathsStayRelative/seed#1","Output":"--- PASS: FuzzToolPathsStayRelative/seed#1 (0.00s)\n"}
{"Time":"2026-09-11T16:35:14.262400991-07:00","Action":"pass","Package":"github.com/JDinSeattle/forge-runtime/internal/runner","Test":"FuzzToolPathsStayRelative/seed#1","Elapsed":0}
{"Time":"2026-09-11T16:35:14.26243749-07:00","Action":"run","Package":"github.com/JDinSeattle/forge-runtime/internal/runner","Test":"FuzzToolPathsStayRelative/seed#2"}
{"Time":"2026-09-11T16:35:14.26244637-07:00","Action":"output","Package":"github.com/JDinSeattle/forge-runtime/internal/runner","Test":"FuzzToolPathsStayRelative/seed#2","Output":"=== RUN   FuzzToolPathsStayRelative/seed#2\n"}
{"Time":"2026-09-11T16:35:14.262502614-07:00","Action":"output","Package":"github.com/JDinSeattle/forge-runtime/internal/runner","Test":"FuzzToolPathsStayRelative/seed#2","Output":"--- PASS: FuzzToolPathsStayRelative/seed#2 (0.00s)\n"}
{"Time":"2026-09-11T16:35:14.262513293-07:00","Action":"pass","Package":"github.com/JDinSeattle/forge-runtime/internal/runner","Test":"FuzzToolPathsStayRelative/seed#2","Elapsed":0}
{"Time":"2026-09-11T16:35:14.26254462-07:00","Action":"run","Package":"github.com/JDinSeattle/forge-runtime/internal/runner","Test":"FuzzToolPathsStayRelative/seed#3"}
{"Time":"2026-09-11T16:35:14.262553395-07:00","Action":"output","Package":"github.com/JDinSeattle/forge-runtime/internal/runner","Test":"FuzzToolPathsStayRelative/seed#3","Output":"=== RUN   FuzzToolPathsStayRelative/seed#3\n"}
{"Time":"2026-09-11T16:35:14.262600706-07:00","Action":"output","Package":"github.com/JDinSeattle/forge-runtime/internal/runner","Test":"FuzzToolPathsStayRelative/seed#3","Output":"--- PASS: FuzzToolPathsStayRelative/seed#3 (0.00s)\n"}
{"Time":"2026-09-11T16:35:14.262611257-07:00","Action":"pass","Package":"github.com/JDinSeattle/forge-runtime/internal/runner","Test":"FuzzToolPathsStayRelative/seed#3","Elapsed":0}
{"Time":"2026-09-11T16:35:14.262640072-07:00","Action":"run","Package":"github.com/JDinSeattle/forge-runtime/internal/runner","Test":"FuzzToolPathsStayRelative/seed#4"}
{"Time":"2026-09-11T16:35:14.262647368-07:00","Action":"output","Package":"github.com/JDinSeattle/forge-runtime/internal/runner","Test":"FuzzToolPathsStayRelative/seed#4","Output":"=== RUN   FuzzToolPathsStayRelative/seed#4\n"}
{"Time":"2026-09-11T16:35:14.262700899-07:00","Action":"output","Package":"github.com/JDinSeattle/forge-runtime/internal/runner","Test":"FuzzToolPathsStayRelative/seed#4","Output":"--- PASS: FuzzToolPathsStayRelative/seed#4 (0.00s)\n"}
{"Time":"2026-09-11T16:35:14.262716106-07:00","Action":"pass","Package":"github.com/JDinSeattle/forge-runtime/internal/runner","Test":"FuzzToolPathsStayRelative/seed#4","Elapsed":0}
{"Time":"2026-09-11T16:35:14.262746199-07:00","Action":"run","Package":"github.com/JDinSeattle/forge-runtime/internal/runner","Test":"FuzzToolPathsStayRelative/seed#5"}
{"Time":"2026-09-11T16:35:14.262753804-07:00","Action":"output","Package":"github.com/JDinSeattle/forge-runtime/internal/runner","Test":"FuzzToolPathsStayRelative/seed#5","Output":"=== RUN   FuzzToolPathsStayRelative/seed#5\n"}
{"Time":"2026-09-11T16:35:14.262798856-07:00","Action":"output","Package":"github.com/JDinSeattle/forge-runtime/internal/runner","Test":"FuzzToolPathsStayRelative/seed#5","Output":"--- PASS: FuzzToolPathsStayRelative/seed#5 (0.00s)\n"}
{"Time":"2026-09-11T16:35:14.262808885-07:00","Action":"pass","Package":"github.com/JDinSeattle/forge-runtime/internal/runner","Test":"FuzzToolPathsStayRelative/seed#5","Elapsed":0}
{"Time":"2026-09-11T16:35:14.262841606-07:00","Action":"run","Package":"github.com/JDinSeattle/forge-runtime/internal/runner","Test":"FuzzToolPathsStayRelative/seed#6"}
{"Time":"2026-09-11T16:35:14.262849969-07:00","Action":"output","Package":"github.com/JDinSeattle/forge-runtime/internal/runner","Test":"FuzzToolPathsStayRelative/seed#6","Output":"=== RUN   FuzzToolPathsStayRelative/seed#6\n"}
{"Time":"2026-09-11T16:35:14.262892509-07:00","Action":"output","Package":"github.com/JDinSeattle/forge-runtime/internal/runner","Test":"FuzzToolPathsStayRelative/seed#6","Output":"--- PASS: FuzzToolPathsStayRelative/seed#6 (0.00s)\n"}
{"Time":"2026-09-11T16:35:14.262902756-07:00","Action":"pass","Package":"github.com/JDinSeattle/forge-runtime/internal/runner","Test":"FuzzToolPathsStayRelative/seed#6","Elapsed":0}
{"Time":"2026-09-11T16:35:14.262939124-07:00","Action":"output","Package":"github.com/JDinSeattle/forge-runtime/internal/runner","Test":"FuzzToolPathsStayRelative","Output":"--- PASS: FuzzToolPathsStayRelative (0.00s)\n"}
{"Time":"2026-09-11T16:35:14.262954347-07:00","Action":"pass","Package":"github.com/JDinSeattle/forge-runtime/internal/runner","Test":"FuzzToolPathsStayRelative","Elapsed":0}
{"Time":"2026-09-11T16:35:14.262966347-07:00","Action":"output","Package":"github.com/JDinSeattle/forge-runtime/internal/runner","Output":"PASS\n"}
{"Time":"2026-09-11T16:35:14.759348033-07:00","Action":"output","Package":"github.com/JDinSeattle/forge-runtime/tests/review","Test":"TestReviewTrimEventsPreservesActiveStatesAndReplayEvidence","Output":"--- PASS: TestReviewTrimEventsPreservesActiveStatesAndReplayEvidence (1.14s)\n"}
{"Time":"2026-09-11T16:35:14.759377315-07:00","Action":"pass","Package":"github.com/JDinSeattle/forge-runtime/tests/review","Test":"TestReviewTrimEventsPreservesActiveStatesAndReplayEvidence","Elapsed":1.14}
{"Time":"2026-09-11T16:35:14.759384544-07:00","Action":"run","Package":"github.com/JDinSeattle/forge-runtime/tests/review","Test":"TestReviewWholeTaskRetryCreatesOneChildWithoutReopeningParent"}
{"Time":"2026-09-11T16:35:14.759387405-07:00","Action":"output","Package":"github.com/JDinSeattle/forge-runtime/tests/review","Test":"TestReviewWholeTaskRetryCreatesOneChildWithoutReopeningParent","Output":"=== RUN   TestReviewWholeTaskRetryCreatesOneChildWithoutReopeningParent\n"}
{"Time":"2026-09-11T16:35:15.158697636-07:00","Action":"run","Package":"github.com/JDinSeattle/forge-runtime/tests/review","Test":"TestReviewWholeTaskRetryCreatesOneChildWithoutReopeningParent/changed_task"}
{"Time":"2026-09-11T16:35:15.158723631-07:00","Action":"output","Package":"github.com/JDinSeattle/forge-runtime/tests/review","Test":"TestReviewWholeTaskRetryCreatesOneChildWithoutReopeningParent/changed_task","Output":"=== RUN   TestReviewWholeTaskRetryCreatesOneChildWithoutReopeningParent/changed_task\n"}
{"Time":"2026-09-11T16:35:15.160276904-07:00","Action":"output","Package":"github.com/JDinSeattle/forge-runtime/tests/review","Test":"TestReviewWholeTaskRetryCreatesOneChildWithoutReopeningParent/changed_task","Output":"--- PASS: TestReviewWholeTaskRetryCreatesOneChildWithoutReopeningParent/changed_task (0.00s)\n"}
{"Time":"2026-09-11T16:35:15.16029429-07:00","Action":"pass","Package":"github.com/JDinSeattle/forge-runtime/tests/review","Test":"TestReviewWholeTaskRetryCreatesOneChildWithoutReopeningParent/changed_task","Elapsed":0}
{"Time":"2026-09-11T16:35:15.160298397-07:00","Action":"run","Package":"github.com/JDinSeattle/forge-runtime/tests/review","Test":"TestReviewWholeTaskRetryCreatesOneChildWithoutReopeningParent/missing_parent"}
{"Time":"2026-09-11T16:35:15.160299996-07:00","Action":"output","Package":"github.com/JDinSeattle/forge-runtime/tests/review","Test":"TestReviewWholeTaskRetryCreatesOneChildWithoutReopeningParent/missing_parent","Output":"=== RUN   TestReviewWholeTaskRetryCreatesOneChildWithoutReopeningParent/missing_parent\n"}
{"Time":"2026-09-11T16:35:15.161356034-07:00","Action":"output","Package":"github.com/JDinSeattle/forge-runtime/tests/review","Test":"TestReviewWholeTaskRetryCreatesOneChildWithoutReopeningParent/missing_parent","Output":"--- PASS: TestReviewWholeTaskRetryCreatesOneChildWithoutReopeningParent/missing_parent (0.00s)\n"}
{"Time":"2026-09-11T16:35:15.161368697-07:00","Action":"pass","Package":"github.com/JDinSeattle/forge-runtime/tests/review","Test":"TestReviewWholeTaskRetryCreatesOneChildWithoutReopeningParent/missing_parent","Elapsed":0}
{"Time":"2026-09-11T16:35:15.161371941-07:00","Action":"run","Package":"github.com/JDinSeattle/forge-runtime/tests/review","Test":"TestReviewWholeTaskRetryCreatesOneChildWithoutReopeningParent/foreign_parent"}
{"Time":"2026-09-11T16:35:15.161373342-07:00","Action":"output","Package":"github.com/JDinSeattle/forge-runtime/tests/review","Test":"TestReviewWholeTaskRetryCreatesOneChildWithoutReopeningParent/foreign_parent","Output":"=== RUN   TestReviewWholeTaskRetryCreatesOneChildWithoutReopeningParent/foreign_parent\n"}
{"Time":"2026-09-11T16:35:15.162680514-07:00","Action":"output","Package":"github.com/JDinSeattle/forge-runtime/tests/review","Test":"TestReviewWholeTaskRetryCreatesOneChildWithoutReopeningParent/foreign_parent","Output":"--- PASS: TestReviewWholeTaskRetryCreatesOneChildWithoutReopeningParent/foreign_parent (0.00s)\n"}
{"Time":"2026-09-11T16:35:15.162701468-07:00","Action":"pass","Package":"github.com/JDinSeattle/forge-runtime/tests/review","Test":"TestReviewWholeTaskRetryCreatesOneChildWithoutReopeningParent/foreign_parent","Elapsed":0}
{"Time":"2026-09-11T16:35:15.162708752-07:00","Action":"run","Package":"github.com/JDinSeattle/forge-runtime/tests/review","Test":"TestReviewWholeTaskRetryCreatesOneChildWithoutReopeningParent/unregistered_base"}
{"Time":"2026-09-11T16:35:15.162712517-07:00","Action":"output","Package":"github.com/JDinSeattle/forge-runtime/tests/review","Test":"TestReviewWholeTaskRetryCreatesOneChildWithoutReopeningParent/unregistered_base","Output":"=== RUN   TestReviewWholeTaskRetryCreatesOneChildWithoutReopeningParent/unregistered_base\n"}
{"Time":"2026-09-11T16:35:15.16340796-07:00","Action":"output","Package":"github.com/JDinSeattle/forge-runtime/tests/review","Test":"TestReviewWholeTaskRetryCreatesOneChildWithoutReopeningParent/unregistered_base","Output":"--- PASS: TestReviewWholeTaskRetryCreatesOneChildWithoutReopeningParent/unregistered_base (0.00s)\n"}
{"Time":"2026-09-11T16:35:15.163421941-07:00","Action":"pass","Package":"github.com/JDinSeattle/forge-runtime/tests/review","Test":"TestReviewWholeTaskRetryCreatesOneChildWithoutReopeningParent/unregistered_base","Elapsed":0}
{"Time":"2026-09-11T16:35:15.22541616-07:00","Action":"output","Package":"github.com/JDinSeattle/forge-runtime/tests/review","Test":"TestReviewWholeTaskRetryCreatesOneChildWithoutReopeningParent","Output":"--- PASS: TestReviewWholeTaskRetryCreatesOneChildWithoutReopeningParent (0.47s)\n"}
{"Time":"2026-09-11T16:35:15.225452728-07:00","Action":"pass","Package":"github.com/JDinSeattle/forge-runtime/tests/review","Test":"TestReviewWholeTaskRetryCreatesOneChildWithoutReopeningParent","Elapsed":0.47}
{"Time":"2026-09-11T16:35:15.225467219-07:00","Action":"run","Package":"github.com/JDinSeattle/forge-runtime/tests/review","Test":"TestReviewStoppedWorkspaceRejectsDelayedSameEpochAdoption"}
{"Time":"2026-09-11T16:35:15.22547122-07:00","Action":"output","Package":"github.com/JDinSeattle/forge-runtime/tests/review","Test":"TestReviewStoppedWorkspaceRejectsDelayedSameEpochAdoption","Output":"=== RUN   TestReviewStoppedWorkspaceRejectsDelayedSameEpochAdoption\n"}
{"Time":"2026-09-11T16:35:15.269563807-07:00","Action":"output","Package":"github.com/JDinSeattle/forge-runtime/internal/runner","Output":"ok  \tgithub.com/JDinSeattle/forge-runtime/internal/runner\t16.335s\n"}
{"Time":"2026-09-11T16:35:15.269603333-07:00","Action":"pass","Package":"github.com/JDinSeattle/forge-runtime/internal/runner","Elapsed":16.335}
{"Time":"2026-09-11T16:35:15.47550856-07:00","Action":"output","Package":"github.com/JDinSeattle/forge-runtime/tests/review","Test":"TestReviewStoppedWorkspaceRejectsDelayedSameEpochAdoption","Output":"--- PASS: TestReviewStoppedWorkspaceRejectsDelayedSameEpochAdoption (0.25s)\n"}
{"Time":"2026-09-11T16:35:15.475532534-07:00","Action":"pass","Package":"github.com/JDinSeattle/forge-runtime/tests/review","Test":"TestReviewStoppedWorkspaceRejectsDelayedSameEpochAdoption","Elapsed":0.25}
{"Time":"2026-09-11T16:35:15.475538707-07:00","Action":"run","Package":"github.com/JDinSeattle/forge-runtime/tests/review","Test":"TestReviewReleaseRechecksGrantAfterWaitingForWriter"}
{"Time":"2026-09-11T16:35:15.475540225-07:00","Action":"output","Package":"github.com/JDinSeattle/forge-runtime/tests/review","Test":"TestReviewReleaseRechecksGrantAfterWaitingForWriter","Output":"=== RUN   TestReviewReleaseRechecksGrantAfterWaitingForWriter\n"}
{"Time":"2026-09-11T16:35:15.777296151-07:00","Action":"output","Package":"github.com/JDinSeattle/forge-runtime/tests/review","Test":"TestReviewReleaseRechecksGrantAfterWaitingForWriter","Output":"--- PASS: TestReviewReleaseRechecksGrantAfterWaitingForWriter (0.30s)\n"}
{"Time":"2026-09-11T16:35:15.777328608-07:00","Action":"pass","Package":"github.com/JDinSeattle/forge-runtime/tests/review","Test":"TestReviewReleaseRechecksGrantAfterWaitingForWriter","Elapsed":0.3}
{"Time":"2026-09-11T16:35:15.77733682-07:00","Action":"run","Package":"github.com/JDinSeattle/forge-runtime/tests/review","Test":"TestReviewCancelPreservesAlreadyCompletedJobOutcome"}
{"Time":"2026-09-11T16:35:15.77734017-07:00","Action":"output","Package":"github.com/JDinSeattle/forge-runtime/tests/review","Test":"TestReviewCancelPreservesAlreadyCompletedJobOutcome","Output":"=== RUN   TestReviewCancelPreservesAlreadyCompletedJobOutcome\n"}
{"Time":"2026-09-11T16:35:16.194539768-07:00","Action":"output","Package":"github.com/JDinSeattle/forge-runtime/tests/review","Test":"TestReviewCancelPreservesAlreadyCompletedJobOutcome","Output":"--- PASS: TestReviewCancelPreservesAlreadyCompletedJobOutcome (0.42s)\n"}
{"Time":"2026-09-11T16:35:16.19458954-07:00","Action":"pass","Package":"github.com/JDinSeattle/forge-runtime/tests/review","Test":"TestReviewCancelPreservesAlreadyCompletedJobOutcome","Elapsed":0.42}
{"Time":"2026-09-11T16:35:16.194604258-07:00","Action":"run","Package":"github.com/JDinSeattle/forge-runtime/tests/review","Test":"TestReviewDockerRejectsMissingOrUnverifiedWorkspaceQuota"}
{"Time":"2026-09-11T16:35:16.194611394-07:00","Action":"output","Package":"github.com/JDinSeattle/forge-runtime/tests/review","Test":"TestReviewDockerRejectsMissingOrUnverifiedWorkspaceQuota","Output":"=== RUN   TestReviewDockerRejectsMissingOrUnverifiedWorkspaceQuota\n"}
{"Time":"2026-09-11T16:35:16.194923973-07:00","Action":"run","Package":"github.com/JDinSeattle/forge-runtime/tests/review","Test":"TestReviewDockerRejectsMissingOrUnverifiedWorkspaceQuota/missing"}
{"Time":"2026-09-11T16:35:16.194935973-07:00","Action":"output","Package":"github.com/JDinSeattle/forge-runtime/tests/review","Test":"TestReviewDockerRejectsMissingOrUnverifiedWorkspaceQuota/missing","Output":"=== RUN   TestReviewDockerRejectsMissingOrUnverifiedWorkspaceQuota/missing\n"}
{"Time":"2026-09-11T16:35:16.196856978-07:00","Action":"output","Package":"github.com/JDinSeattle/forge-runtime/tests/review","Test":"TestReviewDockerRejectsMissingOrUnverifiedWorkspaceQuota/missing","Output":"--- PASS: TestReviewDockerRejectsMissingOrUnverifiedWorkspaceQuota/missing (0.00s)\n"}
{"Time":"2026-09-11T16:35:16.196886619-07:00","Action":"pass","Package":"github.com/JDinSeattle/forge-runtime/tests/review","Test":"TestReviewDockerRejectsMissingOrUnverifiedWorkspaceQuota/missing","Elapsed":0}
{"Time":"2026-09-11T16:35:16.196912485-07:00","Action":"run","Package":"github.com/JDinSeattle/forge-runtime/tests/review","Test":"TestReviewDockerRejectsMissingOrUnverifiedWorkspaceQuota/rejected"}
{"Time":"2026-09-11T16:35:16.196920786-07:00","Action":"output","Package":"github.com/JDinSeattle/forge-runtime/tests/review","Test":"TestReviewDockerRejectsMissingOrUnverifiedWorkspaceQuota/rejected","Output":"=== RUN   TestReviewDockerRejectsMissingOrUnverifiedWorkspaceQuota/rejected\n"}
{"Time":"2026-09-11T16:35:16.198280799-07:00","Action":"output","Package":"github.com/JDinSeattle/forge-runtime/tests/review","Test":"TestReviewDockerRejectsMissingOrUnverifiedWorkspaceQuota/rejected","Output":"--- PASS: TestReviewDockerRejectsMissingOrUnverifiedWorkspaceQuota/rejected (0.00s)\n"}
{"Time":"2026-09-11T16:35:16.198306232-07:00","Action":"pass","Package":"github.com/JDinSeattle/forge-runtime/tests/review","Test":"TestReviewDockerRejectsMissingOrUnverifiedWorkspaceQuota/rejected","Elapsed":0}
{"Time":"2026-09-11T16:35:16.198591089-07:00","Action":"output","Package":"github.com/JDinSeattle/forge-runtime/tests/review","Test":"TestReviewDockerRejectsMissingOrUnverifiedWorkspaceQuota","Output":"--- PASS: TestReviewDockerRejectsMissingOrUnverifiedWorkspaceQuota (0.00s)\n"}
{"Time":"2026-09-11T16:35:16.198612757-07:00","Action":"pass","Package":"github.com/JDinSeattle/forge-runtime/tests/review","Test":"TestReviewDockerRejectsMissingOrUnverifiedWorkspaceQuota","Elapsed":0}
{"Time":"2026-09-11T16:35:16.198653326-07:00","Action":"run","Package":"github.com/JDinSeattle/forge-runtime/tests/review","Test":"TestReviewEffectsAndApprovalsBindDurableParents"}
{"Time":"2026-09-11T16:35:16.198664888-07:00","Action":"output","Package":"github.com/JDinSeattle/forge-runtime/tests/review","Test":"TestReviewEffectsAndApprovalsBindDurableParents","Output":"=== RUN   TestReviewEffectsAndApprovalsBindDurableParents\n"}
{"Time":"2026-09-11T16:35:16.488968563-07:00","Action":"run","Package":"github.com/JDinSeattle/forge-runtime/tests/review","Test":"TestReviewEffectsAndApprovalsBindDurableParents/effect_requires_its_step"}
{"Time":"2026-09-11T16:35:16.488989185-07:00","Action":"output","Package":"github.com/JDinSeattle/forge-runtime/tests/review","Test":"TestReviewEffectsAndApprovalsBindDurableParents/effect_requires_its_step","Output":"=== RUN   TestReviewEffectsAndApprovalsBindDurableParents/effect_requires_its_step\n"}
{"Time":"2026-09-11T16:35:16.489535974-07:00","Action":"output","Package":"github.com/JDinSeattle/forge-runtime/tests/review","Test":"TestReviewEffectsAndApprovalsBindDurableParents/effect_requires_its_step","Output":"--- PASS: TestReviewEffectsAndApprovalsBindDurableParents/effect_requires_its_step (0.00s)\n"}
{"Time":"2026-09-11T16:35:16.489556036-07:00","Action":"pass","Package":"github.com/JDinSeattle/forge-runtime/tests/review","Test":"TestReviewEffectsAndApprovalsBindDurableParents/effect_requires_its_step","Elapsed":0}
{"Time":"2026-09-11T16:35:16.489563632-07:00","Action":"run","Package":"github.com/JDinSeattle/forge-runtime/tests/review","Test":"TestReviewEffectsAndApprovalsBindDurableParents/approval_binds_effect_and_run_together"}
{"Time":"2026-09-11T16:35:16.489568664-07:00","Action":"output","Package":"github.com/JDinSeattle/forge-runtime/tests/review","Test":"TestReviewEffectsAndApprovalsBindDurableParents/approval_binds_effect_and_run_together","Output":"=== RUN   TestReviewEffectsAndApprovalsBindDurableParents/approval_binds_effect_and_run_together\n"}
{"Time":"2026-09-11T16:35:16.491095791-07:00","Action":"output","Package":"github.com/JDinSeattle/forge-runtime/tests/review","Test":"TestReviewEffectsAndApprovalsBindDurableParents/approval_binds_effect_and_run_together","Output":"--- PASS: TestReviewEffectsAndApprovalsBindDurableParents/approval_binds_effect_and_run_together (0.00s)\n"}
{"Time":"2026-09-11T16:35:16.491114641-07:00","Action":"pass","Package":"github.com/JDinSeattle/forge-runtime/tests/review","Test":"TestReviewEffectsAndApprovalsBindDurableParents/approval_binds_effect_and_run_together","Elapsed":0}
{"Time":"2026-09-11T16:35:16.491121676-07:00","Action":"run","Package":"github.com/JDinSeattle/forge-runtime/tests/review","Test":"TestReviewEffectsAndApprovalsBindDurableParents/run_cannot_reference_another_tenant_project"}
{"Time":"2026-09-11T16:35:16.491130876-07:00","Action":"output","Package":"github.com/JDinSeattle/forge-runtime/tests/review","Test":"TestReviewEffectsAndApprovalsBindDurableParents/run_cannot_reference_another_tenant_project","Output":"=== RUN   TestReviewEffectsAndApprovalsBindDurableParents/run_cannot_reference_another_tenant_project\n"}
{"Time":"2026-09-11T16:35:16.492022732-07:00","Action":"output","Package":"github.com/JDinSeattle/forge-runtime/tests/review","Test":"TestReviewEffectsAndApprovalsBindDurableParents/run_cannot_reference_another_tenant_project","Output":"--- PASS: TestReviewEffectsAndApprovalsBindDurableParents/run_cannot_reference_another_tenant_project (0.00s)\n"}
{"Time":"2026-09-11T16:35:16.492040321-07:00","Action":"pass","Package":"github.com/JDinSeattle/forge-runtime/tests/review","Test":"TestReviewEffectsAndApprovalsBindDurableParents/run_cannot_reference_another_tenant_project","Elapsed":0}
{"Time":"2026-09-11T16:35:16.53553664-07:00","Action":"output","Package":"github.com/JDinSeattle/forge-runtime/tests/review","Test":"TestReviewEffectsAndApprovalsBindDurableParents","Output":"--- PASS: TestReviewEffectsAndApprovalsBindDurableParents (0.34s)\n"}
{"Time":"2026-09-11T16:35:16.535560017-07:00","Action":"pass","Package":"github.com/JDinSeattle/forge-runtime/tests/review","Test":"TestReviewEffectsAndApprovalsBindDurableParents","Elapsed":0.34}
{"Time":"2026-09-11T16:35:16.535567521-07:00","Action":"run","Package":"github.com/JDinSeattle/forge-runtime/tests/review","Test":"TestReviewRLSUsesActualNonOwnerRoleAndLocalContext"}
{"Time":"2026-09-11T16:35:16.535569168-07:00","Action":"output","Package":"github.com/JDinSeattle/forge-runtime/tests/review","Test":"TestReviewRLSUsesActualNonOwnerRoleAndLocalContext","Output":"=== RUN   TestReviewRLSUsesActualNonOwnerRoleAndLocalContext\n"}
{"Time":"2026-09-11T16:35:16.930953177-07:00","Action":"output","Package":"github.com/JDinSeattle/forge-runtime/tests/review","Test":"TestReviewRLSUsesActualNonOwnerRoleAndLocalContext","Output":"--- PASS: TestReviewRLSUsesActualNonOwnerRoleAndLocalContext (0.40s)\n"}
{"Time":"2026-09-11T16:35:16.930980287-07:00","Action":"pass","Package":"github.com/JDinSeattle/forge-runtime/tests/review","Test":"TestReviewRLSUsesActualNonOwnerRoleAndLocalContext","Elapsed":0.4}
{"Time":"2026-09-11T16:35:16.930985143-07:00","Action":"run","Package":"github.com/JDinSeattle/forge-runtime/tests/review","Test":"TestReviewUnsupportedSnapshotDoesNotStarveHealthyRuns"}
{"Time":"2026-09-11T16:35:16.930987086-07:00","Action":"output","Package":"github.com/JDinSeattle/forge-runtime/tests/review","Test":"TestReviewUnsupportedSnapshotDoesNotStarveHealthyRuns","Output":"=== RUN   TestReviewUnsupportedSnapshotDoesNotStarveHealthyRuns\n"}
{"Time":"2026-09-11T16:35:17.326586491-07:00","Action":"output","Package":"github.com/JDinSeattle/forge-runtime/tests/review","Test":"TestReviewUnsupportedSnapshotDoesNotStarveHealthyRuns","Output":"    snapshot_compatibility_test.go:117: claim 0 run=run_4NZXKJVB5TZW6W2X3EE6LHN7NJ err=\u003cnil\u003e\n"}
{"Time":"2026-09-11T16:35:17.335560709-07:00","Action":"output","Package":"github.com/JDinSeattle/forge-runtime/tests/review","Test":"TestReviewUnsupportedSnapshotDoesNotStarveHealthyRuns","Output":"    snapshot_compatibility_test.go:117: claim 1 run=run_PSZN3NZ7IAZGB6YR5M6X2IZQPD err=snapshot_migration_required: stored schema 3; binary supports 2; execution is paused: use forge-admin snapshot-inspect and docs/snapshot-compatibility-evidence.md\n"}
{"Time":"2026-09-11T16:35:17.355140651-07:00","Action":"output","Package":"github.com/JDinSeattle/forge-runtime/tests/review","Test":"TestReviewUnsupportedSnapshotDoesNotStarveHealthyRuns","Output":"    snapshot_compatibility_test.go:117: claim 2 run=run_AAMU5DLDKMQXFVE3FXLNMEUCMH err=\u003cnil\u003e\n"}
{"Time":"2026-09-11T16:35:17.357406132-07:00","Action":"output","Package":"github.com/JDinSeattle/forge-runtime/tests/review","Test":"TestReviewUnsupportedSnapshotDoesNotStarveHealthyRuns","Output":"    snapshot_compatibility_test.go:117: claim 3 run= err=not_found\n"}
{"Time":"2026-09-11T16:35:17.359813777-07:00","Action":"output","Package":"github.com/JDinSeattle/forge-runtime/tests/review","Test":"TestReviewUnsupportedSnapshotDoesNotStarveHealthyRuns","Output":"    snapshot_compatibility_test.go:117: claim 4 run= err=not_found\n"}
{"Time":"2026-09-11T16:35:17.465064838-07:00","Action":"output","Package":"github.com/JDinSeattle/forge-runtime/tests/review","Test":"TestReviewUnsupportedSnapshotDoesNotStarveHealthyRuns","Output":"--- PASS: TestReviewUnsupportedSnapshotDoesNotStarveHealthyRuns (0.53s)\n"}
{"Time":"2026-09-11T16:35:17.465089767-07:00","Action":"pass","Package":"github.com/JDinSeattle/forge-runtime/tests/review","Test":"TestReviewUnsupportedSnapshotDoesNotStarveHealthyRuns","Elapsed":0.53}
{"Time":"2026-09-11T16:35:17.465094085-07:00","Action":"run","Package":"github.com/JDinSeattle/forge-runtime/tests/review","Test":"TestReviewUnsupportedSnapshotAmbiguousMembersFenceAndHold"}
{"Time":"2026-09-11T16:35:17.465095846-07:00","Action":"output","Package":"github.com/JDinSeattle/forge-runtime/tests/review","Test":"TestReviewUnsupportedSnapshotAmbiguousMembersFenceAndHold","Output":"=== RUN   TestReviewUnsupportedSnapshotAmbiguousMembersFenceAndHold\n"}
{"Time":"2026-09-11T16:35:17.465123439-07:00","Action":"run","Package":"github.com/JDinSeattle/forge-runtime/tests/review","Test":"TestReviewUnsupportedSnapshotAmbiguousMembersFenceAndHold/lower-then-upper"}
{"Time":"2026-09-11T16:35:17.46512491-07:00","Action":"output","Package":"github.com/JDinSeattle/forge-runtime/tests/review","Test":"TestReviewUnsupportedSnapshotAmbiguousMembersFenceAndHold/lower-then-upper","Output":"=== RUN   TestReviewUnsupportedSnapshotAmbiguousMembersFenceAndHold/lower-then-upper\n"}
{"Time":"2026-09-11T16:35:18.275170968-07:00","Action":"output","Package":"github.com/JDinSeattle/forge-runtime/internal/application","Test":"TestExternalModelAndRunnerWaitsHoldNoSQLTransaction/runner","Output":"--- PASS: TestExternalModelAndRunnerWaitsHoldNoSQLTransaction/runner (6.41s)\n"}
{"Time":"2026-09-11T16:35:18.275203955-07:00","Action":"pass","Package":"github.com/JDinSeattle/forge-runtime/internal/application","Test":"TestExternalModelAndRunnerWaitsHoldNoSQLTransaction/runner","Elapsed":6.41}
{"Time":"2026-09-11T16:35:18.275213651-07:00","Action":"output","Package":"github.com/JDinSeattle/forge-runtime/internal/application","Test":"TestExternalModelAndRunnerWaitsHoldNoSQLTransaction","Output":"--- PASS: TestExternalModelAndRunnerWaitsHoldNoSQLTransaction (13.02s)\n"}
{"Time":"2026-09-11T16:35:18.275217957-07:00","Action":"pass","Package":"github.com/JDinSeattle/forge-runtime/internal/application","Test":"TestExternalModelAndRunnerWaitsHoldNoSQLTransaction","Elapsed":13.02}
{"Time":"2026-09-11T16:35:18.275221615-07:00","Action":"run","Package":"github.com/JDinSeattle/forge-runtime/internal/application","Test":"TestDurableRepairLoop"}
{"Time":"2026-09-11T16:35:18.275224584-07:00","Action":"output","Package":"github.com/JDinSeattle/forge-runtime/internal/application","Test":"TestDurableRepairLoop","Output":"=== RUN   TestDurableRepairLoop\n"}
{"Time":"2026-09-11T16:35:18.833962913-07:00","Action":"output","Package":"github.com/JDinSeattle/forge-runtime/tests/review","Test":"TestReviewUnsupportedSnapshotAmbiguousMembersFenceAndHold/lower-then-upper","Output":"--- PASS: TestReviewUnsupportedSnapshotAmbiguousMembersFenceAndHold/lower-then-upper (1.37s)\n"}
{"Time":"2026-09-11T16:35:18.834001377-07:00","Action":"pass","Package":"github.com/JDinSeattle/forge-runtime/tests/review","Test":"TestReviewUnsupportedSnapshotAmbiguousMembersFenceAndHold/lower-then-upper","Elapsed":1.37}
{"Time":"2026-09-11T16:35:18.834009958-07:00","Action":"run","Package":"github.com/JDinSeattle/forge-runtime/tests/review","Test":"TestReviewUnsupportedSnapshotAmbiguousMembersFenceAndHold/upper-then-lower"}
{"Time":"2026-09-11T16:35:18.834013543-07:00","Action":"output","Package":"github.com/JDinSeattle/forge-runtime/tests/review","Test":"TestReviewUnsupportedSnapshotAmbiguousMembersFenceAndHold/upper-then-lower","Output":"=== RUN   TestReviewUnsupportedSnapshotAmbiguousMembersFenceAndHold/upper-then-lower\n"}
{"Time":"2026-09-11T16:35:20.254471701-07:00","Action":"output","Package":"github.com/JDinSeattle/forge-runtime/tests/review","Test":"TestReviewUnsupportedSnapshotAmbiguousMembersFenceAndHold/upper-then-lower","Output":"--- PASS: TestReviewUnsupportedSnapshotAmbiguousMembersFenceAndHold/upper-then-lower (1.42s)\n"}
{"Time":"2026-09-11T16:35:20.254505284-07:00","Action":"pass","Package":"github.com/JDinSeattle/forge-runtime/tests/review","Test":"TestReviewUnsupportedSnapshotAmbiguousMembersFenceAndHold/upper-then-lower","Elapsed":1.42}
{"Time":"2026-09-11T16:35:20.254512363-07:00","Action":"run","Package":"github.com/JDinSeattle/forge-runtime/tests/review","Test":"TestReviewUnsupportedSnapshotAmbiguousMembersFenceAndHold/duplicate-two-one"}
{"Time":"2026-09-11T16:35:20.254516046-07:00","Action":"output","Package":"github.com/JDinSeattle/forge-runtime/tests/review","Test":"TestReviewUnsupportedSnapshotAmbiguousMembersFenceAndHold/duplicate-two-one","Output":"=== RUN   TestReviewUnsupportedSnapshotAmbiguousMembersFenceAndHold/duplicate-two-one\n"}
{"Time":"2026-09-11T16:35:20.330635327-07:00","Action":"output","Package":"github.com/JDinSeattle/forge-runtime/internal/application","Test":"TestDurableRepairLoop","Output":"--- PASS: TestDurableRepairLoop (2.06s)\n"}
{"Time":"2026-09-11T16:35:20.330660363-07:00","Action":"pass","Package":"github.com/JDinSeattle/forge-runtime/internal/application","Test":"TestDurableRepairLoop","Elapsed":2.06}
{"Time":"2026-09-11T16:35:20.330664523-07:00","Action":"run","Package":"github.com/JDinSeattle/forge-runtime/internal/application","Test":"TestCompletedModelReusedAfterWorkerCrash"}
{"Time":"2026-09-11T16:35:20.330665929-07:00","Action":"output","Package":"github.com/JDinSeattle/forge-runtime/internal/application","Test":"TestCompletedModelReusedAfterWorkerCrash","Output":"=== RUN   TestCompletedModelReusedAfterWorkerCrash\n"}
{"Time":"2026-09-11T16:35:21.592330008-07:00","Action":"output","Package":"github.com/JDinSeattle/forge-runtime/tests/review","Test":"TestReviewUnsupportedSnapshotAmbiguousMembersFenceAndHold/duplicate-two-one","Output":"--- PASS: TestReviewUnsupportedSnapshotAmbiguousMembersFenceAndHold/duplicate-two-one (1.34s)\n"}
{"Time":"2026-09-11T16:35:21.592357462-07:00","Action":"pass","Package":"github.com/JDinSeattle/forge-runtime/tests/review","Test":"TestReviewUnsupportedSnapshotAmbiguousMembersFenceAndHold/duplicate-two-one","Elapsed":1.34}
{"Time":"2026-09-11T16:35:21.592376805-07:00","Action":"run","Package":"github.com/JDinSeattle/forge-runtime/tests/review","Test":"TestReviewUnsupportedSnapshotAmbiguousMembersFenceAndHold/duplicate-one-one"}
{"Time":"2026-09-11T16:35:21.592378798-07:00","Action":"output","Package":"github.com/JDinSeattle/forge-runtime/tests/review","Test":"TestReviewUnsupportedSnapshotAmbiguousMembersFenceAndHold/duplicate-one-one","Output":"=== RUN   TestReviewUnsupportedSnapshotAmbiguousMembersFenceAndHold/duplicate-one-one\n"}
{"Time":"2026-09-11T16:35:22.625557058-07:00","Action":"output","Package":"github.com/JDinSeattle/forge-runtime/internal/application","Test":"TestCompletedModelReusedAfterWorkerCrash","Output":"--- PASS: TestCompletedModelReusedAfterWorkerCrash (2.29s)\n"}
{"Time":"2026-09-11T16:35:22.625583981-07:00","Action":"pass","Package":"github.com/JDinSeattle/forge-runtime/internal/application","Test":"TestCompletedModelReusedAfterWorkerCrash","Elapsed":2.29}
{"Time":"2026-09-11T16:35:22.625588863-07:00","Action":"run","Package":"github.com/JDinSeattle/forge-runtime/internal/application","Test":"TestDriverTerminalHeartbeatBoundary"}
{"Time":"2026-09-11T16:35:22.625590753-07:00","Action":"output","Package":"github.com/JDinSeattle/forge-runtime/internal/application","Test":"TestDriverTerminalHeartbeatBoundary","Output":"=== RUN   TestDriverTerminalHeartbeatBoundary\n"}
{"Time":"2026-09-11T16:35:22.625602104-07:00","Action":"run","Package":"github.com/JDinSeattle/forge-runtime/internal/application","Test":"TestDriverTerminalHeartbeatBoundary/completed"}
{"Time":"2026-09-11T16:35:22.62560366-07:00","Action":"output","Package":"github.com/JDinSeattle/forge-runtime/internal/application","Test":"TestDriverTerminalHeartbeatBoundary/completed","Output":"=== RUN   TestDriverTerminalHeartbeatBoundary/completed\n"}
{"Time":"2026-09-11T16:35:23.132983428-07:00","Action":"output","Package":"github.com/JDinSeattle/forge-runtime/tests/review","Test":"TestReviewUnsupportedSnapshotAmbiguousMembersFenceAndHold/duplicate-one-one","Output":"--- PASS: TestReviewUnsupportedSnapshotAmbiguousMembersFenceAndHold/duplicate-one-one (1.54s)\n"}
{"Time":"2026-09-11T16:35:23.133008937-07:00","Action":"pass","Package":"github.com/JDinSeattle/forge-runtime/tests/review","Test":"TestReviewUnsupportedSnapshotAmbiguousMembersFenceAndHold/duplicate-one-one","Elapsed":1.54}
{"Time":"2026-09-11T16:35:23.133013864-07:00","Action":"run","Package":"github.com/JDinSeattle/forge-runtime/tests/review","Test":"TestReviewUnsupportedSnapshotAmbiguousMembersFenceAndHold/unicode-long-s"}
{"Time":"2026-09-11T16:35:23.133015551-07:00","Action":"output","Package":"github.com/JDinSeattle/forge-runtime/tests/review","Test":"TestReviewUnsupportedSnapshotAmbiguousMembersFenceAndHold/unicode-long-s","Output":"=== RUN   TestReviewUnsupportedSnapshotAmbiguousMembersFenceAndHold/unicode-long-s\n"}
{"Time":"2026-09-11T16:35:24.572301353-07:00","Action":"output","Package":"github.com/JDinSeattle/forge-runtime/tests/review","Test":"TestReviewUnsupportedSnapshotAmbiguousMembersFenceAndHold/unicode-long-s","Output":"--- PASS: TestReviewUnsupportedSnapshotAmbiguousMembersFenceAndHold/unicode-long-s (1.44s)\n"}
{"Time":"2026-09-11T16:35:24.572327966-07:00","Action":"pass","Package":"github.com/JDinSeattle/forge-runtime/tests/review","Test":"TestReviewUnsupportedSnapshotAmbiguousMembersFenceAndHold/unicode-long-s","Elapsed":1.44}
{"Time":"2026-09-11T16:35:24.57233537-07:00","Action":"run","Package":"github.com/JDinSeattle/forge-runtime/tests/review","Test":"TestReviewUnsupportedSnapshotAmbiguousMembersFenceAndHold/escaped-long-s"}
{"Time":"2026-09-11T16:35:24.572337394-07:00","Action":"output","Package":"github.com/JDinSeattle/forge-runtime/tests/review","Test":"TestReviewUnsupportedSnapshotAmbiguousMembersFenceAndHold/escaped-long-s","Output":"=== RUN   TestReviewUnsupportedSnapshotAmbiguousMembersFenceAndHold/escaped-long-s\n"}
{"Time":"2026-09-11T16:35:25.885759946-07:00","Action":"output","Package":"github.com/JDinSeattle/forge-runtime/tests/review","Test":"TestReviewUnsupportedSnapshotAmbiguousMembersFenceAndHold/escaped-long-s","Output":"--- PASS: TestReviewUnsupportedSnapshotAmbiguousMembersFenceAndHold/escaped-long-s (1.31s)\n"}
{"Time":"2026-09-11T16:35:25.885786055-07:00","Action":"pass","Package":"github.com/JDinSeattle/forge-runtime/tests/review","Test":"TestReviewUnsupportedSnapshotAmbiguousMembersFenceAndHold/escaped-long-s","Elapsed":1.31}
{"Time":"2026-09-11T16:35:25.885791125-07:00","Action":"output","Package":"github.com/JDinSeattle/forge-runtime/tests/review","Test":"TestReviewUnsupportedSnapshotAmbiguousMembersFenceAndHold","Output":"--- PASS: TestReviewUnsupportedSnapshotAmbiguousMembersFenceAndHold (8.42s)\n"}
{"Time":"2026-09-11T16:35:25.885793092-07:00","Action":"pass","Package":"github.com/JDinSeattle/forge-runtime/tests/review","Test":"TestReviewUnsupportedSnapshotAmbiguousMembersFenceAndHold","Elapsed":8.42}
{"Time":"2026-09-11T16:35:25.885799361-07:00","Action":"run","Package":"github.com/JDinSeattle/forge-runtime/tests/review","Test":"TestReviewUnsupportedSnapshotOperatorCLI"}
{"Time":"2026-09-11T16:35:25.885801228-07:00","Action":"output","Package":"github.com/JDinSeattle/forge-runtime/tests/review","Test":"TestReviewUnsupportedSnapshotOperatorCLI","Output":"=== RUN   TestReviewUnsupportedSnapshotOperatorCLI\n"}
{"Time":"2026-09-11T16:35:26.165332643-07:00","Action":"output","Package":"github.com/JDinSeattle/forge-runtime/tests/review","Test":"TestReviewUnsupportedSnapshotOperatorCLI","Output":"--- PASS: TestReviewUnsupportedSnapshotOperatorCLI (0.28s)\n"}
{"Time":"2026-09-11T16:35:26.165361135-07:00","Action":"pass","Package":"github.com/JDinSeattle/forge-runtime/tests/review","Test":"TestReviewUnsupportedSnapshotOperatorCLI","Elapsed":0.28}
{"Time":"2026-09-11T16:35:26.165366019-07:00","Action":"run","Package":"github.com/JDinSeattle/forge-runtime/tests/review","Test":"TestReviewUnsupportedSnapshotPreservesUnknownLedgerAndAuthority"}
{"Time":"2026-09-11T16:35:26.165367612-07:00","Action":"output","Package":"github.com/JDinSeattle/forge-runtime/tests/review","Test":"TestReviewUnsupportedSnapshotPreservesUnknownLedgerAndAuthority","Output":"=== RUN   TestReviewUnsupportedSnapshotPreservesUnknownLedgerAndAuthority\n"}
{"Time":"2026-09-11T16:35:26.847754629-07:00","Action":"output","Package":"github.com/JDinSeattle/forge-runtime/internal/application","Test":"TestDriverTerminalHeartbeatBoundary/completed","Output":"--- PASS: TestDriverTerminalHeartbeatBoundary/completed (4.22s)\n"}
{"Time":"2026-09-11T16:35:26.84778006-07:00","Action":"pass","Package":"github.com/JDinSeattle/forge-runtime/internal/application","Test":"TestDriverTerminalHeartbeatBoundary/completed","Elapsed":4.22}
{"Time":"2026-09-11T16:35:26.847784387-07:00","Action":"run","Package":"github.com/JDinSeattle/forge-runtime/internal/application","Test":"TestDriverTerminalHeartbeatBoundary/waiting_approval"}
{"Time":"2026-09-11T16:35:26.847785701-07:00","Action":"output","Package":"github.com/JDinSeattle/forge-runtime/internal/application","Test":"TestDriverTerminalHeartbeatBoundary/waiting_approval","Output":"=== RUN   TestDriverTerminalHeartbeatBoundary/waiting_approval\n"}
{"Time":"2026-09-11T16:35:28.450589392-07:00","Action":"output","Package":"github.com/JDinSeattle/forge-runtime/tests/review","Test":"TestReviewUnsupportedSnapshotPreservesUnknownLedgerAndAuthority","Output":"--- PASS: TestReviewUnsupportedSnapshotPreservesUnknownLedgerAndAuthority (2.29s)\n"}
{"Time":"2026-09-11T16:35:28.450624221-07:00","Action":"pass","Package":"github.com/JDinSeattle/forge-runtime/tests/review","Test":"TestReviewUnsupportedSnapshotPreservesUnknownLedgerAndAuthority","Elapsed":2.29}
{"Time":"2026-09-11T16:35:28.450632171-07:00","Action":"run","Package":"github.com/JDinSeattle/forge-runtime/tests/review","Test":"TestReviewUnsupportedSnapshotHTTPAndOperatorRecovery"}
{"Time":"2026-09-11T16:35:28.450635725-07:00","Action":"output","Package":"github.com/JDinSeattle/forge-runtime/tests/review","Test":"TestReviewUnsupportedSnapshotHTTPAndOperatorRecovery","Output":"=== RUN   TestReviewUnsupportedSnapshotHTTPAndOperatorRecovery\n"}
{"Time":"2026-09-11T16:35:29.060355013-07:00","Action":"output","Package":"github.com/JDinSeattle/forge-runtime/tests/review","Test":"TestReviewUnsupportedSnapshotHTTPAndOperatorRecovery","Output":"--- PASS: TestReviewUnsupportedSnapshotHTTPAndOperatorRecovery (0.61s)\n"}
{"Time":"2026-09-11T16:35:29.060383402-07:00","Action":"pass","Package":"github.com/JDinSeattle/forge-runtime/tests/review","Test":"TestReviewUnsupportedSnapshotHTTPAndOperatorRecovery","Elapsed":0.61}
{"Time":"2026-09-11T16:35:29.0603938-07:00","Action":"run","Package":"github.com/JDinSeattle/forge-runtime/tests/review","Test":"TestReviewUnsupportedSnapshotApprovalRefusesUnknownState"}
{"Time":"2026-09-11T16:35:29.060396342-07:00","Action":"output","Package":"github.com/JDinSeattle/forge-runtime/tests/review","Test":"TestReviewUnsupportedSnapshotApprovalRefusesUnknownState","Output":"=== RUN   TestReviewUnsupportedSnapshotApprovalRefusesUnknownState\n"}
{"Time":"2026-09-11T16:35:29.497199943-07:00","Action":"output","Package":"github.com/JDinSeattle/forge-runtime/tests/review","Test":"TestReviewUnsupportedSnapshotApprovalRefusesUnknownState","Output":"--- PASS: TestReviewUnsupportedSnapshotApprovalRefusesUnknownState (0.44s)\n"}
{"Time":"2026-09-11T16:35:29.497233916-07:00","Action":"pass","Package":"github.com/JDinSeattle/forge-runtime/tests/review","Test":"TestReviewUnsupportedSnapshotApprovalRefusesUnknownState","Elapsed":0.44}
{"Time":"2026-09-11T16:35:29.497242751-07:00","Action":"run","Package":"github.com/JDinSeattle/forge-runtime/tests/review","Test":"TestReviewUnsupportedSnapshotMalformedHeadersRemainHeld"}
{"Time":"2026-09-11T16:35:29.497246074-07:00","Action":"output","Package":"github.com/JDinSeattle/forge-runtime/tests/review","Test":"TestReviewUnsupportedSnapshotMalformedHeadersRemainHeld","Output":"=== RUN   TestReviewUnsupportedSnapshotMalformedHeadersRemainHeld\n"}
{"Time":"2026-09-11T16:35:29.497266027-07:00","Action":"run","Package":"github.com/JDinSeattle/forge-runtime/tests/review","Test":"TestReviewUnsupportedSnapshotMalformedHeadersRemainHeld/null"}
{"Time":"2026-09-11T16:35:29.49727005-07:00","Action":"output","Package":"github.com/JDinSeattle/forge-runtime/tests/review","Test":"TestReviewUnsupportedSnapshotMalformedHeadersRemainHeld/null","Output":"=== RUN   TestReviewUnsupportedSnapshotMalformedHeadersRemainHeld/null\n"}
{"Time":"2026-09-11T16:35:29.635169307-07:00","Action":"output","Package":"github.com/JDinSeattle/forge-runtime/internal/application","Test":"TestDriverTerminalHeartbeatBoundary/waiting_approval","Output":"--- PASS: TestDriverTerminalHeartbeatBoundary/waiting_approval (2.79s)\n"}
{"Time":"2026-09-11T16:35:29.635191094-07:00","Action":"pass","Package":"github.com/JDinSeattle/forge-runtime/internal/application","Test":"TestDriverTerminalHeartbeatBoundary/waiting_approval","Elapsed":2.79}
{"Time":"2026-09-11T16:35:29.635195844-07:00","Action":"output","Package":"github.com/JDinSeattle/forge-runtime/internal/application","Test":"TestDriverTerminalHeartbeatBoundary","Output":"--- PASS: TestDriverTerminalHeartbeatBoundary (7.01s)\n"}
{"Time":"2026-09-11T16:35:29.635200735-07:00","Action":"pass","Package":"github.com/JDinSeattle/forge-runtime/internal/application","Test":"TestDriverTerminalHeartbeatBoundary","Elapsed":7.01}
{"Time":"2026-09-11T16:35:29.635215115-07:00","Action":"run","Package":"github.com/JDinSeattle/forge-runtime/internal/application","Test":"TestNativeProviderHandoffDurableRepair"}
{"Time":"2026-09-11T16:35:29.63521687-07:00","Action":"output","Package":"github.com/JDinSeattle/forge-runtime/internal/application","Test":"TestNativeProviderHandoffDurableRepair","Output":"=== RUN   TestNativeProviderHandoffDurableRepair\n"}
{"Time":"2026-09-11T16:35:29.635240207-07:00","Action":"run","Package":"github.com/JDinSeattle/forge-runtime/internal/application","Test":"TestNativeProviderHandoffDurableRepair/openai"}
{"Time":"2026-09-11T16:35:29.63524201-07:00","Action":"output","Package":"github.com/JDinSeattle/forge-runtime/internal/application","Test":"TestNativeProviderHandoffDurableRepair/openai","Output":"=== RUN   TestNativeProviderHandoffDurableRepair/openai\n"}
{"Time":"2026-09-11T16:35:29.761057188-07:00","Action":"output","Package":"github.com/JDinSeattle/forge-runtime/tests/review","Test":"TestReviewUnsupportedSnapshotMalformedHeadersRemainHeld/null","Output":"--- PASS: TestReviewUnsupportedSnapshotMalformedHeadersRemainHeld/null (0.26s)\n"}
{"Time":"2026-09-11T16:35:29.761083716-07:00","Action":"pass","Package":"github.com/JDinSeattle/forge-runtime/tests/review","Test":"TestReviewUnsupportedSnapshotMalformedHeadersRemainHeld/null","Elapsed":0.26}
{"Time":"2026-09-11T16:35:29.761087945-07:00","Action":"run","Package":"github.com/JDinSeattle/forge-runtime/tests/review","Test":"TestReviewUnsupportedSnapshotMalformedHeadersRemainHeld/1.5"}
{"Time":"2026-09-11T16:35:29.76109256-07:00","Action":"output","Package":"github.com/JDinSeattle/forge-runtime/tests/review","Test":"TestReviewUnsupportedSnapshotMalformedHeadersRemainHeld/1.5","Output":"=== RUN   TestReviewUnsupportedSnapshotMalformedHeadersRemainHeld/1.5\n"}
{"Time":"2026-09-11T16:35:30.087994063-07:00","Action":"output","Package":"github.com/JDinSeattle/forge-runtime/tests/review","Test":"TestReviewUnsupportedSnapshotMalformedHeadersRemainHeld/1.5","Output":"--- PASS: TestReviewUnsupportedSnapshotMalformedHeadersRemainHeld/1.5 (0.33s)\n"}
{"Time":"2026-09-11T16:35:30.088015864-07:00","Action":"pass","Package":"github.com/JDinSeattle/forge-runtime/tests/review","Test":"TestReviewUnsupportedSnapshotMalformedHeadersRemainHeld/1.5","Elapsed":0.33}
{"Time":"2026-09-11T16:35:30.088020846-07:00","Action":"run","Package":"github.com/JDinSeattle/forge-runtime/tests/review","Test":"TestReviewUnsupportedSnapshotMalformedHeadersRemainHeld/\"1\""}
{"Time":"2026-09-11T16:35:30.088022416-07:00","Action":"output","Package":"github.com/JDinSeattle/forge-runtime/tests/review","Test":"TestReviewUnsupportedSnapshotMalformedHeadersRemainHeld/\"1\"","Output":"=== RUN   TestReviewUnsupportedSnapshotMalformedHeadersRemainHeld/\"1\"\n"}
{"Time":"2026-09-11T16:35:30.532289729-07:00","Action":"output","Package":"github.com/JDinSeattle/forge-runtime/tests/review","Test":"TestReviewUnsupportedSnapshotMalformedHeadersRemainHeld/\"1\"","Output":"--- PASS: TestReviewUnsupportedSnapshotMalformedHeadersRemainHeld/\"1\" (0.44s)\n"}
{"Time":"2026-09-11T16:35:30.532325044-07:00","Action":"pass","Package":"github.com/JDinSeattle/forge-runtime/tests/review","Test":"TestReviewUnsupportedSnapshotMalformedHeadersRemainHeld/\"1\"","Elapsed":0.44}
{"Time":"2026-09-11T16:35:30.532332128-07:00","Action":"run","Package":"github.com/JDinSeattle/forge-runtime/tests/review","Test":"TestReviewUnsupportedSnapshotMalformedHeadersRemainHeld/-1"}
{"Time":"2026-09-11T16:35:30.532335115-07:00","Action":"output","Package":"github.com/JDinSeattle/forge-runtime/tests/review","Test":"TestReviewUnsupportedSnapshotMalformedHeadersRemainHeld/-1","Output":"=== RUN   TestReviewUnsupportedSnapshotMalformedHeadersRemainHeld/-1\n"}
{"Time":"2026-09-11T16:35:30.860563136-07:00","Action":"output","Package":"github.com/JDinSeattle/forge-runtime/tests/review","Test":"TestReviewUnsupportedSnapshotMalformedHeadersRemainHeld/-1","Output":"--- PASS: TestReviewUnsupportedSnapshotMalformedHeadersRemainHeld/-1 (0.33s)\n"}
{"Time":"2026-09-11T16:35:30.860589599-07:00","Action":"pass","Package":"github.com/JDinSeattle/forge-runtime/tests/review","Test":"TestReviewUnsupportedSnapshotMalformedHeadersRemainHeld/-1","Elapsed":0.33}
{"Time":"2026-09-11T16:35:30.860594577-07:00","Action":"run","Package":"github.com/JDinSeattle/forge-runtime/tests/review","Test":"TestReviewUnsupportedSnapshotMalformedHeadersRemainHeld/999999999999999999999999999999999999999999999999999999999999999999999999"}
{"Time":"2026-09-11T16:35:30.860596201-07:00","Action":"output","Package":"github.com/JDinSeattle/forge-runtime/tests/review","Test":"TestReviewUnsupportedSnapshotMalformedHeadersRemainHeld/999999999999999999999999999999999999999999999999999999999999999999999999","Output":"=== RUN   TestReviewUnsupportedSnapshotMalformedHeadersRemainHeld/999999999999999999999999999999999999999999999999999999999999999999999999\n"}
{"Time":"2026-09-11T16:35:31.304072731-07:00","Action":"output","Package":"github.com/JDinSeattle/forge-runtime/tests/review","Test":"TestReviewUnsupportedSnapshotMalformedHeadersRemainHeld/999999999999999999999999999999999999999999999999999999999999999999999999","Output":"--- PASS: TestReviewUnsupportedSnapshotMalformedHeadersRemainHeld/999999999999999999999999999999999999999999999999999999999999999999999999 (0.44s)\n"}
{"Time":"2026-09-11T16:35:31.304141873-07:00","Action":"pass","Package":"github.com/JDinSeattle/forge-runtime/tests/review","Test":"TestReviewUnsupportedSnapshotMalformedHeadersRemainHeld/999999999999999999999999999999999999999999999999999999999999999999999999","Elapsed":0.44}
{"Time":"2026-09-11T16:35:31.304154106-07:00","Action":"output","Package":"github.com/JDinSeattle/forge-runtime/tests/review","Test":"TestReviewUnsupportedSnapshotMalformedHeadersRemainHeld","Output":"--- PASS: TestReviewUnsupportedSnapshotMalformedHeadersRemainHeld (1.81s)\n"}
{"Time":"2026-09-11T16:35:31.304156215-07:00","Action":"pass","Package":"github.com/JDinSeattle/forge-runtime/tests/review","Test":"TestReviewUnsupportedSnapshotMalformedHeadersRemainHeld","Elapsed":1.81}
{"Time":"2026-09-11T16:35:31.304158273-07:00","Action":"run","Package":"github.com/JDinSeattle/forge-runtime/tests/review","Test":"TestReviewUnsupportedSnapshotStopsCleanupAndRetentionOfTerminalEvidence"}
{"Time":"2026-09-11T16:35:31.304159533-07:00","Action":"output","Package":"github.com/JDinSeattle/forge-runtime/tests/review","Test":"TestReviewUnsupportedSnapshotStopsCleanupAndRetentionOfTerminalEvidence","Output":"=== RUN   TestReviewUnsupportedSnapshotStopsCleanupAndRetentionOfTerminalEvidence\n"}
{"Time":"2026-09-11T16:35:31.744524673-07:00","Action":"output","Package":"github.com/JDinSeattle/forge-runtime/tests/review","Test":"TestReviewUnsupportedSnapshotStopsCleanupAndRetentionOfTerminalEvidence","Output":"--- PASS: TestReviewUnsupportedSnapshotStopsCleanupAndRetentionOfTerminalEvidence (0.44s)\n"}
{"Time":"2026-09-11T16:35:31.744549577-07:00","Action":"pass","Package":"github.com/JDinSeattle/forge-runtime/tests/review","Test":"TestReviewUnsupportedSnapshotStopsCleanupAndRetentionOfTerminalEvidence","Elapsed":0.44}
{"Time":"2026-09-11T16:35:31.744556581-07:00","Action":"run","Package":"github.com/JDinSeattle/forge-runtime/tests/review","Test":"TestReviewUnsupportedSnapshotEndsExistingSSEGeneration"}
{"Time":"2026-09-11T16:35:31.744558165-07:00","Action":"output","Package":"github.com/JDinSeattle/forge-runtime/tests/review","Test":"TestReviewUnsupportedSnapshotEndsExistingSSEGeneration","Output":"=== RUN   TestReviewUnsupportedSnapshotEndsExistingSSEGeneration\n"}
{"Time":"2026-09-11T16:35:32.170504996-07:00","Action":"output","Package":"github.com/JDinSeattle/forge-runtime/tests/review","Test":"TestReviewUnsupportedSnapshotEndsExistingSSEGeneration","Output":"--- PASS: TestReviewUnsupportedSnapshotEndsExistingSSEGeneration (0.43s)\n"}
{"Time":"2026-09-11T16:35:32.17053077-07:00","Action":"pass","Package":"github.com/JDinSeattle/forge-runtime/tests/review","Test":"TestReviewUnsupportedSnapshotEndsExistingSSEGeneration","Elapsed":0.43}
{"Time":"2026-09-11T16:35:32.170535195-07:00","Action":"run","Package":"github.com/JDinSeattle/forge-runtime/tests/review","Test":"TestReviewHeartbeatRemainsAuthoritativeAcrossTransitions"}
{"Time":"2026-09-11T16:35:32.170536934-07:00","Action":"output","Package":"github.com/JDinSeattle/forge-runtime/tests/review","Test":"TestReviewHeartbeatRemainsAuthoritativeAcrossTransitions","Output":"=== RUN   TestReviewHeartbeatRemainsAuthoritativeAcrossTransitions\n"}
{"Time":"2026-09-11T16:35:32.804370263-07:00","Action":"output","Package":"github.com/JDinSeattle/forge-runtime/internal/application","Test":"TestNativeProviderHandoffDurableRepair/openai","Output":"--- PASS: TestNativeProviderHandoffDurableRepair/openai (3.17s)\n"}
{"Time":"2026-09-11T16:35:32.804400835-07:00","Action":"pass","Package":"github.com/JDinSeattle/forge-runtime/internal/application","Test":"TestNativeProviderHandoffDurableRepair/openai","Elapsed":3.17}
{"Time":"2026-09-11T16:35:32.804405824-07:00","Action":"run","Package":"github.com/JDinSeattle/forge-runtime/internal/application","Test":"TestNativeProviderHandoffDurableRepair/anthropic"}
{"Time":"2026-09-11T16:35:32.804407397-07:00","Action":"output","Package":"github.com/JDinSeattle/forge-runtime/internal/application","Test":"TestNativeProviderHandoffDurableRepair/anthropic","Output":"=== RUN   TestNativeProviderHandoffDurableRepair/anthropic\n"}
{"Time":"2026-09-11T16:35:33.518463419-07:00","Action":"output","Package":"github.com/JDinSeattle/forge-runtime/tests/review","Test":"TestReviewHeartbeatRemainsAuthoritativeAcrossTransitions","Output":"--- PASS: TestReviewHeartbeatRemainsAuthoritativeAcrossTransitions (1.35s)\n"}
{"Time":"2026-09-11T16:35:33.518501632-07:00","Action":"pass","Package":"github.com/JDinSeattle/forge-runtime/tests/review","Test":"TestReviewHeartbeatRemainsAuthoritativeAcrossTransitions","Elapsed":1.35}
{"Time":"2026-09-11T16:35:33.518506173-07:00","Action":"run","Package":"github.com/JDinSeattle/forge-runtime/tests/review","Test":"TestReviewLeaseExpiryDuringEvidenceWaitFencesCommit"}
{"Time":"2026-09-11T16:35:33.518507775-07:00","Action":"output","Package":"github.com/JDinSeattle/forge-runtime/tests/review","Test":"TestReviewLeaseExpiryDuringEvidenceWaitFencesCommit","Output":"=== RUN   TestReviewLeaseExpiryDuringEvidenceWaitFencesCommit\n"}
{"Time":"2026-09-11T16:35:34.869235327-07:00","Action":"output","Package":"github.com/JDinSeattle/forge-runtime/tests/review","Test":"TestReviewLeaseExpiryDuringEvidenceWaitFencesCommit","Output":"--- PASS: TestReviewLeaseExpiryDuringEvidenceWaitFencesCommit (1.35s)\n"}
{"Time":"2026-09-11T16:35:34.869268894-07:00","Action":"pass","Package":"github.com/JDinSeattle/forge-runtime/tests/review","Test":"TestReviewLeaseExpiryDuringEvidenceWaitFencesCommit","Elapsed":1.35}
{"Time":"2026-09-11T16:35:34.869277346-07:00","Action":"run","Package":"github.com/JDinSeattle/forge-runtime/tests/review","Test":"TestReviewDeferredModelRunCanBeReclaimed"}
{"Time":"2026-09-11T16:35:34.869280771-07:00","Action":"output","Package":"github.com/JDinSeattle/forge-runtime/tests/review","Test":"TestReviewDeferredModelRunCanBeReclaimed","Output":"=== RUN   TestReviewDeferredModelRunCanBeReclaimed\n"}
{"Time":"2026-09-11T16:35:35.288526007-07:00","Action":"output","Package":"github.com/JDinSeattle/forge-runtime/tests/review","Test":"TestReviewDeferredModelRunCanBeReclaimed","Output":"--- PASS: TestReviewDeferredModelRunCanBeReclaimed (0.42s)\n"}
{"Time":"2026-09-11T16:35:35.288548563-07:00","Action":"pass","Package":"github.com/JDinSeattle/forge-runtime/tests/review","Test":"TestReviewDeferredModelRunCanBeReclaimed","Elapsed":0.42}
{"Time":"2026-09-11T16:35:35.288554956-07:00","Action":"run","Package":"github.com/JDinSeattle/forge-runtime/tests/review","Test":"TestReviewAPIRoleGuardChecksResolvedSchemaAndInheritedOwnership"}
{"Time":"2026-09-11T16:35:35.288556476-07:00","Action":"output","Package":"github.com/JDinSeattle/forge-runtime/tests/review","Test":"TestReviewAPIRoleGuardChecksResolvedSchemaAndInheritedOwnership","Output":"=== RUN   TestReviewAPIRoleGuardChecksResolvedSchemaAndInheritedOwnership\n"}
{"Time":"2026-09-11T16:35:35.566226182-07:00","Action":"output","Package":"github.com/JDinSeattle/forge-runtime/tests/review","Test":"TestReviewAPIRoleGuardChecksResolvedSchemaAndInheritedOwnership","Output":"--- PASS: TestReviewAPIRoleGuardChecksResolvedSchemaAndInheritedOwnership (0.28s)\n"}
{"Time":"2026-09-11T16:35:35.566250504-07:00","Action":"pass","Package":"github.com/JDinSeattle/forge-runtime/tests/review","Test":"TestReviewAPIRoleGuardChecksResolvedSchemaAndInheritedOwnership","Elapsed":0.28}
{"Time":"2026-09-11T16:35:35.566254787-07:00","Action":"run","Package":"github.com/JDinSeattle/forge-runtime/tests/review","Test":"TestReviewHTMLCharactersPreserveToolArgumentHashAcrossPersistence"}
{"Time":"2026-09-11T16:35:35.566256429-07:00","Action":"output","Package":"github.com/JDinSeattle/forge-runtime/tests/review","Test":"TestReviewHTMLCharactersPreserveToolArgumentHashAcrossPersistence","Output":"=== RUN   TestReviewHTMLCharactersPreserveToolArgumentHashAcrossPersistence\n"}
{"Time":"2026-09-11T16:35:35.821280062-07:00","Action":"output","Package":"github.com/JDinSeattle/forge-runtime/internal/application","Test":"TestNativeProviderHandoffDurableRepair/anthropic","Output":"--- PASS: TestNativeProviderHandoffDurableRepair/anthropic (3.02s)\n"}
{"Time":"2026-09-11T16:35:35.821301732-07:00","Action":"pass","Package":"github.com/JDinSeattle/forge-runtime/internal/application","Test":"TestNativeProviderHandoffDurableRepair/anthropic","Elapsed":3.02}
{"Time":"2026-09-11T16:35:35.821309275-07:00","Action":"output","Package":"github.com/JDinSeattle/forge-runtime/internal/application","Test":"TestNativeProviderHandoffDurableRepair","Output":"--- PASS: TestNativeProviderHandoffDurableRepair (6.19s)\n"}
{"Time":"2026-09-11T16:35:35.821314526-07:00","Action":"pass","Package":"github.com/JDinSeattle/forge-runtime/internal/application","Test":"TestNativeProviderHandoffDurableRepair","Elapsed":6.19}
{"Time":"2026-09-11T16:35:35.821331076-07:00","Action":"run","Package":"github.com/JDinSeattle/forge-runtime/internal/application","Test":"TestFallbackFailureAllowlist"}
{"Time":"2026-09-11T16:35:35.821333197-07:00","Action":"output","Package":"github.com/JDinSeattle/forge-runtime/internal/application","Test":"TestFallbackFailureAllowlist","Output":"=== RUN   TestFallbackFailureAllowlist\n"}
{"Time":"2026-09-11T16:35:35.821355233-07:00","Action":"output","Package":"github.com/JDinSeattle/forge-runtime/internal/application","Test":"TestFallbackFailureAllowlist","Output":"--- PASS: TestFallbackFailureAllowlist (0.00s)\n"}
{"Time":"2026-09-11T16:35:35.821359861-07:00","Action":"pass","Package":"github.com/JDinSeattle/forge-runtime/internal/application","Test":"TestFallbackFailureAllowlist","Elapsed":0}
{"Time":"2026-09-11T16:35:35.821366977-07:00","Action":"run","Package":"github.com/JDinSeattle/forge-runtime/internal/application","Test":"TestFallbackCompatibilityBudgetAndRetryBounds"}
{"Time":"2026-09-11T16:35:35.821368629-07:00","Action":"output","Package":"github.com/JDinSeattle/forge-runtime/internal/application","Test":"TestFallbackCompatibilityBudgetAndRetryBounds","Output":"=== RUN   TestFallbackCompatibilityBudgetAndRetryBounds\n"}
{"Time":"2026-09-11T16:35:35.821400871-07:00","Action":"run","Package":"github.com/JDinSeattle/forge-runtime/internal/application","Test":"TestFallbackCompatibilityBudgetAndRetryBounds/compatible_fallback_fails"}
{"Time":"2026-09-11T16:35:35.821402946-07:00","Action":"output","Package":"github.com/JDinSeattle/forge-runtime/internal/application","Test":"TestFallbackCompatibilityBudgetAndRetryBounds/compatible_fallback_fails","Output":"=== RUN   TestFallbackCompatibilityBudgetAndRetryBounds/compatible_fallback_fails\n"}
{"Time":"2026-09-11T16:35:35.937013182-07:00","Action":"output","Package":"github.com/JDinSeattle/forge-runtime/tests/review","Test":"TestReviewHTMLCharactersPreserveToolArgumentHashAcrossPersistence","Output":"--- PASS: TestReviewHTMLCharactersPreserveToolArgumentHashAcrossPersistence (0.37s)\n"}
{"Time":"2026-09-11T16:35:35.937035164-07:00","Action":"pass","Package":"github.com/JDinSeattle/forge-runtime/tests/review","Test":"TestReviewHTMLCharactersPreserveToolArgumentHashAcrossPersistence","Elapsed":0.37}
{"Time":"2026-09-11T16:35:35.937039105-07:00","Action":"run","Package":"github.com/JDinSeattle/forge-runtime/tests/review","Test":"TestReviewTelemetryProductionChain"}
{"Time":"2026-09-11T16:35:35.937040791-07:00","Action":"output","Package":"github.com/JDinSeattle/forge-runtime/tests/review","Test":"TestReviewTelemetryProductionChain","Output":"=== RUN   TestReviewTelemetryProductionChain\n"}
{"Time":"2026-09-11T16:35:35.937088901-07:00","Action":"output","Package":"github.com/JDinSeattle/forge-runtime/tests/review","Test":"TestReviewTelemetryProductionChain","Output":"    telemetry_chain_test.go:104: requires separate loopback Collector and private output directory\n"}
{"Time":"2026-09-11T16:35:35.937101423-07:00","Action":"output","Package":"github.com/JDinSeattle/forge-runtime/tests/review","Test":"TestReviewTelemetryProductionChain","Output":"--- SKIP: TestReviewTelemetryProductionChain (0.00s)\n"}
{"Time":"2026-09-11T16:35:35.937107808-07:00","Action":"skip","Package":"github.com/JDinSeattle/forge-runtime/tests/review","Test":"TestReviewTelemetryProductionChain","Elapsed":0}
{"Time":"2026-09-11T16:35:35.93711-07:00","Action":"run","Package":"github.com/JDinSeattle/forge-runtime/tests/review","Test":"TestReviewTelemetryRetainedGraphRejectsBrokenBindings"}
{"Time":"2026-09-11T16:35:35.937111286-07:00","Action":"output","Package":"github.com/JDinSeattle/forge-runtime/tests/review","Test":"TestReviewTelemetryRetainedGraphRejectsBrokenBindings","Output":"=== RUN   TestReviewTelemetryRetainedGraphRejectsBrokenBindings\n"}
{"Time":"2026-09-11T16:35:35.950164432-07:00","Action":"run","Package":"github.com/JDinSeattle/forge-runtime/tests/review","Test":"TestReviewTelemetryRetainedGraphRejectsBrokenBindings/wrong_run"}
{"Time":"2026-09-11T16:35:35.950207817-07:00","Action":"output","Package":"github.com/JDinSeattle/forge-runtime/tests/review","Test":"TestReviewTelemetryRetainedGraphRejectsBrokenBindings/wrong_run","Output":"=== RUN   TestReviewTelemetryRetainedGraphRejectsBrokenBindings/wrong_run\n"}
{"Time":"2026-09-11T16:35:35.966420819-07:00","Action":"output","Package":"github.com/JDinSeattle/forge-runtime/tests/review","Test":"TestReviewTelemetryRetainedGraphRejectsBrokenBindings/wrong_run","Output":"--- PASS: TestReviewTelemetryRetainedGraphRejectsBrokenBindings/wrong_run (0.02s)\n"}
{"Time":"2026-09-11T16:35:35.966441406-07:00","Action":"pass","Package":"github.com/JDinSeattle/forge-runtime/tests/review","Test":"TestReviewTelemetryRetainedGraphRejectsBrokenBindings/wrong_run","Elapsed":0.02}
{"Time":"2026-09-11T16:35:35.966445777-07:00","Action":"run","Package":"github.com/JDinSeattle/forge-runtime/tests/review","Test":"TestReviewTelemetryRetainedGraphRejectsBrokenBindings/wrong_attempt"}
{"Time":"2026-09-11T16:35:35.96644729-07:00","Action":"output","Package":"github.com/JDinSeattle/forge-runtime/tests/review","Test":"TestReviewTelemetryRetainedGraphRejectsBrokenBindings/wrong_attempt","Output":"=== RUN   TestReviewTelemetryRetainedGraphRejectsBrokenBindings/wrong_attempt\n"}
{"Time":"2026-09-11T16:35:35.982878112-07:00","Action":"output","Package":"github.com/JDinSeattle/forge-runtime/tests/review","Test":"TestReviewTelemetryRetainedGraphRejectsBrokenBindings/wrong_attempt","Output":"--- PASS: TestReviewTelemetryRetainedGraphRejectsBrokenBindings/wrong_attempt (0.02s)\n"}
{"Time":"2026-09-11T16:35:35.982897364-07:00","Action":"pass","Package":"github.com/JDinSeattle/forge-runtime/tests/review","Test":"TestReviewTelemetryRetainedGraphRejectsBrokenBindings/wrong_attempt","Elapsed":0.02}
{"Time":"2026-09-11T16:35:35.982901692-07:00","Action":"run","Package":"github.com/JDinSeattle/forge-runtime/tests/review","Test":"TestReviewTelemetryRetainedGraphRejectsBrokenBindings/dangling_link"}
{"Time":"2026-09-11T16:35:35.982903623-07:00","Action":"output","Package":"github.com/JDinSeattle/forge-runtime/tests/review","Test":"TestReviewTelemetryRetainedGraphRejectsBrokenBindings/dangling_link","Output":"=== RUN   TestReviewTelemetryRetainedGraphRejectsBrokenBindings/dangling_link\n"}
{"Time":"2026-09-11T16:35:35.999376813-07:00","Action":"output","Package":"github.com/JDinSeattle/forge-runtime/tests/review","Test":"TestReviewTelemetryRetainedGraphRejectsBrokenBindings/dangling_link","Output":"--- PASS: TestReviewTelemetryRetainedGraphRejectsBrokenBindings/dangling_link (0.02s)\n"}
{"Time":"2026-09-11T16:35:35.999440685-07:00","Action":"pass","Package":"github.com/JDinSeattle/forge-runtime/tests/review","Test":"TestReviewTelemetryRetainedGraphRejectsBrokenBindings/dangling_link","Elapsed":0.02}
{"Time":"2026-09-11T16:35:35.999449532-07:00","Action":"run","Package":"github.com/JDinSeattle/forge-runtime/tests/review","Test":"TestReviewTelemetryRetainedGraphRejectsBrokenBindings/removed_retry_link"}
{"Time":"2026-09-11T16:35:35.99945169-07:00","Action":"output","Package":"github.com/JDinSeattle/forge-runtime/tests/review","Test":"TestReviewTelemetryRetainedGraphRejectsBrokenBindings/removed_retry_link","Output":"=== RUN   TestReviewTelemetryRetainedGraphRejectsBrokenBindings/removed_retry_link\n"}
{"Time":"2026-09-11T16:35:36.016384639-07:00","Action":"output","Package":"github.com/JDinSeattle/forge-runtime/tests/review","Test":"TestReviewTelemetryRetainedGraphRejectsBrokenBindings/removed_retry_link","Output":"--- PASS: TestReviewTelemetryRetainedGraphRejectsBrokenBindings/removed_retry_link (0.02s)\n"}
{"Time":"2026-09-11T16:35:36.016427229-07:00","Action":"pass","Package":"github.com/JDinSeattle/forge-runtime/tests/review","Test":"TestReviewTelemetryRetainedGraphRejectsBrokenBindings/removed_retry_link","Elapsed":0.02}
{"Time":"2026-09-11T16:35:36.016448268-07:00","Action":"run","Package":"github.com/JDinSeattle/forge-runtime/tests/review","Test":"TestReviewTelemetryRetainedGraphRejectsBrokenBindings/missing_RPC_parent"}
{"Time":"2026-09-11T16:35:36.0164498-07:00","Action":"output","Package":"github.com/JDinSeattle/forge-runtime/tests/review","Test":"TestReviewTelemetryRetainedGraphRejectsBrokenBindings/missing_RPC_parent","Output":"=== RUN   TestReviewTelemetryRetainedGraphRejectsBrokenBindings/missing_RPC_parent\n"}
{"Time":"2026-09-11T16:35:36.032499693-07:00","Action":"output","Package":"github.com/JDinSeattle/forge-runtime/tests/review","Test":"TestReviewTelemetryRetainedGraphRejectsBrokenBindings/missing_RPC_parent","Output":"--- PASS: TestReviewTelemetryRetainedGraphRejectsBrokenBindings/missing_RPC_parent (0.02s)\n"}
{"Time":"2026-09-11T16:35:36.03251186-07:00","Action":"pass","Package":"github.com/JDinSeattle/forge-runtime/tests/review","Test":"TestReviewTelemetryRetainedGraphRejectsBrokenBindings/missing_RPC_parent","Elapsed":0.02}
{"Time":"2026-09-11T16:35:36.032515674-07:00","Action":"run","Package":"github.com/JDinSeattle/forge-runtime/tests/review","Test":"TestReviewTelemetryRetainedGraphRejectsBrokenBindings/duplicate_span"}
{"Time":"2026-09-11T16:35:36.032517261-07:00","Action":"output","Package":"github.com/JDinSeattle/forge-runtime/tests/review","Test":"TestReviewTelemetryRetainedGraphRejectsBrokenBindings/duplicate_span","Output":"=== RUN   TestReviewTelemetryRetainedGraphRejectsBrokenBindings/duplicate_span\n"}
{"Time":"2026-09-11T16:35:36.038770757-07:00","Action":"output","Package":"github.com/JDinSeattle/forge-runtime/tests/review","Test":"TestReviewTelemetryRetainedGraphRejectsBrokenBindings/duplicate_span","Output":"--- PASS: TestReviewTelemetryRetainedGraphRejectsBrokenBindings/duplicate_span (0.01s)\n"}
{"Time":"2026-09-11T16:35:36.038778986-07:00","Action":"pass","Package":"github.com/JDinSeattle/forge-runtime/tests/review","Test":"TestReviewTelemetryRetainedGraphRejectsBrokenBindings/duplicate_span","Elapsed":0.01}
{"Time":"2026-09-11T16:35:36.038790885-07:00","Action":"run","Package":"github.com/JDinSeattle/forge-runtime/tests/review","Test":"TestReviewTelemetryRetainedGraphRejectsBrokenBindings/wrong_SQLite_identity"}
{"Time":"2026-09-11T16:35:36.03879325-07:00","Action":"output","Package":"github.com/JDinSeattle/forge-runtime/tests/review","Test":"TestReviewTelemetryRetainedGraphRejectsBrokenBindings/wrong_SQLite_identity","Output":"=== RUN   TestReviewTelemetryRetainedGraphRejectsBrokenBindings/wrong_SQLite_identity\n"}
{"Time":"2026-09-11T16:35:36.038860344-07:00","Action":"output","Package":"github.com/JDinSeattle/forge-runtime/tests/review","Test":"TestReviewTelemetryRetainedGraphRejectsBrokenBindings/wrong_SQLite_identity","Output":"--- PASS: TestReviewTelemetryRetainedGraphRejectsBrokenBindings/wrong_SQLite_identity (0.00s)\n"}
{"Time":"2026-09-11T16:35:36.038864944-07:00","Action":"pass","Package":"github.com/JDinSeattle/forge-runtime/tests/review","Test":"TestReviewTelemetryRetainedGraphRejectsBrokenBindings/wrong_SQLite_identity","Elapsed":0}
{"Time":"2026-09-11T16:35:36.038872318-07:00","Action":"run","Package":"github.com/JDinSeattle/forge-runtime/tests/review","Test":"TestReviewTelemetryRetainedGraphRejectsBrokenBindings/wrong_PG_attempt_context"}
{"Time":"2026-09-11T16:35:36.038874425-07:00","Action":"output","Package":"github.com/JDinSeattle/forge-runtime/tests/review","Test":"TestReviewTelemetryRetainedGraphRejectsBrokenBindings/wrong_PG_attempt_context","Output":"=== RUN   TestReviewTelemetryRetainedGraphRejectsBrokenBindings/wrong_PG_attempt_context\n"}
{"Time":"2026-09-11T16:35:36.038899022-07:00","Action":"output","Package":"github.com/JDinSeattle/forge-runtime/tests/review","Test":"TestReviewTelemetryRetainedGraphRejectsBrokenBindings/wrong_PG_attempt_context","Output":"--- PASS: TestReviewTelemetryRetainedGraphRejectsBrokenBindings/wrong_PG_attempt_context (0.00s)\n"}
{"Time":"2026-09-11T16:35:36.038903604-07:00","Action":"pass","Package":"github.com/JDinSeattle/forge-runtime/tests/review","Test":"TestReviewTelemetryRetainedGraphRejectsBrokenBindings/wrong_PG_attempt_context","Elapsed":0}
{"Time":"2026-09-11T16:35:36.03891411-07:00","Action":"output","Package":"github.com/JDinSeattle/forge-runtime/tests/review","Test":"TestReviewTelemetryRetainedGraphRejectsBrokenBindings","Output":"--- PASS: TestReviewTelemetryRetainedGraphRejectsBrokenBindings (0.10s)\n"}
{"Time":"2026-09-11T16:35:36.038920905-07:00","Action":"pass","Package":"github.com/JDinSeattle/forge-runtime/tests/review","Test":"TestReviewTelemetryRetainedGraphRejectsBrokenBindings","Elapsed":0.1}
{"Time":"2026-09-11T16:35:36.038929217-07:00","Action":"run","Package":"github.com/JDinSeattle/forge-runtime/tests/review","Test":"TestRecoveryPostgresAdditiveUpgrade"}
{"Time":"2026-09-11T16:35:36.03893147-07:00","Action":"output","Package":"github.com/JDinSeattle/forge-runtime/tests/review","Test":"TestRecoveryPostgresAdditiveUpgrade","Output":"=== RUN   TestRecoveryPostgresAdditiveUpgrade\n"}
{"Time":"2026-09-11T16:35:36.314426198-07:00","Action":"output","Package":"github.com/JDinSeattle/forge-runtime/tests/review","Test":"TestRecoveryPostgresAdditiveUpgrade","Output":"    upgrade_test.go:154: private PostgreSQL schema upgraded 6 -\u003e 12 twice; original run columns, unknown effect, artifact metadata and snapshot bytes unchanged; new priority defaults to zero and holds are NULL\n"}
{"Time":"2026-09-11T16:35:36.365279349-07:00","Action":"output","Package":"github.com/JDinSeattle/forge-runtime/tests/review","Test":"TestRecoveryPostgresAdditiveUpgrade","Output":"--- PASS: TestRecoveryPostgresAdditiveUpgrade (0.33s)\n"}
{"Time":"2026-09-11T16:35:36.365311026-07:00","Action":"pass","Package":"github.com/JDinSeattle/forge-runtime/tests/review","Test":"TestRecoveryPostgresAdditiveUpgrade","Elapsed":0.33}
{"Time":"2026-09-11T16:35:36.365318173-07:00","Action":"run","Package":"github.com/JDinSeattle/forge-runtime/tests/review","Test":"TestRecoverySQLiteV3AdditiveUpgrade"}
{"Time":"2026-09-11T16:35:36.365322035-07:00","Action":"output","Package":"github.com/JDinSeattle/forge-runtime/tests/review","Test":"TestRecoverySQLiteV3AdditiveUpgrade","Output":"=== RUN   TestRecoverySQLiteV3AdditiveUpgrade\n"}
{"Time":"2026-09-11T16:35:37.01036175-07:00","Action":"output","Package":"github.com/JDinSeattle/forge-runtime/tests/review","Test":"TestRecoverySQLiteV3AdditiveUpgrade","Output":"    upgrade_test.go:315: real SQLite 3 -\u003e 4 migration preserved two immutable operations/receipt; missing legacy dispatch evidence stays unknown; zero new backend launches\n"}
{"Time":"2026-09-11T16:35:37.019776825-07:00","Action":"output","Package":"github.com/JDinSeattle/forge-runtime/tests/review","Test":"TestRecoverySQLiteV3AdditiveUpgrade","Output":"--- PASS: TestRecoverySQLiteV3AdditiveUpgrade (0.65s)\n"}
{"Time":"2026-09-11T16:35:37.019797409-07:00","Action":"pass","Package":"github.com/JDinSeattle/forge-runtime/tests/review","Test":"TestRecoverySQLiteV3AdditiveUpgrade","Elapsed":0.65}
{"Time":"2026-09-11T16:35:37.019802237-07:00","Action":"output","Package":"github.com/JDinSeattle/forge-runtime/tests/review","Output":"PASS\n"}
{"Time":"2026-09-11T16:35:38.042158706-07:00","Action":"output","Package":"github.com/JDinSeattle/forge-runtime/tests/review","Output":"ok  \tgithub.com/JDinSeattle/forge-runtime/tests/review\t39.107s\n"}
{"Time":"2026-09-11T16:35:38.042218377-07:00","Action":"pass","Package":"github.com/JDinSeattle/forge-runtime/tests/review","Elapsed":39.107}
{"Time":"2026-09-11T16:35:38.424590506-07:00","Action":"output","Package":"github.com/JDinSeattle/forge-runtime/internal/application","Test":"TestFallbackCompatibilityBudgetAndRetryBounds/compatible_fallback_fails","Output":"time=2026-09-11T16:35:38.424-07:00 level=WARN msg=\"step failed\" run_id=run_MZPHQY7JBORWZMXQXL3TYI6NSJ stage=model_step error=\"provider unavailable: \"\n"}
{"Time":"2026-09-11T16:35:38.551944314-07:00","Action":"output","Package":"github.com/JDinSeattle/forge-runtime/internal/application","Test":"TestFallbackCompatibilityBudgetAndRetryBounds/compatible_fallback_fails","Output":"--- PASS: TestFallbackCompatibilityBudgetAndRetryBounds/compatible_fallback_fails (2.73s)\n"}
{"Time":"2026-09-11T16:35:38.551975399-07:00","Action":"pass","Package":"github.com/JDinSeattle/forge-runtime/internal/application","Test":"TestFallbackCompatibilityBudgetAndRetryBounds/compatible_fallback_fails","Elapsed":2.73}
{"Time":"2026-09-11T16:35:38.551980168-07:00","Action":"run","Package":"github.com/JDinSeattle/forge-runtime/internal/application","Test":"TestFallbackCompatibilityBudgetAndRetryBounds/unsupported_tools"}
{"Time":"2026-09-11T16:35:38.551981715-07:00","Action":"output","Package":"github.com/JDinSeattle/forge-runtime/internal/application","Test":"TestFallbackCompatibilityBudgetAndRetryBounds/unsupported_tools","Output":"=== RUN   TestFallbackCompatibilityBudgetAndRetryBounds/unsupported_tools\n"}
{"Time":"2026-09-11T16:35:41.928149032-07:00","Action":"output","Package":"github.com/JDinSeattle/forge-runtime/internal/application","Test":"TestFallbackCompatibilityBudgetAndRetryBounds/unsupported_tools","Output":"time=2026-09-11T16:35:41.928-07:00 level=WARN msg=\"step failed\" run_id=run_35UKZCA3E5LELL73CZ26OYT4PZ stage=model_step error=\"provider unavailable: \"\n"}
{"Time":"2026-09-11T16:35:42.09748296-07:00","Action":"output","Package":"github.com/JDinSeattle/forge-runtime/internal/application","Test":"TestFallbackCompatibilityBudgetAndRetryBounds/unsupported_tools","Output":"--- PASS: TestFallbackCompatibilityBudgetAndRetryBounds/unsupported_tools (3.55s)\n"}
{"Time":"2026-09-11T16:35:42.097522325-07:00","Action":"pass","Package":"github.com/JDinSeattle/forge-runtime/internal/application","Test":"TestFallbackCompatibilityBudgetAndRetryBounds/unsupported_tools","Elapsed":3.55}
{"Time":"2026-09-11T16:35:42.097530303-07:00","Action":"run","Package":"github.com/JDinSeattle/forge-runtime/internal/application","Test":"TestFallbackCompatibilityBudgetAndRetryBounds/context_too_small"}
{"Time":"2026-09-11T16:35:42.097533531-07:00","Action":"output","Package":"github.com/JDinSeattle/forge-runtime/internal/application","Test":"TestFallbackCompatibilityBudgetAndRetryBounds/context_too_small","Output":"=== RUN   TestFallbackCompatibilityBudgetAndRetryBounds/context_too_small\n"}
{"Time":"2026-09-11T16:35:44.266280618-07:00","Action":"output","Package":"github.com/JDinSeattle/forge-runtime/internal/application","Test":"TestFallbackCompatibilityBudgetAndRetryBounds/context_too_small","Output":"time=2026-09-11T16:35:44.266-07:00 level=WARN msg=\"step failed\" run_id=run_5YZAIUWAFK4NIFZ6JWO3X5QIPW stage=model_step error=\"provider unavailable: \"\n"}
{"Time":"2026-09-11T16:35:44.419372988-07:00","Action":"output","Package":"github.com/JDinSeattle/forge-runtime/internal/application","Test":"TestFallbackCompatibilityBudgetAndRetryBounds/context_too_small","Output":"--- PASS: TestFallbackCompatibilityBudgetAndRetryBounds/context_too_small (2.32s)\n"}
{"Time":"2026-09-11T16:35:44.419399954-07:00","Action":"pass","Package":"github.com/JDinSeattle/forge-runtime/internal/application","Test":"TestFallbackCompatibilityBudgetAndRetryBounds/context_too_small","Elapsed":2.32}
{"Time":"2026-09-11T16:35:44.419404961-07:00","Action":"run","Package":"github.com/JDinSeattle/forge-runtime/internal/application","Test":"TestFallbackCompatibilityBudgetAndRetryBounds/missing_model"}
{"Time":"2026-09-11T16:35:44.419406783-07:00","Action":"output","Package":"github.com/JDinSeattle/forge-runtime/internal/application","Test":"TestFallbackCompatibilityBudgetAndRetryBounds/missing_model","Output":"=== RUN   TestFallbackCompatibilityBudgetAndRetryBounds/missing_model\n"}
{"Time":"2026-09-11T16:35:46.667743367-07:00","Action":"output","Package":"github.com/JDinSeattle/forge-runtime/internal/application","Test":"TestFallbackCompatibilityBudgetAndRetryBounds/missing_model","Output":"time=2026-09-11T16:35:46.667-07:00 level=WARN msg=\"step failed\" run_id=run_KZ6SGGFDPSKZOCCS5X47CDUAHB stage=model_step error=\"provider unavailable: \"\n"}
{"Time":"2026-09-11T16:35:46.808756835-07:00","Action":"output","Package":"github.com/JDinSeattle/forge-runtime/internal/application","Test":"TestFallbackCompatibilityBudgetAndRetryBounds/missing_model","Output":"--- PASS: TestFallbackCompatibilityBudgetAndRetryBounds/missing_model (2.39s)\n"}
{"Time":"2026-09-11T16:35:46.808797536-07:00","Action":"pass","Package":"github.com/JDinSeattle/forge-runtime/internal/application","Test":"TestFallbackCompatibilityBudgetAndRetryBounds/missing_model","Elapsed":2.39}
{"Time":"2026-09-11T16:35:46.808805484-07:00","Action":"run","Package":"github.com/JDinSeattle/forge-runtime/internal/application","Test":"TestFallbackCompatibilityBudgetAndRetryBounds/unknown_cost_exhausts_budget"}
{"Time":"2026-09-11T16:35:46.808808901-07:00","Action":"output","Package":"github.com/JDinSeattle/forge-runtime/internal/application","Test":"TestFallbackCompatibilityBudgetAndRetryBounds/unknown_cost_exhausts_budget","Output":"=== RUN   TestFallbackCompatibilityBudgetAndRetryBounds/unknown_cost_exhausts_budget\n"}
{"Time":"2026-09-11T16:35:48.595383746-07:00","Action":"output","Package":"github.com/JDinSeattle/forge-runtime/internal/application","Test":"TestFallbackCompatibilityBudgetAndRetryBounds/unknown_cost_exhausts_budget","Output":"--- PASS: TestFallbackCompatibilityBudgetAndRetryBounds/unknown_cost_exhausts_budget (1.79s)\n"}
{"Time":"2026-09-11T16:35:48.59541926-07:00","Action":"pass","Package":"github.com/JDinSeattle/forge-runtime/internal/application","Test":"TestFallbackCompatibilityBudgetAndRetryBounds/unknown_cost_exhausts_budget","Elapsed":1.79}
{"Time":"2026-09-11T16:35:48.595459303-07:00","Action":"output","Package":"github.com/JDinSeattle/forge-runtime/internal/application","Test":"TestFallbackCompatibilityBudgetAndRetryBounds","Output":"--- PASS: TestFallbackCompatibilityBudgetAndRetryBounds (12.77s)\n"}
{"Time":"2026-09-11T16:35:48.595480291-07:00","Action":"pass","Package":"github.com/JDinSeattle/forge-runtime/internal/application","Test":"TestFallbackCompatibilityBudgetAndRetryBounds","Elapsed":12.77}
{"Time":"2026-09-11T16:35:48.595488866-07:00","Action":"run","Package":"github.com/JDinSeattle/forge-runtime/internal/application","Test":"TestFallbackRejectsStaleLeaseAndUnclosedEffects"}
{"Time":"2026-09-11T16:35:48.595492144-07:00","Action":"output","Package":"github.com/JDinSeattle/forge-runtime/internal/application","Test":"TestFallbackRejectsStaleLeaseAndUnclosedEffects","Output":"=== RUN   TestFallbackRejectsStaleLeaseAndUnclosedEffects\n"}
{"Time":"2026-09-11T16:35:49.703335634-07:00","Action":"output","Package":"github.com/JDinSeattle/forge-runtime/internal/application","Test":"TestFallbackRejectsStaleLeaseAndUnclosedEffects","Output":"--- PASS: TestFallbackRejectsStaleLeaseAndUnclosedEffects (1.11s)\n"}
{"Time":"2026-09-11T16:35:49.703374219-07:00","Action":"pass","Package":"github.com/JDinSeattle/forge-runtime/internal/application","Test":"TestFallbackRejectsStaleLeaseAndUnclosedEffects","Elapsed":1.11}
{"Time":"2026-09-11T16:35:49.703383773-07:00","Action":"run","Package":"github.com/JDinSeattle/forge-runtime/internal/application","Test":"TestFallbackLegacySnapshotCannotDispatchOrReplayPrepared"}
{"Time":"2026-09-11T16:35:49.703387736-07:00","Action":"output","Package":"github.com/JDinSeattle/forge-runtime/internal/application","Test":"TestFallbackLegacySnapshotCannotDispatchOrReplayPrepared","Output":"=== RUN   TestFallbackLegacySnapshotCannotDispatchOrReplayPrepared\n"}
{"Time":"2026-09-11T16:35:50.602426913-07:00","Action":"output","Package":"github.com/JDinSeattle/forge-runtime/internal/application","Test":"TestFallbackLegacySnapshotCannotDispatchOrReplayPrepared","Output":"--- PASS: TestFallbackLegacySnapshotCannotDispatchOrReplayPrepared (0.90s)\n"}
{"Time":"2026-09-11T16:35:50.60246843-07:00","Action":"pass","Package":"github.com/JDinSeattle/forge-runtime/internal/application","Test":"TestFallbackLegacySnapshotCannotDispatchOrReplayPrepared","Elapsed":0.9}
{"Time":"2026-09-11T16:35:50.602476632-07:00","Action":"run","Package":"github.com/JDinSeattle/forge-runtime/internal/application","Test":"TestPortableHandoffClosedHistory"}
{"Time":"2026-09-11T16:35:50.602486575-07:00","Action":"output","Package":"github.com/JDinSeattle/forge-runtime/internal/application","Test":"TestPortableHandoffClosedHistory","Output":"=== RUN   TestPortableHandoffClosedHistory\n"}
{"Time":"2026-09-11T16:35:50.603020763-07:00","Action":"output","Package":"github.com/JDinSeattle/forge-runtime/internal/application","Test":"TestPortableHandoffClosedHistory","Output":"--- PASS: TestPortableHandoffClosedHistory (0.00s)\n"}
{"Time":"2026-09-11T16:35:50.603029092-07:00","Action":"pass","Package":"github.com/JDinSeattle/forge-runtime/internal/application","Test":"TestPortableHandoffClosedHistory","Elapsed":0}
{"Time":"2026-09-11T16:35:50.60304558-07:00","Action":"run","Package":"github.com/JDinSeattle/forge-runtime/internal/application","Test":"TestPortableHandoffRejectsOpenOrAmbiguousTools"}
{"Time":"2026-09-11T16:35:50.60305059-07:00","Action":"output","Package":"github.com/JDinSeattle/forge-runtime/internal/application","Test":"TestPortableHandoffRejectsOpenOrAmbiguousTools","Output":"=== RUN   TestPortableHandoffRejectsOpenOrAmbiguousTools\n"}
{"Time":"2026-09-11T16:35:50.60307482-07:00","Action":"run","Package":"github.com/JDinSeattle/forge-runtime/internal/application","Test":"TestPortableHandoffRejectsOpenOrAmbiguousTools/empty"}
{"Time":"2026-09-11T16:35:50.603079789-07:00","Action":"output","Package":"github.com/JDinSeattle/forge-runtime/internal/application","Test":"TestPortableHandoffRejectsOpenOrAmbiguousTools/empty","Output":"=== RUN   TestPortableHandoffRejectsOpenOrAmbiguousTools/empty\n"}
{"Time":"2026-09-11T16:35:50.603119654-07:00","Action":"output","Package":"github.com/JDinSeattle/forge-runtime/internal/application","Test":"TestPortableHandoffRejectsOpenOrAmbiguousTools/empty","Output":"--- PASS: TestPortableHandoffRejectsOpenOrAmbiguousTools/empty (0.00s)\n"}
{"Time":"2026-09-11T16:35:50.603134991-07:00","Action":"pass","Package":"github.com/JDinSeattle/forge-runtime/internal/application","Test":"TestPortableHandoffRejectsOpenOrAmbiguousTools/empty","Elapsed":0}
{"Time":"2026-09-11T16:35:50.603148994-07:00","Action":"run","Package":"github.com/JDinSeattle/forge-runtime/internal/application","Test":"TestPortableHandoffRejectsOpenOrAmbiguousTools/missing_result"}
{"Time":"2026-09-11T16:35:50.603153419-07:00","Action":"output","Package":"github.com/JDinSeattle/forge-runtime/internal/application","Test":"TestPortableHandoffRejectsOpenOrAmbiguousTools/missing_result","Output":"=== RUN   TestPortableHandoffRejectsOpenOrAmbiguousTools/missing_result\n"}
{"Time":"2026-09-11T16:35:50.603195997-07:00","Action":"output","Package":"github.com/JDinSeattle/forge-runtime/internal/application","Test":"TestPortableHandoffRejectsOpenOrAmbiguousTools/missing_result","Output":"--- PASS: TestPortableHandoffRejectsOpenOrAmbiguousTools/missing_result (0.00s)\n"}
{"Time":"2026-09-11T16:35:50.603201953-07:00","Action":"pass","Package":"github.com/JDinSeattle/forge-runtime/internal/application","Test":"TestPortableHandoffRejectsOpenOrAmbiguousTools/missing_result","Elapsed":0}
{"Time":"2026-09-11T16:35:50.603218021-07:00","Action":"run","Package":"github.com/JDinSeattle/forge-runtime/internal/application","Test":"TestPortableHandoffRejectsOpenOrAmbiguousTools/orphan_result"}
{"Time":"2026-09-11T16:35:50.603222576-07:00","Action":"output","Package":"github.com/JDinSeattle/forge-runtime/internal/application","Test":"TestPortableHandoffRejectsOpenOrAmbiguousTools/orphan_result","Output":"=== RUN   TestPortableHandoffRejectsOpenOrAmbiguousTools/orphan_result\n"}
{"Time":"2026-09-11T16:35:50.603249371-07:00","Action":"output","Package":"github.com/JDinSeattle/forge-runtime/internal/application","Test":"TestPortableHandoffRejectsOpenOrAmbiguousTools/orphan_result","Output":"--- PASS: TestPortableHandoffRejectsOpenOrAmbiguousTools/orphan_result (0.00s)\n"}
{"Time":"2026-09-11T16:35:50.603262846-07:00","Action":"pass","Package":"github.com/JDinSeattle/forge-runtime/internal/application","Test":"TestPortableHandoffRejectsOpenOrAmbiguousTools/orphan_result","Elapsed":0}
{"Time":"2026-09-11T16:35:50.603271956-07:00","Action":"run","Package":"github.com/JDinSeattle/forge-runtime/internal/application","Test":"TestPortableHandoffRejectsOpenOrAmbiguousTools/duplicate_result"}
{"Time":"2026-09-11T16:35:50.603275218-07:00","Action":"output","Package":"github.com/JDinSeattle/forge-runtime/internal/application","Test":"TestPortableHandoffRejectsOpenOrAmbiguousTools/duplicate_result","Output":"=== RUN   TestPortableHandoffRejectsOpenOrAmbiguousTools/duplicate_result\n"}
{"Time":"2026-09-11T16:35:50.603306826-07:00","Action":"output","Package":"github.com/JDinSeattle/forge-runtime/internal/application","Test":"TestPortableHandoffRejectsOpenOrAmbiguousTools/duplicate_result","Output":"--- PASS: TestPortableHandoffRejectsOpenOrAmbiguousTools/duplicate_result (0.00s)\n"}
{"Time":"2026-09-11T16:35:50.603318733-07:00","Action":"pass","Package":"github.com/JDinSeattle/forge-runtime/internal/application","Test":"TestPortableHandoffRejectsOpenOrAmbiguousTools/duplicate_result","Elapsed":0}
{"Time":"2026-09-11T16:35:50.603331674-07:00","Action":"run","Package":"github.com/JDinSeattle/forge-runtime/internal/application","Test":"TestPortableHandoffRejectsOpenOrAmbiguousTools/message_before_close"}
{"Time":"2026-09-11T16:35:50.603336332-07:00","Action":"output","Package":"github.com/JDinSeattle/forge-runtime/internal/application","Test":"TestPortableHandoffRejectsOpenOrAmbiguousTools/message_before_close","Output":"=== RUN   TestPortableHandoffRejectsOpenOrAmbiguousTools/message_before_close\n"}
{"Time":"2026-09-11T16:35:50.603363429-07:00","Action":"output","Package":"github.com/JDinSeattle/forge-runtime/internal/application","Test":"TestPortableHandoffRejectsOpenOrAmbiguousTools/message_before_close","Output":"--- PASS: TestPortableHandoffRejectsOpenOrAmbiguousTools/message_before_close (0.00s)\n"}
{"Time":"2026-09-11T16:35:50.603371427-07:00","Action":"pass","Package":"github.com/JDinSeattle/forge-runtime/internal/application","Test":"TestPortableHandoffRejectsOpenOrAmbiguousTools/message_before_close","Elapsed":0}
{"Time":"2026-09-11T16:35:50.603386012-07:00","Action":"run","Package":"github.com/JDinSeattle/forge-runtime/internal/application","Test":"TestPortableHandoffRejectsOpenOrAmbiguousTools/next_batch_before_close"}
{"Time":"2026-09-11T16:35:50.603393895-07:00","Action":"output","Package":"github.com/JDinSeattle/forge-runtime/internal/application","Test":"TestPortableHandoffRejectsOpenOrAmbiguousTools/next_batch_before_close","Output":"=== RUN   TestPortableHandoffRejectsOpenOrAmbiguousTools/next_batch_before_close\n"}
{"Time":"2026-09-11T16:35:50.603424762-07:00","Action":"output","Package":"github.com/JDinSeattle/forge-runtime/internal/application","Test":"TestPortableHandoffRejectsOpenOrAmbiguousTools/next_batch_before_close","Output":"--- PASS: TestPortableHandoffRejectsOpenOrAmbiguousTools/next_batch_before_close (0.00s)\n"}
{"Time":"2026-09-11T16:35:50.603430678-07:00","Action":"pass","Package":"github.com/JDinSeattle/forge-runtime/internal/application","Test":"TestPortableHandoffRejectsOpenOrAmbiguousTools/next_batch_before_close","Elapsed":0}
{"Time":"2026-09-11T16:35:50.60344427-07:00","Action":"run","Package":"github.com/JDinSeattle/forge-runtime/internal/application","Test":"TestPortableHandoffRejectsOpenOrAmbiguousTools/duplicate_call"}
{"Time":"2026-09-11T16:35:50.603448197-07:00","Action":"output","Package":"github.com/JDinSeattle/forge-runtime/internal/application","Test":"TestPortableHandoffRejectsOpenOrAmbiguousTools/duplicate_call","Output":"=== RUN   TestPortableHandoffRejectsOpenOrAmbiguousTools/duplicate_call\n"}
{"Time":"2026-09-11T16:35:50.603477242-07:00","Action":"output","Package":"github.com/JDinSeattle/forge-runtime/internal/application","Test":"TestPortableHandoffRejectsOpenOrAmbiguousTools/duplicate_call","Output":"--- PASS: TestPortableHandoffRejectsOpenOrAmbiguousTools/duplicate_call (0.00s)\n"}
{"Time":"2026-09-11T16:35:50.603483067-07:00","Action":"pass","Package":"github.com/JDinSeattle/forge-runtime/internal/application","Test":"TestPortableHandoffRejectsOpenOrAmbiguousTools/duplicate_call","Elapsed":0}
{"Time":"2026-09-11T16:35:50.603504132-07:00","Action":"output","Package":"github.com/JDinSeattle/forge-runtime/internal/application","Test":"TestPortableHandoffRejectsOpenOrAmbiguousTools","Output":"--- PASS: TestPortableHandoffRejectsOpenOrAmbiguousTools (0.00s)\n"}
{"Time":"2026-09-11T16:35:50.603521004-07:00","Action":"pass","Package":"github.com/JDinSeattle/forge-runtime/internal/application","Test":"TestPortableHandoffRejectsOpenOrAmbiguousTools","Elapsed":0}
{"Time":"2026-09-11T16:35:50.603529152-07:00","Action":"run","Package":"github.com/JDinSeattle/forge-runtime/internal/application","Test":"TestUnifiedPatchActuallyAppliesWithGit"}
{"Time":"2026-09-11T16:35:50.603534451-07:00","Action":"output","Package":"github.com/JDinSeattle/forge-runtime/internal/application","Test":"TestUnifiedPatchActuallyAppliesWithGit","Output":"=== RUN   TestUnifiedPatchActuallyAppliesWithGit\n"}
{"Time":"2026-09-11T16:35:50.610693239-07:00","Action":"output","Package":"github.com/JDinSeattle/forge-runtime/internal/application","Test":"TestUnifiedPatchActuallyAppliesWithGit","Output":"--- PASS: TestUnifiedPatchActuallyAppliesWithGit (0.01s)\n"}
{"Time":"2026-09-11T16:35:50.610713106-07:00","Action":"pass","Package":"github.com/JDinSeattle/forge-runtime/internal/application","Test":"TestUnifiedPatchActuallyAppliesWithGit","Elapsed":0.01}
{"Time":"2026-09-11T16:35:50.610716945-07:00","Action":"run","Package":"github.com/JDinSeattle/forge-runtime/internal/application","Test":"TestAttemptPricingSurvivesCrashAndConfigChange"}
{"Time":"2026-09-11T16:35:50.610718548-07:00","Action":"output","Package":"github.com/JDinSeattle/forge-runtime/internal/application","Test":"TestAttemptPricingSurvivesCrashAndConfigChange","Output":"=== RUN   TestAttemptPricingSurvivesCrashAndConfigChange\n"}
{"Time":"2026-09-11T16:35:50.610720918-07:00","Action":"run","Package":"github.com/JDinSeattle/forge-runtime/internal/application","Test":"TestAttemptPricingSurvivesCrashAndConfigChange/after_model_pricing_before_reservation"}
{"Time":"2026-09-11T16:35:50.610722445-07:00","Action":"output","Package":"github.com/JDinSeattle/forge-runtime/internal/application","Test":"TestAttemptPricingSurvivesCrashAndConfigChange/after_model_pricing_before_reservation","Output":"=== RUN   TestAttemptPricingSurvivesCrashAndConfigChange/after_model_pricing_before_reservation\n"}
{"Time":"2026-09-11T16:35:51.375103657-07:00","Action":"output","Package":"github.com/JDinSeattle/forge-runtime/internal/application","Test":"TestAttemptPricingSurvivesCrashAndConfigChange/after_model_pricing_before_reservation","Output":"--- PASS: TestAttemptPricingSurvivesCrashAndConfigChange/after_model_pricing_before_reservation (0.76s)\n"}
{"Time":"2026-09-11T16:35:51.375130281-07:00","Action":"pass","Package":"github.com/JDinSeattle/forge-runtime/internal/application","Test":"TestAttemptPricingSurvivesCrashAndConfigChange/after_model_pricing_before_reservation","Elapsed":0.76}
{"Time":"2026-09-11T16:35:51.375135604-07:00","Action":"run","Package":"github.com/JDinSeattle/forge-runtime/internal/application","Test":"TestAttemptPricingSurvivesCrashAndConfigChange/after_model_result_before_transition"}
{"Time":"2026-09-11T16:35:51.375137599-07:00","Action":"output","Package":"github.com/JDinSeattle/forge-runtime/internal/application","Test":"TestAttemptPricingSurvivesCrashAndConfigChange/after_model_result_before_transition","Output":"=== RUN   TestAttemptPricingSurvivesCrashAndConfigChange/after_model_result_before_transition\n"}
{"Time":"2026-09-11T16:35:52.43087398-07:00","Action":"output","Package":"github.com/JDinSeattle/forge-runtime/internal/application","Test":"TestAttemptPricingSurvivesCrashAndConfigChange/after_model_result_before_transition","Output":"--- PASS: TestAttemptPricingSurvivesCrashAndConfigChange/after_model_result_before_transition (1.06s)\n"}
{"Time":"2026-09-11T16:35:52.430911732-07:00","Action":"pass","Package":"github.com/JDinSeattle/forge-runtime/internal/application","Test":"TestAttemptPricingSurvivesCrashAndConfigChange/after_model_result_before_transition","Elapsed":1.06}
{"Time":"2026-09-11T16:35:52.430926582-07:00","Action":"run","Package":"github.com/JDinSeattle/forge-runtime/internal/application","Test":"TestAttemptPricingSurvivesCrashAndConfigChange/after_model_settlement_before_transition"}
{"Time":"2026-09-11T16:35:52.430930401-07:00","Action":"output","Package":"github.com/JDinSeattle/forge-runtime/internal/application","Test":"TestAttemptPricingSurvivesCrashAndConfigChange/after_model_settlement_before_transition","Output":"=== RUN   TestAttemptPricingSurvivesCrashAndConfigChange/after_model_settlement_before_transition\n"}
{"Time":"2026-09-11T16:35:53.512467137-07:00","Action":"output","Package":"github.com/JDinSeattle/forge-runtime/internal/application","Test":"TestAttemptPricingSurvivesCrashAndConfigChange/after_model_settlement_before_transition","Output":"--- PASS: TestAttemptPricingSurvivesCrashAndConfigChange/after_model_settlement_before_transition (1.08s)\n"}
{"Time":"2026-09-11T16:35:53.512500611-07:00","Action":"pass","Package":"github.com/JDinSeattle/forge-runtime/internal/application","Test":"TestAttemptPricingSurvivesCrashAndConfigChange/after_model_settlement_before_transition","Elapsed":1.08}
{"Time":"2026-09-11T16:35:53.512526597-07:00","Action":"output","Package":"github.com/JDinSeattle/forge-runtime/internal/application","Test":"TestAttemptPricingSurvivesCrashAndConfigChange","Output":"--- PASS: TestAttemptPricingSurvivesCrashAndConfigChange (2.90s)\n"}
{"Time":"2026-09-11T16:35:53.512535423-07:00","Action":"pass","Package":"github.com/JDinSeattle/forge-runtime/internal/application","Test":"TestAttemptPricingSurvivesCrashAndConfigChange","Elapsed":2.9}
{"Time":"2026-09-11T16:35:53.512554605-07:00","Action":"run","Package":"github.com/JDinSeattle/forge-runtime/internal/application","Test":"TestModelRetryDecisionSurvivesRecovery"}
{"Time":"2026-09-11T16:35:53.512558214-07:00","Action":"output","Package":"github.com/JDinSeattle/forge-runtime/internal/application","Test":"TestModelRetryDecisionSurvivesRecovery","Output":"=== RUN   TestModelRetryDecisionSurvivesRecovery\n"}
{"Time":"2026-09-11T16:35:54.516495516-07:00","Action":"output","Package":"github.com/JDinSeattle/forge-runtime/internal/application","Test":"TestModelRetryDecisionSurvivesRecovery","Output":"--- PASS: TestModelRetryDecisionSurvivesRecovery (1.00s)\n"}
{"Time":"2026-09-11T16:35:54.516544175-07:00","Action":"pass","Package":"github.com/JDinSeattle/forge-runtime/internal/application","Test":"TestModelRetryDecisionSurvivesRecovery","Elapsed":1}
{"Time":"2026-09-11T16:35:54.516553312-07:00","Action":"run","Package":"github.com/JDinSeattle/forge-runtime/internal/application","Test":"TestPermanentModelFailureDoesNotRetryOrTripCircuit"}
{"Time":"2026-09-11T16:35:54.516557172-07:00","Action":"output","Package":"github.com/JDinSeattle/forge-runtime/internal/application","Test":"TestPermanentModelFailureDoesNotRetryOrTripCircuit","Output":"=== RUN   TestPermanentModelFailureDoesNotRetryOrTripCircuit\n"}
{"Time":"2026-09-11T16:35:55.443306017-07:00","Action":"output","Package":"github.com/JDinSeattle/forge-runtime/internal/application","Test":"TestPermanentModelFailureDoesNotRetryOrTripCircuit","Output":"--- PASS: TestPermanentModelFailureDoesNotRetryOrTripCircuit (0.93s)\n"}
{"Time":"2026-09-11T16:35:55.443340778-07:00","Action":"pass","Package":"github.com/JDinSeattle/forge-runtime/internal/application","Test":"TestPermanentModelFailureDoesNotRetryOrTripCircuit","Elapsed":0.93}
{"Time":"2026-09-11T16:35:55.44335122-07:00","Action":"run","Package":"github.com/JDinSeattle/forge-runtime/internal/application","Test":"TestModelRetryOverallBudgetCannotResetOnRecovery"}
{"Time":"2026-09-11T16:35:55.443354947-07:00","Action":"output","Package":"github.com/JDinSeattle/forge-runtime/internal/application","Test":"TestModelRetryOverallBudgetCannotResetOnRecovery","Output":"=== RUN   TestModelRetryOverallBudgetCannotResetOnRecovery\n"}
{"Time":"2026-09-11T16:35:56.297577062-07:00","Action":"output","Package":"github.com/JDinSeattle/forge-runtime/internal/application","Test":"TestModelRetryOverallBudgetCannotResetOnRecovery","Output":"--- PASS: TestModelRetryOverallBudgetCannotResetOnRecovery (0.85s)\n"}
{"Time":"2026-09-11T16:35:56.29760691-07:00","Action":"pass","Package":"github.com/JDinSeattle/forge-runtime/internal/application","Test":"TestModelRetryOverallBudgetCannotResetOnRecovery","Elapsed":0.85}
{"Time":"2026-09-11T16:35:56.297611272-07:00","Action":"run","Package":"github.com/JDinSeattle/forge-runtime/internal/application","Test":"TestModelAdmissionKeepsConservativeReducerBudget"}
{"Time":"2026-09-11T16:35:56.297612753-07:00","Action":"output","Package":"github.com/JDinSeattle/forge-runtime/internal/application","Test":"TestModelAdmissionKeepsConservativeReducerBudget","Output":"=== RUN   TestModelAdmissionKeepsConservativeReducerBudget\n"}
{"Time":"2026-09-11T16:35:57.040876069-07:00","Action":"output","Package":"github.com/JDinSeattle/forge-runtime/internal/application","Test":"TestModelAdmissionKeepsConservativeReducerBudget","Output":"--- PASS: TestModelAdmissionKeepsConservativeReducerBudget (0.74s)\n"}
{"Time":"2026-09-11T16:35:57.040905252-07:00","Action":"pass","Package":"github.com/JDinSeattle/forge-runtime/internal/application","Test":"TestModelAdmissionKeepsConservativeReducerBudget","Elapsed":0.74}
{"Time":"2026-09-11T16:35:57.040909535-07:00","Action":"run","Package":"github.com/JDinSeattle/forge-runtime/internal/application","Test":"TestProviderSpecificPricing"}
{"Time":"2026-09-11T16:35:57.040911554-07:00","Action":"output","Package":"github.com/JDinSeattle/forge-runtime/internal/application","Test":"TestProviderSpecificPricing","Output":"=== RUN   TestProviderSpecificPricing\n"}
{"Time":"2026-09-11T16:35:57.040927766-07:00","Action":"run","Package":"github.com/JDinSeattle/forge-runtime/internal/application","Test":"TestProviderSpecificPricing/openai_cached_input_is_inclusive"}
{"Time":"2026-09-11T16:35:57.040929225-07:00","Action":"output","Package":"github.com/JDinSeattle/forge-runtime/internal/application","Test":"TestProviderSpecificPricing/openai_cached_input_is_inclusive","Output":"=== RUN   TestProviderSpecificPricing/openai_cached_input_is_inclusive\n"}
{"Time":"2026-09-11T16:35:57.040962958-07:00","Action":"output","Package":"github.com/JDinSeattle/forge-runtime/internal/application","Test":"TestProviderSpecificPricing/openai_cached_input_is_inclusive","Output":"--- PASS: TestProviderSpecificPricing/openai_cached_input_is_inclusive (0.00s)\n"}
{"Time":"2026-09-11T16:35:57.040970736-07:00","Action":"pass","Package":"github.com/JDinSeattle/forge-runtime/internal/application","Test":"TestProviderSpecificPricing/openai_cached_input_is_inclusive","Elapsed":0}
{"Time":"2026-09-11T16:35:57.040984643-07:00","Action":"run","Package":"github.com/JDinSeattle/forge-runtime/internal/application","Test":"TestProviderSpecificPricing/anthropic_cache_input_is_additive"}
{"Time":"2026-09-11T16:35:57.040986791-07:00","Action":"output","Package":"github.com/JDinSeattle/forge-runtime/internal/application","Test":"TestProviderSpecificPricing/anthropic_cache_input_is_additive","Output":"=== RUN   TestProviderSpecificPricing/anthropic_cache_input_is_additive\n"}
{"Time":"2026-09-11T16:35:57.041010495-07:00","Action":"output","Package":"github.com/JDinSeattle/forge-runtime/internal/application","Test":"TestProviderSpecificPricing/anthropic_cache_input_is_additive","Output":"--- PASS: TestProviderSpecificPricing/anthropic_cache_input_is_additive (0.00s)\n"}
{"Time":"2026-09-11T16:35:57.041015984-07:00","Action":"pass","Package":"github.com/JDinSeattle/forge-runtime/internal/application","Test":"TestProviderSpecificPricing/anthropic_cache_input_is_additive","Elapsed":0}
{"Time":"2026-09-11T16:35:57.041022737-07:00","Action":"run","Package":"github.com/JDinSeattle/forge-runtime/internal/application","Test":"TestProviderSpecificPricing/measured_zero"}
{"Time":"2026-09-11T16:35:57.041024665-07:00","Action":"output","Package":"github.com/JDinSeattle/forge-runtime/internal/application","Test":"TestProviderSpecificPricing/measured_zero","Output":"=== RUN   TestProviderSpecificPricing/measured_zero\n"}
{"Time":"2026-09-11T16:35:57.041048672-07:00","Action":"output","Package":"github.com/JDinSeattle/forge-runtime/internal/application","Test":"TestProviderSpecificPricing/measured_zero","Output":"--- PASS: TestProviderSpecificPricing/measured_zero (0.00s)\n"}
{"Time":"2026-09-11T16:35:57.041053305-07:00","Action":"pass","Package":"github.com/JDinSeattle/forge-runtime/internal/application","Test":"TestProviderSpecificPricing/measured_zero","Elapsed":0}
{"Time":"2026-09-11T16:35:57.041060903-07:00","Action":"run","Package":"github.com/JDinSeattle/forge-runtime/internal/application","Test":"TestProviderSpecificPricing/cache_cannot_exceed_inclusive_input"}
{"Time":"2026-09-11T16:35:57.041062611-07:00","Action":"output","Package":"github.com/JDinSeattle/forge-runtime/internal/application","Test":"TestProviderSpecificPricing/cache_cannot_exceed_inclusive_input","Output":"=== RUN   TestProviderSpecificPricing/cache_cannot_exceed_inclusive_input\n"}
{"Time":"2026-09-11T16:35:57.041081618-07:00","Action":"output","Package":"github.com/JDinSeattle/forge-runtime/internal/application","Test":"TestProviderSpecificPricing/cache_cannot_exceed_inclusive_input","Output":"--- PASS: TestProviderSpecificPricing/cache_cannot_exceed_inclusive_input (0.00s)\n"}
{"Time":"2026-09-11T16:35:57.04108738-07:00","Action":"pass","Package":"github.com/JDinSeattle/forge-runtime/internal/application","Test":"TestProviderSpecificPricing/cache_cannot_exceed_inclusive_input","Elapsed":0}
{"Time":"2026-09-11T16:35:57.041093354-07:00","Action":"run","Package":"github.com/JDinSeattle/forge-runtime/internal/application","Test":"TestProviderSpecificPricing/input_output_overflow"}
{"Time":"2026-09-11T16:35:57.041094825-07:00","Action":"output","Package":"github.com/JDinSeattle/forge-runtime/internal/application","Test":"TestProviderSpecificPricing/input_output_overflow","Output":"=== RUN   TestProviderSpecificPricing/input_output_overflow\n"}
{"Time":"2026-09-11T16:35:57.041109941-07:00","Action":"output","Package":"github.com/JDinSeattle/forge-runtime/internal/application","Test":"TestProviderSpecificPricing/input_output_overflow","Output":"--- PASS: TestProviderSpecificPricing/input_output_overflow (0.00s)\n"}
{"Time":"2026-09-11T16:35:57.041115203-07:00","Action":"pass","Package":"github.com/JDinSeattle/forge-runtime/internal/application","Test":"TestProviderSpecificPricing/input_output_overflow","Elapsed":0}
{"Time":"2026-09-11T16:35:57.041127845-07:00","Action":"run","Package":"github.com/JDinSeattle/forge-runtime/internal/application","Test":"TestProviderSpecificPricing/additive_cache_overflow"}
{"Time":"2026-09-11T16:35:57.041129843-07:00","Action":"output","Package":"github.com/JDinSeattle/forge-runtime/internal/application","Test":"TestProviderSpecificPricing/additive_cache_overflow","Output":"=== RUN   TestProviderSpecificPricing/additive_cache_overflow\n"}
{"Time":"2026-09-11T16:35:57.041143227-07:00","Action":"output","Package":"github.com/JDinSeattle/forge-runtime/internal/application","Test":"TestProviderSpecificPricing/additive_cache_overflow","Output":"--- PASS: TestProviderSpecificPricing/additive_cache_overflow (0.00s)\n"}
{"Time":"2026-09-11T16:35:57.041148928-07:00","Action":"pass","Package":"github.com/JDinSeattle/forge-runtime/internal/application","Test":"TestProviderSpecificPricing/additive_cache_overflow","Elapsed":0}
{"Time":"2026-09-11T16:35:57.041154016-07:00","Action":"run","Package":"github.com/JDinSeattle/forge-runtime/internal/application","Test":"TestProviderSpecificPricing/negative_measured_cache"}
{"Time":"2026-09-11T16:35:57.041156571-07:00","Action":"output","Package":"github.com/JDinSeattle/forge-runtime/internal/application","Test":"TestProviderSpecificPricing/negative_measured_cache","Output":"=== RUN   TestProviderSpecificPricing/negative_measured_cache\n"}
{"Time":"2026-09-11T16:35:57.041168094-07:00","Action":"output","Package":"github.com/JDinSeattle/forge-runtime/internal/application","Test":"TestProviderSpecificPricing/negative_measured_cache","Output":"--- PASS: TestProviderSpecificPricing/negative_measured_cache (0.00s)\n"}
{"Time":"2026-09-11T16:35:57.04117168-07:00","Action":"pass","Package":"github.com/JDinSeattle/forge-runtime/internal/application","Test":"TestProviderSpecificPricing/negative_measured_cache","Elapsed":0}
{"Time":"2026-09-11T16:35:57.041185535-07:00","Action":"output","Package":"github.com/JDinSeattle/forge-runtime/internal/application","Test":"TestProviderSpecificPricing","Output":"--- PASS: TestProviderSpecificPricing (0.00s)\n"}
{"Time":"2026-09-11T16:35:57.041191115-07:00","Action":"pass","Package":"github.com/JDinSeattle/forge-runtime/internal/application","Test":"TestProviderSpecificPricing","Elapsed":0}
{"Time":"2026-09-11T16:35:57.041197983-07:00","Action":"run","Package":"github.com/JDinSeattle/forge-runtime/internal/application","Test":"TestPricingReserveBoundsAndRounding"}
{"Time":"2026-09-11T16:35:57.041275633-07:00","Action":"output","Package":"github.com/JDinSeattle/forge-runtime/internal/application","Test":"TestPricingReserveBoundsAndRounding","Output":"=== RUN   TestPricingReserveBoundsAndRounding\n"}
{"Time":"2026-09-11T16:35:57.041277782-07:00","Action":"output","Package":"github.com/JDinSeattle/forge-runtime/internal/application","Test":"TestPricingReserveBoundsAndRounding","Output":"--- PASS: TestPricingReserveBoundsAndRounding (0.00s)\n"}
{"Time":"2026-09-11T16:35:57.041279089-07:00","Action":"pass","Package":"github.com/JDinSeattle/forge-runtime/internal/application","Test":"TestPricingReserveBoundsAndRounding","Elapsed":0}
{"Time":"2026-09-11T16:35:57.041280621-07:00","Action":"run","Package":"github.com/JDinSeattle/forge-runtime/internal/application","Test":"TestModelFailureCircuitClassification"}
{"Time":"2026-09-11T16:35:57.041281731-07:00","Action":"output","Package":"github.com/JDinSeattle/forge-runtime/internal/application","Test":"TestModelFailureCircuitClassification","Output":"=== RUN   TestModelFailureCircuitClassification\n"}
{"Time":"2026-09-11T16:35:57.041283359-07:00","Action":"run","Package":"github.com/JDinSeattle/forge-runtime/internal/application","Test":"TestModelFailureCircuitClassification/user_cancellation"}
{"Time":"2026-09-11T16:35:57.041284495-07:00","Action":"output","Package":"github.com/JDinSeattle/forge-runtime/internal/application","Test":"TestModelFailureCircuitClassification/user_cancellation","Output":"=== RUN   TestModelFailureCircuitClassification/user_cancellation\n"}
{"Time":"2026-09-11T16:35:57.041285888-07:00","Action":"output","Package":"github.com/JDinSeattle/forge-runtime/internal/application","Test":"TestModelFailureCircuitClassification/user_cancellation","Output":"--- PASS: TestModelFailureCircuitClassification/user_cancellation (0.00s)\n"}
{"Time":"2026-09-11T16:35:57.04128747-07:00","Action":"pass","Package":"github.com/JDinSeattle/forge-runtime/internal/application","Test":"TestModelFailureCircuitClassification/user_cancellation","Elapsed":0}
{"Time":"2026-09-11T16:35:57.04128903-07:00","Action":"run","Package":"github.com/JDinSeattle/forge-runtime/internal/application","Test":"TestModelFailureCircuitClassification/request_deadline"}
{"Time":"2026-09-11T16:35:57.041290112-07:00","Action":"output","Package":"github.com/JDinSeattle/forge-runtime/internal/application","Test":"TestModelFailureCircuitClassification/request_deadline","Output":"=== RUN   TestModelFailureCircuitClassification/request_deadline\n"}
{"Time":"2026-09-11T16:35:57.04129272-07:00","Action":"output","Package":"github.com/JDinSeattle/forge-runtime/internal/application","Test":"TestModelFailureCircuitClassification/request_deadline","Output":"--- PASS: TestModelFailureCircuitClassification/request_deadline (0.00s)\n"}
{"Time":"2026-09-11T16:35:57.041294881-07:00","Action":"pass","Package":"github.com/JDinSeattle/forge-runtime/internal/application","Test":"TestModelFailureCircuitClassification/request_deadline","Elapsed":0}
{"Time":"2026-09-11T16:35:57.041302416-07:00","Action":"run","Package":"github.com/JDinSeattle/forge-runtime/internal/application","Test":"TestModelFailureCircuitClassification/database_sink"}
{"Time":"2026-09-11T16:35:57.041304039-07:00","Action":"output","Package":"github.com/JDinSeattle/forge-runtime/internal/application","Test":"TestModelFailureCircuitClassification/database_sink","Output":"=== RUN   TestModelFailureCircuitClassification/database_sink\n"}
{"Time":"2026-09-11T16:35:57.041320558-07:00","Action":"output","Package":"github.com/JDinSeattle/forge-runtime/internal/application","Test":"TestModelFailureCircuitClassification/database_sink","Output":"--- PASS: TestModelFailureCircuitClassification/database_sink (0.00s)\n"}
{"Time":"2026-09-11T16:35:57.041326911-07:00","Action":"pass","Package":"github.com/JDinSeattle/forge-runtime/internal/application","Test":"TestModelFailureCircuitClassification/database_sink","Elapsed":0}
{"Time":"2026-09-11T16:35:57.041332357-07:00","Action":"run","Package":"github.com/JDinSeattle/forge-runtime/internal/application","Test":"TestModelFailureCircuitClassification/consumer_wrapper"}
{"Time":"2026-09-11T16:35:57.041333919-07:00","Action":"output","Package":"github.com/JDinSeattle/forge-runtime/internal/application","Test":"TestModelFailureCircuitClassification/consumer_wrapper","Output":"=== RUN   TestModelFailureCircuitClassification/consumer_wrapper\n"}
{"Time":"2026-09-11T16:35:57.041347959-07:00","Action":"output","Package":"github.com/JDinSeattle/forge-runtime/internal/application","Test":"TestModelFailureCircuitClassification/consumer_wrapper","Output":"--- PASS: TestModelFailureCircuitClassification/consumer_wrapper (0.00s)\n"}
{"Time":"2026-09-11T16:35:57.041350279-07:00","Action":"pass","Package":"github.com/JDinSeattle/forge-runtime/internal/application","Test":"TestModelFailureCircuitClassification/consumer_wrapper","Elapsed":0}
{"Time":"2026-09-11T16:35:57.041358064-07:00","Action":"run","Package":"github.com/JDinSeattle/forge-runtime/internal/application","Test":"TestModelFailureCircuitClassification/validation"}
{"Time":"2026-09-11T16:35:57.041359724-07:00","Action":"output","Package":"github.com/JDinSeattle/forge-runtime/internal/application","Test":"TestModelFailureCircuitClassification/validation","Output":"=== RUN   TestModelFailureCircuitClassification/validation\n"}
{"Time":"2026-09-11T16:35:57.041373122-07:00","Action":"output","Package":"github.com/JDinSeattle/forge-runtime/internal/application","Test":"TestModelFailureCircuitClassification/validation","Output":"--- PASS: TestModelFailureCircuitClassification/validation (0.00s)\n"}
{"Time":"2026-09-11T16:35:57.041378212-07:00","Action":"pass","Package":"github.com/JDinSeattle/forge-runtime/internal/application","Test":"TestModelFailureCircuitClassification/validation","Elapsed":0}
{"Time":"2026-09-11T16:35:57.041383363-07:00","Action":"run","Package":"github.com/JDinSeattle/forge-runtime/internal/application","Test":"TestModelFailureCircuitClassification/protocol"}
{"Time":"2026-09-11T16:35:57.04138481-07:00","Action":"output","Package":"github.com/JDinSeattle/forge-runtime/internal/application","Test":"TestModelFailureCircuitClassification/protocol","Output":"=== RUN   TestModelFailureCircuitClassification/protocol\n"}
{"Time":"2026-09-11T16:35:57.041401105-07:00","Action":"output","Package":"github.com/JDinSeattle/forge-runtime/internal/application","Test":"TestModelFailureCircuitClassification/protocol","Output":"--- PASS: TestModelFailureCircuitClassification/protocol (0.00s)\n"}
{"Time":"2026-09-11T16:35:57.041404708-07:00","Action":"pass","Package":"github.com/JDinSeattle/forge-runtime/internal/application","Test":"TestModelFailureCircuitClassification/protocol","Elapsed":0}
{"Time":"2026-09-11T16:35:57.041411954-07:00","Action":"run","Package":"github.com/JDinSeattle/forge-runtime/internal/application","Test":"TestModelFailureCircuitClassification/authentication"}
{"Time":"2026-09-11T16:35:57.041413499-07:00","Action":"output","Package":"github.com/JDinSeattle/forge-runtime/internal/application","Test":"TestModelFailureCircuitClassification/authentication","Output":"=== RUN   TestModelFailureCircuitClassification/authentication\n"}
{"Time":"2026-09-11T16:35:57.041431942-07:00","Action":"output","Package":"github.com/JDinSeattle/forge-runtime/internal/application","Test":"TestModelFailureCircuitClassification/authentication","Output":"--- PASS: TestModelFailureCircuitClassification/authentication (0.00s)\n"}
{"Time":"2026-09-11T16:35:57.041435098-07:00","Action":"pass","Package":"github.com/JDinSeattle/forge-runtime/internal/application","Test":"TestModelFailureCircuitClassification/authentication","Elapsed":0}
{"Time":"2026-09-11T16:35:57.041441885-07:00","Action":"run","Package":"github.com/JDinSeattle/forge-runtime/internal/application","Test":"TestModelFailureCircuitClassification/cancelled_transport"}
{"Time":"2026-09-11T16:35:57.041443362-07:00","Action":"output","Package":"github.com/JDinSeattle/forge-runtime/internal/application","Test":"TestModelFailureCircuitClassification/cancelled_transport","Output":"=== RUN   TestModelFailureCircuitClassification/cancelled_transport\n"}
{"Time":"2026-09-11T16:35:57.041454137-07:00","Action":"output","Package":"github.com/JDinSeattle/forge-runtime/internal/application","Test":"TestModelFailureCircuitClassification/cancelled_transport","Output":"--- PASS: TestModelFailureCircuitClassification/cancelled_transport (0.00s)\n"}
{"Time":"2026-09-11T16:35:57.041459423-07:00","Action":"pass","Package":"github.com/JDinSeattle/forge-runtime/internal/application","Test":"TestModelFailureCircuitClassification/cancelled_transport","Elapsed":0}
{"Time":"2026-09-11T16:35:57.041464557-07:00","Action":"run","Package":"github.com/JDinSeattle/forge-runtime/internal/application","Test":"TestModelFailureCircuitClassification/overloaded"}
{"Time":"2026-09-11T16:35:57.041466131-07:00","Action":"output","Package":"github.com/JDinSeattle/forge-runtime/internal/application","Test":"TestModelFailureCircuitClassification/overloaded","Output":"=== RUN   TestModelFailureCircuitClassification/overloaded\n"}
{"Time":"2026-09-11T16:35:57.041477539-07:00","Action":"output","Package":"github.com/JDinSeattle/forge-runtime/internal/application","Test":"TestModelFailureCircuitClassification/overloaded","Output":"--- PASS: TestModelFailureCircuitClassification/overloaded (0.00s)\n"}
{"Time":"2026-09-11T16:35:57.041490245-07:00","Action":"pass","Package":"github.com/JDinSeattle/forge-runtime/internal/application","Test":"TestModelFailureCircuitClassification/overloaded","Elapsed":0}
{"Time":"2026-09-11T16:35:57.04149216-07:00","Action":"run","Package":"github.com/JDinSeattle/forge-runtime/internal/application","Test":"TestModelFailureCircuitClassification/rate_limit"}
{"Time":"2026-09-11T16:35:57.041493434-07:00","Action":"output","Package":"github.com/JDinSeattle/forge-runtime/internal/application","Test":"TestModelFailureCircuitClassification/rate_limit","Output":"=== RUN   TestModelFailureCircuitClassification/rate_limit\n"}
{"Time":"2026-09-11T16:35:57.041501861-07:00","Action":"output","Package":"github.com/JDinSeattle/forge-runtime/internal/application","Test":"TestModelFailureCircuitClassification/rate_limit","Output":"--- PASS: TestModelFailureCircuitClassification/rate_limit (0.00s)\n"}
{"Time":"2026-09-11T16:35:57.04150558-07:00","Action":"pass","Package":"github.com/JDinSeattle/forge-runtime/internal/application","Test":"TestModelFailureCircuitClassification/rate_limit","Elapsed":0}
{"Time":"2026-09-11T16:35:57.041515631-07:00","Action":"output","Package":"github.com/JDinSeattle/forge-runtime/internal/application","Test":"TestModelFailureCircuitClassification","Output":"--- PASS: TestModelFailureCircuitClassification (0.00s)\n"}
{"Time":"2026-09-11T16:35:57.041521183-07:00","Action":"pass","Package":"github.com/JDinSeattle/forge-runtime/internal/application","Test":"TestModelFailureCircuitClassification","Elapsed":0}
{"Time":"2026-09-11T16:35:57.041526635-07:00","Action":"run","Package":"github.com/JDinSeattle/forge-runtime/internal/application","Test":"TestProgressDurableClosedBatches"}
{"Time":"2026-09-11T16:35:57.041528192-07:00","Action":"output","Package":"github.com/JDinSeattle/forge-runtime/internal/application","Test":"TestProgressDurableClosedBatches","Output":"=== RUN   TestProgressDurableClosedBatches\n"}
{"Time":"2026-09-11T16:35:57.041534969-07:00","Action":"run","Package":"github.com/JDinSeattle/forge-runtime/internal/application","Test":"TestProgressDurableClosedBatches/read"}
{"Time":"2026-09-11T16:35:57.041537516-07:00","Action":"output","Package":"github.com/JDinSeattle/forge-runtime/internal/application","Test":"TestProgressDurableClosedBatches/read","Output":"=== RUN   TestProgressDurableClosedBatches/read\n"}
{"Time":"2026-09-11T16:36:03.574241526-07:00","Action":"output","Package":"github.com/JDinSeattle/forge-runtime/internal/application","Test":"TestProgressDurableClosedBatches/read","Output":"--- PASS: TestProgressDurableClosedBatches/read (6.53s)\n"}
{"Time":"2026-09-11T16:36:03.574271724-07:00","Action":"pass","Package":"github.com/JDinSeattle/forge-runtime/internal/application","Test":"TestProgressDurableClosedBatches/read","Elapsed":6.53}
{"Time":"2026-09-11T16:36:03.574278861-07:00","Action":"run","Package":"github.com/JDinSeattle/forge-runtime/internal/application","Test":"TestProgressDurableClosedBatches/finish"}
{"Time":"2026-09-11T16:36:03.574282126-07:00","Action":"output","Package":"github.com/JDinSeattle/forge-runtime/internal/application","Test":"TestProgressDurableClosedBatches/finish","Output":"=== RUN   TestProgressDurableClosedBatches/finish\n"}
{"Time":"2026-09-11T16:36:06.280383066-07:00","Action":"output","Package":"github.com/JDinSeattle/forge-runtime/internal/application","Test":"TestProgressDurableClosedBatches/finish","Output":"--- PASS: TestProgressDurableClosedBatches/finish (2.71s)\n"}
{"Time":"2026-09-11T16:36:06.280417249-07:00","Action":"pass","Package":"github.com/JDinSeattle/forge-runtime/internal/application","Test":"TestProgressDurableClosedBatches/finish","Elapsed":2.71}
{"Time":"2026-09-11T16:36:06.280426386-07:00","Action":"run","Package":"github.com/JDinSeattle/forge-runtime/internal/application","Test":"TestProgressDurableClosedBatches/failed_batch"}
{"Time":"2026-09-11T16:36:06.280430043-07:00","Action":"output","Package":"github.com/JDinSeattle/forge-runtime/internal/application","Test":"TestProgressDurableClosedBatches/failed_batch","Output":"=== RUN   TestProgressDurableClosedBatches/failed_batch\n"}
{"Time":"2026-09-11T16:36:08.664722342-07:00","Action":"output","Package":"github.com/JDinSeattle/forge-runtime/internal/application","Test":"TestProgressDurableClosedBatches/failed_batch","Output":"--- PASS: TestProgressDurableClosedBatches/failed_batch (2.38s)\n"}
{"Time":"2026-09-11T16:36:08.664746816-07:00","Action":"pass","Package":"github.com/JDinSeattle/forge-runtime/internal/application","Test":"TestProgressDurableClosedBatches/failed_batch","Elapsed":2.38}
{"Time":"2026-09-11T16:36:08.664751115-07:00","Action":"output","Package":"github.com/JDinSeattle/forge-runtime/internal/application","Test":"TestProgressDurableClosedBatches","Output":"--- PASS: TestProgressDurableClosedBatches (11.62s)\n"}
{"Time":"2026-09-11T16:36:08.664753391-07:00","Action":"pass","Package":"github.com/JDinSeattle/forge-runtime/internal/application","Test":"TestProgressDurableClosedBatches","Elapsed":11.62}
{"Time":"2026-09-11T16:36:08.664763938-07:00","Action":"run","Package":"github.com/JDinSeattle/forge-runtime/internal/application","Test":"TestProgressMessageRaceRebuildsBeforeStopping"}
{"Time":"2026-09-11T16:36:08.664765149-07:00","Action":"output","Package":"github.com/JDinSeattle/forge-runtime/internal/application","Test":"TestProgressMessageRaceRebuildsBeforeStopping","Output":"=== RUN   TestProgressMessageRaceRebuildsBeforeStopping\n"}
{"Time":"2026-09-11T16:36:12.092014452-07:00","Action":"output","Package":"github.com/JDinSeattle/forge-runtime/internal/application","Test":"TestProgressMessageRaceRebuildsBeforeStopping","Output":"--- PASS: TestProgressMessageRaceRebuildsBeforeStopping (3.43s)\n"}
{"Time":"2026-09-11T16:36:12.092053855-07:00","Action":"pass","Package":"github.com/JDinSeattle/forge-runtime/internal/application","Test":"TestProgressMessageRaceRebuildsBeforeStopping","Elapsed":3.43}
{"Time":"2026-09-11T16:36:12.09206257-07:00","Action":"run","Package":"github.com/JDinSeattle/forge-runtime/internal/application","Test":"TestProgressCrashBeforeAndAfterCommit"}
{"Time":"2026-09-11T16:36:12.09207419-07:00","Action":"output","Package":"github.com/JDinSeattle/forge-runtime/internal/application","Test":"TestProgressCrashBeforeAndAfterCommit","Output":"=== RUN   TestProgressCrashBeforeAndAfterCommit\n"}
{"Time":"2026-09-11T16:36:12.092080718-07:00","Action":"run","Package":"github.com/JDinSeattle/forge-runtime/internal/application","Test":"TestProgressCrashBeforeAndAfterCommit/after_progress_report_before_transition"}
{"Time":"2026-09-11T16:36:12.092083883-07:00","Action":"output","Package":"github.com/JDinSeattle/forge-runtime/internal/application","Test":"TestProgressCrashBeforeAndAfterCommit/after_progress_report_before_transition","Output":"=== RUN   TestProgressCrashBeforeAndAfterCommit/after_progress_report_before_transition\n"}
{"Time":"2026-09-11T16:36:16.799446815-07:00","Action":"output","Package":"github.com/JDinSeattle/forge-runtime/internal/application","Test":"TestProgressCrashBeforeAndAfterCommit/after_progress_report_before_transition","Output":"--- PASS: TestProgressCrashBeforeAndAfterCommit/after_progress_report_before_transition (4.71s)\n"}
{"Time":"2026-09-11T16:36:16.799482032-07:00","Action":"pass","Package":"github.com/JDinSeattle/forge-runtime/internal/application","Test":"TestProgressCrashBeforeAndAfterCommit/after_progress_report_before_transition","Elapsed":4.71}
{"Time":"2026-09-11T16:36:16.799490096-07:00","Action":"run","Package":"github.com/JDinSeattle/forge-runtime/internal/application","Test":"TestProgressCrashBeforeAndAfterCommit/after_progress_transition"}
{"Time":"2026-09-11T16:36:16.799493185-07:00","Action":"output","Package":"github.com/JDinSeattle/forge-runtime/internal/application","Test":"TestProgressCrashBeforeAndAfterCommit/after_progress_transition","Output":"=== RUN   TestProgressCrashBeforeAndAfterCommit/after_progress_transition\n"}
{"Time":"2026-09-11T16:36:21.396614732-07:00","Action":"output","Package":"github.com/JDinSeattle/forge-runtime/internal/application","Test":"TestProgressCrashBeforeAndAfterCommit/after_progress_transition","Output":"--- PASS: TestProgressCrashBeforeAndAfterCommit/after_progress_transition (4.60s)\n"}
{"Time":"2026-09-11T16:36:21.396646696-07:00","Action":"pass","Package":"github.com/JDinSeattle/forge-runtime/internal/application","Test":"TestProgressCrashBeforeAndAfterCommit/after_progress_transition","Elapsed":4.6}
{"Time":"2026-09-11T16:36:21.396695517-07:00","Action":"output","Package":"github.com/JDinSeattle/forge-runtime/internal/application","Test":"TestProgressCrashBeforeAndAfterCommit","Output":"--- PASS: TestProgressCrashBeforeAndAfterCommit (9.30s)\n"}
{"Time":"2026-09-11T16:36:21.396719299-07:00","Action":"pass","Package":"github.com/JDinSeattle/forge-runtime/internal/application","Test":"TestProgressCrashBeforeAndAfterCommit","Elapsed":9.3}
{"Time":"2026-09-11T16:36:21.396727942-07:00","Action":"run","Package":"github.com/JDinSeattle/forge-runtime/internal/application","Test":"TestProgressStopUnknownKeepsSentinelCapacity"}
{"Time":"2026-09-11T16:36:21.396731998-07:00","Action":"output","Package":"github.com/JDinSeattle/forge-runtime/internal/application","Test":"TestProgressStopUnknownKeepsSentinelCapacity","Output":"=== RUN   TestProgressStopUnknownKeepsSentinelCapacity\n"}
{"Time":"2026-09-11T16:36:28.850069019-07:00","Action":"output","Package":"github.com/JDinSeattle/forge-runtime/internal/application","Test":"TestProgressStopUnknownKeepsSentinelCapacity","Output":"--- PASS: TestProgressStopUnknownKeepsSentinelCapacity (7.45s)\n"}
{"Time":"2026-09-11T16:36:28.850101303-07:00","Action":"pass","Package":"github.com/JDinSeattle/forge-runtime/internal/application","Test":"TestProgressStopUnknownKeepsSentinelCapacity","Elapsed":7.45}
{"Time":"2026-09-11T16:36:28.850111599-07:00","Action":"run","Package":"github.com/JDinSeattle/forge-runtime/internal/application","Test":"TestProgressLegacySnapshotsAndDefaultIdempotency"}
{"Time":"2026-09-11T16:36:28.850115714-07:00","Action":"output","Package":"github.com/JDinSeattle/forge-runtime/internal/application","Test":"TestProgressLegacySnapshotsAndDefaultIdempotency","Output":"=== RUN   TestProgressLegacySnapshotsAndDefaultIdempotency\n"}
{"Time":"2026-09-11T16:36:30.891169101-07:00","Action":"output","Package":"github.com/JDinSeattle/forge-runtime/internal/application","Test":"TestProgressLegacySnapshotsAndDefaultIdempotency","Output":"--- PASS: TestProgressLegacySnapshotsAndDefaultIdempotency (2.04s)\n"}
{"Time":"2026-09-11T16:36:30.891200293-07:00","Action":"pass","Package":"github.com/JDinSeattle/forge-runtime/internal/application","Test":"TestProgressLegacySnapshotsAndDefaultIdempotency","Elapsed":2.04}
{"Time":"2026-09-11T16:36:30.891207668-07:00","Action":"run","Package":"github.com/JDinSeattle/forge-runtime/internal/application","Test":"TestProgressRejectsUnboundEvidence"}
{"Time":"2026-09-11T16:36:30.891210796-07:00","Action":"output","Package":"github.com/JDinSeattle/forge-runtime/internal/application","Test":"TestProgressRejectsUnboundEvidence","Output":"=== RUN   TestProgressRejectsUnboundEvidence\n"}
{"Time":"2026-09-11T16:36:33.221675043-07:00","Action":"output","Package":"github.com/JDinSeattle/forge-runtime/internal/application","Test":"TestProgressRejectsUnboundEvidence","Output":"--- PASS: TestProgressRejectsUnboundEvidence (2.33s)\n"}
{"Time":"2026-09-11T16:36:33.221703015-07:00","Action":"pass","Package":"github.com/JDinSeattle/forge-runtime/internal/application","Test":"TestProgressRejectsUnboundEvidence","Elapsed":2.33}
{"Time":"2026-09-11T16:36:33.221710457-07:00","Action":"run","Package":"github.com/JDinSeattle/forge-runtime/internal/application","Test":"TestProgressNormalizesActualReceiptFacts"}
{"Time":"2026-09-11T16:36:33.221713299-07:00","Action":"output","Package":"github.com/JDinSeattle/forge-runtime/internal/application","Test":"TestProgressNormalizesActualReceiptFacts","Output":"=== RUN   TestProgressNormalizesActualReceiptFacts\n"}
{"Time":"2026-09-11T16:36:33.224813133-07:00","Action":"output","Package":"github.com/JDinSeattle/forge-runtime/internal/application","Test":"TestProgressNormalizesActualReceiptFacts","Output":"--- PASS: TestProgressNormalizesActualReceiptFacts (0.00s)\n"}
{"Time":"2026-09-11T16:36:33.224834534-07:00","Action":"pass","Package":"github.com/JDinSeattle/forge-runtime/internal/application","Test":"TestProgressNormalizesActualReceiptFacts","Elapsed":0}
{"Time":"2026-09-11T16:36:33.224840432-07:00","Action":"run","Package":"github.com/JDinSeattle/forge-runtime/internal/application","Test":"TestTextBatchPostgresTimerAndSize"}
{"Time":"2026-09-11T16:36:33.22484402-07:00","Action":"output","Package":"github.com/JDinSeattle/forge-runtime/internal/application","Test":"TestTextBatchPostgresTimerAndSize","Output":"=== RUN   TestTextBatchPostgresTimerAndSize\n"}
{"Time":"2026-09-11T16:36:33.224853225-07:00","Action":"run","Package":"github.com/JDinSeattle/forge-runtime/internal/application","Test":"TestTextBatchPostgresTimerAndSize/timer"}
{"Time":"2026-09-11T16:36:33.224857465-07:00","Action":"output","Package":"github.com/JDinSeattle/forge-runtime/internal/application","Test":"TestTextBatchPostgresTimerAndSize/timer","Output":"=== RUN   TestTextBatchPostgresTimerAndSize/timer\n"}
{"Time":"2026-09-11T16:36:33.599237387-07:00","Action":"output","Package":"github.com/JDinSeattle/forge-runtime/internal/application","Test":"TestTextBatchPostgresTimerAndSize/timer","Output":"--- PASS: TestTextBatchPostgresTimerAndSize/timer (0.37s)\n"}
{"Time":"2026-09-11T16:36:33.599271607-07:00","Action":"pass","Package":"github.com/JDinSeattle/forge-runtime/internal/application","Test":"TestTextBatchPostgresTimerAndSize/timer","Elapsed":0.37}
{"Time":"2026-09-11T16:36:33.599279511-07:00","Action":"run","Package":"github.com/JDinSeattle/forge-runtime/internal/application","Test":"TestTextBatchPostgresTimerAndSize/size_and_encoding"}
{"Time":"2026-09-11T16:36:33.59928335-07:00","Action":"output","Package":"github.com/JDinSeattle/forge-runtime/internal/application","Test":"TestTextBatchPostgresTimerAndSize/size_and_encoding","Output":"=== RUN   TestTextBatchPostgresTimerAndSize/size_and_encoding\n"}
{"Time":"2026-09-11T16:36:33.996406328-07:00","Action":"output","Package":"github.com/JDinSeattle/forge-runtime/internal/application","Test":"TestTextBatchPostgresTimerAndSize/size_and_encoding","Output":"--- PASS: TestTextBatchPostgresTimerAndSize/size_and_encoding (0.40s)\n"}
{"Time":"2026-09-11T16:36:33.996475882-07:00","Action":"pass","Package":"github.com/JDinSeattle/forge-runtime/internal/application","Test":"TestTextBatchPostgresTimerAndSize/size_and_encoding","Elapsed":0.4}
{"Time":"2026-09-11T16:36:33.996505756-07:00","Action":"output","Package":"github.com/JDinSeattle/forge-runtime/internal/application","Test":"TestTextBatchPostgresTimerAndSize","Output":"--- PASS: TestTextBatchPostgresTimerAndSize (0.77s)\n"}
{"Time":"2026-09-11T16:36:33.996510194-07:00","Action":"pass","Package":"github.com/JDinSeattle/forge-runtime/internal/application","Test":"TestTextBatchPostgresTimerAndSize","Elapsed":0.77}
{"Time":"2026-09-11T16:36:33.996514119-07:00","Action":"run","Package":"github.com/JDinSeattle/forge-runtime/internal/application","Test":"TestTextBatchPostgresControlBypassesPausedText"}
{"Time":"2026-09-11T16:36:33.996518053-07:00","Action":"output","Package":"github.com/JDinSeattle/forge-runtime/internal/application","Test":"TestTextBatchPostgresControlBypassesPausedText","Output":"=== RUN   TestTextBatchPostgresControlBypassesPausedText\n"}
{"Time":"2026-09-11T16:36:34.384152688-07:00","Action":"output","Package":"github.com/JDinSeattle/forge-runtime/internal/application","Test":"TestTextBatchPostgresControlBypassesPausedText","Output":"--- PASS: TestTextBatchPostgresControlBypassesPausedText (0.39s)\n"}
{"Time":"2026-09-11T16:36:34.384176478-07:00","Action":"pass","Package":"github.com/JDinSeattle/forge-runtime/internal/application","Test":"TestTextBatchPostgresControlBypassesPausedText","Elapsed":0.39}
{"Time":"2026-09-11T16:36:34.384182292-07:00","Action":"run","Package":"github.com/JDinSeattle/forge-runtime/internal/application","Test":"TestTextBatchDriverPreservesCompleteModelArtifact"}
{"Time":"2026-09-11T16:36:34.384183816-07:00","Action":"output","Package":"github.com/JDinSeattle/forge-runtime/internal/application","Test":"TestTextBatchDriverPreservesCompleteModelArtifact","Output":"=== RUN   TestTextBatchDriverPreservesCompleteModelArtifact\n"}
{"Time":"2026-09-11T16:36:36.626841244-07:00","Action":"output","Package":"github.com/JDinSeattle/forge-runtime/internal/application","Test":"TestTextBatchDriverPreservesCompleteModelArtifact","Output":"--- PASS: TestTextBatchDriverPreservesCompleteModelArtifact (2.24s)\n"}
{"Time":"2026-09-11T16:36:36.6268601-07:00","Action":"pass","Package":"github.com/JDinSeattle/forge-runtime/internal/application","Test":"TestTextBatchDriverPreservesCompleteModelArtifact","Elapsed":2.24}
{"Time":"2026-09-11T16:36:36.626869552-07:00","Action":"run","Package":"github.com/JDinSeattle/forge-runtime/internal/application","Test":"TestTextBatchConfigDefaultsAndBounds"}
{"Time":"2026-09-11T16:36:36.626871006-07:00","Action":"output","Package":"github.com/JDinSeattle/forge-runtime/internal/application","Test":"TestTextBatchConfigDefaultsAndBounds","Output":"=== RUN   TestTextBatchConfigDefaultsAndBounds\n"}
{"Time":"2026-09-11T16:36:36.62690996-07:00","Action":"output","Package":"github.com/JDinSeattle/forge-runtime/internal/application","Test":"TestTextBatchConfigDefaultsAndBounds","Output":"--- PASS: TestTextBatchConfigDefaultsAndBounds (0.00s)\n"}
{"Time":"2026-09-11T16:36:36.626916629-07:00","Action":"pass","Package":"github.com/JDinSeattle/forge-runtime/internal/application","Test":"TestTextBatchConfigDefaultsAndBounds","Elapsed":0}
{"Time":"2026-09-11T16:36:36.62692228-07:00","Action":"run","Package":"github.com/JDinSeattle/forge-runtime/internal/application","Test":"TestTextBatchExactUnicodeAndEscaping"}
{"Time":"2026-09-11T16:36:36.626923902-07:00","Action":"output","Package":"github.com/JDinSeattle/forge-runtime/internal/application","Test":"TestTextBatchExactUnicodeAndEscaping","Output":"=== RUN   TestTextBatchExactUnicodeAndEscaping\n"}
{"Time":"2026-09-11T16:36:36.626991726-07:00","Action":"run","Package":"github.com/JDinSeattle/forge-runtime/internal/application","Test":"TestTextBatchExactUnicodeAndEscaping/html_expansion"}
{"Time":"2026-09-11T16:36:36.626995816-07:00","Action":"output","Package":"github.com/JDinSeattle/forge-runtime/internal/application","Test":"TestTextBatchExactUnicodeAndEscaping/html_expansion","Output":"=== RUN   TestTextBatchExactUnicodeAndEscaping/html_expansion\n"}
{"Time":"2026-09-11T16:36:36.744594897-07:00","Action":"output","Package":"github.com/JDinSeattle/forge-runtime/internal/application","Test":"TestTextBatchExactUnicodeAndEscaping/html_expansion","Output":"--- PASS: TestTextBatchExactUnicodeAndEscaping/html_expansion (0.12s)\n"}
{"Time":"2026-09-11T16:36:36.744626032-07:00","Action":"pass","Package":"github.com/JDinSeattle/forge-runtime/internal/application","Test":"TestTextBatchExactUnicodeAndEscaping/html_expansion","Elapsed":0.12}
{"Time":"2026-09-11T16:36:36.744634919-07:00","Action":"run","Package":"github.com/JDinSeattle/forge-runtime/internal/application","Test":"TestTextBatchExactUnicodeAndEscaping/all_escaping"}
{"Time":"2026-09-11T16:36:36.744638351-07:00","Action":"output","Package":"github.com/JDinSeattle/forge-runtime/internal/application","Test":"TestTextBatchExactUnicodeAndEscaping/all_escaping","Output":"=== RUN   TestTextBatchExactUnicodeAndEscaping/all_escaping\n"}
{"Time":"2026-09-11T16:36:37.112468743-07:00","Action":"output","Package":"github.com/JDinSeattle/forge-runtime/internal/application","Test":"TestTextBatchExactUnicodeAndEscaping/all_escaping","Output":"--- PASS: TestTextBatchExactUnicodeAndEscaping/all_escaping (0.37s)\n"}
{"Time":"2026-09-11T16:36:37.112492056-07:00","Action":"pass","Package":"github.com/JDinSeattle/forge-runtime/internal/application","Test":"TestTextBatchExactUnicodeAndEscaping/all_escaping","Elapsed":0.37}
{"Time":"2026-09-11T16:36:37.112496696-07:00","Action":"run","Package":"github.com/JDinSeattle/forge-runtime/internal/application","Test":"TestTextBatchExactUnicodeAndEscaping/original_chinese_boundary"}
{"Time":"2026-09-11T16:36:37.11249804-07:00","Action":"output","Package":"github.com/JDinSeattle/forge-runtime/internal/application","Test":"TestTextBatchExactUnicodeAndEscaping/original_chinese_boundary","Output":"=== RUN   TestTextBatchExactUnicodeAndEscaping/original_chinese_boundary\n"}
{"Time":"2026-09-11T16:36:37.191865145-07:00","Action":"output","Package":"github.com/JDinSeattle/forge-runtime/internal/application","Test":"TestTextBatchExactUnicodeAndEscaping/original_chinese_boundary","Output":"--- PASS: TestTextBatchExactUnicodeAndEscaping/original_chinese_boundary (0.08s)\n"}
{"Time":"2026-09-11T16:36:37.191889544-07:00","Action":"pass","Package":"github.com/JDinSeattle/forge-runtime/internal/application","Test":"TestTextBatchExactUnicodeAndEscaping/original_chinese_boundary","Elapsed":0.08}
{"Time":"2026-09-11T16:36:37.191894217-07:00","Action":"run","Package":"github.com/JDinSeattle/forge-runtime/internal/application","Test":"TestTextBatchExactUnicodeAndEscaping/emoji_boundary"}
{"Time":"2026-09-11T16:36:37.191896193-07:00","Action":"output","Package":"github.com/JDinSeattle/forge-runtime/internal/application","Test":"TestTextBatchExactUnicodeAndEscaping/emoji_boundary","Output":"=== RUN   TestTextBatchExactUnicodeAndEscaping/emoji_boundary\n"}
{"Time":"2026-09-11T16:36:37.27448843-07:00","Action":"output","Package":"github.com/JDinSeattle/forge-runtime/internal/application","Test":"TestTextBatchExactUnicodeAndEscaping/emoji_boundary","Output":"--- PASS: TestTextBatchExactUnicodeAndEscaping/emoji_boundary (0.08s)\n"}
{"Time":"2026-09-11T16:36:37.274518904-07:00","Action":"pass","Package":"github.com/JDinSeattle/forge-runtime/internal/application","Test":"TestTextBatchExactUnicodeAndEscaping/emoji_boundary","Elapsed":0.08}
{"Time":"2026-09-11T16:36:37.274529754-07:00","Action":"output","Package":"github.com/JDinSeattle/forge-runtime/internal/application","Test":"TestTextBatchExactUnicodeAndEscaping","Output":"--- PASS: TestTextBatchExactUnicodeAndEscaping (0.65s)\n"}
{"Time":"2026-09-11T16:36:37.274533707-07:00","Action":"pass","Package":"github.com/JDinSeattle/forge-runtime/internal/application","Test":"TestTextBatchExactUnicodeAndEscaping","Elapsed":0.65}
{"Time":"2026-09-11T16:36:37.274544594-07:00","Action":"run","Package":"github.com/JDinSeattle/forge-runtime/internal/application","Test":"TestTextBatchCloseAndConsumerFailureNeverReplay"}
{"Time":"2026-09-11T16:36:37.274547909-07:00","Action":"output","Package":"github.com/JDinSeattle/forge-runtime/internal/application","Test":"TestTextBatchCloseAndConsumerFailureNeverReplay","Output":"=== RUN   TestTextBatchCloseAndConsumerFailureNeverReplay\n"}
{"Time":"2026-09-11T16:36:37.274551932-07:00","Action":"run","Package":"github.com/JDinSeattle/forge-runtime/internal/application","Test":"TestTextBatchCloseAndConsumerFailureNeverReplay/size"}
{"Time":"2026-09-11T16:36:37.274554597-07:00","Action":"output","Package":"github.com/JDinSeattle/forge-runtime/internal/application","Test":"TestTextBatchCloseAndConsumerFailureNeverReplay/size","Output":"=== RUN   TestTextBatchCloseAndConsumerFailureNeverReplay/size\n"}
{"Time":"2026-09-11T16:36:37.27465438-07:00","Action":"output","Package":"github.com/JDinSeattle/forge-runtime/internal/application","Test":"TestTextBatchCloseAndConsumerFailureNeverReplay/size","Output":"--- PASS: TestTextBatchCloseAndConsumerFailureNeverReplay/size (0.00s)\n"}
{"Time":"2026-09-11T16:36:37.274676681-07:00","Action":"pass","Package":"github.com/JDinSeattle/forge-runtime/internal/application","Test":"TestTextBatchCloseAndConsumerFailureNeverReplay/size","Elapsed":0}
{"Time":"2026-09-11T16:36:37.274682637-07:00","Action":"run","Package":"github.com/JDinSeattle/forge-runtime/internal/application","Test":"TestTextBatchCloseAndConsumerFailureNeverReplay/close"}
{"Time":"2026-09-11T16:36:37.274686881-07:00","Action":"output","Package":"github.com/JDinSeattle/forge-runtime/internal/application","Test":"TestTextBatchCloseAndConsumerFailureNeverReplay/close","Output":"=== RUN   TestTextBatchCloseAndConsumerFailureNeverReplay/close\n"}
{"Time":"2026-09-11T16:36:37.274747964-07:00","Action":"output","Package":"github.com/JDinSeattle/forge-runtime/internal/application","Test":"TestTextBatchCloseAndConsumerFailureNeverReplay/close","Output":"--- PASS: TestTextBatchCloseAndConsumerFailureNeverReplay/close (0.00s)\n"}
{"Time":"2026-09-11T16:36:37.274754749-07:00","Action":"pass","Package":"github.com/JDinSeattle/forge-runtime/internal/application","Test":"TestTextBatchCloseAndConsumerFailureNeverReplay/close","Elapsed":0}
{"Time":"2026-09-11T16:36:37.274768408-07:00","Action":"run","Package":"github.com/JDinSeattle/forge-runtime/internal/application","Test":"TestTextBatchCloseAndConsumerFailureNeverReplay/timer"}
{"Time":"2026-09-11T16:36:37.274772965-07:00","Action":"output","Package":"github.com/JDinSeattle/forge-runtime/internal/application","Test":"TestTextBatchCloseAndConsumerFailureNeverReplay/timer","Output":"=== RUN   TestTextBatchCloseAndConsumerFailureNeverReplay/timer\n"}
{"Time":"2026-09-11T16:36:37.285070179-07:00","Action":"output","Package":"github.com/JDinSeattle/forge-runtime/internal/application","Test":"TestTextBatchCloseAndConsumerFailureNeverReplay/timer","Output":"--- PASS: TestTextBatchCloseAndConsumerFailureNeverReplay/timer (0.01s)\n"}
{"Time":"2026-09-11T16:36:37.285093812-07:00","Action":"pass","Package":"github.com/JDinSeattle/forge-runtime/internal/application","Test":"TestTextBatchCloseAndConsumerFailureNeverReplay/timer","Elapsed":0.01}
{"Time":"2026-09-11T16:36:37.2851018-07:00","Action":"output","Package":"github.com/JDinSeattle/forge-runtime/internal/application","Test":"TestTextBatchCloseAndConsumerFailureNeverReplay","Output":"--- PASS: TestTextBatchCloseAndConsumerFailureNeverReplay (0.01s)\n"}
{"Time":"2026-09-11T16:36:37.285106983-07:00","Action":"pass","Package":"github.com/JDinSeattle/forge-runtime/internal/application","Test":"TestTextBatchCloseAndConsumerFailureNeverReplay","Elapsed":0.01}
{"Time":"2026-09-11T16:36:37.285132583-07:00","Action":"run","Package":"github.com/JDinSeattle/forge-runtime/internal/application","Test":"TestTextBatchRejectsInvalidUTF8WithoutReplacement"}
{"Time":"2026-09-11T16:36:37.285144222-07:00","Action":"output","Package":"github.com/JDinSeattle/forge-runtime/internal/application","Test":"TestTextBatchRejectsInvalidUTF8WithoutReplacement","Output":"=== RUN   TestTextBatchRejectsInvalidUTF8WithoutReplacement\n"}
{"Time":"2026-09-11T16:36:37.285253053-07:00","Action":"output","Package":"github.com/JDinSeattle/forge-runtime/internal/application","Test":"TestTextBatchRejectsInvalidUTF8WithoutReplacement","Output":"--- PASS: TestTextBatchRejectsInvalidUTF8WithoutReplacement (0.00s)\n"}
{"Time":"2026-09-11T16:36:37.285270608-07:00","Action":"pass","Package":"github.com/JDinSeattle/forge-runtime/internal/application","Test":"TestTextBatchRejectsInvalidUTF8WithoutReplacement","Elapsed":0}
{"Time":"2026-09-11T16:36:37.285326237-07:00","Action":"output","Package":"github.com/JDinSeattle/forge-runtime/internal/application","Output":"PASS\n"}
{"Time":"2026-09-11T16:36:38.294732107-07:00","Action":"output","Package":"github.com/JDinSeattle/forge-runtime/internal/application","Output":"ok  \tgithub.com/JDinSeattle/forge-runtime/internal/application\t100.042s\n"}
{"Time":"2026-09-11T16:36:38.294776432-07:00","Action":"pass","Package":"github.com/JDinSeattle/forge-runtime/internal/application","Elapsed":100.042}
